slot_id,scenario_id,scenario_name,airport_code,airport_name,slot_time,slot_type,total_slots,used_slots,available_slots,is_congested,slot_restriction
SLT-1-AUH-06,1,Bangkok Typhoon + Critical MEL Aircraft,AUH,Abu Dhabi International,2026-01-19T06:00:00Z,DEPARTURE,21,23,9,Y,NONE
SLT-1-AUH-07,1,Bangkok Typhoon + Critical MEL Aircraft,AUH,Abu Dhabi International,2026-01-19T07:00:00Z,DEPARTURE,49,26,6,Y,NONE
SLT-1-AUH-08,1,Bangkok Typhoon + Critical MEL Aircraft,AUH,Abu Dhabi International,2026-01-19T08:00:00Z,DEPARTURE,47,35,7,N,NONE
SLT-1-AUH-09,1,Bangkok Typhoon + Critical MEL Aircraft,AUH,Abu Dhabi International,2026-01-19T09:00:00Z,DEPARTURE,21,33,8,N,NONE
SLT-1-AUH-10,1,Bangkok Typhoon + Critical MEL Aircraft,AUH,Abu Dhabi International,2026-01-19T10:00:00Z,DEPARTURE,42,42,0,N,NOISE
SLT-1-AUH-11,1,Bangkok Typhoon + Critical MEL Aircraft,AUH,Abu Dhabi International,2026-01-19T11:00:00Z,ARRIVAL,49,20,5,Y,CAPACITY
SLT-1-AUH-12,1,Bangkok Typhoon + Critical MEL Aircraft,AUH,Abu Dhabi International,2026-01-19T12:00:00Z,DEPARTURE,26,26,8,N,NONE
SLT-1-AUH-13,1,Bangkok Typhoon + Critical MEL Aircraft,AUH,Abu Dhabi International,2026-01-19T13:00:00Z,DEPARTURE,43,35,6,N,NONE
SLT-1-AUH-14,1,Bangkok Typhoon + Critical MEL Aircraft,AUH,Abu Dhabi International,2026-01-19T14:00:00Z,DEPARTURE,38,22,10,N,WEATHER
SLT-1-AUH-15,1,Bangkok Typhoon + Critical MEL Aircraft,AUH,Abu Dhabi International,2026-01-19T15:00:00Z,DEPARTURE,50,23,5,N,NONE
SLT-1-AUH-16,1,Bangkok Typhoon + Critical MEL Aircraft,AUH,Abu Dhabi International,2026-01-19T16:00:00Z,ARRIVAL,45,36,9,N,NONE
SLT-1-AUH-17,1,Bangkok Typhoon + Critical MEL Aircraft,AUH,Abu Dhabi International,2026-01-19T17:00:00Z,ARRIVAL,33,22,6,Y,CAPACITY
SLT-1-AUH-18,1,Bangkok Typhoon + Critical MEL Aircraft,AUH,Abu Dhabi International,2026-01-19T18:00:00Z,DEPARTURE,47,33,7,N,WEATHER
SLT-1-AUH-19,1,Bangkok Typhoon + Critical MEL Aircraft,AUH,Abu Dhabi International,2026-01-19T19:00:00Z,ARRIVAL,40,34,5,Y,WEATHER
SLT-1-AUH-20,1,Bangkok Typhoon + Critical MEL Aircraft,AUH,Abu Dhabi International,2026-01-19T20:00:00Z,ARRIVAL,39,23,6,Y,NONE
SLT-1-AUH-21,1,Bangkok Typhoon + Critical MEL Aircraft,AUH,Abu Dhabi International,2026-01-19T21:00:00Z,ARRIVAL,44,17,2,N,CAPACITY
SLT-1-AUH-22,1,Bangkok Typhoon + Critical MEL Aircraft,AUH,Abu Dhabi International,2026-01-19T22:00:00Z,ARRIVAL,39,18,6,N,NONE
SLT-1-AUH-23,1,Bangkok Typhoon + Critical MEL Aircraft,AUH,Abu Dhabi International,2026-01-19T23:00:00Z,ARRIVAL,29,38,8,N,NONE
SLT-1-BKK-06,1,Bangkok Typhoon + Critical MEL Aircraft,BKK,Suvarnabhumi,2026-01-19T06:00:00Z,ARRIVAL,43,26,1,N,NONE
SLT-1-BKK-07,1,Bangkok Typhoon + Critical MEL Aircraft,BKK,Suvarnabhumi,2026-01-19T07:00:00Z,ARRIVAL,41,41,6,N,NONE
SLT-1-BKK-08,1,Bangkok Typhoon + Critical MEL Aircraft,BKK,Suvarnabhumi,2026-01-19T08:00:00Z,ARRIVAL,34,32,1,N,NONE
SLT-1-BKK-09,1,Bangkok Typhoon + Critical MEL Aircraft,BKK,Suvarnabhumi,2026-01-19T09:00:00Z,ARRIVAL,30,35,5,N,NONE
SLT-1-BKK-10,1,Bangkok Typhoon + Critical MEL Aircraft,BKK,Suvarnabhumi,2026-01-19T10:00:00Z,ARRIVAL,49,39,7,Y,NONE
SLT-1-BKK-11,1,Bangkok Typhoon + Critical MEL Aircraft,BKK,Suvarnabhumi,2026-01-19T11:00:00Z,ARRIVAL,40,27,4,N,NONE
SLT-1-BKK-12,1,Bangkok Typhoon + Critical MEL Aircraft,BKK,Suvarnabhumi,2026-01-19T12:00:00Z,DEPARTURE,47,31,8,Y,NONE
SLT-1-BKK-13,1,Bangkok Typhoon + Critical MEL Aircraft,BKK,Suvarnabhumi,2026-01-19T13:00:00Z,DEPARTURE,43,20,5,N,CAPACITY
SLT-1-BKK-14,1,Bangkok Typhoon + Critical MEL Aircraft,BKK,Suvarnabhumi,2026-01-19T14:00:00Z,ARRIVAL,27,16,1,Y,NONE
SLT-1-BKK-15,1,Bangkok Typhoon + Critical MEL Aircraft,BKK,Suvarnabhumi,2026-01-19T15:00:00Z,DEPARTURE,24,40,10,N,NOISE
SLT-1-BKK-16,1,Bangkok Typhoon + Critical MEL Aircraft,BKK,Suvarnabhumi,2026-01-19T16:00:00Z,DEPARTURE,49,39,4,N,NONE
SLT-1-BKK-17,1,Bangkok Typhoon + Critical MEL Aircraft,BKK,Suvarnabhumi,2026-01-19T17:00:00Z,DEPARTURE,38,25,9,Y,NONE
SLT-1-BKK-18,1,Bangkok Typhoon + Critical MEL Aircraft,BKK,Suvarnabhumi,2026-01-19T18:00:00Z,ARRIVAL,27,43,6,N,NONE
SLT-1-BKK-19,1,Bangkok Typhoon + Critical MEL Aircraft,BKK,Suvarnabhumi,2026-01-19T19:00:00Z,ARRIVAL,42,29,0,N,NOISE
SLT-1-BKK-20,1,Bangkok Typhoon + Critical MEL Aircraft,BKK,Suvarnabhumi,2026-01-19T20:00:00Z,ARRIVAL,33,42,3,Y,NONE
SLT-1-BKK-21,1,Bangkok Typhoon + Critical MEL Aircraft,BKK,Suvarnabhumi,2026-01-19T21:00:00Z,ARRIVAL,20,32,7,N,NONE
SLT-1-BKK-22,1,Bangkok Typhoon + Critical MEL Aircraft,BKK,Suvarnabhumi,2026-01-19T22:00:00Z,ARRIVAL,50,44,8,N,NONE
SLT-1-BKK-23,1,Bangkok Typhoon + Critical MEL Aircraft,BKK,Suvarnabhumi,2026-01-19T23:00:00Z,ARRIVAL,25,39,1,N,NONE
SLT-1-LHR-06,1,Bangkok Typhoon + Critical MEL Aircraft,LHR,Heathrow,2026-01-19T06:00:00Z,ARRIVAL,44,32,1,N,NONE
SLT-1-LHR-07,1,Bangkok Typhoon + Critical MEL Aircraft,LHR,Heathrow,2026-01-19T07:00:00Z,ARRIVAL,30,18,3,Y,NONE
SLT-1-LHR-08,1,Bangkok Typhoon + Critical MEL Aircraft,LHR,Heathrow,2026-01-19T08:00:00Z,ARRIVAL,31,16,8,N,NONE
SLT-1-LHR-09,1,Bangkok Typhoon + Critical MEL Aircraft,LHR,Heathrow,2026-01-19T09:00:00Z,ARRIVAL,34,40,10,N,NONE
SLT-1-LHR-10,1,Bangkok Typhoon + Critical MEL Aircraft,LHR,Heathrow,2026-01-19T10:00:00Z,ARRIVAL,32,36,4,N,NONE
SLT-1-LHR-11,1,Bangkok Typhoon + Critical MEL Aircraft,LHR,Heathrow,2026-01-19T11:00:00Z,DEPARTURE,47,17,4,N,NONE
SLT-1-LHR-12,1,Bangkok Typhoon + Critical MEL Aircraft,LHR,Heathrow,2026-01-19T12:00:00Z,DEPARTURE,32,38,3,N,NONE
SLT-1-LHR-13,1,Bangkok Typhoon + Critical MEL Aircraft,LHR,Heathrow,2026-01-19T13:00:00Z,ARRIVAL,36,18,7,N,NONE
SLT-1-LHR-14,1,Bangkok Typhoon + Critical MEL Aircraft,LHR,Heathrow,2026-01-19T14:00:00Z,DEPARTURE,20,44,9,N,NONE
SLT-1-LHR-15,1,Bangkok Typhoon + Critical MEL Aircraft,LHR,Heathrow,2026-01-19T15:00:00Z,ARRIVAL,32,41,10,Y,NONE
SLT-1-LHR-16,1,Bangkok Typhoon + Critical MEL Aircraft,LHR,Heathrow,2026-01-19T16:00:00Z,ARRIVAL,30,43,9,Y,NONE
SLT-1-LHR-17,1,Bangkok Typhoon + Critical MEL Aircraft,LHR,Heathrow,2026-01-19T17:00:00Z,ARRIVAL,45,45,7,N,NONE
SLT-1-LHR-18,1,Bangkok Typhoon + Critical MEL Aircraft,LHR,Heathrow,2026-01-19T18:00:00Z,DEPARTURE,22,30,7,N,NONE
SLT-1-LHR-19,1,Bangkok Typhoon + Critical MEL Aircraft,LHR,Heathrow,2026-01-19T19:00:00Z,ARRIVAL,23,36,4,Y,NONE
SLT-1-LHR-20,1,Bangkok Typhoon + Critical MEL Aircraft,LHR,Heathrow,2026-01-19T20:00:00Z,ARRIVAL,41,41,0,Y,NONE
SLT-1-LHR-21,1,Bangkok Typhoon + Critical MEL Aircraft,LHR,Heathrow,2026-01-19T21:00:00Z,ARRIVAL,30,16,2,N,NONE
SLT-1-LHR-22,1,Bangkok Typhoon + Critical MEL Aircraft,LHR,Heathrow,2026-01-19T22:00:00Z,DEPARTURE,28,20,0,Y,NONE
SLT-1-LHR-23,1,Bangkok Typhoon + Critical MEL Aircraft,LHR,Heathrow,2026-01-19T23:00:00Z,ARRIVAL,46,20,3,Y,NONE
SLT-1-SIN-06,1,Bangkok Typhoon + Critical MEL Aircraft,SIN,Changi,2026-01-19T06:00:00Z,ARRIVAL,37,21,8,Y,WEATHER
SLT-1-SIN-07,1,Bangkok Typhoon + Critical MEL Aircraft,SIN,Changi,2026-01-19T07:00:00Z,ARRIVAL,44,23,8,N,NONE
SLT-1-SIN-08,1,Bangkok Typhoon + Critical MEL Aircraft,SIN,Changi,2026-01-19T08:00:00Z,ARRIVAL,34,19,3,N,NONE
SLT-1-SIN-09,1,Bangkok Typhoon + Critical MEL Aircraft,SIN,Changi,2026-01-19T09:00:00Z,ARRIVAL,45,21,10,N,NONE
SLT-1-SIN-10,1,Bangkok Typhoon + Critical MEL Aircraft,SIN,Changi,2026-01-19T10:00:00Z,DEPARTURE,22,37,7,N,NONE
SLT-1-SIN-11,1,Bangkok Typhoon + Critical MEL Aircraft,SIN,Changi,2026-01-19T11:00:00Z,DEPARTURE,29,42,10,N,NONE
SLT-1-SIN-12,1,Bangkok Typhoon + Critical MEL Aircraft,SIN,Changi,2026-01-19T12:00:00Z,ARRIVAL,21,32,7,Y,NONE
SLT-1-SIN-13,1,Bangkok Typhoon + Critical MEL Aircraft,SIN,Changi,2026-01-19T13:00:00Z,ARRIVAL,43,32,0,Y,NONE
SLT-1-SIN-14,1,Bangkok Typhoon + Critical MEL Aircraft,SIN,Changi,2026-01-19T14:00:00Z,DEPARTURE,27,32,3,N,NONE
SLT-1-SIN-15,1,Bangkok Typhoon + Critical MEL Aircraft,SIN,Changi,2026-01-19T15:00:00Z,DEPARTURE,30,36,10,N,NONE
SLT-1-SIN-16,1,Bangkok Typhoon + Critical MEL Aircraft,SIN,Changi,2026-01-19T16:00:00Z,DEPARTURE,35,15,5,N,CAPACITY
SLT-1-SIN-17,1,Bangkok Typhoon + Critical MEL Aircraft,SIN,Changi,2026-01-19T17:00:00Z,DEPARTURE,23,32,7,Y,NONE
SLT-1-SIN-18,1,Bangkok Typhoon + Critical MEL Aircraft,SIN,Changi,2026-01-19T18:00:00Z,DEPARTURE,28,44,7,N,NOISE
SLT-1-SIN-19,1,Bangkok Typhoon + Critical MEL Aircraft,SIN,Changi,2026-01-19T19:00:00Z,DEPARTURE,20,43,1,N,NOISE
SLT-1-SIN-20,1,Bangkok Typhoon + Critical MEL Aircraft,SIN,Changi,2026-01-19T20:00:00Z,DEPARTURE,36,20,3,Y,CAPACITY
SLT-1-SIN-21,1,Bangkok Typhoon + Critical MEL Aircraft,SIN,Changi,2026-01-19T21:00:00Z,ARRIVAL,35,16,4,N,WEATHER
SLT-1-SIN-22,1,Bangkok Typhoon + Critical MEL Aircraft,SIN,Changi,2026-01-19T22:00:00Z,DEPARTURE,45,25,8,N,NOISE
SLT-1-SIN-23,1,Bangkok Typhoon + Critical MEL Aircraft,SIN,Changi,2026-01-19T23:00:00Z,DEPARTURE,33,25,2,N,NONE
SLT-1-CDG-06,1,Bangkok Typhoon + Critical MEL Aircraft,CDG,Charles de Gaulle,2026-01-19T06:00:00Z,DEPARTURE,22,24,0,N,NONE
SLT-1-CDG-07,1,Bangkok Typhoon + Critical MEL Aircraft,CDG,Charles de Gaulle,2026-01-19T07:00:00Z,ARRIVAL,21,21,2,N,WEATHER
SLT-1-CDG-08,1,Bangkok Typhoon + Critical MEL Aircraft,CDG,Charles de Gaulle,2026-01-19T08:00:00Z,ARRIVAL,32,31,5,Y,NONE
SLT-1-CDG-09,1,Bangkok Typhoon + Critical MEL Aircraft,CDG,Charles de Gaulle,2026-01-19T09:00:00Z,DEPARTURE,20,17,0,N,NONE
SLT-1-CDG-10,1,Bangkok Typhoon + Critical MEL Aircraft,CDG,Charles de Gaulle,2026-01-19T10:00:00Z,DEPARTURE,46,23,1,N,NONE
SLT-1-CDG-11,1,Bangkok Typhoon + Critical MEL Aircraft,CDG,Charles de Gaulle,2026-01-19T11:00:00Z,ARRIVAL,32,15,0,Y,CAPACITY
SLT-1-CDG-12,1,Bangkok Typhoon + Critical MEL Aircraft,CDG,Charles de Gaulle,2026-01-19T12:00:00Z,ARRIVAL,20,43,7,N,NONE
SLT-1-CDG-13,1,Bangkok Typhoon + Critical MEL Aircraft,CDG,Charles de Gaulle,2026-01-19T13:00:00Z,ARRIVAL,47,38,10,N,NONE
SLT-1-CDG-14,1,Bangkok Typhoon + Critical MEL Aircraft,CDG,Charles de Gaulle,2026-01-19T14:00:00Z,DEPARTURE,47,18,9,Y,NONE
SLT-1-CDG-15,1,Bangkok Typhoon + Critical MEL Aircraft,CDG,Charles de Gaulle,2026-01-19T15:00:00Z,ARRIVAL,46,43,1,N,NONE
SLT-1-CDG-16,1,Bangkok Typhoon + Critical MEL Aircraft,CDG,Charles de Gaulle,2026-01-19T16:00:00Z,DEPARTURE,20,39,7,N,NOISE
SLT-1-CDG-17,1,Bangkok Typhoon + Critical MEL Aircraft,CDG,Charles de Gaulle,2026-01-19T17:00:00Z,DEPARTURE,20,25,2,N,NONE
SLT-1-CDG-18,1,Bangkok Typhoon + Critical MEL Aircraft,CDG,Charles de Gaulle,2026-01-19T18:00:00Z,ARRIVAL,37,20,2,N,NOISE
SLT-1-CDG-19,1,Bangkok Typhoon + Critical MEL Aircraft,CDG,Charles de Gaulle,2026-01-19T19:00:00Z,ARRIVAL,29,31,9,Y,NONE
SLT-1-CDG-20,1,Bangkok Typhoon + Critical MEL Aircraft,CDG,Charles de Gaulle,2026-01-19T20:00:00Z,DEPARTURE,42,34,9,N,NOISE
SLT-1-CDG-21,1,Bangkok Typhoon + Critical MEL Aircraft,CDG,Charles de Gaulle,2026-01-19T21:00:00Z,DEPARTURE,29,35,6,N,NOISE
SLT-1-CDG-22,1,Bangkok Typhoon + Critical MEL Aircraft,CDG,Charles de Gaulle,2026-01-19T22:00:00Z,DEPARTURE,21,23,10,N,NONE
SLT-1-CDG-23,1,Bangkok Typhoon + Critical MEL Aircraft,CDG,Charles de Gaulle,2026-01-19T23:00:00Z,ARRIVAL,22,35,10,Y,NONE
SLT-1-FRA-06,1,Bangkok Typhoon + Critical MEL Aircraft,FRA,Frankfurt,2026-01-19T06:00:00Z,ARRIVAL,39,45,2,Y,WEATHER
SLT-1-FRA-07,1,Bangkok Typhoon + Critical MEL Aircraft,FRA,Frankfurt,2026-01-19T07:00:00Z,ARRIVAL,20,20,10,N,CAPACITY
SLT-1-FRA-08,1,Bangkok Typhoon + Critical MEL Aircraft,FRA,Frankfurt,2026-01-19T08:00:00Z,ARRIVAL,33,22,10,N,NONE
SLT-1-FRA-09,1,Bangkok Typhoon + Critical MEL Aircraft,FRA,Frankfurt,2026-01-19T09:00:00Z,DEPARTURE,27,33,10,N,NONE
SLT-1-FRA-10,1,Bangkok Typhoon + Critical MEL Aircraft,FRA,Frankfurt,2026-01-19T10:00:00Z,ARRIVAL,32,37,7,N,NONE
SLT-1-FRA-11,1,Bangkok Typhoon + Critical MEL Aircraft,FRA,Frankfurt,2026-01-19T11:00:00Z,ARRIVAL,36,28,10,N,NONE
SLT-1-FRA-12,1,Bangkok Typhoon + Critical MEL Aircraft,FRA,Frankfurt,2026-01-19T12:00:00Z,DEPARTURE,43,42,0,Y,NOISE
SLT-1-FRA-13,1,Bangkok Typhoon + Critical MEL Aircraft,FRA,Frankfurt,2026-01-19T13:00:00Z,DEPARTURE,22,33,8,N,NONE
SLT-1-FRA-14,1,Bangkok Typhoon + Critical MEL Aircraft,FRA,Frankfurt,2026-01-19T14:00:00Z,ARRIVAL,43,32,3,N,NONE
SLT-1-FRA-15,1,Bangkok Typhoon + Critical MEL Aircraft,FRA,Frankfurt,2026-01-19T15:00:00Z,DEPARTURE,24,33,6,Y,NONE
SLT-1-FRA-16,1,Bangkok Typhoon + Critical MEL Aircraft,FRA,Frankfurt,2026-01-19T16:00:00Z,DEPARTURE,45,34,2,Y,NONE
SLT-1-FRA-17,1,Bangkok Typhoon + Critical MEL Aircraft,FRA,Frankfurt,2026-01-19T17:00:00Z,ARRIVAL,26,27,3,N,NOISE
SLT-1-FRA-18,1,Bangkok Typhoon + Critical MEL Aircraft,FRA,Frankfurt,2026-01-19T18:00:00Z,DEPARTURE,20,30,10,N,NONE
SLT-1-FRA-19,1,Bangkok Typhoon + Critical MEL Aircraft,FRA,Frankfurt,2026-01-19T19:00:00Z,ARRIVAL,41,19,5,N,NONE
SLT-1-FRA-20,1,Bangkok Typhoon + Critical MEL Aircraft,FRA,Frankfurt,2026-01-19T20:00:00Z,DEPARTURE,41,16,3,N,NONE
SLT-1-FRA-21,1,Bangkok Typhoon + Critical MEL Aircraft,FRA,Frankfurt,2026-01-19T21:00:00Z,ARRIVAL,47,38,8,N,NONE
SLT-1-FRA-22,1,Bangkok Typhoon + Critical MEL Aircraft,FRA,Frankfurt,2026-01-19T22:00:00Z,ARRIVAL,37,45,7,Y,WEATHER
SLT-1-FRA-23,1,Bangkok Typhoon + Critical MEL Aircraft,FRA,Frankfurt,2026-01-19T23:00:00Z,DEPARTURE,20,38,6,N,NONE
SLT-1-JFK-06,1,Bangkok Typhoon + Critical MEL Aircraft,JFK,John F Kennedy,2026-01-19T06:00:00Z,DEPARTURE,34,24,9,N,NONE
SLT-1-JFK-07,1,Bangkok Typhoon + Critical MEL Aircraft,JFK,John F Kennedy,2026-01-19T07:00:00Z,ARRIVAL,42,19,5,N,NOISE
SLT-1-JFK-08,1,Bangkok Typhoon + Critical MEL Aircraft,JFK,John F Kennedy,2026-01-19T08:00:00Z,ARRIVAL,47,33,0,N,NONE
SLT-1-JFK-09,1,Bangkok Typhoon + Critical MEL Aircraft,JFK,John F Kennedy,2026-01-19T09:00:00Z,DEPARTURE,43,19,8,N,NOISE
SLT-1-JFK-10,1,Bangkok Typhoon + Critical MEL Aircraft,JFK,John F Kennedy,2026-01-19T10:00:00Z,ARRIVAL,45,32,0,Y,WEATHER
SLT-1-JFK-11,1,Bangkok Typhoon + Critical MEL Aircraft,JFK,John F Kennedy,2026-01-19T11:00:00Z,DEPARTURE,36,32,3,N,NONE
SLT-1-JFK-12,1,Bangkok Typhoon + Critical MEL Aircraft,JFK,John F Kennedy,2026-01-19T12:00:00Z,DEPARTURE,35,18,2,N,NONE
SLT-1-JFK-13,1,Bangkok Typhoon + Critical MEL Aircraft,JFK,John F Kennedy,2026-01-19T13:00:00Z,ARRIVAL,36,45,5,Y,NONE
SLT-1-JFK-14,1,Bangkok Typhoon + Critical MEL Aircraft,JFK,John F Kennedy,2026-01-19T14:00:00Z,ARRIVAL,41,36,5,N,NONE
SLT-1-JFK-15,1,Bangkok Typhoon + Critical MEL Aircraft,JFK,John F Kennedy,2026-01-19T15:00:00Z,DEPARTURE,29,37,3,Y,NONE
SLT-1-JFK-16,1,Bangkok Typhoon + Critical MEL Aircraft,JFK,John F Kennedy,2026-01-19T16:00:00Z,DEPARTURE,28,32,8,N,NONE
SLT-1-JFK-17,1,Bangkok Typhoon + Critical MEL Aircraft,JFK,John F Kennedy,2026-01-19T17:00:00Z,ARRIVAL,20,29,1,Y,NONE
SLT-1-JFK-18,1,Bangkok Typhoon + Critical MEL Aircraft,JFK,John F Kennedy,2026-01-19T18:00:00Z,DEPARTURE,21,22,4,Y,NONE
SLT-1-JFK-19,1,Bangkok Typhoon + Critical MEL Aircraft,JFK,John F Kennedy,2026-01-19T19:00:00Z,ARRIVAL,31,35,4,Y,NONE
SLT-1-JFK-20,1,Bangkok Typhoon + Critical MEL Aircraft,JFK,John F Kennedy,2026-01-19T20:00:00Z,ARRIVAL,26,34,8,Y,CAPACITY
SLT-1-JFK-21,1,Bangkok Typhoon + Critical MEL Aircraft,JFK,John F Kennedy,2026-01-19T21:00:00Z,ARRIVAL,44,19,10,N,NONE
SLT-1-JFK-22,1,Bangkok Typhoon + Critical MEL Aircraft,JFK,John F Kennedy,2026-01-19T22:00:00Z,ARRIVAL,39,45,3,N,NONE
SLT-1-JFK-23,1,Bangkok Typhoon + Critical MEL Aircraft,JFK,John F Kennedy,2026-01-19T23:00:00Z,DEPARTURE,29,30,7,N,NONE
SLT-1-DEL-06,1,Bangkok Typhoon + Critical MEL Aircraft,DEL,Indira Gandhi,2026-01-19T06:00:00Z,ARRIVAL,32,39,9,N,NONE
SLT-1-DEL-07,1,Bangkok Typhoon + Critical MEL Aircraft,DEL,Indira Gandhi,2026-01-19T07:00:00Z,DEPARTURE,31,25,6,N,NONE
SLT-1-DEL-08,1,Bangkok Typhoon + Critical MEL Aircraft,DEL,Indira Gandhi,2026-01-19T08:00:00Z,ARRIVAL,42,17,8,Y,NONE
SLT-1-DEL-09,1,Bangkok Typhoon + Critical MEL Aircraft,DEL,Indira Gandhi,2026-01-19T09:00:00Z,ARRIVAL,25,44,1,N,NONE
SLT-1-DEL-10,1,Bangkok Typhoon + Critical MEL Aircraft,DEL,Indira Gandhi,2026-01-19T10:00:00Z,ARRIVAL,20,37,9,N,NONE
SLT-1-DEL-11,1,Bangkok Typhoon + Critical MEL Aircraft,DEL,Indira Gandhi,2026-01-19T11:00:00Z,DEPARTURE,22,32,7,N,NOISE
SLT-1-DEL-12,1,Bangkok Typhoon + Critical MEL Aircraft,DEL,Indira Gandhi,2026-01-19T12:00:00Z,DEPARTURE,33,36,1,N,NONE
SLT-1-DEL-13,1,Bangkok Typhoon + Critical MEL Aircraft,DEL,Indira Gandhi,2026-01-19T13:00:00Z,DEPARTURE,43,21,6,Y,NONE
SLT-1-DEL-14,1,Bangkok Typhoon + Critical MEL Aircraft,DEL,Indira Gandhi,2026-01-19T14:00:00Z,DEPARTURE,24,37,4,N,NONE
SLT-1-DEL-15,1,Bangkok Typhoon + Critical MEL Aircraft,DEL,Indira Gandhi,2026-01-19T15:00:00Z,ARRIVAL,48,15,3,N,CAPACITY
SLT-1-DEL-16,1,Bangkok Typhoon + Critical MEL Aircraft,DEL,Indira Gandhi,2026-01-19T16:00:00Z,DEPARTURE,28,17,2,Y,NONE
SLT-1-DEL-17,1,Bangkok Typhoon + Critical MEL Aircraft,DEL,Indira Gandhi,2026-01-19T17:00:00Z,ARRIVAL,42,34,10,Y,NOISE
SLT-1-DEL-18,1,Bangkok Typhoon + Critical MEL Aircraft,DEL,Indira Gandhi,2026-01-19T18:00:00Z,ARRIVAL,48,19,8,Y,NONE
SLT-1-DEL-19,1,Bangkok Typhoon + Critical MEL Aircraft,DEL,Indira Gandhi,2026-01-19T19:00:00Z,ARRIVAL,34,43,3,Y,CAPACITY
SLT-1-DEL-20,1,Bangkok Typhoon + Critical MEL Aircraft,DEL,Indira Gandhi,2026-01-19T20:00:00Z,DEPARTURE,26,43,7,Y,NONE
SLT-1-DEL-21,1,Bangkok Typhoon + Critical MEL Aircraft,DEL,Indira Gandhi,2026-01-19T21:00:00Z,ARRIVAL,48,22,4,N,NONE
SLT-1-DEL-22,1,Bangkok Typhoon + Critical MEL Aircraft,DEL,Indira Gandhi,2026-01-19T22:00:00Z,DEPARTURE,31,37,4,Y,NONE
SLT-1-DEL-23,1,Bangkok Typhoon + Critical MEL Aircraft,DEL,Indira Gandhi,2026-01-19T23:00:00Z,DEPARTURE,42,27,6,N,NONE
SLT-1-SYD-06,1,Bangkok Typhoon + Critical MEL Aircraft,SYD,Sydney Kingsford Smith,2026-01-19T06:00:00Z,ARRIVAL,45,27,3,Y,NONE
SLT-1-SYD-07,1,Bangkok Typhoon + Critical MEL Aircraft,SYD,Sydney Kingsford Smith,2026-01-19T07:00:00Z,ARRIVAL,41,26,0,Y,NONE
SLT-1-SYD-08,1,Bangkok Typhoon + Critical MEL Aircraft,SYD,Sydney Kingsford Smith,2026-01-19T08:00:00Z,ARRIVAL,45,19,0,N,NONE
SLT-1-SYD-09,1,Bangkok Typhoon + Critical MEL Aircraft,SYD,Sydney Kingsford Smith,2026-01-19T09:00:00Z,DEPARTURE,46,21,1,N,NONE
SLT-1-SYD-10,1,Bangkok Typhoon + Critical MEL Aircraft,SYD,Sydney Kingsford Smith,2026-01-19T10:00:00Z,DEPARTURE,46,27,2,Y,NONE
SLT-1-SYD-11,1,Bangkok Typhoon + Critical MEL Aircraft,SYD,Sydney Kingsford Smith,2026-01-19T11:00:00Z,ARRIVAL,26,20,8,Y,NONE
SLT-1-SYD-12,1,Bangkok Typhoon + Critical MEL Aircraft,SYD,Sydney Kingsford Smith,2026-01-19T12:00:00Z,DEPARTURE,26,33,4,N,NONE
SLT-1-SYD-13,1,Bangkok Typhoon + Critical MEL Aircraft,SYD,Sydney Kingsford Smith,2026-01-19T13:00:00Z,DEPARTURE,35,18,0,N,NONE
SLT-1-SYD-14,1,Bangkok Typhoon + Critical MEL Aircraft,SYD,Sydney Kingsford Smith,2026-01-19T14:00:00Z,ARRIVAL,47,21,1,N,NOISE
SLT-1-SYD-15,1,Bangkok Typhoon + Critical MEL Aircraft,SYD,Sydney Kingsford Smith,2026-01-19T15:00:00Z,ARRIVAL,48,35,2,N,NONE
SLT-1-SYD-16,1,Bangkok Typhoon + Critical MEL Aircraft,SYD,Sydney Kingsford Smith,2026-01-19T16:00:00Z,ARRIVAL,42,34,0,N,NONE
SLT-1-SYD-17,1,Bangkok Typhoon + Critical MEL Aircraft,SYD,Sydney Kingsford Smith,2026-01-19T17:00:00Z,DEPARTURE,25,17,0,N,NONE
SLT-1-SYD-18,1,Bangkok Typhoon + Critical MEL Aircraft,SYD,Sydney Kingsford Smith,2026-01-19T18:00:00Z,DEPARTURE,22,20,1,N,NOISE
SLT-1-SYD-19,1,Bangkok Typhoon + Critical MEL Aircraft,SYD,Sydney Kingsford Smith,2026-01-19T19:00:00Z,ARRIVAL,48,40,3,N,NONE
SLT-1-SYD-20,1,Bangkok Typhoon + Critical MEL Aircraft,SYD,Sydney Kingsford Smith,2026-01-19T20:00:00Z,DEPARTURE,46,23,10,N,CAPACITY
SLT-1-SYD-21,1,Bangkok Typhoon + Critical MEL Aircraft,SYD,Sydney Kingsford Smith,2026-01-19T21:00:00Z,DEPARTURE,33,34,6,N,NONE
SLT-1-SYD-22,1,Bangkok Typhoon + Critical MEL Aircraft,SYD,Sydney Kingsford Smith,2026-01-19T22:00:00Z,ARRIVAL,49,28,7,N,NONE
SLT-1-SYD-23,1,Bangkok Typhoon + Critical MEL Aircraft,SYD,Sydney Kingsford Smith,2026-01-19T23:00:00Z,DEPARTURE,40,16,1,Y,NONE
SLT-1-CAI-06,1,Bangkok Typhoon + Critical MEL Aircraft,CAI,Cairo International,2026-01-19T06:00:00Z,DEPARTURE,50,32,2,N,NONE
SLT-1-CAI-07,1,Bangkok Typhoon + Critical MEL Aircraft,CAI,Cairo International,2026-01-19T07:00:00Z,DEPARTURE,46,44,1,Y,NONE
SLT-1-CAI-08,1,Bangkok Typhoon + Critical MEL Aircraft,CAI,Cairo International,2026-01-19T08:00:00Z,DEPARTURE,32,21,7,N,NONE
SLT-1-CAI-09,1,Bangkok Typhoon + Critical MEL Aircraft,CAI,Cairo International,2026-01-19T09:00:00Z,DEPARTURE,27,23,5,Y,CAPACITY
SLT-1-CAI-10,1,Bangkok Typhoon + Critical MEL Aircraft,CAI,Cairo International,2026-01-19T10:00:00Z,DEPARTURE,24,18,0,Y,WEATHER
SLT-1-CAI-11,1,Bangkok Typhoon + Critical MEL Aircraft,CAI,Cairo International,2026-01-19T11:00:00Z,DEPARTURE,39,29,6,N,NONE
SLT-1-CAI-12,1,Bangkok Typhoon + Critical MEL Aircraft,CAI,Cairo International,2026-01-19T12:00:00Z,ARRIVAL,40,42,7,Y,NONE
SLT-1-CAI-13,1,Bangkok Typhoon + Critical MEL Aircraft,CAI,Cairo International,2026-01-19T13:00:00Z,DEPARTURE,33,30,1,Y,WEATHER
SLT-1-CAI-14,1,Bangkok Typhoon + Critical MEL Aircraft,CAI,Cairo International,2026-01-19T14:00:00Z,ARRIVAL,44,29,3,N,CAPACITY
SLT-1-CAI-15,1,Bangkok Typhoon + Critical MEL Aircraft,CAI,Cairo International,2026-01-19T15:00:00Z,ARRIVAL,28,44,0,N,NONE
SLT-1-CAI-16,1,Bangkok Typhoon + Critical MEL Aircraft,CAI,Cairo International,2026-01-19T16:00:00Z,ARRIVAL,22,44,0,N,NONE
SLT-1-CAI-17,1,Bangkok Typhoon + Critical MEL Aircraft,CAI,Cairo International,2026-01-19T17:00:00Z,ARRIVAL,30,39,10,N,NONE
SLT-1-CAI-18,1,Bangkok Typhoon + Critical MEL Aircraft,CAI,Cairo International,2026-01-19T18:00:00Z,ARRIVAL,26,37,5,Y,NONE
SLT-1-CAI-19,1,Bangkok Typhoon + Critical MEL Aircraft,CAI,Cairo International,2026-01-19T19:00:00Z,DEPARTURE,31,21,9,N,NONE
SLT-1-CAI-20,1,Bangkok Typhoon + Critical MEL Aircraft,CAI,Cairo International,2026-01-19T20:00:00Z,ARRIVAL,27,30,8,N,NONE
SLT-1-CAI-21,1,Bangkok Typhoon + Critical MEL Aircraft,CAI,Cairo International,2026-01-19T21:00:00Z,DEPARTURE,20,29,8,N,NONE
SLT-1-CAI-22,1,Bangkok Typhoon + Critical MEL Aircraft,CAI,Cairo International,2026-01-19T22:00:00Z,DEPARTURE,26,31,2,N,NONE
SLT-1-CAI-23,1,Bangkok Typhoon + Critical MEL Aircraft,CAI,Cairo International,2026-01-19T23:00:00Z,ARRIVAL,46,27,8,N,CAPACITY
SLT-1-FCO-06,1,Bangkok Typhoon + Critical MEL Aircraft,FCO,Fiumicino,2026-01-19T06:00:00Z,DEPARTURE,50,30,9,N,NONE
SLT-1-FCO-07,1,Bangkok Typhoon + Critical MEL Aircraft,FCO,Fiumicino,2026-01-19T07:00:00Z,ARRIVAL,40,32,0,N,CAPACITY
SLT-1-FCO-08,1,Bangkok Typhoon + Critical MEL Aircraft,FCO,Fiumicino,2026-01-19T08:00:00Z,DEPARTURE,38,41,8,N,NONE
SLT-1-FCO-09,1,Bangkok Typhoon + Critical MEL Aircraft,FCO,Fiumicino,2026-01-19T09:00:00Z,ARRIVAL,45,34,9,N,NONE
SLT-1-FCO-10,1,Bangkok Typhoon + Critical MEL Aircraft,FCO,Fiumicino,2026-01-19T10:00:00Z,ARRIVAL,34,22,5,N,NONE
SLT-1-FCO-11,1,Bangkok Typhoon + Critical MEL Aircraft,FCO,Fiumicino,2026-01-19T11:00:00Z,DEPARTURE,50,29,4,N,NONE
SLT-1-FCO-12,1,Bangkok Typhoon + Critical MEL Aircraft,FCO,Fiumicino,2026-01-19T12:00:00Z,DEPARTURE,46,45,5,Y,NONE
SLT-1-FCO-13,1,Bangkok Typhoon + Critical MEL Aircraft,FCO,Fiumicino,2026-01-19T13:00:00Z,ARRIVAL,50,34,2,N,NONE
SLT-1-FCO-14,1,Bangkok Typhoon + Critical MEL Aircraft,FCO,Fiumicino,2026-01-19T14:00:00Z,ARRIVAL,27,20,5,N,NONE
SLT-1-FCO-15,1,Bangkok Typhoon + Critical MEL Aircraft,FCO,Fiumicino,2026-01-19T15:00:00Z,DEPARTURE,39,36,1,Y,NONE
SLT-1-FCO-16,1,Bangkok Typhoon + Critical MEL Aircraft,FCO,Fiumicino,2026-01-19T16:00:00Z,DEPARTURE,20,21,9,Y,WEATHER
SLT-1-FCO-17,1,Bangkok Typhoon + Critical MEL Aircraft,FCO,Fiumicino,2026-01-19T17:00:00Z,DEPARTURE,25,25,9,Y,WEATHER
SLT-1-FCO-18,1,Bangkok Typhoon + Critical MEL Aircraft,FCO,Fiumicino,2026-01-19T18:00:00Z,ARRIVAL,34,19,1,N,NONE
SLT-1-FCO-19,1,Bangkok Typhoon + Critical MEL Aircraft,FCO,Fiumicino,2026-01-19T19:00:00Z,ARRIVAL,44,44,2,N,NONE
SLT-1-FCO-20,1,Bangkok Typhoon + Critical MEL Aircraft,FCO,Fiumicino,2026-01-19T20:00:00Z,ARRIVAL,49,28,10,N,NONE
SLT-1-FCO-21,1,Bangkok Typhoon + Critical MEL Aircraft,FCO,Fiumicino,2026-01-19T21:00:00Z,DEPARTURE,42,37,8,N,NONE
SLT-1-FCO-22,1,Bangkok Typhoon + Critical MEL Aircraft,FCO,Fiumicino,2026-01-19T22:00:00Z,ARRIVAL,32,33,3,Y,WEATHER
SLT-1-FCO-23,1,Bangkok Typhoon + Critical MEL Aircraft,FCO,Fiumicino,2026-01-19T23:00:00Z,ARRIVAL,21,15,3,N,NONE
SLT-1-DOH-06,1,Bangkok Typhoon + Critical MEL Aircraft,DOH,Hamad International,2026-01-19T06:00:00Z,DEPARTURE,46,29,7,N,NONE
SLT-1-DOH-07,1,Bangkok Typhoon + Critical MEL Aircraft,DOH,Hamad International,2026-01-19T07:00:00Z,DEPARTURE,37,17,0,Y,NONE
SLT-1-DOH-08,1,Bangkok Typhoon + Critical MEL Aircraft,DOH,Hamad International,2026-01-19T08:00:00Z,DEPARTURE,20,18,4,Y,NONE
SLT-1-DOH-09,1,Bangkok Typhoon + Critical MEL Aircraft,DOH,Hamad International,2026-01-19T09:00:00Z,ARRIVAL,30,18,0,N,NOISE
SLT-1-DOH-10,1,Bangkok Typhoon + Critical MEL Aircraft,DOH,Hamad International,2026-01-19T10:00:00Z,ARRIVAL,23,27,10,N,NONE
SLT-1-DOH-11,1,Bangkok Typhoon + Critical MEL Aircraft,DOH,Hamad International,2026-01-19T11:00:00Z,DEPARTURE,35,29,9,N,NONE
SLT-1-DOH-12,1,Bangkok Typhoon + Critical MEL Aircraft,DOH,Hamad International,2026-01-19T12:00:00Z,DEPARTURE,34,27,9,N,NONE
SLT-1-DOH-13,1,Bangkok Typhoon + Critical MEL Aircraft,DOH,Hamad International,2026-01-19T13:00:00Z,ARRIVAL,44,18,0,Y,NONE
SLT-1-DOH-14,1,Bangkok Typhoon + Critical MEL Aircraft,DOH,Hamad International,2026-01-19T14:00:00Z,ARRIVAL,38,22,4,N,NONE
SLT-1-DOH-15,1,Bangkok Typhoon + Critical MEL Aircraft,DOH,Hamad International,2026-01-19T15:00:00Z,ARRIVAL,39,30,5,N,NONE
SLT-1-DOH-16,1,Bangkok Typhoon + Critical MEL Aircraft,DOH,Hamad International,2026-01-19T16:00:00Z,DEPARTURE,33,18,7,N,NONE
SLT-1-DOH-17,1,Bangkok Typhoon + Critical MEL Aircraft,DOH,Hamad International,2026-01-19T17:00:00Z,DEPARTURE,49,26,5,Y,NONE
SLT-1-DOH-18,1,Bangkok Typhoon + Critical MEL Aircraft,DOH,Hamad International,2026-01-19T18:00:00Z,ARRIVAL,43,19,2,N,NONE
SLT-1-DOH-19,1,Bangkok Typhoon + Critical MEL Aircraft,DOH,Hamad International,2026-01-19T19:00:00Z,ARRIVAL,27,40,9,N,NONE
SLT-1-DOH-20,1,Bangkok Typhoon + Critical MEL Aircraft,DOH,Hamad International,2026-01-19T20:00:00Z,ARRIVAL,46,16,2,N,NONE
SLT-1-DOH-21,1,Bangkok Typhoon + Critical MEL Aircraft,DOH,Hamad International,2026-01-19T21:00:00Z,ARRIVAL,32,21,10,N,NONE
SLT-1-DOH-22,1,Bangkok Typhoon + Critical MEL Aircraft,DOH,Hamad International,2026-01-19T22:00:00Z,ARRIVAL,49,38,6,N,NONE
SLT-1-DOH-23,1,Bangkok Typhoon + Critical MEL Aircraft,DOH,Hamad International,2026-01-19T23:00:00Z,ARRIVAL,37,21,10,Y,NONE
SLT-1-MCT-06,1,Bangkok Typhoon + Critical MEL Aircraft,MCT,Muscat International,2026-01-19T06:00:00Z,ARRIVAL,31,41,8,N,WEATHER
SLT-1-MCT-07,1,Bangkok Typhoon + Critical MEL Aircraft,MCT,Muscat International,2026-01-19T07:00:00Z,ARRIVAL,45,34,10,N,NONE
SLT-1-MCT-08,1,Bangkok Typhoon + Critical MEL Aircraft,MCT,Muscat International,2026-01-19T08:00:00Z,ARRIVAL,47,44,7,Y,NONE
SLT-1-MCT-09,1,Bangkok Typhoon + Critical MEL Aircraft,MCT,Muscat International,2026-01-19T09:00:00Z,ARRIVAL,39,25,4,Y,NONE
SLT-1-MCT-10,1,Bangkok Typhoon + Critical MEL Aircraft,MCT,Muscat International,2026-01-19T10:00:00Z,ARRIVAL,23,33,0,N,NONE
SLT-1-MCT-11,1,Bangkok Typhoon + Critical MEL Aircraft,MCT,Muscat International,2026-01-19T11:00:00Z,DEPARTURE,21,23,10,N,NONE
SLT-1-MCT-12,1,Bangkok Typhoon + Critical MEL Aircraft,MCT,Muscat International,2026-01-19T12:00:00Z,DEPARTURE,25,22,6,N,NONE
SLT-1-MCT-13,1,Bangkok Typhoon + Critical MEL Aircraft,MCT,Muscat International,2026-01-19T13:00:00Z,DEPARTURE,40,21,3,N,NONE
SLT-1-MCT-14,1,Bangkok Typhoon + Critical MEL Aircraft,MCT,Muscat International,2026-01-19T14:00:00Z,ARRIVAL,26,24,7,N,NONE
SLT-1-MCT-15,1,Bangkok Typhoon + Critical MEL Aircraft,MCT,Muscat International,2026-01-19T15:00:00Z,DEPARTURE,28,27,6,N,NONE
SLT-1-MCT-16,1,Bangkok Typhoon + Critical MEL Aircraft,MCT,Muscat International,2026-01-19T16:00:00Z,DEPARTURE,23,40,10,N,NONE
SLT-1-MCT-17,1,Bangkok Typhoon + Critical MEL Aircraft,MCT,Muscat International,2026-01-19T17:00:00Z,DEPARTURE,48,24,5,N,NONE
SLT-1-MCT-18,1,Bangkok Typhoon + Critical MEL Aircraft,MCT,Muscat International,2026-01-19T18:00:00Z,DEPARTURE,44,34,6,N,NONE
SLT-1-MCT-19,1,Bangkok Typhoon + Critical MEL Aircraft,MCT,Muscat International,2026-01-19T19:00:00Z,ARRIVAL,38,45,5,Y,NOISE
SLT-1-MCT-20,1,Bangkok Typhoon + Critical MEL Aircraft,MCT,Muscat International,2026-01-19T20:00:00Z,ARRIVAL,48,27,8,N,NONE
SLT-1-MCT-21,1,Bangkok Typhoon + Critical MEL Aircraft,MCT,Muscat International,2026-01-19T21:00:00Z,DEPARTURE,30,42,10,Y,CAPACITY
SLT-1-MCT-22,1,Bangkok Typhoon + Critical MEL Aircraft,MCT,Muscat International,2026-01-19T22:00:00Z,ARRIVAL,40,39,3,N,NONE
SLT-1-MCT-23,1,Bangkok Typhoon + Critical MEL Aircraft,MCT,Muscat International,2026-01-19T23:00:00Z,DEPARTURE,41,24,0,N,NOISE
SLT-1-JED-06,1,Bangkok Typhoon + Critical MEL Aircraft,JED,King Abdulaziz,2026-01-19T06:00:00Z,ARRIVAL,49,28,1,N,NONE
SLT-1-JED-07,1,Bangkok Typhoon + Critical MEL Aircraft,JED,King Abdulaziz,2026-01-19T07:00:00Z,ARRIVAL,23,37,4,N,NONE
SLT-1-JED-08,1,Bangkok Typhoon + Critical MEL Aircraft,JED,King Abdulaziz,2026-01-19T08:00:00Z,DEPARTURE,49,19,6,N,NONE
SLT-1-JED-09,1,Bangkok Typhoon + Critical MEL Aircraft,JED,King Abdulaziz,2026-01-19T09:00:00Z,ARRIVAL,34,16,10,N,NOISE
SLT-1-JED-10,1,Bangkok Typhoon + Critical MEL Aircraft,JED,King Abdulaziz,2026-01-19T10:00:00Z,ARRIVAL,40,17,5,N,NONE
SLT-1-JED-11,1,Bangkok Typhoon + Critical MEL Aircraft,JED,King Abdulaziz,2026-01-19T11:00:00Z,ARRIVAL,45,15,4,Y,NONE
SLT-1-JED-12,1,Bangkok Typhoon + Critical MEL Aircraft,JED,King Abdulaziz,2026-01-19T12:00:00Z,DEPARTURE,44,27,3,N,NOISE
SLT-1-JED-13,1,Bangkok Typhoon + Critical MEL Aircraft,JED,King Abdulaziz,2026-01-19T13:00:00Z,ARRIVAL,25,38,0,Y,NONE
SLT-1-JED-14,1,Bangkok Typhoon + Critical MEL Aircraft,JED,King Abdulaziz,2026-01-19T14:00:00Z,ARRIVAL,32,28,8,Y,NONE
SLT-1-JED-15,1,Bangkok Typhoon + Critical MEL Aircraft,JED,King Abdulaziz,2026-01-19T15:00:00Z,ARRIVAL,33,36,7,Y,NONE
SLT-1-JED-16,1,Bangkok Typhoon + Critical MEL Aircraft,JED,King Abdulaziz,2026-01-19T16:00:00Z,ARRIVAL,27,25,9,N,CAPACITY
SLT-1-JED-17,1,Bangkok Typhoon + Critical MEL Aircraft,JED,King Abdulaziz,2026-01-19T17:00:00Z,DEPARTURE,41,34,10,Y,NONE
SLT-1-JED-18,1,Bangkok Typhoon + Critical MEL Aircraft,JED,King Abdulaziz,2026-01-19T18:00:00Z,DEPARTURE,27,28,6,Y,NONE
SLT-1-JED-19,1,Bangkok Typhoon + Critical MEL Aircraft,JED,King Abdulaziz,2026-01-19T19:00:00Z,DEPARTURE,47,21,4,N,NONE
SLT-1-JED-20,1,Bangkok Typhoon + Critical MEL Aircraft,JED,King Abdulaziz,2026-01-19T20:00:00Z,ARRIVAL,36,26,7,N,NONE
SLT-1-JED-21,1,Bangkok Typhoon + Critical MEL Aircraft,JED,King Abdulaziz,2026-01-19T21:00:00Z,DEPARTURE,49,34,9,N,NONE
SLT-1-JED-22,1,Bangkok Typhoon + Critical MEL Aircraft,JED,King Abdulaziz,2026-01-19T22:00:00Z,DEPARTURE,44,43,1,N,NONE
SLT-1-JED-23,1,Bangkok Typhoon + Critical MEL Aircraft,JED,King Abdulaziz,2026-01-19T23:00:00Z,DEPARTURE,50,24,1,N,NONE
SLT-2-AUH-06,2,London Fog + Multiple Aircraft AOG,AUH,Abu Dhabi International,2026-01-20T06:00:00Z,ARRIVAL,39,16,7,Y,NONE
SLT-2-AUH-07,2,London Fog + Multiple Aircraft AOG,AUH,Abu Dhabi International,2026-01-20T07:00:00Z,ARRIVAL,41,24,0,N,NONE
SLT-2-AUH-08,2,London Fog + Multiple Aircraft AOG,AUH,Abu Dhabi International,2026-01-20T08:00:00Z,ARRIVAL,29,43,2,N,NONE
SLT-2-AUH-09,2,London Fog + Multiple Aircraft AOG,AUH,Abu Dhabi International,2026-01-20T09:00:00Z,DEPARTURE,32,18,1,N,NONE
SLT-2-AUH-10,2,London Fog + Multiple Aircraft AOG,AUH,Abu Dhabi International,2026-01-20T10:00:00Z,DEPARTURE,42,35,0,N,NONE
SLT-2-AUH-11,2,London Fog + Multiple Aircraft AOG,AUH,Abu Dhabi International,2026-01-20T11:00:00Z,DEPARTURE,34,33,8,Y,NONE
SLT-2-AUH-12,2,London Fog + Multiple Aircraft AOG,AUH,Abu Dhabi International,2026-01-20T12:00:00Z,DEPARTURE,38,36,8,N,NONE
SLT-2-AUH-13,2,London Fog + Multiple Aircraft AOG,AUH,Abu Dhabi International,2026-01-20T13:00:00Z,ARRIVAL,44,34,9,N,NONE
SLT-2-AUH-14,2,London Fog + Multiple Aircraft AOG,AUH,Abu Dhabi International,2026-01-20T14:00:00Z,DEPARTURE,23,28,8,Y,NONE
SLT-2-AUH-15,2,London Fog + Multiple Aircraft AOG,AUH,Abu Dhabi International,2026-01-20T15:00:00Z,ARRIVAL,49,21,3,Y,NONE
SLT-2-AUH-16,2,London Fog + Multiple Aircraft AOG,AUH,Abu Dhabi International,2026-01-20T16:00:00Z,DEPARTURE,43,22,2,Y,NONE
SLT-2-AUH-17,2,London Fog + Multiple Aircraft AOG,AUH,Abu Dhabi International,2026-01-20T17:00:00Z,ARRIVAL,27,19,1,N,NONE
SLT-2-AUH-18,2,London Fog + Multiple Aircraft AOG,AUH,Abu Dhabi International,2026-01-20T18:00:00Z,ARRIVAL,27,25,7,N,NONE
SLT-2-AUH-19,2,London Fog + Multiple Aircraft AOG,AUH,Abu Dhabi International,2026-01-20T19:00:00Z,DEPARTURE,35,23,2,Y,NONE
SLT-2-AUH-20,2,London Fog + Multiple Aircraft AOG,AUH,Abu Dhabi International,2026-01-20T20:00:00Z,DEPARTURE,47,38,8,Y,NONE
SLT-2-AUH-21,2,London Fog + Multiple Aircraft AOG,AUH,Abu Dhabi International,2026-01-20T21:00:00Z,ARRIVAL,26,17,10,Y,WEATHER
SLT-2-AUH-22,2,London Fog + Multiple Aircraft AOG,AUH,Abu Dhabi International,2026-01-20T22:00:00Z,ARRIVAL,28,23,6,N,NONE
SLT-2-AUH-23,2,London Fog + Multiple Aircraft AOG,AUH,Abu Dhabi International,2026-01-20T23:00:00Z,ARRIVAL,37,38,4,Y,NONE
SLT-2-BKK-06,2,London Fog + Multiple Aircraft AOG,BKK,Suvarnabhumi,2026-01-20T06:00:00Z,DEPARTURE,35,21,7,Y,NONE
SLT-2-BKK-07,2,London Fog + Multiple Aircraft AOG,BKK,Suvarnabhumi,2026-01-20T07:00:00Z,ARRIVAL,33,35,0,N,NONE
SLT-2-BKK-08,2,London Fog + Multiple Aircraft AOG,BKK,Suvarnabhumi,2026-01-20T08:00:00Z,DEPARTURE,25,19,2,N,NONE
SLT-2-BKK-09,2,London Fog + Multiple Aircraft AOG,BKK,Suvarnabhumi,2026-01-20T09:00:00Z,ARRIVAL,47,35,6,N,NONE
SLT-2-BKK-10,2,London Fog + Multiple Aircraft AOG,BKK,Suvarnabhumi,2026-01-20T10:00:00Z,DEPARTURE,39,24,0,Y,NONE
SLT-2-BKK-11,2,London Fog + Multiple Aircraft AOG,BKK,Suvarnabhumi,2026-01-20T11:00:00Z,DEPARTURE,24,43,7,N,NONE
SLT-2-BKK-12,2,London Fog + Multiple Aircraft AOG,BKK,Suvarnabhumi,2026-01-20T12:00:00Z,DEPARTURE,50,20,10,N,CAPACITY
SLT-2-BKK-13,2,London Fog + Multiple Aircraft AOG,BKK,Suvarnabhumi,2026-01-20T13:00:00Z,ARRIVAL,50,32,0,Y,NONE
SLT-2-BKK-14,2,London Fog + Multiple Aircraft AOG,BKK,Suvarnabhumi,2026-01-20T14:00:00Z,ARRIVAL,20,27,7,N,NONE
SLT-2-BKK-15,2,London Fog + Multiple Aircraft AOG,BKK,Suvarnabhumi,2026-01-20T15:00:00Z,ARRIVAL,34,41,5,Y,NONE
SLT-2-BKK-16,2,London Fog + Multiple Aircraft AOG,BKK,Suvarnabhumi,2026-01-20T16:00:00Z,DEPARTURE,34,23,9,N,CAPACITY
SLT-2-BKK-17,2,London Fog + Multiple Aircraft AOG,BKK,Suvarnabhumi,2026-01-20T17:00:00Z,DEPARTURE,47,19,1,N,WEATHER
SLT-2-BKK-18,2,London Fog + Multiple Aircraft AOG,BKK,Suvarnabhumi,2026-01-20T18:00:00Z,ARRIVAL,36,37,4,N,NONE
SLT-2-BKK-19,2,London Fog + Multiple Aircraft AOG,BKK,Suvarnabhumi,2026-01-20T19:00:00Z,ARRIVAL,42,29,1,N,NONE
SLT-2-BKK-20,2,London Fog + Multiple Aircraft AOG,BKK,Suvarnabhumi,2026-01-20T20:00:00Z,ARRIVAL,27,29,10,N,NONE
SLT-2-BKK-21,2,London Fog + Multiple Aircraft AOG,BKK,Suvarnabhumi,2026-01-20T21:00:00Z,DEPARTURE,23,18,0,N,NONE
SLT-2-BKK-22,2,London Fog + Multiple Aircraft AOG,BKK,Suvarnabhumi,2026-01-20T22:00:00Z,DEPARTURE,34,44,8,N,NONE
SLT-2-BKK-23,2,London Fog + Multiple Aircraft AOG,BKK,Suvarnabhumi,2026-01-20T23:00:00Z,DEPARTURE,46,23,3,Y,WEATHER
SLT-2-LHR-06,2,London Fog + Multiple Aircraft AOG,LHR,Heathrow,2026-01-20T06:00:00Z,DEPARTURE,24,23,5,N,WEATHER
SLT-2-LHR-07,2,London Fog + Multiple Aircraft AOG,LHR,Heathrow,2026-01-20T07:00:00Z,ARRIVAL,44,21,9,N,NONE
SLT-2-LHR-08,2,London Fog + Multiple Aircraft AOG,LHR,Heathrow,2026-01-20T08:00:00Z,ARRIVAL,23,24,6,N,NONE
SLT-2-LHR-09,2,London Fog + Multiple Aircraft AOG,LHR,Heathrow,2026-01-20T09:00:00Z,DEPARTURE,20,17,9,N,NONE
SLT-2-LHR-10,2,London Fog + Multiple Aircraft AOG,LHR,Heathrow,2026-01-20T10:00:00Z,ARRIVAL,37,28,5,N,NONE
SLT-2-LHR-11,2,London Fog + Multiple Aircraft AOG,LHR,Heathrow,2026-01-20T11:00:00Z,ARRIVAL,21,42,2,Y,NONE
SLT-2-LHR-12,2,London Fog + Multiple Aircraft AOG,LHR,Heathrow,2026-01-20T12:00:00Z,DEPARTURE,39,30,0,N,NONE
SLT-2-LHR-13,2,London Fog + Multiple Aircraft AOG,LHR,Heathrow,2026-01-20T13:00:00Z,ARRIVAL,29,31,8,N,CAPACITY
SLT-2-LHR-14,2,London Fog + Multiple Aircraft AOG,LHR,Heathrow,2026-01-20T14:00:00Z,DEPARTURE,20,19,6,Y,NONE
SLT-2-LHR-15,2,London Fog + Multiple Aircraft AOG,LHR,Heathrow,2026-01-20T15:00:00Z,ARRIVAL,46,32,5,Y,WEATHER
SLT-2-LHR-16,2,London Fog + Multiple Aircraft AOG,LHR,Heathrow,2026-01-20T16:00:00Z,DEPARTURE,43,39,6,N,NONE
SLT-2-LHR-17,2,London Fog + Multiple Aircraft AOG,LHR,Heathrow,2026-01-20T17:00:00Z,DEPARTURE,22,42,2,N,NONE
SLT-2-LHR-18,2,London Fog + Multiple Aircraft AOG,LHR,Heathrow,2026-01-20T18:00:00Z,DEPARTURE,22,36,0,N,NONE
SLT-2-LHR-19,2,London Fog + Multiple Aircraft AOG,LHR,Heathrow,2026-01-20T19:00:00Z,ARRIVAL,26,42,1,Y,NONE
SLT-2-LHR-20,2,London Fog + Multiple Aircraft AOG,LHR,Heathrow,2026-01-20T20:00:00Z,DEPARTURE,34,36,5,N,WEATHER
SLT-2-LHR-21,2,London Fog + Multiple Aircraft AOG,LHR,Heathrow,2026-01-20T21:00:00Z,ARRIVAL,41,35,8,N,CAPACITY
SLT-2-LHR-22,2,London Fog + Multiple Aircraft AOG,LHR,Heathrow,2026-01-20T22:00:00Z,ARRIVAL,36,42,6,N,NONE
SLT-2-LHR-23,2,London Fog + Multiple Aircraft AOG,LHR,Heathrow,2026-01-20T23:00:00Z,DEPARTURE,31,37,7,Y,NONE
SLT-2-SIN-06,2,London Fog + Multiple Aircraft AOG,SIN,Changi,2026-01-20T06:00:00Z,DEPARTURE,49,44,10,Y,NONE
SLT-2-SIN-07,2,London Fog + Multiple Aircraft AOG,SIN,Changi,2026-01-20T07:00:00Z,DEPARTURE,20,34,5,N,WEATHER
SLT-2-SIN-08,2,London Fog + Multiple Aircraft AOG,SIN,Changi,2026-01-20T08:00:00Z,DEPARTURE,40,29,10,Y,WEATHER
SLT-2-SIN-09,2,London Fog + Multiple Aircraft AOG,SIN,Changi,2026-01-20T09:00:00Z,ARRIVAL,39,15,6,N,NONE
SLT-2-SIN-10,2,London Fog + Multiple Aircraft AOG,SIN,Changi,2026-01-20T10:00:00Z,DEPARTURE,34,32,8,N,NONE
SLT-2-SIN-11,2,London Fog + Multiple Aircraft AOG,SIN,Changi,2026-01-20T11:00:00Z,DEPARTURE,24,31,10,N,NONE
SLT-2-SIN-12,2,London Fog + Multiple Aircraft AOG,SIN,Changi,2026-01-20T12:00:00Z,DEPARTURE,34,37,10,N,NONE
SLT-2-SIN-13,2,London Fog + Multiple Aircraft AOG,SIN,Changi,2026-01-20T13:00:00Z,DEPARTURE,33,33,1,N,NONE
SLT-2-SIN-14,2,London Fog + Multiple Aircraft AOG,SIN,Changi,2026-01-20T14:00:00Z,ARRIVAL,32,21,7,Y,NONE
SLT-2-SIN-15,2,London Fog + Multiple Aircraft AOG,SIN,Changi,2026-01-20T15:00:00Z,ARRIVAL,48,18,4,N,NOISE
SLT-2-SIN-16,2,London Fog + Multiple Aircraft AOG,SIN,Changi,2026-01-20T16:00:00Z,DEPARTURE,42,39,3,N,NONE
SLT-2-SIN-17,2,London Fog + Multiple Aircraft AOG,SIN,Changi,2026-01-20T17:00:00Z,DEPARTURE,25,23,10,N,NONE
SLT-2-SIN-18,2,London Fog + Multiple Aircraft AOG,SIN,Changi,2026-01-20T18:00:00Z,DEPARTURE,48,45,10,N,NONE
SLT-2-SIN-19,2,London Fog + Multiple Aircraft AOG,SIN,Changi,2026-01-20T19:00:00Z,ARRIVAL,23,19,8,N,WEATHER
SLT-2-SIN-20,2,London Fog + Multiple Aircraft AOG,SIN,Changi,2026-01-20T20:00:00Z,ARRIVAL,43,15,2,Y,NOISE
SLT-2-SIN-21,2,London Fog + Multiple Aircraft AOG,SIN,Changi,2026-01-20T21:00:00Z,ARRIVAL,25,21,9,Y,NONE
SLT-2-SIN-22,2,London Fog + Multiple Aircraft AOG,SIN,Changi,2026-01-20T22:00:00Z,ARRIVAL,30,44,2,N,NONE
SLT-2-SIN-23,2,London Fog + Multiple Aircraft AOG,SIN,Changi,2026-01-20T23:00:00Z,ARRIVAL,45,41,4,N,NONE
SLT-2-CDG-06,2,London Fog + Multiple Aircraft AOG,CDG,Charles de Gaulle,2026-01-20T06:00:00Z,ARRIVAL,40,16,3,N,NONE
SLT-2-CDG-07,2,London Fog + Multiple Aircraft AOG,CDG,Charles de Gaulle,2026-01-20T07:00:00Z,ARRIVAL,23,23,3,N,NONE
SLT-2-CDG-08,2,London Fog + Multiple Aircraft AOG,CDG,Charles de Gaulle,2026-01-20T08:00:00Z,ARRIVAL,21,36,8,N,NONE
SLT-2-CDG-09,2,London Fog + Multiple Aircraft AOG,CDG,Charles de Gaulle,2026-01-20T09:00:00Z,ARRIVAL,43,30,6,Y,NONE
SLT-2-CDG-10,2,London Fog + Multiple Aircraft AOG,CDG,Charles de Gaulle,2026-01-20T10:00:00Z,DEPARTURE,46,38,7,Y,NONE
SLT-2-CDG-11,2,London Fog + Multiple Aircraft AOG,CDG,Charles de Gaulle,2026-01-20T11:00:00Z,DEPARTURE,47,22,1,N,NONE
SLT-2-CDG-12,2,London Fog + Multiple Aircraft AOG,CDG,Charles de Gaulle,2026-01-20T12:00:00Z,DEPARTURE,32,17,0,N,CAPACITY
SLT-2-CDG-13,2,London Fog + Multiple Aircraft AOG,CDG,Charles de Gaulle,2026-01-20T13:00:00Z,ARRIVAL,48,26,8,Y,NONE
SLT-2-CDG-14,2,London Fog + Multiple Aircraft AOG,CDG,Charles de Gaulle,2026-01-20T14:00:00Z,DEPARTURE,50,15,8,N,NONE
SLT-2-CDG-15,2,London Fog + Multiple Aircraft AOG,CDG,Charles de Gaulle,2026-01-20T15:00:00Z,DEPARTURE,27,16,3,Y,NONE
SLT-2-CDG-16,2,London Fog + Multiple Aircraft AOG,CDG,Charles de Gaulle,2026-01-20T16:00:00Z,DEPARTURE,40,23,8,N,NONE
SLT-2-CDG-17,2,London Fog + Multiple Aircraft AOG,CDG,Charles de Gaulle,2026-01-20T17:00:00Z,ARRIVAL,41,28,0,N,WEATHER
SLT-2-CDG-18,2,London Fog + Multiple Aircraft AOG,CDG,Charles de Gaulle,2026-01-20T18:00:00Z,DEPARTURE,29,35,2,Y,NONE
SLT-2-CDG-19,2,London Fog + Multiple Aircraft AOG,CDG,Charles de Gaulle,2026-01-20T19:00:00Z,DEPARTURE,46,36,8,Y,WEATHER
SLT-2-CDG-20,2,London Fog + Multiple Aircraft AOG,CDG,Charles de Gaulle,2026-01-20T20:00:00Z,DEPARTURE,26,19,1,Y,NONE
SLT-2-CDG-21,2,London Fog + Multiple Aircraft AOG,CDG,Charles de Gaulle,2026-01-20T21:00:00Z,DEPARTURE,48,20,5,N,NONE
SLT-2-CDG-22,2,London Fog + Multiple Aircraft AOG,CDG,Charles de Gaulle,2026-01-20T22:00:00Z,DEPARTURE,46,16,2,Y,NONE
SLT-2-CDG-23,2,London Fog + Multiple Aircraft AOG,CDG,Charles de Gaulle,2026-01-20T23:00:00Z,ARRIVAL,20,39,3,N,CAPACITY
SLT-2-FRA-06,2,London Fog + Multiple Aircraft AOG,FRA,Frankfurt,2026-01-20T06:00:00Z,DEPARTURE,24,40,0,N,NONE
SLT-2-FRA-07,2,London Fog + Multiple Aircraft AOG,FRA,Frankfurt,2026-01-20T07:00:00Z,DEPARTURE,21,34,1,N,NONE
SLT-2-FRA-08,2,London Fog + Multiple Aircraft AOG,FRA,Frankfurt,2026-01-20T08:00:00Z,DEPARTURE,31,16,5,N,WEATHER
SLT-2-FRA-09,2,London Fog + Multiple Aircraft AOG,FRA,Frankfurt,2026-01-20T09:00:00Z,DEPARTURE,31,42,9,N,NONE
SLT-2-FRA-10,2,London Fog + Multiple Aircraft AOG,FRA,Frankfurt,2026-01-20T10:00:00Z,ARRIVAL,26,33,10,N,NONE
SLT-2-FRA-11,2,London Fog + Multiple Aircraft AOG,FRA,Frankfurt,2026-01-20T11:00:00Z,ARRIVAL,49,16,4,Y,NONE
SLT-2-FRA-12,2,London Fog + Multiple Aircraft AOG,FRA,Frankfurt,2026-01-20T12:00:00Z,DEPARTURE,33,32,2,N,NOISE
SLT-2-FRA-13,2,London Fog + Multiple Aircraft AOG,FRA,Frankfurt,2026-01-20T13:00:00Z,DEPARTURE,43,31,8,N,NONE
SLT-2-FRA-14,2,London Fog + Multiple Aircraft AOG,FRA,Frankfurt,2026-01-20T14:00:00Z,DEPARTURE,20,20,3,N,NONE
SLT-2-FRA-15,2,London Fog + Multiple Aircraft AOG,FRA,Frankfurt,2026-01-20T15:00:00Z,ARRIVAL,44,35,8,N,NONE
SLT-2-FRA-16,2,London Fog + Multiple Aircraft AOG,FRA,Frankfurt,2026-01-20T16:00:00Z,ARRIVAL,46,30,7,N,NONE
SLT-2-FRA-17,2,London Fog + Multiple Aircraft AOG,FRA,Frankfurt,2026-01-20T17:00:00Z,DEPARTURE,48,38,7,N,NONE
SLT-2-FRA-18,2,London Fog + Multiple Aircraft AOG,FRA,Frankfurt,2026-01-20T18:00:00Z,ARRIVAL,21,38,3,N,NONE
SLT-2-FRA-19,2,London Fog + Multiple Aircraft AOG,FRA,Frankfurt,2026-01-20T19:00:00Z,ARRIVAL,45,21,3,N,NONE
SLT-2-FRA-20,2,London Fog + Multiple Aircraft AOG,FRA,Frankfurt,2026-01-20T20:00:00Z,DEPARTURE,43,24,10,Y,NONE
SLT-2-FRA-21,2,London Fog + Multiple Aircraft AOG,FRA,Frankfurt,2026-01-20T21:00:00Z,DEPARTURE,31,41,8,N,NONE
SLT-2-FRA-22,2,London Fog + Multiple Aircraft AOG,FRA,Frankfurt,2026-01-20T22:00:00Z,ARRIVAL,49,22,5,N,WEATHER
SLT-2-FRA-23,2,London Fog + Multiple Aircraft AOG,FRA,Frankfurt,2026-01-20T23:00:00Z,DEPARTURE,42,18,1,N,NONE
SLT-2-JFK-06,2,London Fog + Multiple Aircraft AOG,JFK,John F Kennedy,2026-01-20T06:00:00Z,DEPARTURE,25,27,5,Y,NONE
SLT-2-JFK-07,2,London Fog + Multiple Aircraft AOG,JFK,John F Kennedy,2026-01-20T07:00:00Z,DEPARTURE,48,18,10,Y,NONE
SLT-2-JFK-08,2,London Fog + Multiple Aircraft AOG,JFK,John F Kennedy,2026-01-20T08:00:00Z,DEPARTURE,42,27,5,N,NONE
SLT-2-JFK-09,2,London Fog + Multiple Aircraft AOG,JFK,John F Kennedy,2026-01-20T09:00:00Z,DEPARTURE,41,27,8,Y,NONE
SLT-2-JFK-10,2,London Fog + Multiple Aircraft AOG,JFK,John F Kennedy,2026-01-20T10:00:00Z,DEPARTURE,47,32,4,N,NONE
SLT-2-JFK-11,2,London Fog + Multiple Aircraft AOG,JFK,John F Kennedy,2026-01-20T11:00:00Z,DEPARTURE,22,30,1,Y,NONE
SLT-2-JFK-12,2,London Fog + Multiple Aircraft AOG,JFK,John F Kennedy,2026-01-20T12:00:00Z,ARRIVAL,45,31,5,N,CAPACITY
SLT-2-JFK-13,2,London Fog + Multiple Aircraft AOG,JFK,John F Kennedy,2026-01-20T13:00:00Z,DEPARTURE,20,17,6,N,NONE
SLT-2-JFK-14,2,London Fog + Multiple Aircraft AOG,JFK,John F Kennedy,2026-01-20T14:00:00Z,ARRIVAL,44,35,1,N,NONE
SLT-2-JFK-15,2,London Fog + Multiple Aircraft AOG,JFK,John F Kennedy,2026-01-20T15:00:00Z,DEPARTURE,25,29,7,N,WEATHER
SLT-2-JFK-16,2,London Fog + Multiple Aircraft AOG,JFK,John F Kennedy,2026-01-20T16:00:00Z,ARRIVAL,41,29,3,N,CAPACITY
SLT-2-JFK-17,2,London Fog + Multiple Aircraft AOG,JFK,John F Kennedy,2026-01-20T17:00:00Z,DEPARTURE,31,26,5,N,NONE
SLT-2-JFK-18,2,London Fog + Multiple Aircraft AOG,JFK,John F Kennedy,2026-01-20T18:00:00Z,ARRIVAL,35,38,4,N,NONE
SLT-2-JFK-19,2,London Fog + Multiple Aircraft AOG,JFK,John F Kennedy,2026-01-20T19:00:00Z,ARRIVAL,46,28,2,Y,NONE
SLT-2-JFK-20,2,London Fog + Multiple Aircraft AOG,JFK,John F Kennedy,2026-01-20T20:00:00Z,ARRIVAL,40,17,4,N,NONE
SLT-2-JFK-21,2,London Fog + Multiple Aircraft AOG,JFK,John F Kennedy,2026-01-20T21:00:00Z,ARRIVAL,23,30,10,N,WEATHER
SLT-2-JFK-22,2,London Fog + Multiple Aircraft AOG,JFK,John F Kennedy,2026-01-20T22:00:00Z,ARRIVAL,50,15,6,N,NONE
SLT-2-JFK-23,2,London Fog + Multiple Aircraft AOG,JFK,John F Kennedy,2026-01-20T23:00:00Z,ARRIVAL,37,17,10,N,NONE
SLT-2-DEL-06,2,London Fog + Multiple Aircraft AOG,DEL,Indira Gandhi,2026-01-20T06:00:00Z,DEPARTURE,44,29,4,Y,NONE
SLT-2-DEL-07,2,London Fog + Multiple Aircraft AOG,DEL,Indira Gandhi,2026-01-20T07:00:00Z,ARRIVAL,26,35,5,Y,NONE
SLT-2-DEL-08,2,London Fog + Multiple Aircraft AOG,DEL,Indira Gandhi,2026-01-20T08:00:00Z,DEPARTURE,34,31,3,Y,NONE
SLT-2-DEL-09,2,London Fog + Multiple Aircraft AOG,DEL,Indira Gandhi,2026-01-20T09:00:00Z,ARRIVAL,29,15,7,Y,NONE
SLT-2-DEL-10,2,London Fog + Multiple Aircraft AOG,DEL,Indira Gandhi,2026-01-20T10:00:00Z,ARRIVAL,49,39,3,Y,NONE
SLT-2-DEL-11,2,London Fog + Multiple Aircraft AOG,DEL,Indira Gandhi,2026-01-20T11:00:00Z,ARRIVAL,36,20,9,N,NONE
SLT-2-DEL-12,2,London Fog + Multiple Aircraft AOG,DEL,Indira Gandhi,2026-01-20T12:00:00Z,ARRIVAL,27,16,6,N,NONE
SLT-2-DEL-13,2,London Fog + Multiple Aircraft AOG,DEL,Indira Gandhi,2026-01-20T13:00:00Z,DEPARTURE,48,25,10,N,NONE
SLT-2-DEL-14,2,London Fog + Multiple Aircraft AOG,DEL,Indira Gandhi,2026-01-20T14:00:00Z,DEPARTURE,25,31,8,Y,NONE
SLT-2-DEL-15,2,London Fog + Multiple Aircraft AOG,DEL,Indira Gandhi,2026-01-20T15:00:00Z,ARRIVAL,28,24,7,N,NONE
SLT-2-DEL-16,2,London Fog + Multiple Aircraft AOG,DEL,Indira Gandhi,2026-01-20T16:00:00Z,ARRIVAL,34,26,2,N,NONE
SLT-2-DEL-17,2,London Fog + Multiple Aircraft AOG,DEL,Indira Gandhi,2026-01-20T17:00:00Z,ARRIVAL,35,20,10,Y,NONE
SLT-2-DEL-18,2,London Fog + Multiple Aircraft AOG,DEL,Indira Gandhi,2026-01-20T18:00:00Z,ARRIVAL,34,42,10,N,NONE
SLT-2-DEL-19,2,London Fog + Multiple Aircraft AOG,DEL,Indira Gandhi,2026-01-20T19:00:00Z,ARRIVAL,30,16,9,N,NONE
SLT-2-DEL-20,2,London Fog + Multiple Aircraft AOG,DEL,Indira Gandhi,2026-01-20T20:00:00Z,DEPARTURE,38,39,6,Y,CAPACITY
SLT-2-DEL-21,2,London Fog + Multiple Aircraft AOG,DEL,Indira Gandhi,2026-01-20T21:00:00Z,DEPARTURE,32,23,6,N,NONE
SLT-2-DEL-22,2,London Fog + Multiple Aircraft AOG,DEL,Indira Gandhi,2026-01-20T22:00:00Z,DEPARTURE,46,29,7,N,CAPACITY
SLT-2-DEL-23,2,London Fog + Multiple Aircraft AOG,DEL,Indira Gandhi,2026-01-20T23:00:00Z,ARRIVAL,38,37,9,Y,NONE
SLT-2-SYD-06,2,London Fog + Multiple Aircraft AOG,SYD,Sydney Kingsford Smith,2026-01-20T06:00:00Z,ARRIVAL,24,15,6,Y,NONE
SLT-2-SYD-07,2,London Fog + Multiple Aircraft AOG,SYD,Sydney Kingsford Smith,2026-01-20T07:00:00Z,DEPARTURE,49,25,2,Y,NONE
SLT-2-SYD-08,2,London Fog + Multiple Aircraft AOG,SYD,Sydney Kingsford Smith,2026-01-20T08:00:00Z,DEPARTURE,31,26,10,N,NONE
SLT-2-SYD-09,2,London Fog + Multiple Aircraft AOG,SYD,Sydney Kingsford Smith,2026-01-20T09:00:00Z,DEPARTURE,23,20,5,N,NONE
SLT-2-SYD-10,2,London Fog + Multiple Aircraft AOG,SYD,Sydney Kingsford Smith,2026-01-20T10:00:00Z,DEPARTURE,49,42,7,Y,NONE
SLT-2-SYD-11,2,London Fog + Multiple Aircraft AOG,SYD,Sydney Kingsford Smith,2026-01-20T11:00:00Z,ARRIVAL,49,28,5,N,NONE
SLT-2-SYD-12,2,London Fog + Multiple Aircraft AOG,SYD,Sydney Kingsford Smith,2026-01-20T12:00:00Z,DEPARTURE,46,31,8,Y,NONE
SLT-2-SYD-13,2,London Fog + Multiple Aircraft AOG,SYD,Sydney Kingsford Smith,2026-01-20T13:00:00Z,DEPARTURE,26,24,3,Y,WEATHER
SLT-2-SYD-14,2,London Fog + Multiple Aircraft AOG,SYD,Sydney Kingsford Smith,2026-01-20T14:00:00Z,DEPARTURE,33,27,4,N,NONE
SLT-2-SYD-15,2,London Fog + Multiple Aircraft AOG,SYD,Sydney Kingsford Smith,2026-01-20T15:00:00Z,DEPARTURE,37,45,6,Y,NONE
SLT-2-SYD-16,2,London Fog + Multiple Aircraft AOG,SYD,Sydney Kingsford Smith,2026-01-20T16:00:00Z,DEPARTURE,47,38,4,N,WEATHER
SLT-2-SYD-17,2,London Fog + Multiple Aircraft AOG,SYD,Sydney Kingsford Smith,2026-01-20T17:00:00Z,ARRIVAL,45,39,3,N,NONE
SLT-2-SYD-18,2,London Fog + Multiple Aircraft AOG,SYD,Sydney Kingsford Smith,2026-01-20T18:00:00Z,ARRIVAL,39,30,3,Y,NONE
SLT-2-SYD-19,2,London Fog + Multiple Aircraft AOG,SYD,Sydney Kingsford Smith,2026-01-20T19:00:00Z,ARRIVAL,38,16,1,Y,NONE
SLT-2-SYD-20,2,London Fog + Multiple Aircraft AOG,SYD,Sydney Kingsford Smith,2026-01-20T20:00:00Z,ARRIVAL,32,43,0,N,NONE
SLT-2-SYD-21,2,London Fog + Multiple Aircraft AOG,SYD,Sydney Kingsford Smith,2026-01-20T21:00:00Z,ARRIVAL,22,21,10,N,NOISE
SLT-2-SYD-22,2,London Fog + Multiple Aircraft AOG,SYD,Sydney Kingsford Smith,2026-01-20T22:00:00Z,DEPARTURE,34,21,9,Y,NONE
SLT-2-SYD-23,2,London Fog + Multiple Aircraft AOG,SYD,Sydney Kingsford Smith,2026-01-20T23:00:00Z,ARRIVAL,29,36,8,Y,NONE
SLT-2-CAI-06,2,London Fog + Multiple Aircraft AOG,CAI,Cairo International,2026-01-20T06:00:00Z,DEPARTURE,36,25,0,N,NOISE
SLT-2-CAI-07,2,London Fog + Multiple Aircraft AOG,CAI,Cairo International,2026-01-20T07:00:00Z,ARRIVAL,36,25,0,Y,WEATHER
SLT-2-CAI-08,2,London Fog + Multiple Aircraft AOG,CAI,Cairo International,2026-01-20T08:00:00Z,ARRIVAL,47,29,10,N,NONE
SLT-2-CAI-09,2,London Fog + Multiple Aircraft AOG,CAI,Cairo International,2026-01-20T09:00:00Z,ARRIVAL,38,28,7,N,NONE
SLT-2-CAI-10,2,London Fog + Multiple Aircraft AOG,CAI,Cairo International,2026-01-20T10:00:00Z,DEPARTURE,49,33,5,N,NONE
SLT-2-CAI-11,2,London Fog + Multiple Aircraft AOG,CAI,Cairo International,2026-01-20T11:00:00Z,DEPARTURE,37,22,7,N,NONE
SLT-2-CAI-12,2,London Fog + Multiple Aircraft AOG,CAI,Cairo International,2026-01-20T12:00:00Z,ARRIVAL,25,33,6,N,NONE
SLT-2-CAI-13,2,London Fog + Multiple Aircraft AOG,CAI,Cairo International,2026-01-20T13:00:00Z,ARRIVAL,26,45,4,Y,NONE
SLT-2-CAI-14,2,London Fog + Multiple Aircraft AOG,CAI,Cairo International,2026-01-20T14:00:00Z,DEPARTURE,23,30,0,N,NONE
SLT-2-CAI-15,2,London Fog + Multiple Aircraft AOG,CAI,Cairo International,2026-01-20T15:00:00Z,ARRIVAL,32,34,5,N,NONE
SLT-2-CAI-16,2,London Fog + Multiple Aircraft AOG,CAI,Cairo International,2026-01-20T16:00:00Z,DEPARTURE,25,33,8,N,NONE
SLT-2-CAI-17,2,London Fog + Multiple Aircraft AOG,CAI,Cairo International,2026-01-20T17:00:00Z,ARRIVAL,46,23,6,N,NONE
SLT-2-CAI-18,2,London Fog + Multiple Aircraft AOG,CAI,Cairo International,2026-01-20T18:00:00Z,DEPARTURE,43,32,10,Y,NONE
SLT-2-CAI-19,2,London Fog + Multiple Aircraft AOG,CAI,Cairo International,2026-01-20T19:00:00Z,DEPARTURE,25,35,10,Y,NONE
SLT-2-CAI-20,2,London Fog + Multiple Aircraft AOG,CAI,Cairo International,2026-01-20T20:00:00Z,ARRIVAL,26,22,5,Y,NONE
SLT-2-CAI-21,2,London Fog + Multiple Aircraft AOG,CAI,Cairo International,2026-01-20T21:00:00Z,ARRIVAL,37,24,7,N,NOISE
SLT-2-CAI-22,2,London Fog + Multiple Aircraft AOG,CAI,Cairo International,2026-01-20T22:00:00Z,ARRIVAL,47,34,5,Y,NONE
SLT-2-CAI-23,2,London Fog + Multiple Aircraft AOG,CAI,Cairo International,2026-01-20T23:00:00Z,DEPARTURE,36,18,0,Y,NONE
SLT-2-FCO-06,2,London Fog + Multiple Aircraft AOG,FCO,Fiumicino,2026-01-20T06:00:00Z,ARRIVAL,46,21,1,N,CAPACITY
SLT-2-FCO-07,2,London Fog + Multiple Aircraft AOG,FCO,Fiumicino,2026-01-20T07:00:00Z,DEPARTURE,31,27,10,N,NONE
SLT-2-FCO-08,2,London Fog + Multiple Aircraft AOG,FCO,Fiumicino,2026-01-20T08:00:00Z,ARRIVAL,22,37,5,Y,NONE
SLT-2-FCO-09,2,London Fog + Multiple Aircraft AOG,FCO,Fiumicino,2026-01-20T09:00:00Z,DEPARTURE,32,18,9,N,NONE
SLT-2-FCO-10,2,London Fog + Multiple Aircraft AOG,FCO,Fiumicino,2026-01-20T10:00:00Z,DEPARTURE,36,42,1,Y,WEATHER
SLT-2-FCO-11,2,London Fog + Multiple Aircraft AOG,FCO,Fiumicino,2026-01-20T11:00:00Z,ARRIVAL,39,20,3,N,NONE
SLT-2-FCO-12,2,London Fog + Multiple Aircraft AOG,FCO,Fiumicino,2026-01-20T12:00:00Z,ARRIVAL,43,36,3,N,NONE
SLT-2-FCO-13,2,London Fog + Multiple Aircraft AOG,FCO,Fiumicino,2026-01-20T13:00:00Z,ARRIVAL,41,42,4,N,NONE
SLT-2-FCO-14,2,London Fog + Multiple Aircraft AOG,FCO,Fiumicino,2026-01-20T14:00:00Z,ARRIVAL,21,18,10,N,NONE
SLT-2-FCO-15,2,London Fog + Multiple Aircraft AOG,FCO,Fiumicino,2026-01-20T15:00:00Z,ARRIVAL,50,41,8,N,NONE
SLT-2-FCO-16,2,London Fog + Multiple Aircraft AOG,FCO,Fiumicino,2026-01-20T16:00:00Z,ARRIVAL,32,41,1,N,NONE
SLT-2-FCO-17,2,London Fog + Multiple Aircraft AOG,FCO,Fiumicino,2026-01-20T17:00:00Z,ARRIVAL,44,17,1,N,NONE
SLT-2-FCO-18,2,London Fog + Multiple Aircraft AOG,FCO,Fiumicino,2026-01-20T18:00:00Z,ARRIVAL,37,40,6,N,NONE
SLT-2-FCO-19,2,London Fog + Multiple Aircraft AOG,FCO,Fiumicino,2026-01-20T19:00:00Z,ARRIVAL,48,37,5,N,NONE
SLT-2-FCO-20,2,London Fog + Multiple Aircraft AOG,FCO,Fiumicino,2026-01-20T20:00:00Z,DEPARTURE,49,25,4,Y,WEATHER
SLT-2-FCO-21,2,London Fog + Multiple Aircraft AOG,FCO,Fiumicino,2026-01-20T21:00:00Z,ARRIVAL,46,27,1,N,NONE
SLT-2-FCO-22,2,London Fog + Multiple Aircraft AOG,FCO,Fiumicino,2026-01-20T22:00:00Z,DEPARTURE,43,28,1,N,NONE
SLT-2-FCO-23,2,London Fog + Multiple Aircraft AOG,FCO,Fiumicino,2026-01-20T23:00:00Z,ARRIVAL,33,27,4,N,NONE
SLT-2-DOH-06,2,London Fog + Multiple Aircraft AOG,DOH,Hamad International,2026-01-20T06:00:00Z,DEPARTURE,20,33,9,N,NONE
SLT-2-DOH-07,2,London Fog + Multiple Aircraft AOG,DOH,Hamad International,2026-01-20T07:00:00Z,DEPARTURE,33,24,1,Y,NOISE
SLT-2-DOH-08,2,London Fog + Multiple Aircraft AOG,DOH,Hamad International,2026-01-20T08:00:00Z,DEPARTURE,47,26,10,N,NONE
SLT-2-DOH-09,2,London Fog + Multiple Aircraft AOG,DOH,Hamad International,2026-01-20T09:00:00Z,ARRIVAL,50,32,0,Y,NONE
SLT-2-DOH-10,2,London Fog + Multiple Aircraft AOG,DOH,Hamad International,2026-01-20T10:00:00Z,DEPARTURE,35,24,4,Y,NONE
SLT-2-DOH-11,2,London Fog + Multiple Aircraft AOG,DOH,Hamad International,2026-01-20T11:00:00Z,DEPARTURE,38,30,4,N,NONE
SLT-2-DOH-12,2,London Fog + Multiple Aircraft AOG,DOH,Hamad International,2026-01-20T12:00:00Z,DEPARTURE,35,15,5,Y,NONE
SLT-2-DOH-13,2,London Fog + Multiple Aircraft AOG,DOH,Hamad International,2026-01-20T13:00:00Z,ARRIVAL,33,18,3,N,NONE
SLT-2-DOH-14,2,London Fog + Multiple Aircraft AOG,DOH,Hamad International,2026-01-20T14:00:00Z,DEPARTURE,47,19,2,N,NONE
SLT-2-DOH-15,2,London Fog + Multiple Aircraft AOG,DOH,Hamad International,2026-01-20T15:00:00Z,ARRIVAL,33,41,3,N,NONE
SLT-2-DOH-16,2,London Fog + Multiple Aircraft AOG,DOH,Hamad International,2026-01-20T16:00:00Z,ARRIVAL,37,38,10,N,NONE
SLT-2-DOH-17,2,London Fog + Multiple Aircraft AOG,DOH,Hamad International,2026-01-20T17:00:00Z,ARRIVAL,50,15,0,N,NONE
SLT-2-DOH-18,2,London Fog + Multiple Aircraft AOG,DOH,Hamad International,2026-01-20T18:00:00Z,DEPARTURE,29,36,7,Y,NOISE
SLT-2-DOH-19,2,London Fog + Multiple Aircraft AOG,DOH,Hamad International,2026-01-20T19:00:00Z,ARRIVAL,22,38,2,N,CAPACITY
SLT-2-DOH-20,2,London Fog + Multiple Aircraft AOG,DOH,Hamad International,2026-01-20T20:00:00Z,DEPARTURE,20,30,0,N,NONE
SLT-2-DOH-21,2,London Fog + Multiple Aircraft AOG,DOH,Hamad International,2026-01-20T21:00:00Z,DEPARTURE,24,38,9,N,NONE
SLT-2-DOH-22,2,London Fog + Multiple Aircraft AOG,DOH,Hamad International,2026-01-20T22:00:00Z,ARRIVAL,23,38,6,N,NONE
SLT-2-DOH-23,2,London Fog + Multiple Aircraft AOG,DOH,Hamad International,2026-01-20T23:00:00Z,ARRIVAL,26,37,0,N,NONE
SLT-2-MCT-06,2,London Fog + Multiple Aircraft AOG,MCT,Muscat International,2026-01-20T06:00:00Z,ARRIVAL,21,23,10,Y,NONE
SLT-2-MCT-07,2,London Fog + Multiple Aircraft AOG,MCT,Muscat International,2026-01-20T07:00:00Z,ARRIVAL,46,26,5,Y,NONE
SLT-2-MCT-08,2,London Fog + Multiple Aircraft AOG,MCT,Muscat International,2026-01-20T08:00:00Z,ARRIVAL,25,24,0,N,NONE
SLT-2-MCT-09,2,London Fog + Multiple Aircraft AOG,MCT,Muscat International,2026-01-20T09:00:00Z,ARRIVAL,37,31,9,N,NONE
SLT-2-MCT-10,2,London Fog + Multiple Aircraft AOG,MCT,Muscat International,2026-01-20T10:00:00Z,DEPARTURE,34,45,10,Y,NONE
SLT-2-MCT-11,2,London Fog + Multiple Aircraft AOG,MCT,Muscat International,2026-01-20T11:00:00Z,ARRIVAL,46,19,2,Y,NONE
SLT-2-MCT-12,2,London Fog + Multiple Aircraft AOG,MCT,Muscat International,2026-01-20T12:00:00Z,ARRIVAL,40,41,0,Y,NONE
SLT-2-MCT-13,2,London Fog + Multiple Aircraft AOG,MCT,Muscat International,2026-01-20T13:00:00Z,DEPARTURE,41,21,7,Y,NONE
SLT-2-MCT-14,2,London Fog + Multiple Aircraft AOG,MCT,Muscat International,2026-01-20T14:00:00Z,ARRIVAL,46,30,1,N,NONE
SLT-2-MCT-15,2,London Fog + Multiple Aircraft AOG,MCT,Muscat International,2026-01-20T15:00:00Z,DEPARTURE,29,32,2,N,NONE
SLT-2-MCT-16,2,London Fog + Multiple Aircraft AOG,MCT,Muscat International,2026-01-20T16:00:00Z,ARRIVAL,22,26,8,Y,NOISE
SLT-2-MCT-17,2,London Fog + Multiple Aircraft AOG,MCT,Muscat International,2026-01-20T17:00:00Z,ARRIVAL,25,20,3,N,NONE
SLT-2-MCT-18,2,London Fog + Multiple Aircraft AOG,MCT,Muscat International,2026-01-20T18:00:00Z,ARRIVAL,31,36,5,N,NONE
SLT-2-MCT-19,2,London Fog + Multiple Aircraft AOG,MCT,Muscat International,2026-01-20T19:00:00Z,ARRIVAL,26,42,9,N,NONE
SLT-2-MCT-20,2,London Fog + Multiple Aircraft AOG,MCT,Muscat International,2026-01-20T20:00:00Z,ARRIVAL,39,43,7,Y,NONE
SLT-2-MCT-21,2,London Fog + Multiple Aircraft AOG,MCT,Muscat International,2026-01-20T21:00:00Z,DEPARTURE,49,24,9,Y,NONE
SLT-2-MCT-22,2,London Fog + Multiple Aircraft AOG,MCT,Muscat International,2026-01-20T22:00:00Z,DEPARTURE,40,15,7,N,NONE
SLT-2-MCT-23,2,London Fog + Multiple Aircraft AOG,MCT,Muscat International,2026-01-20T23:00:00Z,ARRIVAL,44,37,8,Y,WEATHER
SLT-2-JED-06,2,London Fog + Multiple Aircraft AOG,JED,King Abdulaziz,2026-01-20T06:00:00Z,ARRIVAL,40,16,5,N,CAPACITY
SLT-2-JED-07,2,London Fog + Multiple Aircraft AOG,JED,King Abdulaziz,2026-01-20T07:00:00Z,DEPARTURE,49,42,8,N,NONE
SLT-2-JED-08,2,London Fog + Multiple Aircraft AOG,JED,King Abdulaziz,2026-01-20T08:00:00Z,ARRIVAL,30,19,5,Y,NONE
SLT-2-JED-09,2,London Fog + Multiple Aircraft AOG,JED,King Abdulaziz,2026-01-20T09:00:00Z,ARRIVAL,28,27,2,Y,NONE
SLT-2-JED-10,2,London Fog + Multiple Aircraft AOG,JED,King Abdulaziz,2026-01-20T10:00:00Z,ARRIVAL,31,38,10,Y,NONE
SLT-2-JED-11,2,London Fog + Multiple Aircraft AOG,JED,King Abdulaziz,2026-01-20T11:00:00Z,DEPARTURE,50,19,8,N,WEATHER
SLT-2-JED-12,2,London Fog + Multiple Aircraft AOG,JED,King Abdulaziz,2026-01-20T12:00:00Z,DEPARTURE,45,30,2,N,NONE
SLT-2-JED-13,2,London Fog + Multiple Aircraft AOG,JED,King Abdulaziz,2026-01-20T13:00:00Z,DEPARTURE,22,44,5,N,NONE
SLT-2-JED-14,2,London Fog + Multiple Aircraft AOG,JED,King Abdulaziz,2026-01-20T14:00:00Z,DEPARTURE,33,18,4,Y,NONE
SLT-2-JED-15,2,London Fog + Multiple Aircraft AOG,JED,King Abdulaziz,2026-01-20T15:00:00Z,ARRIVAL,37,39,5,N,NONE
SLT-2-JED-16,2,London Fog + Multiple Aircraft AOG,JED,King Abdulaziz,2026-01-20T16:00:00Z,DEPARTURE,50,41,10,N,NONE
SLT-2-JED-17,2,London Fog + Multiple Aircraft AOG,JED,King Abdulaziz,2026-01-20T17:00:00Z,ARRIVAL,49,26,4,N,NONE
SLT-2-JED-18,2,London Fog + Multiple Aircraft AOG,JED,King Abdulaziz,2026-01-20T18:00:00Z,DEPARTURE,42,43,7,N,NONE
SLT-2-JED-19,2,London Fog + Multiple Aircraft AOG,JED,King Abdulaziz,2026-01-20T19:00:00Z,DEPARTURE,37,30,9,Y,NOISE
SLT-2-JED-20,2,London Fog + Multiple Aircraft AOG,JED,King Abdulaziz,2026-01-20T20:00:00Z,ARRIVAL,37,22,4,N,NONE
SLT-2-JED-21,2,London Fog + Multiple Aircraft AOG,JED,King Abdulaziz,2026-01-20T21:00:00Z,DEPARTURE,28,18,3,N,WEATHER
SLT-2-JED-22,2,London Fog + Multiple Aircraft AOG,JED,King Abdulaziz,2026-01-20T22:00:00Z,DEPARTURE,26,26,7,N,CAPACITY
SLT-2-JED-23,2,London Fog + Multiple Aircraft AOG,JED,King Abdulaziz,2026-01-20T23:00:00Z,DEPARTURE,29,15,5,Y,NONE
SLT-3-AUH-06,3,Singapore Thunderstorms + MEL Expiry Cascade,AUH,Abu Dhabi International,2026-01-21T06:00:00Z,DEPARTURE,35,36,6,N,WEATHER
SLT-3-AUH-07,3,Singapore Thunderstorms + MEL Expiry Cascade,AUH,Abu Dhabi International,2026-01-21T07:00:00Z,DEPARTURE,34,17,10,N,NONE
SLT-3-AUH-08,3,Singapore Thunderstorms + MEL Expiry Cascade,AUH,Abu Dhabi International,2026-01-21T08:00:00Z,DEPARTURE,41,37,9,Y,NONE
SLT-3-AUH-09,3,Singapore Thunderstorms + MEL Expiry Cascade,AUH,Abu Dhabi International,2026-01-21T09:00:00Z,ARRIVAL,46,16,9,Y,NONE
SLT-3-AUH-10,3,Singapore Thunderstorms + MEL Expiry Cascade,AUH,Abu Dhabi International,2026-01-21T10:00:00Z,DEPARTURE,46,42,2,N,NONE
SLT-3-AUH-11,3,Singapore Thunderstorms + MEL Expiry Cascade,AUH,Abu Dhabi International,2026-01-21T11:00:00Z,ARRIVAL,40,31,9,Y,NONE
SLT-3-AUH-12,3,Singapore Thunderstorms + MEL Expiry Cascade,AUH,Abu Dhabi International,2026-01-21T12:00:00Z,DEPARTURE,43,34,9,N,NONE
SLT-3-AUH-13,3,Singapore Thunderstorms + MEL Expiry Cascade,AUH,Abu Dhabi International,2026-01-21T13:00:00Z,ARRIVAL,35,42,2,N,NONE
SLT-3-AUH-14,3,Singapore Thunderstorms + MEL Expiry Cascade,AUH,Abu Dhabi International,2026-01-21T14:00:00Z,DEPARTURE,39,37,7,Y,WEATHER
SLT-3-AUH-15,3,Singapore Thunderstorms + MEL Expiry Cascade,AUH,Abu Dhabi International,2026-01-21T15:00:00Z,DEPARTURE,48,42,10,N,NONE
SLT-3-AUH-16,3,Singapore Thunderstorms + MEL Expiry Cascade,AUH,Abu Dhabi International,2026-01-21T16:00:00Z,ARRIVAL,25,31,3,N,WEATHER
SLT-3-AUH-17,3,Singapore Thunderstorms + MEL Expiry Cascade,AUH,Abu Dhabi International,2026-01-21T17:00:00Z,ARRIVAL,30,45,4,Y,NONE
SLT-3-AUH-18,3,Singapore Thunderstorms + MEL Expiry Cascade,AUH,Abu Dhabi International,2026-01-21T18:00:00Z,ARRIVAL,24,25,7,N,WEATHER
SLT-3-AUH-19,3,Singapore Thunderstorms + MEL Expiry Cascade,AUH,Abu Dhabi International,2026-01-21T19:00:00Z,DEPARTURE,37,23,10,N,NONE
SLT-3-AUH-20,3,Singapore Thunderstorms + MEL Expiry Cascade,AUH,Abu Dhabi International,2026-01-21T20:00:00Z,DEPARTURE,48,16,1,N,NONE
SLT-3-AUH-21,3,Singapore Thunderstorms + MEL Expiry Cascade,AUH,Abu Dhabi International,2026-01-21T21:00:00Z,ARRIVAL,36,28,6,N,CAPACITY
SLT-3-AUH-22,3,Singapore Thunderstorms + MEL Expiry Cascade,AUH,Abu Dhabi International,2026-01-21T22:00:00Z,DEPARTURE,40,16,2,Y,NONE
SLT-3-AUH-23,3,Singapore Thunderstorms + MEL Expiry Cascade,AUH,Abu Dhabi International,2026-01-21T23:00:00Z,DEPARTURE,44,32,0,N,NONE
SLT-3-BKK-06,3,Singapore Thunderstorms + MEL Expiry Cascade,BKK,Suvarnabhumi,2026-01-21T06:00:00Z,ARRIVAL,44,36,3,N,NONE
SLT-3-BKK-07,3,Singapore Thunderstorms + MEL Expiry Cascade,BKK,Suvarnabhumi,2026-01-21T07:00:00Z,ARRIVAL,49,23,9,N,NONE
SLT-3-BKK-08,3,Singapore Thunderstorms + MEL Expiry Cascade,BKK,Suvarnabhumi,2026-01-21T08:00:00Z,DEPARTURE,48,31,5,Y,WEATHER
SLT-3-BKK-09,3,Singapore Thunderstorms + MEL Expiry Cascade,BKK,Suvarnabhumi,2026-01-21T09:00:00Z,ARRIVAL,43,20,6,N,NONE
SLT-3-BKK-10,3,Singapore Thunderstorms + MEL Expiry Cascade,BKK,Suvarnabhumi,2026-01-21T10:00:00Z,ARRIVAL,32,15,5,N,WEATHER
SLT-3-BKK-11,3,Singapore Thunderstorms + MEL Expiry Cascade,BKK,Suvarnabhumi,2026-01-21T11:00:00Z,DEPARTURE,47,33,4,Y,NONE
SLT-3-BKK-12,3,Singapore Thunderstorms + MEL Expiry Cascade,BKK,Suvarnabhumi,2026-01-21T12:00:00Z,DEPARTURE,45,20,7,Y,NONE
SLT-3-BKK-13,3,Singapore Thunderstorms + MEL Expiry Cascade,BKK,Suvarnabhumi,2026-01-21T13:00:00Z,DEPARTURE,34,15,0,N,WEATHER
SLT-3-BKK-14,3,Singapore Thunderstorms + MEL Expiry Cascade,BKK,Suvarnabhumi,2026-01-21T14:00:00Z,ARRIVAL,45,28,5,N,NONE
SLT-3-BKK-15,3,Singapore Thunderstorms + MEL Expiry Cascade,BKK,Suvarnabhumi,2026-01-21T15:00:00Z,ARRIVAL,47,37,5,N,NONE
SLT-3-BKK-16,3,Singapore Thunderstorms + MEL Expiry Cascade,BKK,Suvarnabhumi,2026-01-21T16:00:00Z,DEPARTURE,32,27,6,N,NONE
SLT-3-BKK-17,3,Singapore Thunderstorms + MEL Expiry Cascade,BKK,Suvarnabhumi,2026-01-21T17:00:00Z,DEPARTURE,38,24,4,N,NONE
SLT-3-BKK-18,3,Singapore Thunderstorms + MEL Expiry Cascade,BKK,Suvarnabhumi,2026-01-21T18:00:00Z,DEPARTURE,45,18,0,N,NONE
SLT-3-BKK-19,3,Singapore Thunderstorms + MEL Expiry Cascade,BKK,Suvarnabhumi,2026-01-21T19:00:00Z,ARRIVAL,32,22,9,N,NONE
SLT-3-BKK-20,3,Singapore Thunderstorms + MEL Expiry Cascade,BKK,Suvarnabhumi,2026-01-21T20:00:00Z,DEPARTURE,47,22,3,Y,NONE
SLT-3-BKK-21,3,Singapore Thunderstorms + MEL Expiry Cascade,BKK,Suvarnabhumi,2026-01-21T21:00:00Z,ARRIVAL,38,37,0,Y,NONE
SLT-3-BKK-22,3,Singapore Thunderstorms + MEL Expiry Cascade,BKK,Suvarnabhumi,2026-01-21T22:00:00Z,DEPARTURE,46,25,10,N,NONE
SLT-3-BKK-23,3,Singapore Thunderstorms + MEL Expiry Cascade,BKK,Suvarnabhumi,2026-01-21T23:00:00Z,ARRIVAL,24,43,1,Y,NONE
SLT-3-LHR-06,3,Singapore Thunderstorms + MEL Expiry Cascade,LHR,Heathrow,2026-01-21T06:00:00Z,ARRIVAL,25,33,1,N,NONE
SLT-3-LHR-07,3,Singapore Thunderstorms + MEL Expiry Cascade,LHR,Heathrow,2026-01-21T07:00:00Z,ARRIVAL,26,39,2,N,NONE
SLT-3-LHR-08,3,Singapore Thunderstorms + MEL Expiry Cascade,LHR,Heathrow,2026-01-21T08:00:00Z,DEPARTURE,21,27,2,N,NONE
SLT-3-LHR-09,3,Singapore Thunderstorms + MEL Expiry Cascade,LHR,Heathrow,2026-01-21T09:00:00Z,DEPARTURE,49,25,2,N,NONE
SLT-3-LHR-10,3,Singapore Thunderstorms + MEL Expiry Cascade,LHR,Heathrow,2026-01-21T10:00:00Z,ARRIVAL,47,41,5,Y,NONE
SLT-3-LHR-11,3,Singapore Thunderstorms + MEL Expiry Cascade,LHR,Heathrow,2026-01-21T11:00:00Z,DEPARTURE,23,36,4,N,NONE
SLT-3-LHR-12,3,Singapore Thunderstorms + MEL Expiry Cascade,LHR,Heathrow,2026-01-21T12:00:00Z,ARRIVAL,30,29,1,N,NONE
SLT-3-LHR-13,3,Singapore Thunderstorms + MEL Expiry Cascade,LHR,Heathrow,2026-01-21T13:00:00Z,ARRIVAL,34,31,8,Y,NONE
SLT-3-LHR-14,3,Singapore Thunderstorms + MEL Expiry Cascade,LHR,Heathrow,2026-01-21T14:00:00Z,DEPARTURE,23,17,5,Y,NONE
SLT-3-LHR-15,3,Singapore Thunderstorms + MEL Expiry Cascade,LHR,Heathrow,2026-01-21T15:00:00Z,DEPARTURE,40,33,8,N,NONE
SLT-3-LHR-16,3,Singapore Thunderstorms + MEL Expiry Cascade,LHR,Heathrow,2026-01-21T16:00:00Z,DEPARTURE,29,26,8,N,NONE
SLT-3-LHR-17,3,Singapore Thunderstorms + MEL Expiry Cascade,LHR,Heathrow,2026-01-21T17:00:00Z,DEPARTURE,22,18,5,N,NONE
SLT-3-LHR-18,3,Singapore Thunderstorms + MEL Expiry Cascade,LHR,Heathrow,2026-01-21T18:00:00Z,DEPARTURE,47,38,7,N,NONE
SLT-3-LHR-19,3,Singapore Thunderstorms + MEL Expiry Cascade,LHR,Heathrow,2026-01-21T19:00:00Z,ARRIVAL,33,42,5,N,NONE
SLT-3-LHR-20,3,Singapore Thunderstorms + MEL Expiry Cascade,LHR,Heathrow,2026-01-21T20:00:00Z,DEPARTURE,47,16,0,N,NONE
SLT-3-LHR-21,3,Singapore Thunderstorms + MEL Expiry Cascade,LHR,Heathrow,2026-01-21T21:00:00Z,DEPARTURE,48,24,5,Y,WEATHER
SLT-3-LHR-22,3,Singapore Thunderstorms + MEL Expiry Cascade,LHR,Heathrow,2026-01-21T22:00:00Z,DEPARTURE,24,40,3,N,NONE
SLT-3-LHR-23,3,Singapore Thunderstorms + MEL Expiry Cascade,LHR,Heathrow,2026-01-21T23:00:00Z,ARRIVAL,28,32,7,Y,NONE
SLT-3-SIN-06,3,Singapore Thunderstorms + MEL Expiry Cascade,SIN,Changi,2026-01-21T06:00:00Z,DEPARTURE,22,31,10,N,NONE
SLT-3-SIN-07,3,Singapore Thunderstorms + MEL Expiry Cascade,SIN,Changi,2026-01-21T07:00:00Z,DEPARTURE,31,20,10,N,NONE
SLT-3-SIN-08,3,Singapore Thunderstorms + MEL Expiry Cascade,SIN,Changi,2026-01-21T08:00:00Z,ARRIVAL,25,16,9,Y,NONE
SLT-3-SIN-09,3,Singapore Thunderstorms + MEL Expiry Cascade,SIN,Changi,2026-01-21T09:00:00Z,DEPARTURE,20,20,4,N,NONE
SLT-3-SIN-10,3,Singapore Thunderstorms + MEL Expiry Cascade,SIN,Changi,2026-01-21T10:00:00Z,ARRIVAL,20,16,0,N,NONE
SLT-3-SIN-11,3,Singapore Thunderstorms + MEL Expiry Cascade,SIN,Changi,2026-01-21T11:00:00Z,DEPARTURE,41,26,7,N,NOISE
SLT-3-SIN-12,3,Singapore Thunderstorms + MEL Expiry Cascade,SIN,Changi,2026-01-21T12:00:00Z,DEPARTURE,29,25,6,N,NONE
SLT-3-SIN-13,3,Singapore Thunderstorms + MEL Expiry Cascade,SIN,Changi,2026-01-21T13:00:00Z,DEPARTURE,34,22,2,N,NOISE
SLT-3-SIN-14,3,Singapore Thunderstorms + MEL Expiry Cascade,SIN,Changi,2026-01-21T14:00:00Z,ARRIVAL,42,44,9,Y,WEATHER
SLT-3-SIN-15,3,Singapore Thunderstorms + MEL Expiry Cascade,SIN,Changi,2026-01-21T15:00:00Z,ARRIVAL,42,16,7,Y,NONE
SLT-3-SIN-16,3,Singapore Thunderstorms + MEL Expiry Cascade,SIN,Changi,2026-01-21T16:00:00Z,DEPARTURE,49,36,6,N,NOISE
SLT-3-SIN-17,3,Singapore Thunderstorms + MEL Expiry Cascade,SIN,Changi,2026-01-21T17:00:00Z,ARRIVAL,38,25,7,Y,NONE
SLT-3-SIN-18,3,Singapore Thunderstorms + MEL Expiry Cascade,SIN,Changi,2026-01-21T18:00:00Z,DEPARTURE,21,17,8,N,NONE
SLT-3-SIN-19,3,Singapore Thunderstorms + MEL Expiry Cascade,SIN,Changi,2026-01-21T19:00:00Z,DEPARTURE,25,45,6,Y,NONE
SLT-3-SIN-20,3,Singapore Thunderstorms + MEL Expiry Cascade,SIN,Changi,2026-01-21T20:00:00Z,ARRIVAL,32,29,7,N,NONE
SLT-3-SIN-21,3,Singapore Thunderstorms + MEL Expiry Cascade,SIN,Changi,2026-01-21T21:00:00Z,DEPARTURE,33,18,3,Y,CAPACITY
SLT-3-SIN-22,3,Singapore Thunderstorms + MEL Expiry Cascade,SIN,Changi,2026-01-21T22:00:00Z,ARRIVAL,22,37,7,Y,NONE
SLT-3-SIN-23,3,Singapore Thunderstorms + MEL Expiry Cascade,SIN,Changi,2026-01-21T23:00:00Z,ARRIVAL,25,19,1,N,NONE
SLT-3-CDG-06,3,Singapore Thunderstorms + MEL Expiry Cascade,CDG,Charles de Gaulle,2026-01-21T06:00:00Z,ARRIVAL,20,35,8,N,NONE
SLT-3-CDG-07,3,Singapore Thunderstorms + MEL Expiry Cascade,CDG,Charles de Gaulle,2026-01-21T07:00:00Z,DEPARTURE,27,29,2,N,CAPACITY
SLT-3-CDG-08,3,Singapore Thunderstorms + MEL Expiry Cascade,CDG,Charles de Gaulle,2026-01-21T08:00:00Z,ARRIVAL,50,39,8,N,WEATHER
SLT-3-CDG-09,3,Singapore Thunderstorms + MEL Expiry Cascade,CDG,Charles de Gaulle,2026-01-21T09:00:00Z,ARRIVAL,39,39,10,Y,CAPACITY
SLT-3-CDG-10,3,Singapore Thunderstorms + MEL Expiry Cascade,CDG,Charles de Gaulle,2026-01-21T10:00:00Z,ARRIVAL,30,33,6,N,NONE
SLT-3-CDG-11,3,Singapore Thunderstorms + MEL Expiry Cascade,CDG,Charles de Gaulle,2026-01-21T11:00:00Z,DEPARTURE,44,18,8,N,NONE
SLT-3-CDG-12,3,Singapore Thunderstorms + MEL Expiry Cascade,CDG,Charles de Gaulle,2026-01-21T12:00:00Z,DEPARTURE,29,33,5,N,NONE
SLT-3-CDG-13,3,Singapore Thunderstorms + MEL Expiry Cascade,CDG,Charles de Gaulle,2026-01-21T13:00:00Z,DEPARTURE,47,20,2,Y,NONE
SLT-3-CDG-14,3,Singapore Thunderstorms + MEL Expiry Cascade,CDG,Charles de Gaulle,2026-01-21T14:00:00Z,ARRIVAL,30,40,9,N,NONE
SLT-3-CDG-15,3,Singapore Thunderstorms + MEL Expiry Cascade,CDG,Charles de Gaulle,2026-01-21T15:00:00Z,DEPARTURE,37,17,5,N,NONE
SLT-3-CDG-16,3,Singapore Thunderstorms + MEL Expiry Cascade,CDG,Charles de Gaulle,2026-01-21T16:00:00Z,DEPARTURE,42,43,4,N,NONE
SLT-3-CDG-17,3,Singapore Thunderstorms + MEL Expiry Cascade,CDG,Charles de Gaulle,2026-01-21T17:00:00Z,ARRIVAL,37,42,2,N,NONE
SLT-3-CDG-18,3,Singapore Thunderstorms + MEL Expiry Cascade,CDG,Charles de Gaulle,2026-01-21T18:00:00Z,DEPARTURE,47,16,8,N,NONE
SLT-3-CDG-19,3,Singapore Thunderstorms + MEL Expiry Cascade,CDG,Charles de Gaulle,2026-01-21T19:00:00Z,ARRIVAL,24,16,4,N,NONE
SLT-3-CDG-20,3,Singapore Thunderstorms + MEL Expiry Cascade,CDG,Charles de Gaulle,2026-01-21T20:00:00Z,ARRIVAL,21,44,2,Y,NONE
SLT-3-CDG-21,3,Singapore Thunderstorms + MEL Expiry Cascade,CDG,Charles de Gaulle,2026-01-21T21:00:00Z,ARRIVAL,50,21,8,Y,NONE
SLT-3-CDG-22,3,Singapore Thunderstorms + MEL Expiry Cascade,CDG,Charles de Gaulle,2026-01-21T22:00:00Z,ARRIVAL,30,41,3,N,NONE
SLT-3-CDG-23,3,Singapore Thunderstorms + MEL Expiry Cascade,CDG,Charles de Gaulle,2026-01-21T23:00:00Z,DEPARTURE,24,33,0,Y,NONE
SLT-3-FRA-06,3,Singapore Thunderstorms + MEL Expiry Cascade,FRA,Frankfurt,2026-01-21T06:00:00Z,ARRIVAL,46,30,7,N,NONE
SLT-3-FRA-07,3,Singapore Thunderstorms + MEL Expiry Cascade,FRA,Frankfurt,2026-01-21T07:00:00Z,DEPARTURE,41,42,3,N,NONE
SLT-3-FRA-08,3,Singapore Thunderstorms + MEL Expiry Cascade,FRA,Frankfurt,2026-01-21T08:00:00Z,DEPARTURE,32,45,8,Y,NONE
SLT-3-FRA-09,3,Singapore Thunderstorms + MEL Expiry Cascade,FRA,Frankfurt,2026-01-21T09:00:00Z,ARRIVAL,34,39,2,Y,NONE
SLT-3-FRA-10,3,Singapore Thunderstorms + MEL Expiry Cascade,FRA,Frankfurt,2026-01-21T10:00:00Z,DEPARTURE,48,31,7,N,NONE
SLT-3-FRA-11,3,Singapore Thunderstorms + MEL Expiry Cascade,FRA,Frankfurt,2026-01-21T11:00:00Z,DEPARTURE,40,38,7,N,NONE
SLT-3-FRA-12,3,Singapore Thunderstorms + MEL Expiry Cascade,FRA,Frankfurt,2026-01-21T12:00:00Z,DEPARTURE,29,21,8,Y,NONE
SLT-3-FRA-13,3,Singapore Thunderstorms + MEL Expiry Cascade,FRA,Frankfurt,2026-01-21T13:00:00Z,DEPARTURE,32,40,8,N,NONE
SLT-3-FRA-14,3,Singapore Thunderstorms + MEL Expiry Cascade,FRA,Frankfurt,2026-01-21T14:00:00Z,ARRIVAL,30,38,5,N,NONE
SLT-3-FRA-15,3,Singapore Thunderstorms + MEL Expiry Cascade,FRA,Frankfurt,2026-01-21T15:00:00Z,DEPARTURE,40,28,6,N,NONE
SLT-3-FRA-16,3,Singapore Thunderstorms + MEL Expiry Cascade,FRA,Frankfurt,2026-01-21T16:00:00Z,DEPARTURE,37,38,10,N,NONE
SLT-3-FRA-17,3,Singapore Thunderstorms + MEL Expiry Cascade,FRA,Frankfurt,2026-01-21T17:00:00Z,ARRIVAL,32,24,9,N,NONE
SLT-3-FRA-18,3,Singapore Thunderstorms + MEL Expiry Cascade,FRA,Frankfurt,2026-01-21T18:00:00Z,ARRIVAL,24,21,9,N,NONE
SLT-3-FRA-19,3,Singapore Thunderstorms + MEL Expiry Cascade,FRA,Frankfurt,2026-01-21T19:00:00Z,ARRIVAL,23,23,7,N,NONE
SLT-3-FRA-20,3,Singapore Thunderstorms + MEL Expiry Cascade,FRA,Frankfurt,2026-01-21T20:00:00Z,DEPARTURE,20,40,0,Y,NONE
SLT-3-FRA-21,3,Singapore Thunderstorms + MEL Expiry Cascade,FRA,Frankfurt,2026-01-21T21:00:00Z,ARRIVAL,35,17,0,N,NONE
SLT-3-FRA-22,3,Singapore Thunderstorms + MEL Expiry Cascade,FRA,Frankfurt,2026-01-21T22:00:00Z,ARRIVAL,30,31,4,N,NONE
SLT-3-FRA-23,3,Singapore Thunderstorms + MEL Expiry Cascade,FRA,Frankfurt,2026-01-21T23:00:00Z,ARRIVAL,45,34,4,N,NONE
SLT-3-JFK-06,3,Singapore Thunderstorms + MEL Expiry Cascade,JFK,John F Kennedy,2026-01-21T06:00:00Z,DEPARTURE,40,35,7,N,NONE
SLT-3-JFK-07,3,Singapore Thunderstorms + MEL Expiry Cascade,JFK,John F Kennedy,2026-01-21T07:00:00Z,DEPARTURE,41,35,5,Y,NONE
SLT-3-JFK-08,3,Singapore Thunderstorms + MEL Expiry Cascade,JFK,John F Kennedy,2026-01-21T08:00:00Z,DEPARTURE,29,18,8,Y,NONE
SLT-3-JFK-09,3,Singapore Thunderstorms + MEL Expiry Cascade,JFK,John F Kennedy,2026-01-21T09:00:00Z,DEPARTURE,45,17,8,N,NOISE
SLT-3-JFK-10,3,Singapore Thunderstorms + MEL Expiry Cascade,JFK,John F Kennedy,2026-01-21T10:00:00Z,ARRIVAL,36,27,10,N,CAPACITY
SLT-3-JFK-11,3,Singapore Thunderstorms + MEL Expiry Cascade,JFK,John F Kennedy,2026-01-21T11:00:00Z,ARRIVAL,42,41,8,N,NONE
SLT-3-JFK-12,3,Singapore Thunderstorms + MEL Expiry Cascade,JFK,John F Kennedy,2026-01-21T12:00:00Z,DEPARTURE,46,38,1,N,NONE
SLT-3-JFK-13,3,Singapore Thunderstorms + MEL Expiry Cascade,JFK,John F Kennedy,2026-01-21T13:00:00Z,ARRIVAL,36,40,1,Y,NONE
SLT-3-JFK-14,3,Singapore Thunderstorms + MEL Expiry Cascade,JFK,John F Kennedy,2026-01-21T14:00:00Z,ARRIVAL,48,20,0,Y,NONE
SLT-3-JFK-15,3,Singapore Thunderstorms + MEL Expiry Cascade,JFK,John F Kennedy,2026-01-21T15:00:00Z,ARRIVAL,20,19,7,N,NOISE
SLT-3-JFK-16,3,Singapore Thunderstorms + MEL Expiry Cascade,JFK,John F Kennedy,2026-01-21T16:00:00Z,DEPARTURE,48,31,2,N,CAPACITY
SLT-3-JFK-17,3,Singapore Thunderstorms + MEL Expiry Cascade,JFK,John F Kennedy,2026-01-21T17:00:00Z,ARRIVAL,48,33,6,Y,NONE
SLT-3-JFK-18,3,Singapore Thunderstorms + MEL Expiry Cascade,JFK,John F Kennedy,2026-01-21T18:00:00Z,DEPARTURE,23,27,8,Y,NONE
SLT-3-JFK-19,3,Singapore Thunderstorms + MEL Expiry Cascade,JFK,John F Kennedy,2026-01-21T19:00:00Z,ARRIVAL,26,34,4,Y,NOISE
SLT-3-JFK-20,3,Singapore Thunderstorms + MEL Expiry Cascade,JFK,John F Kennedy,2026-01-21T20:00:00Z,ARRIVAL,26,31,9,Y,NONE
SLT-3-JFK-21,3,Singapore Thunderstorms + MEL Expiry Cascade,JFK,John F Kennedy,2026-01-21T21:00:00Z,ARRIVAL,42,16,0,N,WEATHER
SLT-3-JFK-22,3,Singapore Thunderstorms + MEL Expiry Cascade,JFK,John F Kennedy,2026-01-21T22:00:00Z,ARRIVAL,31,19,1,N,NONE
SLT-3-JFK-23,3,Singapore Thunderstorms + MEL Expiry Cascade,JFK,John F Kennedy,2026-01-21T23:00:00Z,ARRIVAL,24,37,7,N,NONE
SLT-3-DEL-06,3,Singapore Thunderstorms + MEL Expiry Cascade,DEL,Indira Gandhi,2026-01-21T06:00:00Z,ARRIVAL,22,39,5,N,NOISE
SLT-3-DEL-07,3,Singapore Thunderstorms + MEL Expiry Cascade,DEL,Indira Gandhi,2026-01-21T07:00:00Z,ARRIVAL,28,18,6,N,WEATHER
SLT-3-DEL-08,3,Singapore Thunderstorms + MEL Expiry Cascade,DEL,Indira Gandhi,2026-01-21T08:00:00Z,ARRIVAL,31,42,5,Y,NONE
SLT-3-DEL-09,3,Singapore Thunderstorms + MEL Expiry Cascade,DEL,Indira Gandhi,2026-01-21T09:00:00Z,DEPARTURE,24,28,3,N,NONE
SLT-3-DEL-10,3,Singapore Thunderstorms + MEL Expiry Cascade,DEL,Indira Gandhi,2026-01-21T10:00:00Z,DEPARTURE,20,36,4,N,NONE
SLT-3-DEL-11,3,Singapore Thunderstorms + MEL Expiry Cascade,DEL,Indira Gandhi,2026-01-21T11:00:00Z,ARRIVAL,38,38,0,Y,NONE
SLT-3-DEL-12,3,Singapore Thunderstorms + MEL Expiry Cascade,DEL,Indira Gandhi,2026-01-21T12:00:00Z,DEPARTURE,45,45,3,Y,NONE
SLT-3-DEL-13,3,Singapore Thunderstorms + MEL Expiry Cascade,DEL,Indira Gandhi,2026-01-21T13:00:00Z,DEPARTURE,30,25,4,N,NONE
SLT-3-DEL-14,3,Singapore Thunderstorms + MEL Expiry Cascade,DEL,Indira Gandhi,2026-01-21T14:00:00Z,DEPARTURE,26,35,7,N,NONE
SLT-3-DEL-15,3,Singapore Thunderstorms + MEL Expiry Cascade,DEL,Indira Gandhi,2026-01-21T15:00:00Z,ARRIVAL,29,36,10,N,NONE
SLT-3-DEL-16,3,Singapore Thunderstorms + MEL Expiry Cascade,DEL,Indira Gandhi,2026-01-21T16:00:00Z,DEPARTURE,32,19,7,N,NOISE
SLT-3-DEL-17,3,Singapore Thunderstorms + MEL Expiry Cascade,DEL,Indira Gandhi,2026-01-21T17:00:00Z,ARRIVAL,32,40,3,Y,NONE
SLT-3-DEL-18,3,Singapore Thunderstorms + MEL Expiry Cascade,DEL,Indira Gandhi,2026-01-21T18:00:00Z,ARRIVAL,36,39,8,N,NONE
SLT-3-DEL-19,3,Singapore Thunderstorms + MEL Expiry Cascade,DEL,Indira Gandhi,2026-01-21T19:00:00Z,DEPARTURE,30,32,5,Y,NONE
SLT-3-DEL-20,3,Singapore Thunderstorms + MEL Expiry Cascade,DEL,Indira Gandhi,2026-01-21T20:00:00Z,ARRIVAL,29,16,3,N,NONE
SLT-3-DEL-21,3,Singapore Thunderstorms + MEL Expiry Cascade,DEL,Indira Gandhi,2026-01-21T21:00:00Z,DEPARTURE,27,38,0,N,NONE
SLT-3-DEL-22,3,Singapore Thunderstorms + MEL Expiry Cascade,DEL,Indira Gandhi,2026-01-21T22:00:00Z,ARRIVAL,39,33,6,N,NONE
SLT-3-DEL-23,3,Singapore Thunderstorms + MEL Expiry Cascade,DEL,Indira Gandhi,2026-01-21T23:00:00Z,ARRIVAL,46,42,9,N,NONE
SLT-3-SYD-06,3,Singapore Thunderstorms + MEL Expiry Cascade,SYD,Sydney Kingsford Smith,2026-01-21T06:00:00Z,DEPARTURE,47,45,6,N,NONE
SLT-3-SYD-07,3,Singapore Thunderstorms + MEL Expiry Cascade,SYD,Sydney Kingsford Smith,2026-01-21T07:00:00Z,ARRIVAL,36,32,5,Y,NONE
SLT-3-SYD-08,3,Singapore Thunderstorms + MEL Expiry Cascade,SYD,Sydney Kingsford Smith,2026-01-21T08:00:00Z,DEPARTURE,25,19,2,N,NONE
SLT-3-SYD-09,3,Singapore Thunderstorms + MEL Expiry Cascade,SYD,Sydney Kingsford Smith,2026-01-21T09:00:00Z,ARRIVAL,22,39,7,Y,NONE
SLT-3-SYD-10,3,Singapore Thunderstorms + MEL Expiry Cascade,SYD,Sydney Kingsford Smith,2026-01-21T10:00:00Z,DEPARTURE,26,22,9,Y,NONE
SLT-3-SYD-11,3,Singapore Thunderstorms + MEL Expiry Cascade,SYD,Sydney Kingsford Smith,2026-01-21T11:00:00Z,DEPARTURE,21,26,0,N,NONE
SLT-3-SYD-12,3,Singapore Thunderstorms + MEL Expiry Cascade,SYD,Sydney Kingsford Smith,2026-01-21T12:00:00Z,DEPARTURE,37,18,4,Y,NONE
SLT-3-SYD-13,3,Singapore Thunderstorms + MEL Expiry Cascade,SYD,Sydney Kingsford Smith,2026-01-21T13:00:00Z,DEPARTURE,41,40,10,N,CAPACITY
SLT-3-SYD-14,3,Singapore Thunderstorms + MEL Expiry Cascade,SYD,Sydney Kingsford Smith,2026-01-21T14:00:00Z,ARRIVAL,45,43,10,Y,NONE
SLT-3-SYD-15,3,Singapore Thunderstorms + MEL Expiry Cascade,SYD,Sydney Kingsford Smith,2026-01-21T15:00:00Z,ARRIVAL,41,24,5,N,CAPACITY
SLT-3-SYD-16,3,Singapore Thunderstorms + MEL Expiry Cascade,SYD,Sydney Kingsford Smith,2026-01-21T16:00:00Z,DEPARTURE,46,37,2,N,NONE
SLT-3-SYD-17,3,Singapore Thunderstorms + MEL Expiry Cascade,SYD,Sydney Kingsford Smith,2026-01-21T17:00:00Z,DEPARTURE,47,43,1,Y,NONE
SLT-3-SYD-18,3,Singapore Thunderstorms + MEL Expiry Cascade,SYD,Sydney Kingsford Smith,2026-01-21T18:00:00Z,DEPARTURE,44,15,1,N,NONE
SLT-3-SYD-19,3,Singapore Thunderstorms + MEL Expiry Cascade,SYD,Sydney Kingsford Smith,2026-01-21T19:00:00Z,ARRIVAL,23,19,4,Y,NONE
SLT-3-SYD-20,3,Singapore Thunderstorms + MEL Expiry Cascade,SYD,Sydney Kingsford Smith,2026-01-21T20:00:00Z,DEPARTURE,42,34,3,N,NOISE
SLT-3-SYD-21,3,Singapore Thunderstorms + MEL Expiry Cascade,SYD,Sydney Kingsford Smith,2026-01-21T21:00:00Z,ARRIVAL,23,17,7,N,NONE
SLT-3-SYD-22,3,Singapore Thunderstorms + MEL Expiry Cascade,SYD,Sydney Kingsford Smith,2026-01-21T22:00:00Z,ARRIVAL,48,38,3,N,NONE
SLT-3-SYD-23,3,Singapore Thunderstorms + MEL Expiry Cascade,SYD,Sydney Kingsford Smith,2026-01-21T23:00:00Z,DEPARTURE,44,28,9,N,NONE
SLT-3-CAI-06,3,Singapore Thunderstorms + MEL Expiry Cascade,CAI,Cairo International,2026-01-21T06:00:00Z,ARRIVAL,42,26,6,Y,NONE
SLT-3-CAI-07,3,Singapore Thunderstorms + MEL Expiry Cascade,CAI,Cairo International,2026-01-21T07:00:00Z,ARRIVAL,37,23,6,N,NONE
SLT-3-CAI-08,3,Singapore Thunderstorms + MEL Expiry Cascade,CAI,Cairo International,2026-01-21T08:00:00Z,DEPARTURE,29,25,10,N,WEATHER
SLT-3-CAI-09,3,Singapore Thunderstorms + MEL Expiry Cascade,CAI,Cairo International,2026-01-21T09:00:00Z,ARRIVAL,27,16,4,N,NONE
SLT-3-CAI-10,3,Singapore Thunderstorms + MEL Expiry Cascade,CAI,Cairo International,2026-01-21T10:00:00Z,ARRIVAL,26,31,8,N,NONE
SLT-3-CAI-11,3,Singapore Thunderstorms + MEL Expiry Cascade,CAI,Cairo International,2026-01-21T11:00:00Z,DEPARTURE,50,17,6,N,NONE
SLT-3-CAI-12,3,Singapore Thunderstorms + MEL Expiry Cascade,CAI,Cairo International,2026-01-21T12:00:00Z,ARRIVAL,48,16,5,N,NONE
SLT-3-CAI-13,3,Singapore Thunderstorms + MEL Expiry Cascade,CAI,Cairo International,2026-01-21T13:00:00Z,ARRIVAL,24,35,1,N,NONE
SLT-3-CAI-14,3,Singapore Thunderstorms + MEL Expiry Cascade,CAI,Cairo International,2026-01-21T14:00:00Z,DEPARTURE,26,40,8,N,NONE
SLT-3-CAI-15,3,Singapore Thunderstorms + MEL Expiry Cascade,CAI,Cairo International,2026-01-21T15:00:00Z,DEPARTURE,33,35,0,Y,NONE
SLT-3-CAI-16,3,Singapore Thunderstorms + MEL Expiry Cascade,CAI,Cairo International,2026-01-21T16:00:00Z,ARRIVAL,42,21,9,N,NONE
SLT-3-CAI-17,3,Singapore Thunderstorms + MEL Expiry Cascade,CAI,Cairo International,2026-01-21T17:00:00Z,ARRIVAL,47,25,4,Y,NONE
SLT-3-CAI-18,3,Singapore Thunderstorms + MEL Expiry Cascade,CAI,Cairo International,2026-01-21T18:00:00Z,DEPARTURE,22,26,4,N,NONE
SLT-3-CAI-19,3,Singapore Thunderstorms + MEL Expiry Cascade,CAI,Cairo International,2026-01-21T19:00:00Z,ARRIVAL,25,33,2,N,NOISE
SLT-3-CAI-20,3,Singapore Thunderstorms + MEL Expiry Cascade,CAI,Cairo International,2026-01-21T20:00:00Z,DEPARTURE,43,37,8,N,NONE
SLT-3-CAI-21,3,Singapore Thunderstorms + MEL Expiry Cascade,CAI,Cairo International,2026-01-21T21:00:00Z,ARRIVAL,39,40,0,Y,NONE
SLT-3-CAI-22,3,Singapore Thunderstorms + MEL Expiry Cascade,CAI,Cairo International,2026-01-21T22:00:00Z,DEPARTURE,21,33,9,N,WEATHER
SLT-3-CAI-23,3,Singapore Thunderstorms + MEL Expiry Cascade,CAI,Cairo International,2026-01-21T23:00:00Z,DEPARTURE,26,18,8,N,NONE
SLT-3-FCO-06,3,Singapore Thunderstorms + MEL Expiry Cascade,FCO,Fiumicino,2026-01-21T06:00:00Z,ARRIVAL,31,37,5,Y,NONE
SLT-3-FCO-07,3,Singapore Thunderstorms + MEL Expiry Cascade,FCO,Fiumicino,2026-01-21T07:00:00Z,ARRIVAL,40,26,6,Y,NOISE
SLT-3-FCO-08,3,Singapore Thunderstorms + MEL Expiry Cascade,FCO,Fiumicino,2026-01-21T08:00:00Z,ARRIVAL,22,28,6,N,NONE
SLT-3-FCO-09,3,Singapore Thunderstorms + MEL Expiry Cascade,FCO,Fiumicino,2026-01-21T09:00:00Z,ARRIVAL,23,27,5,N,WEATHER
SLT-3-FCO-10,3,Singapore Thunderstorms + MEL Expiry Cascade,FCO,Fiumicino,2026-01-21T10:00:00Z,DEPARTURE,22,22,7,N,NONE
SLT-3-FCO-11,3,Singapore Thunderstorms + MEL Expiry Cascade,FCO,Fiumicino,2026-01-21T11:00:00Z,DEPARTURE,37,16,5,N,NONE
SLT-3-FCO-12,3,Singapore Thunderstorms + MEL Expiry Cascade,FCO,Fiumicino,2026-01-21T12:00:00Z,DEPARTURE,21,21,0,N,NONE
SLT-3-FCO-13,3,Singapore Thunderstorms + MEL Expiry Cascade,FCO,Fiumicino,2026-01-21T13:00:00Z,ARRIVAL,50,37,2,Y,NONE
SLT-3-FCO-14,3,Singapore Thunderstorms + MEL Expiry Cascade,FCO,Fiumicino,2026-01-21T14:00:00Z,DEPARTURE,26,21,0,Y,NONE
SLT-3-FCO-15,3,Singapore Thunderstorms + MEL Expiry Cascade,FCO,Fiumicino,2026-01-21T15:00:00Z,DEPARTURE,42,28,8,Y,NONE
SLT-3-FCO-16,3,Singapore Thunderstorms + MEL Expiry Cascade,FCO,Fiumicino,2026-01-21T16:00:00Z,DEPARTURE,36,31,8,N,NONE
SLT-3-FCO-17,3,Singapore Thunderstorms + MEL Expiry Cascade,FCO,Fiumicino,2026-01-21T17:00:00Z,ARRIVAL,36,16,1,N,NONE
SLT-3-FCO-18,3,Singapore Thunderstorms + MEL Expiry Cascade,FCO,Fiumicino,2026-01-21T18:00:00Z,DEPARTURE,47,38,7,N,NONE
SLT-3-FCO-19,3,Singapore Thunderstorms + MEL Expiry Cascade,FCO,Fiumicino,2026-01-21T19:00:00Z,ARRIVAL,42,15,3,Y,NONE
SLT-3-FCO-20,3,Singapore Thunderstorms + MEL Expiry Cascade,FCO,Fiumicino,2026-01-21T20:00:00Z,DEPARTURE,34,28,0,Y,NONE
SLT-3-FCO-21,3,Singapore Thunderstorms + MEL Expiry Cascade,FCO,Fiumicino,2026-01-21T21:00:00Z,ARRIVAL,33,42,10,Y,NONE
SLT-3-FCO-22,3,Singapore Thunderstorms + MEL Expiry Cascade,FCO,Fiumicino,2026-01-21T22:00:00Z,ARRIVAL,48,33,8,N,NONE
SLT-3-FCO-23,3,Singapore Thunderstorms + MEL Expiry Cascade,FCO,Fiumicino,2026-01-21T23:00:00Z,ARRIVAL,48,42,9,N,NONE
SLT-3-DOH-06,3,Singapore Thunderstorms + MEL Expiry Cascade,DOH,Hamad International,2026-01-21T06:00:00Z,ARRIVAL,49,35,9,N,NONE
SLT-3-DOH-07,3,Singapore Thunderstorms + MEL Expiry Cascade,DOH,Hamad International,2026-01-21T07:00:00Z,DEPARTURE,21,38,3,N,WEATHER
SLT-3-DOH-08,3,Singapore Thunderstorms + MEL Expiry Cascade,DOH,Hamad International,2026-01-21T08:00:00Z,ARRIVAL,29,21,1,N,NONE
SLT-3-DOH-09,3,Singapore Thunderstorms + MEL Expiry Cascade,DOH,Hamad International,2026-01-21T09:00:00Z,ARRIVAL,29,15,6,N,NONE
SLT-3-DOH-10,3,Singapore Thunderstorms + MEL Expiry Cascade,DOH,Hamad International,2026-01-21T10:00:00Z,DEPARTURE,45,37,4,N,NONE
SLT-3-DOH-11,3,Singapore Thunderstorms + MEL Expiry Cascade,DOH,Hamad International,2026-01-21T11:00:00Z,ARRIVAL,21,16,9,Y,NONE
SLT-3-DOH-12,3,Singapore Thunderstorms + MEL Expiry Cascade,DOH,Hamad International,2026-01-21T12:00:00Z,DEPARTURE,26,21,2,Y,NONE
SLT-3-DOH-13,3,Singapore Thunderstorms + MEL Expiry Cascade,DOH,Hamad International,2026-01-21T13:00:00Z,ARRIVAL,45,25,6,N,NONE
SLT-3-DOH-14,3,Singapore Thunderstorms + MEL Expiry Cascade,DOH,Hamad International,2026-01-21T14:00:00Z,DEPARTURE,49,25,5,Y,NONE
SLT-3-DOH-15,3,Singapore Thunderstorms + MEL Expiry Cascade,DOH,Hamad International,2026-01-21T15:00:00Z,DEPARTURE,35,18,10,N,CAPACITY
SLT-3-DOH-16,3,Singapore Thunderstorms + MEL Expiry Cascade,DOH,Hamad International,2026-01-21T16:00:00Z,ARRIVAL,43,41,0,N,NONE
SLT-3-DOH-17,3,Singapore Thunderstorms + MEL Expiry Cascade,DOH,Hamad International,2026-01-21T17:00:00Z,DEPARTURE,44,30,9,N,NONE
SLT-3-DOH-18,3,Singapore Thunderstorms + MEL Expiry Cascade,DOH,Hamad International,2026-01-21T18:00:00Z,DEPARTURE,47,36,6,N,NONE
SLT-3-DOH-19,3,Singapore Thunderstorms + MEL Expiry Cascade,DOH,Hamad International,2026-01-21T19:00:00Z,DEPARTURE,21,31,9,N,NONE
SLT-3-DOH-20,3,Singapore Thunderstorms + MEL Expiry Cascade,DOH,Hamad International,2026-01-21T20:00:00Z,ARRIVAL,38,42,9,N,NONE
SLT-3-DOH-21,3,Singapore Thunderstorms + MEL Expiry Cascade,DOH,Hamad International,2026-01-21T21:00:00Z,DEPARTURE,34,21,2,Y,NONE
SLT-3-DOH-22,3,Singapore Thunderstorms + MEL Expiry Cascade,DOH,Hamad International,2026-01-21T22:00:00Z,DEPARTURE,31,30,3,N,NONE
SLT-3-DOH-23,3,Singapore Thunderstorms + MEL Expiry Cascade,DOH,Hamad International,2026-01-21T23:00:00Z,DEPARTURE,42,24,1,N,NONE
SLT-3-MCT-06,3,Singapore Thunderstorms + MEL Expiry Cascade,MCT,Muscat International,2026-01-21T06:00:00Z,ARRIVAL,46,19,5,Y,NONE
SLT-3-MCT-07,3,Singapore Thunderstorms + MEL Expiry Cascade,MCT,Muscat International,2026-01-21T07:00:00Z,DEPARTURE,27,38,7,Y,NONE
SLT-3-MCT-08,3,Singapore Thunderstorms + MEL Expiry Cascade,MCT,Muscat International,2026-01-21T08:00:00Z,DEPARTURE,48,17,8,N,NONE
SLT-3-MCT-09,3,Singapore Thunderstorms + MEL Expiry Cascade,MCT,Muscat International,2026-01-21T09:00:00Z,DEPARTURE,40,21,9,N,NONE
SLT-3-MCT-10,3,Singapore Thunderstorms + MEL Expiry Cascade,MCT,Muscat International,2026-01-21T10:00:00Z,DEPARTURE,22,24,0,N,NOISE
SLT-3-MCT-11,3,Singapore Thunderstorms + MEL Expiry Cascade,MCT,Muscat International,2026-01-21T11:00:00Z,ARRIVAL,21,18,5,Y,NONE
SLT-3-MCT-12,3,Singapore Thunderstorms + MEL Expiry Cascade,MCT,Muscat International,2026-01-21T12:00:00Z,DEPARTURE,42,39,10,N,NONE
SLT-3-MCT-13,3,Singapore Thunderstorms + MEL Expiry Cascade,MCT,Muscat International,2026-01-21T13:00:00Z,DEPARTURE,29,16,8,Y,NONE
SLT-3-MCT-14,3,Singapore Thunderstorms + MEL Expiry Cascade,MCT,Muscat International,2026-01-21T14:00:00Z,ARRIVAL,45,17,7,N,NONE
SLT-3-MCT-15,3,Singapore Thunderstorms + MEL Expiry Cascade,MCT,Muscat International,2026-01-21T15:00:00Z,DEPARTURE,36,21,1,N,WEATHER
SLT-3-MCT-16,3,Singapore Thunderstorms + MEL Expiry Cascade,MCT,Muscat International,2026-01-21T16:00:00Z,DEPARTURE,49,21,7,N,NONE
SLT-3-MCT-17,3,Singapore Thunderstorms + MEL Expiry Cascade,MCT,Muscat International,2026-01-21T17:00:00Z,DEPARTURE,50,18,6,N,NONE
SLT-3-MCT-18,3,Singapore Thunderstorms + MEL Expiry Cascade,MCT,Muscat International,2026-01-21T18:00:00Z,DEPARTURE,50,32,3,Y,NONE
SLT-3-MCT-19,3,Singapore Thunderstorms + MEL Expiry Cascade,MCT,Muscat International,2026-01-21T19:00:00Z,DEPARTURE,28,18,10,N,NONE
SLT-3-MCT-20,3,Singapore Thunderstorms + MEL Expiry Cascade,MCT,Muscat International,2026-01-21T20:00:00Z,ARRIVAL,26,16,6,N,NONE
SLT-3-MCT-21,3,Singapore Thunderstorms + MEL Expiry Cascade,MCT,Muscat International,2026-01-21T21:00:00Z,DEPARTURE,41,31,6,N,NONE
SLT-3-MCT-22,3,Singapore Thunderstorms + MEL Expiry Cascade,MCT,Muscat International,2026-01-21T22:00:00Z,DEPARTURE,23,24,0,Y,NONE
SLT-3-MCT-23,3,Singapore Thunderstorms + MEL Expiry Cascade,MCT,Muscat International,2026-01-21T23:00:00Z,DEPARTURE,46,24,7,N,NONE
SLT-3-JED-06,3,Singapore Thunderstorms + MEL Expiry Cascade,JED,King Abdulaziz,2026-01-21T06:00:00Z,ARRIVAL,29,45,7,N,NONE
SLT-3-JED-07,3,Singapore Thunderstorms + MEL Expiry Cascade,JED,King Abdulaziz,2026-01-21T07:00:00Z,ARRIVAL,25,16,3,N,NONE
SLT-3-JED-08,3,Singapore Thunderstorms + MEL Expiry Cascade,JED,King Abdulaziz,2026-01-21T08:00:00Z,DEPARTURE,29,43,9,N,NONE
SLT-3-JED-09,3,Singapore Thunderstorms + MEL Expiry Cascade,JED,King Abdulaziz,2026-01-21T09:00:00Z,ARRIVAL,36,39,2,N,WEATHER
SLT-3-JED-10,3,Singapore Thunderstorms + MEL Expiry Cascade,JED,King Abdulaziz,2026-01-21T10:00:00Z,ARRIVAL,40,27,1,Y,NONE
SLT-3-JED-11,3,Singapore Thunderstorms + MEL Expiry Cascade,JED,King Abdulaziz,2026-01-21T11:00:00Z,ARRIVAL,27,22,3,Y,NONE
SLT-3-JED-12,3,Singapore Thunderstorms + MEL Expiry Cascade,JED,King Abdulaziz,2026-01-21T12:00:00Z,ARRIVAL,22,42,7,N,NONE
SLT-3-JED-13,3,Singapore Thunderstorms + MEL Expiry Cascade,JED,King Abdulaziz,2026-01-21T13:00:00Z,ARRIVAL,33,24,3,N,NONE
SLT-3-JED-14,3,Singapore Thunderstorms + MEL Expiry Cascade,JED,King Abdulaziz,2026-01-21T14:00:00Z,DEPARTURE,47,42,3,N,NONE
SLT-3-JED-15,3,Singapore Thunderstorms + MEL Expiry Cascade,JED,King Abdulaziz,2026-01-21T15:00:00Z,DEPARTURE,35,28,0,N,NONE
SLT-3-JED-16,3,Singapore Thunderstorms + MEL Expiry Cascade,JED,King Abdulaziz,2026-01-21T16:00:00Z,ARRIVAL,31,40,4,Y,NOISE
SLT-3-JED-17,3,Singapore Thunderstorms + MEL Expiry Cascade,JED,King Abdulaziz,2026-01-21T17:00:00Z,ARRIVAL,27,23,4,N,NONE
SLT-3-JED-18,3,Singapore Thunderstorms + MEL Expiry Cascade,JED,King Abdulaziz,2026-01-21T18:00:00Z,ARRIVAL,42,40,8,Y,NONE
SLT-3-JED-19,3,Singapore Thunderstorms + MEL Expiry Cascade,JED,King Abdulaziz,2026-01-21T19:00:00Z,DEPARTURE,44,35,3,Y,NONE
SLT-3-JED-20,3,Singapore Thunderstorms + MEL Expiry Cascade,JED,King Abdulaziz,2026-01-21T20:00:00Z,DEPARTURE,39,23,4,N,NONE
SLT-3-JED-21,3,Singapore Thunderstorms + MEL Expiry Cascade,JED,King Abdulaziz,2026-01-21T21:00:00Z,ARRIVAL,20,32,5,N,NONE
SLT-3-JED-22,3,Singapore Thunderstorms + MEL Expiry Cascade,JED,King Abdulaziz,2026-01-21T22:00:00Z,ARRIVAL,22,41,10,N,NONE
SLT-3-JED-23,3,Singapore Thunderstorms + MEL Expiry Cascade,JED,King Abdulaziz,2026-01-21T23:00:00Z,DEPARTURE,29,28,8,N,CAPACITY
SLT-4-AUH-06,4,Paris Winter Storm + Temperature-Controlled Cargo Crisis,AUH,Abu Dhabi International,2026-01-22T06:00:00Z,DEPARTURE,40,30,4,N,NONE
SLT-4-AUH-07,4,Paris Winter Storm + Temperature-Controlled Cargo Crisis,AUH,Abu Dhabi International,2026-01-22T07:00:00Z,DEPARTURE,28,21,2,N,NONE
SLT-4-AUH-08,4,Paris Winter Storm + Temperature-Controlled Cargo Crisis,AUH,Abu Dhabi International,2026-01-22T08:00:00Z,ARRIVAL,42,30,10,N,WEATHER
SLT-4-AUH-09,4,Paris Winter Storm + Temperature-Controlled Cargo Crisis,AUH,Abu Dhabi International,2026-01-22T09:00:00Z,ARRIVAL,49,25,7,N,NONE
SLT-4-AUH-10,4,Paris Winter Storm + Temperature-Controlled Cargo Crisis,AUH,Abu Dhabi International,2026-01-22T10:00:00Z,ARRIVAL,33,33,9,N,NONE
SLT-4-AUH-11,4,Paris Winter Storm + Temperature-Controlled Cargo Crisis,AUH,Abu Dhabi International,2026-01-22T11:00:00Z,ARRIVAL,48,17,9,N,NONE
SLT-4-AUH-12,4,Paris Winter Storm + Temperature-Controlled Cargo Crisis,AUH,Abu Dhabi International,2026-01-22T12:00:00Z,ARRIVAL,21,45,6,N,CAPACITY
SLT-4-AUH-13,4,Paris Winter Storm + Temperature-Controlled Cargo Crisis,AUH,Abu Dhabi International,2026-01-22T13:00:00Z,ARRIVAL,30,22,9,N,CAPACITY
SLT-4-AUH-14,4,Paris Winter Storm + Temperature-Controlled Cargo Crisis,AUH,Abu Dhabi International,2026-01-22T14:00:00Z,ARRIVAL,34,32,3,N,NONE
SLT-4-AUH-15,4,Paris Winter Storm + Temperature-Controlled Cargo Crisis,AUH,Abu Dhabi International,2026-01-22T15:00:00Z,DEPARTURE,41,29,6,N,WEATHER
SLT-4-AUH-16,4,Paris Winter Storm + Temperature-Controlled Cargo Crisis,AUH,Abu Dhabi International,2026-01-22T16:00:00Z,ARRIVAL,38,32,4,N,WEATHER
SLT-4-AUH-17,4,Paris Winter Storm + Temperature-Controlled Cargo Crisis,AUH,Abu Dhabi International,2026-01-22T17:00:00Z,DEPARTURE,43,19,0,Y,NONE
SLT-4-AUH-18,4,Paris Winter Storm + Temperature-Controlled Cargo Crisis,AUH,Abu Dhabi International,2026-01-22T18:00:00Z,DEPARTURE,26,18,1,N,NONE
SLT-4-AUH-19,4,Paris Winter Storm + Temperature-Controlled Cargo Crisis,AUH,Abu Dhabi International,2026-01-22T19:00:00Z,DEPARTURE,47,16,7,Y,NONE
SLT-4-AUH-20,4,Paris Winter Storm + Temperature-Controlled Cargo Crisis,AUH,Abu Dhabi International,2026-01-22T20:00:00Z,ARRIVAL,27,33,5,Y,NONE
SLT-4-AUH-21,4,Paris Winter Storm + Temperature-Controlled Cargo Crisis,AUH,Abu Dhabi International,2026-01-22T21:00:00Z,DEPARTURE,48,21,10,N,NONE
SLT-4-AUH-22,4,Paris Winter Storm + Temperature-Controlled Cargo Crisis,AUH,Abu Dhabi International,2026-01-22T22:00:00Z,ARRIVAL,41,25,9,Y,NONE
SLT-4-AUH-23,4,Paris Winter Storm + Temperature-Controlled Cargo Crisis,AUH,Abu Dhabi International,2026-01-22T23:00:00Z,ARRIVAL,35,30,2,Y,NONE
SLT-4-BKK-06,4,Paris Winter Storm + Temperature-Controlled Cargo Crisis,BKK,Suvarnabhumi,2026-01-22T06:00:00Z,ARRIVAL,28,41,6,N,NONE
SLT-4-BKK-07,4,Paris Winter Storm + Temperature-Controlled Cargo Crisis,BKK,Suvarnabhumi,2026-01-22T07:00:00Z,ARRIVAL,25,42,1,Y,NONE
SLT-4-BKK-08,4,Paris Winter Storm + Temperature-Controlled Cargo Crisis,BKK,Suvarnabhumi,2026-01-22T08:00:00Z,DEPARTURE,41,21,5,Y,NONE
SLT-4-BKK-09,4,Paris Winter Storm + Temperature-Controlled Cargo Crisis,BKK,Suvarnabhumi,2026-01-22T09:00:00Z,DEPARTURE,44,35,7,N,NONE
SLT-4-BKK-10,4,Paris Winter Storm + Temperature-Controlled Cargo Crisis,BKK,Suvarnabhumi,2026-01-22T10:00:00Z,ARRIVAL,28,31,1,N,WEATHER
SLT-4-BKK-11,4,Paris Winter Storm + Temperature-Controlled Cargo Crisis,BKK,Suvarnabhumi,2026-01-22T11:00:00Z,ARRIVAL,39,25,10,N,NONE
SLT-4-BKK-12,4,Paris Winter Storm + Temperature-Controlled Cargo Crisis,BKK,Suvarnabhumi,2026-01-22T12:00:00Z,ARRIVAL,41,27,2,Y,NONE
SLT-4-BKK-13,4,Paris Winter Storm + Temperature-Controlled Cargo Crisis,BKK,Suvarnabhumi,2026-01-22T13:00:00Z,ARRIVAL,30,16,2,N,NONE
SLT-4-BKK-14,4,Paris Winter Storm + Temperature-Controlled Cargo Crisis,BKK,Suvarnabhumi,2026-01-22T14:00:00Z,DEPARTURE,28,39,10,N,NONE
SLT-4-BKK-15,4,Paris Winter Storm + Temperature-Controlled Cargo Crisis,BKK,Suvarnabhumi,2026-01-22T15:00:00Z,ARRIVAL,49,24,4,N,NOISE
SLT-4-BKK-16,4,Paris Winter Storm + Temperature-Controlled Cargo Crisis,BKK,Suvarnabhumi,2026-01-22T16:00:00Z,ARRIVAL,22,22,9,N,NONE
SLT-4-BKK-17,4,Paris Winter Storm + Temperature-Controlled Cargo Crisis,BKK,Suvarnabhumi,2026-01-22T17:00:00Z,DEPARTURE,50,17,10,Y,NONE
SLT-4-BKK-18,4,Paris Winter Storm + Temperature-Controlled Cargo Crisis,BKK,Suvarnabhumi,2026-01-22T18:00:00Z,ARRIVAL,25,17,9,Y,NONE
SLT-4-BKK-19,4,Paris Winter Storm + Temperature-Controlled Cargo Crisis,BKK,Suvarnabhumi,2026-01-22T19:00:00Z,DEPARTURE,29,16,10,N,NONE
SLT-4-BKK-20,4,Paris Winter Storm + Temperature-Controlled Cargo Crisis,BKK,Suvarnabhumi,2026-01-22T20:00:00Z,ARRIVAL,47,24,7,N,NONE
SLT-4-BKK-21,4,Paris Winter Storm + Temperature-Controlled Cargo Crisis,BKK,Suvarnabhumi,2026-01-22T21:00:00Z,ARRIVAL,49,23,0,N,NOISE
SLT-4-BKK-22,4,Paris Winter Storm + Temperature-Controlled Cargo Crisis,BKK,Suvarnabhumi,2026-01-22T22:00:00Z,ARRIVAL,36,17,6,Y,NONE
SLT-4-BKK-23,4,Paris Winter Storm + Temperature-Controlled Cargo Crisis,BKK,Suvarnabhumi,2026-01-22T23:00:00Z,DEPARTURE,41,17,3,N,NONE
SLT-4-LHR-06,4,Paris Winter Storm + Temperature-Controlled Cargo Crisis,LHR,Heathrow,2026-01-22T06:00:00Z,DEPARTURE,32,44,6,N,WEATHER
SLT-4-LHR-07,4,Paris Winter Storm + Temperature-Controlled Cargo Crisis,LHR,Heathrow,2026-01-22T07:00:00Z,DEPARTURE,43,27,6,Y,WEATHER
SLT-4-LHR-08,4,Paris Winter Storm + Temperature-Controlled Cargo Crisis,LHR,Heathrow,2026-01-22T08:00:00Z,ARRIVAL,32,21,3,Y,NONE
SLT-4-LHR-09,4,Paris Winter Storm + Temperature-Controlled Cargo Crisis,LHR,Heathrow,2026-01-22T09:00:00Z,DEPARTURE,27,23,3,N,NONE
SLT-4-LHR-10,4,Paris Winter Storm + Temperature-Controlled Cargo Crisis,LHR,Heathrow,2026-01-22T10:00:00Z,DEPARTURE,22,34,3,N,NONE
SLT-4-LHR-11,4,Paris Winter Storm + Temperature-Controlled Cargo Crisis,LHR,Heathrow,2026-01-22T11:00:00Z,DEPARTURE,50,24,5,N,NONE
SLT-4-LHR-12,4,Paris Winter Storm + Temperature-Controlled Cargo Crisis,LHR,Heathrow,2026-01-22T12:00:00Z,ARRIVAL,34,25,2,N,NONE
SLT-4-LHR-13,4,Paris Winter Storm + Temperature-Controlled Cargo Crisis,LHR,Heathrow,2026-01-22T13:00:00Z,DEPARTURE,20,39,6,N,NONE
SLT-4-LHR-14,4,Paris Winter Storm + Temperature-Controlled Cargo Crisis,LHR,Heathrow,2026-01-22T14:00:00Z,ARRIVAL,32,28,3,Y,NONE
SLT-4-LHR-15,4,Paris Winter Storm + Temperature-Controlled Cargo Crisis,LHR,Heathrow,2026-01-22T15:00:00Z,DEPARTURE,50,38,4,N,NONE
SLT-4-LHR-16,4,Paris Winter Storm + Temperature-Controlled Cargo Crisis,LHR,Heathrow,2026-01-22T16:00:00Z,DEPARTURE,41,21,7,Y,CAPACITY
SLT-4-LHR-17,4,Paris Winter Storm + Temperature-Controlled Cargo Crisis,LHR,Heathrow,2026-01-22T17:00:00Z,ARRIVAL,45,16,6,Y,NONE
SLT-4-LHR-18,4,Paris Winter Storm + Temperature-Controlled Cargo Crisis,LHR,Heathrow,2026-01-22T18:00:00Z,ARRIVAL,48,31,7,N,NOISE
SLT-4-LHR-19,4,Paris Winter Storm + Temperature-Controlled Cargo Crisis,LHR,Heathrow,2026-01-22T19:00:00Z,DEPARTURE,23,36,9,Y,NONE
SLT-4-LHR-20,4,Paris Winter Storm + Temperature-Controlled Cargo Crisis,LHR,Heathrow,2026-01-22T20:00:00Z,ARRIVAL,38,41,2,N,NONE
SLT-4-LHR-21,4,Paris Winter Storm + Temperature-Controlled Cargo Crisis,LHR,Heathrow,2026-01-22T21:00:00Z,ARRIVAL,30,24,9,N,NONE
SLT-4-LHR-22,4,Paris Winter Storm + Temperature-Controlled Cargo Crisis,LHR,Heathrow,2026-01-22T22:00:00Z,ARRIVAL,20,24,0,N,NONE
SLT-4-LHR-23,4,Paris Winter Storm + Temperature-Controlled Cargo Crisis,LHR,Heathrow,2026-01-22T23:00:00Z,DEPARTURE,37,22,3,N,NONE
SLT-4-SIN-06,4,Paris Winter Storm + Temperature-Controlled Cargo Crisis,SIN,Changi,2026-01-22T06:00:00Z,ARRIVAL,44,36,10,N,CAPACITY
SLT-4-SIN-07,4,Paris Winter Storm + Temperature-Controlled Cargo Crisis,SIN,Changi,2026-01-22T07:00:00Z,DEPARTURE,48,28,10,Y,NONE
SLT-4-SIN-08,4,Paris Winter Storm + Temperature-Controlled Cargo Crisis,SIN,Changi,2026-01-22T08:00:00Z,ARRIVAL,31,39,8,N,NONE
SLT-4-SIN-09,4,Paris Winter Storm + Temperature-Controlled Cargo Crisis,SIN,Changi,2026-01-22T09:00:00Z,ARRIVAL,43,22,10,N,NONE
SLT-4-SIN-10,4,Paris Winter Storm + Temperature-Controlled Cargo Crisis,SIN,Changi,2026-01-22T10:00:00Z,DEPARTURE,22,45,1,Y,NONE
SLT-4-SIN-11,4,Paris Winter Storm + Temperature-Controlled Cargo Crisis,SIN,Changi,2026-01-22T11:00:00Z,ARRIVAL,46,21,7,N,NONE
SLT-4-SIN-12,4,Paris Winter Storm + Temperature-Controlled Cargo Crisis,SIN,Changi,2026-01-22T12:00:00Z,DEPARTURE,43,27,5,N,NONE
SLT-4-SIN-13,4,Paris Winter Storm + Temperature-Controlled Cargo Crisis,SIN,Changi,2026-01-22T13:00:00Z,ARRIVAL,50,36,0,N,CAPACITY
SLT-4-SIN-14,4,Paris Winter Storm + Temperature-Controlled Cargo Crisis,SIN,Changi,2026-01-22T14:00:00Z,DEPARTURE,38,45,4,Y,NONE
SLT-4-SIN-15,4,Paris Winter Storm + Temperature-Controlled Cargo Crisis,SIN,Changi,2026-01-22T15:00:00Z,DEPARTURE,45,35,6,Y,NONE
SLT-4-SIN-16,4,Paris Winter Storm + Temperature-Controlled Cargo Crisis,SIN,Changi,2026-01-22T16:00:00Z,ARRIVAL,48,35,6,N,NONE
SLT-4-SIN-17,4,Paris Winter Storm + Temperature-Controlled Cargo Crisis,SIN,Changi,2026-01-22T17:00:00Z,ARRIVAL,22,31,4,N,WEATHER
SLT-4-SIN-18,4,Paris Winter Storm + Temperature-Controlled Cargo Crisis,SIN,Changi,2026-01-22T18:00:00Z,DEPARTURE,48,42,2,N,NONE
SLT-4-SIN-19,4,Paris Winter Storm + Temperature-Controlled Cargo Crisis,SIN,Changi,2026-01-22T19:00:00Z,ARRIVAL,34,37,3,N,NONE
SLT-4-SIN-20,4,Paris Winter Storm + Temperature-Controlled Cargo Crisis,SIN,Changi,2026-01-22T20:00:00Z,DEPARTURE,42,28,2,Y,NONE
SLT-4-SIN-21,4,Paris Winter Storm + Temperature-Controlled Cargo Crisis,SIN,Changi,2026-01-22T21:00:00Z,DEPARTURE,33,45,5,N,NONE
SLT-4-SIN-22,4,Paris Winter Storm + Temperature-Controlled Cargo Crisis,SIN,Changi,2026-01-22T22:00:00Z,DEPARTURE,43,30,0,Y,NONE
SLT-4-SIN-23,4,Paris Winter Storm + Temperature-Controlled Cargo Crisis,SIN,Changi,2026-01-22T23:00:00Z,DEPARTURE,43,39,0,N,NONE
SLT-4-CDG-06,4,Paris Winter Storm + Temperature-Controlled Cargo Crisis,CDG,Charles de Gaulle,2026-01-22T06:00:00Z,DEPARTURE,47,38,0,Y,NONE
SLT-4-CDG-07,4,Paris Winter Storm + Temperature-Controlled Cargo Crisis,CDG,Charles de Gaulle,2026-01-22T07:00:00Z,DEPARTURE,35,33,7,N,NONE
SLT-4-CDG-08,4,Paris Winter Storm + Temperature-Controlled Cargo Crisis,CDG,Charles de Gaulle,2026-01-22T08:00:00Z,ARRIVAL,31,36,5,N,NONE
SLT-4-CDG-09,4,Paris Winter Storm + Temperature-Controlled Cargo Crisis,CDG,Charles de Gaulle,2026-01-22T09:00:00Z,ARRIVAL,40,27,7,Y,NONE
SLT-4-CDG-10,4,Paris Winter Storm + Temperature-Controlled Cargo Crisis,CDG,Charles de Gaulle,2026-01-22T10:00:00Z,DEPARTURE,36,16,10,Y,CAPACITY
SLT-4-CDG-11,4,Paris Winter Storm + Temperature-Controlled Cargo Crisis,CDG,Charles de Gaulle,2026-01-22T11:00:00Z,ARRIVAL,33,31,8,N,NONE
SLT-4-CDG-12,4,Paris Winter Storm + Temperature-Controlled Cargo Crisis,CDG,Charles de Gaulle,2026-01-22T12:00:00Z,ARRIVAL,40,43,6,Y,NONE
SLT-4-CDG-13,4,Paris Winter Storm + Temperature-Controlled Cargo Crisis,CDG,Charles de Gaulle,2026-01-22T13:00:00Z,ARRIVAL,38,38,5,N,NONE
SLT-4-CDG-14,4,Paris Winter Storm + Temperature-Controlled Cargo Crisis,CDG,Charles de Gaulle,2026-01-22T14:00:00Z,DEPARTURE,48,34,6,N,NONE
SLT-4-CDG-15,4,Paris Winter Storm + Temperature-Controlled Cargo Crisis,CDG,Charles de Gaulle,2026-01-22T15:00:00Z,ARRIVAL,45,17,5,N,NONE
SLT-4-CDG-16,4,Paris Winter Storm + Temperature-Controlled Cargo Crisis,CDG,Charles de Gaulle,2026-01-22T16:00:00Z,DEPARTURE,33,25,8,N,NONE
SLT-4-CDG-17,4,Paris Winter Storm + Temperature-Controlled Cargo Crisis,CDG,Charles de Gaulle,2026-01-22T17:00:00Z,ARRIVAL,44,25,5,Y,NONE
SLT-4-CDG-18,4,Paris Winter Storm + Temperature-Controlled Cargo Crisis,CDG,Charles de Gaulle,2026-01-22T18:00:00Z,ARRIVAL,43,25,9,N,NOISE
SLT-4-CDG-19,4,Paris Winter Storm + Temperature-Controlled Cargo Crisis,CDG,Charles de Gaulle,2026-01-22T19:00:00Z,DEPARTURE,31,29,2,Y,NONE
SLT-4-CDG-20,4,Paris Winter Storm + Temperature-Controlled Cargo Crisis,CDG,Charles de Gaulle,2026-01-22T20:00:00Z,ARRIVAL,45,33,9,N,WEATHER
SLT-4-CDG-21,4,Paris Winter Storm + Temperature-Controlled Cargo Crisis,CDG,Charles de Gaulle,2026-01-22T21:00:00Z,ARRIVAL,38,15,3,Y,NONE
SLT-4-CDG-22,4,Paris Winter Storm + Temperature-Controlled Cargo Crisis,CDG,Charles de Gaulle,2026-01-22T22:00:00Z,DEPARTURE,37,16,8,N,NONE
SLT-4-CDG-23,4,Paris Winter Storm + Temperature-Controlled Cargo Crisis,CDG,Charles de Gaulle,2026-01-22T23:00:00Z,ARRIVAL,38,28,5,N,NONE
SLT-4-FRA-06,4,Paris Winter Storm + Temperature-Controlled Cargo Crisis,FRA,Frankfurt,2026-01-22T06:00:00Z,ARRIVAL,33,44,0,Y,NONE
SLT-4-FRA-07,4,Paris Winter Storm + Temperature-Controlled Cargo Crisis,FRA,Frankfurt,2026-01-22T07:00:00Z,DEPARTURE,49,18,5,N,NOISE
SLT-4-FRA-08,4,Paris Winter Storm + Temperature-Controlled Cargo Crisis,FRA,Frankfurt,2026-01-22T08:00:00Z,DEPARTURE,49,38,3,Y,NONE
SLT-4-FRA-09,4,Paris Winter Storm + Temperature-Controlled Cargo Crisis,FRA,Frankfurt,2026-01-22T09:00:00Z,DEPARTURE,38,23,0,N,NONE
SLT-4-FRA-10,4,Paris Winter Storm + Temperature-Controlled Cargo Crisis,FRA,Frankfurt,2026-01-22T10:00:00Z,ARRIVAL,40,33,6,N,NONE
SLT-4-FRA-11,4,Paris Winter Storm + Temperature-Controlled Cargo Crisis,FRA,Frankfurt,2026-01-22T11:00:00Z,DEPARTURE,50,43,5,N,WEATHER
SLT-4-FRA-12,4,Paris Winter Storm + Temperature-Controlled Cargo Crisis,FRA,Frankfurt,2026-01-22T12:00:00Z,ARRIVAL,47,38,9,N,NONE
SLT-4-FRA-13,4,Paris Winter Storm + Temperature-Controlled Cargo Crisis,FRA,Frankfurt,2026-01-22T13:00:00Z,ARRIVAL,36,30,5,Y,NONE
SLT-4-FRA-14,4,Paris Winter Storm + Temperature-Controlled Cargo Crisis,FRA,Frankfurt,2026-01-22T14:00:00Z,ARRIVAL,33,27,9,Y,NONE
SLT-4-FRA-15,4,Paris Winter Storm + Temperature-Controlled Cargo Crisis,FRA,Frankfurt,2026-01-22T15:00:00Z,DEPARTURE,20,22,1,Y,NONE
SLT-4-FRA-16,4,Paris Winter Storm + Temperature-Controlled Cargo Crisis,FRA,Frankfurt,2026-01-22T16:00:00Z,ARRIVAL,21,17,4,N,NONE
SLT-4-FRA-17,4,Paris Winter Storm + Temperature-Controlled Cargo Crisis,FRA,Frankfurt,2026-01-22T17:00:00Z,DEPARTURE,46,30,8,N,NONE
SLT-4-FRA-18,4,Paris Winter Storm + Temperature-Controlled Cargo Crisis,FRA,Frankfurt,2026-01-22T18:00:00Z,DEPARTURE,45,24,4,Y,NONE
SLT-4-FRA-19,4,Paris Winter Storm + Temperature-Controlled Cargo Crisis,FRA,Frankfurt,2026-01-22T19:00:00Z,DEPARTURE,44,34,6,N,NONE
SLT-4-FRA-20,4,Paris Winter Storm + Temperature-Controlled Cargo Crisis,FRA,Frankfurt,2026-01-22T20:00:00Z,ARRIVAL,38,39,7,N,NONE
SLT-4-FRA-21,4,Paris Winter Storm + Temperature-Controlled Cargo Crisis,FRA,Frankfurt,2026-01-22T21:00:00Z,ARRIVAL,38,26,2,N,NONE
SLT-4-FRA-22,4,Paris Winter Storm + Temperature-Controlled Cargo Crisis,FRA,Frankfurt,2026-01-22T22:00:00Z,ARRIVAL,24,18,10,N,NONE
SLT-4-FRA-23,4,Paris Winter Storm + Temperature-Controlled Cargo Crisis,FRA,Frankfurt,2026-01-22T23:00:00Z,ARRIVAL,20,29,3,N,NONE
SLT-4-JFK-06,4,Paris Winter Storm + Temperature-Controlled Cargo Crisis,JFK,John F Kennedy,2026-01-22T06:00:00Z,DEPARTURE,43,29,2,N,NONE
SLT-4-JFK-07,4,Paris Winter Storm + Temperature-Controlled Cargo Crisis,JFK,John F Kennedy,2026-01-22T07:00:00Z,ARRIVAL,47,16,9,N,NONE
SLT-4-JFK-08,4,Paris Winter Storm + Temperature-Controlled Cargo Crisis,JFK,John F Kennedy,2026-01-22T08:00:00Z,ARRIVAL,29,38,1,Y,WEATHER
SLT-4-JFK-09,4,Paris Winter Storm + Temperature-Controlled Cargo Crisis,JFK,John F Kennedy,2026-01-22T09:00:00Z,ARRIVAL,50,22,7,N,NONE
SLT-4-JFK-10,4,Paris Winter Storm + Temperature-Controlled Cargo Crisis,JFK,John F Kennedy,2026-01-22T10:00:00Z,DEPARTURE,44,32,4,Y,WEATHER
SLT-4-JFK-11,4,Paris Winter Storm + Temperature-Controlled Cargo Crisis,JFK,John F Kennedy,2026-01-22T11:00:00Z,DEPARTURE,22,33,4,N,NONE
SLT-4-JFK-12,4,Paris Winter Storm + Temperature-Controlled Cargo Crisis,JFK,John F Kennedy,2026-01-22T12:00:00Z,ARRIVAL,46,30,7,N,NONE
SLT-4-JFK-13,4,Paris Winter Storm + Temperature-Controlled Cargo Crisis,JFK,John F Kennedy,2026-01-22T13:00:00Z,ARRIVAL,20,43,0,N,NONE
SLT-4-JFK-14,4,Paris Winter Storm + Temperature-Controlled Cargo Crisis,JFK,John F Kennedy,2026-01-22T14:00:00Z,ARRIVAL,38,44,4,N,NONE
SLT-4-JFK-15,4,Paris Winter Storm + Temperature-Controlled Cargo Crisis,JFK,John F Kennedy,2026-01-22T15:00:00Z,ARRIVAL,48,33,4,N,NONE
SLT-4-JFK-16,4,Paris Winter Storm + Temperature-Controlled Cargo Crisis,JFK,John F Kennedy,2026-01-22T16:00:00Z,DEPARTURE,41,44,1,N,NONE
SLT-4-JFK-17,4,Paris Winter Storm + Temperature-Controlled Cargo Crisis,JFK,John F Kennedy,2026-01-22T17:00:00Z,DEPARTURE,27,43,8,N,NONE
SLT-4-JFK-18,4,Paris Winter Storm + Temperature-Controlled Cargo Crisis,JFK,John F Kennedy,2026-01-22T18:00:00Z,ARRIVAL,39,26,1,N,NONE
SLT-4-JFK-19,4,Paris Winter Storm + Temperature-Controlled Cargo Crisis,JFK,John F Kennedy,2026-01-22T19:00:00Z,DEPARTURE,20,27,5,N,WEATHER
SLT-4-JFK-20,4,Paris Winter Storm + Temperature-Controlled Cargo Crisis,JFK,John F Kennedy,2026-01-22T20:00:00Z,ARRIVAL,44,41,10,N,NONE
SLT-4-JFK-21,4,Paris Winter Storm + Temperature-Controlled Cargo Crisis,JFK,John F Kennedy,2026-01-22T21:00:00Z,ARRIVAL,26,32,4,Y,NONE
SLT-4-JFK-22,4,Paris Winter Storm + Temperature-Controlled Cargo Crisis,JFK,John F Kennedy,2026-01-22T22:00:00Z,ARRIVAL,31,41,10,Y,NONE
SLT-4-JFK-23,4,Paris Winter Storm + Temperature-Controlled Cargo Crisis,JFK,John F Kennedy,2026-01-22T23:00:00Z,DEPARTURE,41,27,4,N,WEATHER
SLT-4-DEL-06,4,Paris Winter Storm + Temperature-Controlled Cargo Crisis,DEL,Indira Gandhi,2026-01-22T06:00:00Z,ARRIVAL,50,23,4,Y,NONE
SLT-4-DEL-07,4,Paris Winter Storm + Temperature-Controlled Cargo Crisis,DEL,Indira Gandhi,2026-01-22T07:00:00Z,ARRIVAL,32,36,1,N,CAPACITY
SLT-4-DEL-08,4,Paris Winter Storm + Temperature-Controlled Cargo Crisis,DEL,Indira Gandhi,2026-01-22T08:00:00Z,DEPARTURE,40,25,6,Y,NOISE
SLT-4-DEL-09,4,Paris Winter Storm + Temperature-Controlled Cargo Crisis,DEL,Indira Gandhi,2026-01-22T09:00:00Z,DEPARTURE,20,20,0,N,NONE
SLT-4-DEL-10,4,Paris Winter Storm + Temperature-Controlled Cargo Crisis,DEL,Indira Gandhi,2026-01-22T10:00:00Z,DEPARTURE,33,30,7,N,NONE
SLT-4-DEL-11,4,Paris Winter Storm + Temperature-Controlled Cargo Crisis,DEL,Indira Gandhi,2026-01-22T11:00:00Z,DEPARTURE,22,36,6,Y,NONE
SLT-4-DEL-12,4,Paris Winter Storm + Temperature-Controlled Cargo Crisis,DEL,Indira Gandhi,2026-01-22T12:00:00Z,DEPARTURE,34,26,5,N,NONE
SLT-4-DEL-13,4,Paris Winter Storm + Temperature-Controlled Cargo Crisis,DEL,Indira Gandhi,2026-01-22T13:00:00Z,DEPARTURE,40,23,5,N,NONE
SLT-4-DEL-14,4,Paris Winter Storm + Temperature-Controlled Cargo Crisis,DEL,Indira Gandhi,2026-01-22T14:00:00Z,ARRIVAL,44,37,7,N,NONE
SLT-4-DEL-15,4,Paris Winter Storm + Temperature-Controlled Cargo Crisis,DEL,Indira Gandhi,2026-01-22T15:00:00Z,DEPARTURE,38,34,4,Y,NONE
SLT-4-DEL-16,4,Paris Winter Storm + Temperature-Controlled Cargo Crisis,DEL,Indira Gandhi,2026-01-22T16:00:00Z,ARRIVAL,23,34,6,N,NONE
SLT-4-DEL-17,4,Paris Winter Storm + Temperature-Controlled Cargo Crisis,DEL,Indira Gandhi,2026-01-22T17:00:00Z,ARRIVAL,43,29,3,N,NOISE
SLT-4-DEL-18,4,Paris Winter Storm + Temperature-Controlled Cargo Crisis,DEL,Indira Gandhi,2026-01-22T18:00:00Z,ARRIVAL,46,44,3,Y,NONE
SLT-4-DEL-19,4,Paris Winter Storm + Temperature-Controlled Cargo Crisis,DEL,Indira Gandhi,2026-01-22T19:00:00Z,ARRIVAL,27,38,9,N,NONE
SLT-4-DEL-20,4,Paris Winter Storm + Temperature-Controlled Cargo Crisis,DEL,Indira Gandhi,2026-01-22T20:00:00Z,DEPARTURE,43,18,0,N,NONE
SLT-4-DEL-21,4,Paris Winter Storm + Temperature-Controlled Cargo Crisis,DEL,Indira Gandhi,2026-01-22T21:00:00Z,ARRIVAL,44,43,0,N,NONE
SLT-4-DEL-22,4,Paris Winter Storm + Temperature-Controlled Cargo Crisis,DEL,Indira Gandhi,2026-01-22T22:00:00Z,DEPARTURE,34,21,2,Y,NONE
SLT-4-DEL-23,4,Paris Winter Storm + Temperature-Controlled Cargo Crisis,DEL,Indira Gandhi,2026-01-22T23:00:00Z,ARRIVAL,43,42,4,N,NONE
SLT-4-SYD-06,4,Paris Winter Storm + Temperature-Controlled Cargo Crisis,SYD,Sydney Kingsford Smith,2026-01-22T06:00:00Z,ARRIVAL,42,37,8,N,CAPACITY
SLT-4-SYD-07,4,Paris Winter Storm + Temperature-Controlled Cargo Crisis,SYD,Sydney Kingsford Smith,2026-01-22T07:00:00Z,DEPARTURE,33,30,5,N,NONE
SLT-4-SYD-08,4,Paris Winter Storm + Temperature-Controlled Cargo Crisis,SYD,Sydney Kingsford Smith,2026-01-22T08:00:00Z,DEPARTURE,32,42,0,N,NONE
SLT-4-SYD-09,4,Paris Winter Storm + Temperature-Controlled Cargo Crisis,SYD,Sydney Kingsford Smith,2026-01-22T09:00:00Z,ARRIVAL,31,36,6,Y,NONE
SLT-4-SYD-10,4,Paris Winter Storm + Temperature-Controlled Cargo Crisis,SYD,Sydney Kingsford Smith,2026-01-22T10:00:00Z,DEPARTURE,33,44,7,Y,NONE
SLT-4-SYD-11,4,Paris Winter Storm + Temperature-Controlled Cargo Crisis,SYD,Sydney Kingsford Smith,2026-01-22T11:00:00Z,ARRIVAL,49,31,4,N,NONE
SLT-4-SYD-12,4,Paris Winter Storm + Temperature-Controlled Cargo Crisis,SYD,Sydney Kingsford Smith,2026-01-22T12:00:00Z,ARRIVAL,32,19,8,N,NONE
SLT-4-SYD-13,4,Paris Winter Storm + Temperature-Controlled Cargo Crisis,SYD,Sydney Kingsford Smith,2026-01-22T13:00:00Z,DEPARTURE,33,19,7,Y,NONE
SLT-4-SYD-14,4,Paris Winter Storm + Temperature-Controlled Cargo Crisis,SYD,Sydney Kingsford Smith,2026-01-22T14:00:00Z,ARRIVAL,21,17,10,N,NONE
SLT-4-SYD-15,4,Paris Winter Storm + Temperature-Controlled Cargo Crisis,SYD,Sydney Kingsford Smith,2026-01-22T15:00:00Z,ARRIVAL,20,20,2,N,NONE
SLT-4-SYD-16,4,Paris Winter Storm + Temperature-Controlled Cargo Crisis,SYD,Sydney Kingsford Smith,2026-01-22T16:00:00Z,DEPARTURE,47,33,10,Y,NONE
SLT-4-SYD-17,4,Paris Winter Storm + Temperature-Controlled Cargo Crisis,SYD,Sydney Kingsford Smith,2026-01-22T17:00:00Z,ARRIVAL,47,30,10,Y,NONE
SLT-4-SYD-18,4,Paris Winter Storm + Temperature-Controlled Cargo Crisis,SYD,Sydney Kingsford Smith,2026-01-22T18:00:00Z,ARRIVAL,36,37,7,Y,NONE
SLT-4-SYD-19,4,Paris Winter Storm + Temperature-Controlled Cargo Crisis,SYD,Sydney Kingsford Smith,2026-01-22T19:00:00Z,DEPARTURE,38,35,5,Y,NONE
SLT-4-SYD-20,4,Paris Winter Storm + Temperature-Controlled Cargo Crisis,SYD,Sydney Kingsford Smith,2026-01-22T20:00:00Z,DEPARTURE,28,19,9,N,NONE
SLT-4-SYD-21,4,Paris Winter Storm + Temperature-Controlled Cargo Crisis,SYD,Sydney Kingsford Smith,2026-01-22T21:00:00Z,DEPARTURE,26,19,2,N,CAPACITY
SLT-4-SYD-22,4,Paris Winter Storm + Temperature-Controlled Cargo Crisis,SYD,Sydney Kingsford Smith,2026-01-22T22:00:00Z,DEPARTURE,27,37,3,N,CAPACITY
SLT-4-SYD-23,4,Paris Winter Storm + Temperature-Controlled Cargo Crisis,SYD,Sydney Kingsford Smith,2026-01-22T23:00:00Z,DEPARTURE,20,33,3,N,CAPACITY
SLT-4-CAI-06,4,Paris Winter Storm + Temperature-Controlled Cargo Crisis,CAI,Cairo International,2026-01-22T06:00:00Z,ARRIVAL,49,27,8,Y,NONE
SLT-4-CAI-07,4,Paris Winter Storm + Temperature-Controlled Cargo Crisis,CAI,Cairo International,2026-01-22T07:00:00Z,DEPARTURE,46,44,0,N,NONE
SLT-4-CAI-08,4,Paris Winter Storm + Temperature-Controlled Cargo Crisis,CAI,Cairo International,2026-01-22T08:00:00Z,ARRIVAL,25,20,10,Y,WEATHER
SLT-4-CAI-09,4,Paris Winter Storm + Temperature-Controlled Cargo Crisis,CAI,Cairo International,2026-01-22T09:00:00Z,DEPARTURE,32,29,3,N,WEATHER
SLT-4-CAI-10,4,Paris Winter Storm + Temperature-Controlled Cargo Crisis,CAI,Cairo International,2026-01-22T10:00:00Z,ARRIVAL,39,36,3,N,NONE
SLT-4-CAI-11,4,Paris Winter Storm + Temperature-Controlled Cargo Crisis,CAI,Cairo International,2026-01-22T11:00:00Z,DEPARTURE,47,26,10,N,CAPACITY
SLT-4-CAI-12,4,Paris Winter Storm + Temperature-Controlled Cargo Crisis,CAI,Cairo International,2026-01-22T12:00:00Z,DEPARTURE,48,19,6,Y,NONE
SLT-4-CAI-13,4,Paris Winter Storm + Temperature-Controlled Cargo Crisis,CAI,Cairo International,2026-01-22T13:00:00Z,ARRIVAL,31,25,4,N,NONE
SLT-4-CAI-14,4,Paris Winter Storm + Temperature-Controlled Cargo Crisis,CAI,Cairo International,2026-01-22T14:00:00Z,DEPARTURE,47,34,4,N,NONE
SLT-4-CAI-15,4,Paris Winter Storm + Temperature-Controlled Cargo Crisis,CAI,Cairo International,2026-01-22T15:00:00Z,DEPARTURE,27,22,6,Y,NONE
SLT-4-CAI-16,4,Paris Winter Storm + Temperature-Controlled Cargo Crisis,CAI,Cairo International,2026-01-22T16:00:00Z,ARRIVAL,27,18,10,N,NOISE
SLT-4-CAI-17,4,Paris Winter Storm + Temperature-Controlled Cargo Crisis,CAI,Cairo International,2026-01-22T17:00:00Z,ARRIVAL,47,42,6,N,NONE
SLT-4-CAI-18,4,Paris Winter Storm + Temperature-Controlled Cargo Crisis,CAI,Cairo International,2026-01-22T18:00:00Z,DEPARTURE,23,36,5,N,NONE
SLT-4-CAI-19,4,Paris Winter Storm + Temperature-Controlled Cargo Crisis,CAI,Cairo International,2026-01-22T19:00:00Z,DEPARTURE,40,38,6,N,NONE
SLT-4-CAI-20,4,Paris Winter Storm + Temperature-Controlled Cargo Crisis,CAI,Cairo International,2026-01-22T20:00:00Z,DEPARTURE,36,35,9,N,CAPACITY
SLT-4-CAI-21,4,Paris Winter Storm + Temperature-Controlled Cargo Crisis,CAI,Cairo International,2026-01-22T21:00:00Z,ARRIVAL,24,22,0,Y,WEATHER
SLT-4-CAI-22,4,Paris Winter Storm + Temperature-Controlled Cargo Crisis,CAI,Cairo International,2026-01-22T22:00:00Z,ARRIVAL,47,35,6,N,NOISE
SLT-4-CAI-23,4,Paris Winter Storm + Temperature-Controlled Cargo Crisis,CAI,Cairo International,2026-01-22T23:00:00Z,ARRIVAL,23,40,3,N,CAPACITY
SLT-4-FCO-06,4,Paris Winter Storm + Temperature-Controlled Cargo Crisis,FCO,Fiumicino,2026-01-22T06:00:00Z,DEPARTURE,35,40,9,N,NONE
SLT-4-FCO-07,4,Paris Winter Storm + Temperature-Controlled Cargo Crisis,FCO,Fiumicino,2026-01-22T07:00:00Z,DEPARTURE,46,30,4,N,NONE
SLT-4-FCO-08,4,Paris Winter Storm + Temperature-Controlled Cargo Crisis,FCO,Fiumicino,2026-01-22T08:00:00Z,ARRIVAL,20,19,0,Y,NONE
SLT-4-FCO-09,4,Paris Winter Storm + Temperature-Controlled Cargo Crisis,FCO,Fiumicino,2026-01-22T09:00:00Z,ARRIVAL,26,43,6,Y,NONE
SLT-4-FCO-10,4,Paris Winter Storm + Temperature-Controlled Cargo Crisis,FCO,Fiumicino,2026-01-22T10:00:00Z,DEPARTURE,22,16,5,N,NONE
SLT-4-FCO-11,4,Paris Winter Storm + Temperature-Controlled Cargo Crisis,FCO,Fiumicino,2026-01-22T11:00:00Z,ARRIVAL,35,41,4,N,NONE
SLT-4-FCO-12,4,Paris Winter Storm + Temperature-Controlled Cargo Crisis,FCO,Fiumicino,2026-01-22T12:00:00Z,DEPARTURE,31,29,8,Y,CAPACITY
SLT-4-FCO-13,4,Paris Winter Storm + Temperature-Controlled Cargo Crisis,FCO,Fiumicino,2026-01-22T13:00:00Z,DEPARTURE,39,27,2,Y,WEATHER
SLT-4-FCO-14,4,Paris Winter Storm + Temperature-Controlled Cargo Crisis,FCO,Fiumicino,2026-01-22T14:00:00Z,ARRIVAL,34,24,5,N,NONE
SLT-4-FCO-15,4,Paris Winter Storm + Temperature-Controlled Cargo Crisis,FCO,Fiumicino,2026-01-22T15:00:00Z,ARRIVAL,37,25,3,N,NONE
SLT-4-FCO-16,4,Paris Winter Storm + Temperature-Controlled Cargo Crisis,FCO,Fiumicino,2026-01-22T16:00:00Z,DEPARTURE,30,24,8,N,NONE
SLT-4-FCO-17,4,Paris Winter Storm + Temperature-Controlled Cargo Crisis,FCO,Fiumicino,2026-01-22T17:00:00Z,ARRIVAL,28,28,10,N,NONE
SLT-4-FCO-18,4,Paris Winter Storm + Temperature-Controlled Cargo Crisis,FCO,Fiumicino,2026-01-22T18:00:00Z,ARRIVAL,33,34,2,N,NONE
SLT-4-FCO-19,4,Paris Winter Storm + Temperature-Controlled Cargo Crisis,FCO,Fiumicino,2026-01-22T19:00:00Z,ARRIVAL,26,30,1,N,NONE
SLT-4-FCO-20,4,Paris Winter Storm + Temperature-Controlled Cargo Crisis,FCO,Fiumicino,2026-01-22T20:00:00Z,DEPARTURE,23,35,9,N,NONE
SLT-4-FCO-21,4,Paris Winter Storm + Temperature-Controlled Cargo Crisis,FCO,Fiumicino,2026-01-22T21:00:00Z,ARRIVAL,49,41,5,N,NONE
SLT-4-FCO-22,4,Paris Winter Storm + Temperature-Controlled Cargo Crisis,FCO,Fiumicino,2026-01-22T22:00:00Z,DEPARTURE,34,22,1,N,NONE
SLT-4-FCO-23,4,Paris Winter Storm + Temperature-Controlled Cargo Crisis,FCO,Fiumicino,2026-01-22T23:00:00Z,ARRIVAL,22,41,3,Y,NONE
SLT-4-DOH-06,4,Paris Winter Storm + Temperature-Controlled Cargo Crisis,DOH,Hamad International,2026-01-22T06:00:00Z,DEPARTURE,31,35,2,N,NONE
SLT-4-DOH-07,4,Paris Winter Storm + Temperature-Controlled Cargo Crisis,DOH,Hamad International,2026-01-22T07:00:00Z,DEPARTURE,21,16,5,N,NONE
SLT-4-DOH-08,4,Paris Winter Storm + Temperature-Controlled Cargo Crisis,DOH,Hamad International,2026-01-22T08:00:00Z,DEPARTURE,41,45,6,Y,NONE
SLT-4-DOH-09,4,Paris Winter Storm + Temperature-Controlled Cargo Crisis,DOH,Hamad International,2026-01-22T09:00:00Z,ARRIVAL,26,44,6,N,NONE
SLT-4-DOH-10,4,Paris Winter Storm + Temperature-Controlled Cargo Crisis,DOH,Hamad International,2026-01-22T10:00:00Z,DEPARTURE,22,26,9,N,NONE
SLT-4-DOH-11,4,Paris Winter Storm + Temperature-Controlled Cargo Crisis,DOH,Hamad International,2026-01-22T11:00:00Z,ARRIVAL,45,21,3,N,NONE
SLT-4-DOH-12,4,Paris Winter Storm + Temperature-Controlled Cargo Crisis,DOH,Hamad International,2026-01-22T12:00:00Z,DEPARTURE,47,29,2,N,NONE
SLT-4-DOH-13,4,Paris Winter Storm + Temperature-Controlled Cargo Crisis,DOH,Hamad International,2026-01-22T13:00:00Z,ARRIVAL,36,32,5,N,NONE
SLT-4-DOH-14,4,Paris Winter Storm + Temperature-Controlled Cargo Crisis,DOH,Hamad International,2026-01-22T14:00:00Z,DEPARTURE,38,33,3,N,NONE
SLT-4-DOH-15,4,Paris Winter Storm + Temperature-Controlled Cargo Crisis,DOH,Hamad International,2026-01-22T15:00:00Z,ARRIVAL,33,37,2,N,NONE
SLT-4-DOH-16,4,Paris Winter Storm + Temperature-Controlled Cargo Crisis,DOH,Hamad International,2026-01-22T16:00:00Z,ARRIVAL,45,21,3,N,NONE
SLT-4-DOH-17,4,Paris Winter Storm + Temperature-Controlled Cargo Crisis,DOH,Hamad International,2026-01-22T17:00:00Z,DEPARTURE,24,16,1,N,NONE
SLT-4-DOH-18,4,Paris Winter Storm + Temperature-Controlled Cargo Crisis,DOH,Hamad International,2026-01-22T18:00:00Z,ARRIVAL,41,41,0,Y,NONE
SLT-4-DOH-19,4,Paris Winter Storm + Temperature-Controlled Cargo Crisis,DOH,Hamad International,2026-01-22T19:00:00Z,ARRIVAL,40,45,0,Y,NOISE
SLT-4-DOH-20,4,Paris Winter Storm + Temperature-Controlled Cargo Crisis,DOH,Hamad International,2026-01-22T20:00:00Z,DEPARTURE,33,39,0,N,NONE
SLT-4-DOH-21,4,Paris Winter Storm + Temperature-Controlled Cargo Crisis,DOH,Hamad International,2026-01-22T21:00:00Z,DEPARTURE,24,42,8,N,NONE
SLT-4-DOH-22,4,Paris Winter Storm + Temperature-Controlled Cargo Crisis,DOH,Hamad International,2026-01-22T22:00:00Z,DEPARTURE,35,19,9,Y,NONE
SLT-4-DOH-23,4,Paris Winter Storm + Temperature-Controlled Cargo Crisis,DOH,Hamad International,2026-01-22T23:00:00Z,ARRIVAL,49,24,7,N,NONE
SLT-4-MCT-06,4,Paris Winter Storm + Temperature-Controlled Cargo Crisis,MCT,Muscat International,2026-01-22T06:00:00Z,ARRIVAL,35,30,10,N,NONE
SLT-4-MCT-07,4,Paris Winter Storm + Temperature-Controlled Cargo Crisis,MCT,Muscat International,2026-01-22T07:00:00Z,ARRIVAL,35,45,3,N,NONE
SLT-4-MCT-08,4,Paris Winter Storm + Temperature-Controlled Cargo Crisis,MCT,Muscat International,2026-01-22T08:00:00Z,ARRIVAL,50,25,1,N,CAPACITY
SLT-4-MCT-09,4,Paris Winter Storm + Temperature-Controlled Cargo Crisis,MCT,Muscat International,2026-01-22T09:00:00Z,DEPARTURE,47,30,4,Y,NOISE
SLT-4-MCT-10,4,Paris Winter Storm + Temperature-Controlled Cargo Crisis,MCT,Muscat International,2026-01-22T10:00:00Z,ARRIVAL,28,30,5,N,NONE
SLT-4-MCT-11,4,Paris Winter Storm + Temperature-Controlled Cargo Crisis,MCT,Muscat International,2026-01-22T11:00:00Z,ARRIVAL,37,43,2,N,NONE
SLT-4-MCT-12,4,Paris Winter Storm + Temperature-Controlled Cargo Crisis,MCT,Muscat International,2026-01-22T12:00:00Z,DEPARTURE,38,32,5,Y,NOISE
SLT-4-MCT-13,4,Paris Winter Storm + Temperature-Controlled Cargo Crisis,MCT,Muscat International,2026-01-22T13:00:00Z,DEPARTURE,28,18,3,Y,CAPACITY
SLT-4-MCT-14,4,Paris Winter Storm + Temperature-Controlled Cargo Crisis,MCT,Muscat International,2026-01-22T14:00:00Z,ARRIVAL,44,20,7,Y,CAPACITY
SLT-4-MCT-15,4,Paris Winter Storm + Temperature-Controlled Cargo Crisis,MCT,Muscat International,2026-01-22T15:00:00Z,ARRIVAL,21,28,8,Y,NONE
SLT-4-MCT-16,4,Paris Winter Storm + Temperature-Controlled Cargo Crisis,MCT,Muscat International,2026-01-22T16:00:00Z,DEPARTURE,38,28,7,Y,NONE
SLT-4-MCT-17,4,Paris Winter Storm + Temperature-Controlled Cargo Crisis,MCT,Muscat International,2026-01-22T17:00:00Z,DEPARTURE,34,19,2,Y,WEATHER
SLT-4-MCT-18,4,Paris Winter Storm + Temperature-Controlled Cargo Crisis,MCT,Muscat International,2026-01-22T18:00:00Z,ARRIVAL,20,37,1,N,NONE
SLT-4-MCT-19,4,Paris Winter Storm + Temperature-Controlled Cargo Crisis,MCT,Muscat International,2026-01-22T19:00:00Z,DEPARTURE,41,31,0,N,NONE
SLT-4-MCT-20,4,Paris Winter Storm + Temperature-Controlled Cargo Crisis,MCT,Muscat International,2026-01-22T20:00:00Z,ARRIVAL,48,29,8,N,NONE
SLT-4-MCT-21,4,Paris Winter Storm + Temperature-Controlled Cargo Crisis,MCT,Muscat International,2026-01-22T21:00:00Z,ARRIVAL,24,30,10,N,NOISE
SLT-4-MCT-22,4,Paris Winter Storm + Temperature-Controlled Cargo Crisis,MCT,Muscat International,2026-01-22T22:00:00Z,DEPARTURE,43,41,0,N,NONE
SLT-4-MCT-23,4,Paris Winter Storm + Temperature-Controlled Cargo Crisis,MCT,Muscat International,2026-01-22T23:00:00Z,DEPARTURE,27,36,4,N,NOISE
SLT-4-JED-06,4,Paris Winter Storm + Temperature-Controlled Cargo Crisis,JED,King Abdulaziz,2026-01-22T06:00:00Z,DEPARTURE,26,27,5,N,NONE
SLT-4-JED-07,4,Paris Winter Storm + Temperature-Controlled Cargo Crisis,JED,King Abdulaziz,2026-01-22T07:00:00Z,ARRIVAL,31,26,8,N,NONE
SLT-4-JED-08,4,Paris Winter Storm + Temperature-Controlled Cargo Crisis,JED,King Abdulaziz,2026-01-22T08:00:00Z,ARRIVAL,35,44,6,Y,NONE
SLT-4-JED-09,4,Paris Winter Storm + Temperature-Controlled Cargo Crisis,JED,King Abdulaziz,2026-01-22T09:00:00Z,ARRIVAL,47,29,0,N,NONE
SLT-4-JED-10,4,Paris Winter Storm + Temperature-Controlled Cargo Crisis,JED,King Abdulaziz,2026-01-22T10:00:00Z,ARRIVAL,36,39,2,N,NONE
SLT-4-JED-11,4,Paris Winter Storm + Temperature-Controlled Cargo Crisis,JED,King Abdulaziz,2026-01-22T11:00:00Z,DEPARTURE,35,29,6,N,NONE
SLT-4-JED-12,4,Paris Winter Storm + Temperature-Controlled Cargo Crisis,JED,King Abdulaziz,2026-01-22T12:00:00Z,DEPARTURE,34,35,0,Y,NONE
SLT-4-JED-13,4,Paris Winter Storm + Temperature-Controlled Cargo Crisis,JED,King Abdulaziz,2026-01-22T13:00:00Z,ARRIVAL,49,32,7,N,NONE
SLT-4-JED-14,4,Paris Winter Storm + Temperature-Controlled Cargo Crisis,JED,King Abdulaziz,2026-01-22T14:00:00Z,ARRIVAL,29,39,4,N,NOISE
SLT-4-JED-15,4,Paris Winter Storm + Temperature-Controlled Cargo Crisis,JED,King Abdulaziz,2026-01-22T15:00:00Z,DEPARTURE,48,33,8,N,NOISE
SLT-4-JED-16,4,Paris Winter Storm + Temperature-Controlled Cargo Crisis,JED,King Abdulaziz,2026-01-22T16:00:00Z,ARRIVAL,22,25,2,N,NONE
SLT-4-JED-17,4,Paris Winter Storm + Temperature-Controlled Cargo Crisis,JED,King Abdulaziz,2026-01-22T17:00:00Z,DEPARTURE,28,42,7,N,NOISE
SLT-4-JED-18,4,Paris Winter Storm + Temperature-Controlled Cargo Crisis,JED,King Abdulaziz,2026-01-22T18:00:00Z,DEPARTURE,31,38,3,Y,NONE
SLT-4-JED-19,4,Paris Winter Storm + Temperature-Controlled Cargo Crisis,JED,King Abdulaziz,2026-01-22T19:00:00Z,DEPARTURE,27,32,7,N,NONE
SLT-4-JED-20,4,Paris Winter Storm + Temperature-Controlled Cargo Crisis,JED,King Abdulaziz,2026-01-22T20:00:00Z,DEPARTURE,42,25,3,N,WEATHER
SLT-4-JED-21,4,Paris Winter Storm + Temperature-Controlled Cargo Crisis,JED,King Abdulaziz,2026-01-22T21:00:00Z,DEPARTURE,23,32,2,Y,NONE
SLT-4-JED-22,4,Paris Winter Storm + Temperature-Controlled Cargo Crisis,JED,King Abdulaziz,2026-01-22T22:00:00Z,DEPARTURE,43,42,3,Y,NONE
SLT-4-JED-23,4,Paris Winter Storm + Temperature-Controlled Cargo Crisis,JED,King Abdulaziz,2026-01-22T23:00:00Z,ARRIVAL,36,42,2,N,NONE
SLT-5-AUH-06,5,Dubai Sandstorm + Hub Congestion + Multiple MEL Aircraft,AUH,Abu Dhabi International,2026-01-23T06:00:00Z,ARRIVAL,42,16,5,Y,WEATHER
SLT-5-AUH-07,5,Dubai Sandstorm + Hub Congestion + Multiple MEL Aircraft,AUH,Abu Dhabi International,2026-01-23T07:00:00Z,DEPARTURE,22,30,6,Y,NONE
SLT-5-AUH-08,5,Dubai Sandstorm + Hub Congestion + Multiple MEL Aircraft,AUH,Abu Dhabi International,2026-01-23T08:00:00Z,DEPARTURE,35,42,9,N,NONE
SLT-5-AUH-09,5,Dubai Sandstorm + Hub Congestion + Multiple MEL Aircraft,AUH,Abu Dhabi International,2026-01-23T09:00:00Z,DEPARTURE,43,27,0,N,NONE
SLT-5-AUH-10,5,Dubai Sandstorm + Hub Congestion + Multiple MEL Aircraft,AUH,Abu Dhabi International,2026-01-23T10:00:00Z,DEPARTURE,46,18,2,N,NONE
SLT-5-AUH-11,5,Dubai Sandstorm + Hub Congestion + Multiple MEL Aircraft,AUH,Abu Dhabi International,2026-01-23T11:00:00Z,DEPARTURE,43,24,8,N,CAPACITY
SLT-5-AUH-12,5,Dubai Sandstorm + Hub Congestion + Multiple MEL Aircraft,AUH,Abu Dhabi International,2026-01-23T12:00:00Z,DEPARTURE,49,40,2,Y,NONE
SLT-5-AUH-13,5,Dubai Sandstorm + Hub Congestion + Multiple MEL Aircraft,AUH,Abu Dhabi International,2026-01-23T13:00:00Z,DEPARTURE,21,42,0,N,NOISE
SLT-5-AUH-14,5,Dubai Sandstorm + Hub Congestion + Multiple MEL Aircraft,AUH,Abu Dhabi International,2026-01-23T14:00:00Z,ARRIVAL,30,25,2,N,NONE
SLT-5-AUH-15,5,Dubai Sandstorm + Hub Congestion + Multiple MEL Aircraft,AUH,Abu Dhabi International,2026-01-23T15:00:00Z,DEPARTURE,33,28,1,N,NONE
SLT-5-AUH-16,5,Dubai Sandstorm + Hub Congestion + Multiple MEL Aircraft,AUH,Abu Dhabi International,2026-01-23T16:00:00Z,ARRIVAL,27,19,0,N,NONE
SLT-5-AUH-17,5,Dubai Sandstorm + Hub Congestion + Multiple MEL Aircraft,AUH,Abu Dhabi International,2026-01-23T17:00:00Z,DEPARTURE,29,45,8,N,NONE
SLT-5-AUH-18,5,Dubai Sandstorm + Hub Congestion + Multiple MEL Aircraft,AUH,Abu Dhabi International,2026-01-23T18:00:00Z,DEPARTURE,30,32,0,N,NONE
SLT-5-AUH-19,5,Dubai Sandstorm + Hub Congestion + Multiple MEL Aircraft,AUH,Abu Dhabi International,2026-01-23T19:00:00Z,DEPARTURE,20,16,9,N,NONE
SLT-5-AUH-20,5,Dubai Sandstorm + Hub Congestion + Multiple MEL Aircraft,AUH,Abu Dhabi International,2026-01-23T20:00:00Z,ARRIVAL,48,34,8,N,NONE
SLT-5-AUH-21,5,Dubai Sandstorm + Hub Congestion + Multiple MEL Aircraft,AUH,Abu Dhabi International,2026-01-23T21:00:00Z,ARRIVAL,44,40,10,N,NONE
SLT-5-AUH-22,5,Dubai Sandstorm + Hub Congestion + Multiple MEL Aircraft,AUH,Abu Dhabi International,2026-01-23T22:00:00Z,ARRIVAL,39,16,3,N,NONE
SLT-5-AUH-23,5,Dubai Sandstorm + Hub Congestion + Multiple MEL Aircraft,AUH,Abu Dhabi International,2026-01-23T23:00:00Z,ARRIVAL,37,36,5,N,NONE
SLT-5-BKK-06,5,Dubai Sandstorm + Hub Congestion + Multiple MEL Aircraft,BKK,Suvarnabhumi,2026-01-23T06:00:00Z,ARRIVAL,38,44,4,N,NONE
SLT-5-BKK-07,5,Dubai Sandstorm + Hub Congestion + Multiple MEL Aircraft,BKK,Suvarnabhumi,2026-01-23T07:00:00Z,DEPARTURE,23,32,9,N,NONE
SLT-5-BKK-08,5,Dubai Sandstorm + Hub Congestion + Multiple MEL Aircraft,BKK,Suvarnabhumi,2026-01-23T08:00:00Z,ARRIVAL,47,44,6,N,CAPACITY
SLT-5-BKK-09,5,Dubai Sandstorm + Hub Congestion + Multiple MEL Aircraft,BKK,Suvarnabhumi,2026-01-23T09:00:00Z,ARRIVAL,34,30,6,N,CAPACITY
SLT-5-BKK-10,5,Dubai Sandstorm + Hub Congestion + Multiple MEL Aircraft,BKK,Suvarnabhumi,2026-01-23T10:00:00Z,ARRIVAL,32,32,10,N,NONE
SLT-5-BKK-11,5,Dubai Sandstorm + Hub Congestion + Multiple MEL Aircraft,BKK,Suvarnabhumi,2026-01-23T11:00:00Z,ARRIVAL,40,39,7,Y,NONE
SLT-5-BKK-12,5,Dubai Sandstorm + Hub Congestion + Multiple MEL Aircraft,BKK,Suvarnabhumi,2026-01-23T12:00:00Z,ARRIVAL,35,33,6,Y,NONE
SLT-5-BKK-13,5,Dubai Sandstorm + Hub Congestion + Multiple MEL Aircraft,BKK,Suvarnabhumi,2026-01-23T13:00:00Z,ARRIVAL,34,16,3,Y,NONE
SLT-5-BKK-14,5,Dubai Sandstorm + Hub Congestion + Multiple MEL Aircraft,BKK,Suvarnabhumi,2026-01-23T14:00:00Z,ARRIVAL,38,17,0,Y,NONE
SLT-5-BKK-15,5,Dubai Sandstorm + Hub Congestion + Multiple MEL Aircraft,BKK,Suvarnabhumi,2026-01-23T15:00:00Z,DEPARTURE,27,25,10,N,NONE
SLT-5-BKK-16,5,Dubai Sandstorm + Hub Congestion + Multiple MEL Aircraft,BKK,Suvarnabhumi,2026-01-23T16:00:00Z,DEPARTURE,42,31,7,N,NONE
SLT-5-BKK-17,5,Dubai Sandstorm + Hub Congestion + Multiple MEL Aircraft,BKK,Suvarnabhumi,2026-01-23T17:00:00Z,DEPARTURE,31,29,1,N,NONE
SLT-5-BKK-18,5,Dubai Sandstorm + Hub Congestion + Multiple MEL Aircraft,BKK,Suvarnabhumi,2026-01-23T18:00:00Z,DEPARTURE,26,21,5,N,NOISE
SLT-5-BKK-19,5,Dubai Sandstorm + Hub Congestion + Multiple MEL Aircraft,BKK,Suvarnabhumi,2026-01-23T19:00:00Z,DEPARTURE,47,45,1,N,CAPACITY
SLT-5-BKK-20,5,Dubai Sandstorm + Hub Congestion + Multiple MEL Aircraft,BKK,Suvarnabhumi,2026-01-23T20:00:00Z,DEPARTURE,48,22,2,Y,NONE
SLT-5-BKK-21,5,Dubai Sandstorm + Hub Congestion + Multiple MEL Aircraft,BKK,Suvarnabhumi,2026-01-23T21:00:00Z,ARRIVAL,33,37,7,Y,NONE
SLT-5-BKK-22,5,Dubai Sandstorm + Hub Congestion + Multiple MEL Aircraft,BKK,Suvarnabhumi,2026-01-23T22:00:00Z,ARRIVAL,33,36,9,N,NONE
SLT-5-BKK-23,5,Dubai Sandstorm + Hub Congestion + Multiple MEL Aircraft,BKK,Suvarnabhumi,2026-01-23T23:00:00Z,ARRIVAL,20,18,6,N,NONE
SLT-5-LHR-06,5,Dubai Sandstorm + Hub Congestion + Multiple MEL Aircraft,LHR,Heathrow,2026-01-23T06:00:00Z,ARRIVAL,27,39,8,N,NONE
SLT-5-LHR-07,5,Dubai Sandstorm + Hub Congestion + Multiple MEL Aircraft,LHR,Heathrow,2026-01-23T07:00:00Z,ARRIVAL,41,43,2,N,NONE
SLT-5-LHR-08,5,Dubai Sandstorm + Hub Congestion + Multiple MEL Aircraft,LHR,Heathrow,2026-01-23T08:00:00Z,ARRIVAL,24,28,10,Y,NONE
SLT-5-LHR-09,5,Dubai Sandstorm + Hub Congestion + Multiple MEL Aircraft,LHR,Heathrow,2026-01-23T09:00:00Z,DEPARTURE,22,37,10,N,NOISE
SLT-5-LHR-10,5,Dubai Sandstorm + Hub Congestion + Multiple MEL Aircraft,LHR,Heathrow,2026-01-23T10:00:00Z,ARRIVAL,38,16,6,Y,NONE
SLT-5-LHR-11,5,Dubai Sandstorm + Hub Congestion + Multiple MEL Aircraft,LHR,Heathrow,2026-01-23T11:00:00Z,DEPARTURE,32,19,5,Y,WEATHER
SLT-5-LHR-12,5,Dubai Sandstorm + Hub Congestion + Multiple MEL Aircraft,LHR,Heathrow,2026-01-23T12:00:00Z,DEPARTURE,42,31,3,N,WEATHER
SLT-5-LHR-13,5,Dubai Sandstorm + Hub Congestion + Multiple MEL Aircraft,LHR,Heathrow,2026-01-23T13:00:00Z,ARRIVAL,21,38,3,N,NONE
SLT-5-LHR-14,5,Dubai Sandstorm + Hub Congestion + Multiple MEL Aircraft,LHR,Heathrow,2026-01-23T14:00:00Z,DEPARTURE,22,27,8,N,NONE
SLT-5-LHR-15,5,Dubai Sandstorm + Hub Congestion + Multiple MEL Aircraft,LHR,Heathrow,2026-01-23T15:00:00Z,ARRIVAL,42,29,10,N,NONE
SLT-5-LHR-16,5,Dubai Sandstorm + Hub Congestion + Multiple MEL Aircraft,LHR,Heathrow,2026-01-23T16:00:00Z,DEPARTURE,38,40,10,N,WEATHER
SLT-5-LHR-17,5,Dubai Sandstorm + Hub Congestion + Multiple MEL Aircraft,LHR,Heathrow,2026-01-23T17:00:00Z,DEPARTURE,47,26,6,N,WEATHER
SLT-5-LHR-18,5,Dubai Sandstorm + Hub Congestion + Multiple MEL Aircraft,LHR,Heathrow,2026-01-23T18:00:00Z,DEPARTURE,46,16,5,N,NONE
SLT-5-LHR-19,5,Dubai Sandstorm + Hub Congestion + Multiple MEL Aircraft,LHR,Heathrow,2026-01-23T19:00:00Z,DEPARTURE,28,23,2,N,NONE
SLT-5-LHR-20,5,Dubai Sandstorm + Hub Congestion + Multiple MEL Aircraft,LHR,Heathrow,2026-01-23T20:00:00Z,DEPARTURE,45,40,8,Y,WEATHER
SLT-5-LHR-21,5,Dubai Sandstorm + Hub Congestion + Multiple MEL Aircraft,LHR,Heathrow,2026-01-23T21:00:00Z,ARRIVAL,37,37,2,N,NONE
SLT-5-LHR-22,5,Dubai Sandstorm + Hub Congestion + Multiple MEL Aircraft,LHR,Heathrow,2026-01-23T22:00:00Z,ARRIVAL,28,18,9,Y,NONE
SLT-5-LHR-23,5,Dubai Sandstorm + Hub Congestion + Multiple MEL Aircraft,LHR,Heathrow,2026-01-23T23:00:00Z,DEPARTURE,38,37,0,N,NONE
SLT-5-SIN-06,5,Dubai Sandstorm + Hub Congestion + Multiple MEL Aircraft,SIN,Changi,2026-01-23T06:00:00Z,DEPARTURE,41,20,8,N,NONE
SLT-5-SIN-07,5,Dubai Sandstorm + Hub Congestion + Multiple MEL Aircraft,SIN,Changi,2026-01-23T07:00:00Z,DEPARTURE,48,16,3,Y,NONE
SLT-5-SIN-08,5,Dubai Sandstorm + Hub Congestion + Multiple MEL Aircraft,SIN,Changi,2026-01-23T08:00:00Z,DEPARTURE,26,42,10,N,NOISE
SLT-5-SIN-09,5,Dubai Sandstorm + Hub Congestion + Multiple MEL Aircraft,SIN,Changi,2026-01-23T09:00:00Z,ARRIVAL,23,29,10,N,NONE
SLT-5-SIN-10,5,Dubai Sandstorm + Hub Congestion + Multiple MEL Aircraft,SIN,Changi,2026-01-23T10:00:00Z,DEPARTURE,39,42,10,Y,NONE
SLT-5-SIN-11,5,Dubai Sandstorm + Hub Congestion + Multiple MEL Aircraft,SIN,Changi,2026-01-23T11:00:00Z,DEPARTURE,27,40,3,N,NONE
SLT-5-SIN-12,5,Dubai Sandstorm + Hub Congestion + Multiple MEL Aircraft,SIN,Changi,2026-01-23T12:00:00Z,ARRIVAL,24,26,4,N,NONE
SLT-5-SIN-13,5,Dubai Sandstorm + Hub Congestion + Multiple MEL Aircraft,SIN,Changi,2026-01-23T13:00:00Z,ARRIVAL,33,22,2,N,NONE
SLT-5-SIN-14,5,Dubai Sandstorm + Hub Congestion + Multiple MEL Aircraft,SIN,Changi,2026-01-23T14:00:00Z,DEPARTURE,34,40,7,Y,WEATHER
SLT-5-SIN-15,5,Dubai Sandstorm + Hub Congestion + Multiple MEL Aircraft,SIN,Changi,2026-01-23T15:00:00Z,ARRIVAL,31,17,7,N,NONE
SLT-5-SIN-16,5,Dubai Sandstorm + Hub Congestion + Multiple MEL Aircraft,SIN,Changi,2026-01-23T16:00:00Z,ARRIVAL,26,41,3,N,NOISE
SLT-5-SIN-17,5,Dubai Sandstorm + Hub Congestion + Multiple MEL Aircraft,SIN,Changi,2026-01-23T17:00:00Z,DEPARTURE,44,35,2,N,WEATHER
SLT-5-SIN-18,5,Dubai Sandstorm + Hub Congestion + Multiple MEL Aircraft,SIN,Changi,2026-01-23T18:00:00Z,ARRIVAL,45,33,3,N,NONE
SLT-5-SIN-19,5,Dubai Sandstorm + Hub Congestion + Multiple MEL Aircraft,SIN,Changi,2026-01-23T19:00:00Z,ARRIVAL,36,41,0,N,NONE
SLT-5-SIN-20,5,Dubai Sandstorm + Hub Congestion + Multiple MEL Aircraft,SIN,Changi,2026-01-23T20:00:00Z,DEPARTURE,35,33,3,N,NONE
SLT-5-SIN-21,5,Dubai Sandstorm + Hub Congestion + Multiple MEL Aircraft,SIN,Changi,2026-01-23T21:00:00Z,ARRIVAL,47,20,9,N,NONE
SLT-5-SIN-22,5,Dubai Sandstorm + Hub Congestion + Multiple MEL Aircraft,SIN,Changi,2026-01-23T22:00:00Z,DEPARTURE,48,31,0,N,NONE
SLT-5-SIN-23,5,Dubai Sandstorm + Hub Congestion + Multiple MEL Aircraft,SIN,Changi,2026-01-23T23:00:00Z,ARRIVAL,46,24,7,N,WEATHER
SLT-5-CDG-06,5,Dubai Sandstorm + Hub Congestion + Multiple MEL Aircraft,CDG,Charles de Gaulle,2026-01-23T06:00:00Z,ARRIVAL,50,21,8,N,NONE
SLT-5-CDG-07,5,Dubai Sandstorm + Hub Congestion + Multiple MEL Aircraft,CDG,Charles de Gaulle,2026-01-23T07:00:00Z,ARRIVAL,25,29,9,N,NONE
SLT-5-CDG-08,5,Dubai Sandstorm + Hub Congestion + Multiple MEL Aircraft,CDG,Charles de Gaulle,2026-01-23T08:00:00Z,ARRIVAL,40,23,8,Y,NONE
SLT-5-CDG-09,5,Dubai Sandstorm + Hub Congestion + Multiple MEL Aircraft,CDG,Charles de Gaulle,2026-01-23T09:00:00Z,DEPARTURE,24,19,7,N,NONE
SLT-5-CDG-10,5,Dubai Sandstorm + Hub Congestion + Multiple MEL Aircraft,CDG,Charles de Gaulle,2026-01-23T10:00:00Z,ARRIVAL,47,22,4,N,NONE
SLT-5-CDG-11,5,Dubai Sandstorm + Hub Congestion + Multiple MEL Aircraft,CDG,Charles de Gaulle,2026-01-23T11:00:00Z,DEPARTURE,47,21,2,N,NOISE
SLT-5-CDG-12,5,Dubai Sandstorm + Hub Congestion + Multiple MEL Aircraft,CDG,Charles de Gaulle,2026-01-23T12:00:00Z,ARRIVAL,22,41,6,N,NOISE
SLT-5-CDG-13,5,Dubai Sandstorm + Hub Congestion + Multiple MEL Aircraft,CDG,Charles de Gaulle,2026-01-23T13:00:00Z,DEPARTURE,44,42,1,N,NONE
SLT-5-CDG-14,5,Dubai Sandstorm + Hub Congestion + Multiple MEL Aircraft,CDG,Charles de Gaulle,2026-01-23T14:00:00Z,ARRIVAL,23,15,9,N,CAPACITY
SLT-5-CDG-15,5,Dubai Sandstorm + Hub Congestion + Multiple MEL Aircraft,CDG,Charles de Gaulle,2026-01-23T15:00:00Z,DEPARTURE,27,32,2,N,NONE
SLT-5-CDG-16,5,Dubai Sandstorm + Hub Congestion + Multiple MEL Aircraft,CDG,Charles de Gaulle,2026-01-23T16:00:00Z,DEPARTURE,24,31,1,N,NOISE
SLT-5-CDG-17,5,Dubai Sandstorm + Hub Congestion + Multiple MEL Aircraft,CDG,Charles de Gaulle,2026-01-23T17:00:00Z,ARRIVAL,45,28,8,Y,NONE
SLT-5-CDG-18,5,Dubai Sandstorm + Hub Congestion + Multiple MEL Aircraft,CDG,Charles de Gaulle,2026-01-23T18:00:00Z,DEPARTURE,31,42,3,N,CAPACITY
SLT-5-CDG-19,5,Dubai Sandstorm + Hub Congestion + Multiple MEL Aircraft,CDG,Charles de Gaulle,2026-01-23T19:00:00Z,ARRIVAL,29,20,5,N,NONE
SLT-5-CDG-20,5,Dubai Sandstorm + Hub Congestion + Multiple MEL Aircraft,CDG,Charles de Gaulle,2026-01-23T20:00:00Z,ARRIVAL,28,23,6,Y,NONE
SLT-5-CDG-21,5,Dubai Sandstorm + Hub Congestion + Multiple MEL Aircraft,CDG,Charles de Gaulle,2026-01-23T21:00:00Z,ARRIVAL,49,15,5,N,NONE
SLT-5-CDG-22,5,Dubai Sandstorm + Hub Congestion + Multiple MEL Aircraft,CDG,Charles de Gaulle,2026-01-23T22:00:00Z,DEPARTURE,20,16,5,N,NONE
SLT-5-CDG-23,5,Dubai Sandstorm + Hub Congestion + Multiple MEL Aircraft,CDG,Charles de Gaulle,2026-01-23T23:00:00Z,ARRIVAL,43,33,4,Y,NONE
SLT-5-FRA-06,5,Dubai Sandstorm + Hub Congestion + Multiple MEL Aircraft,FRA,Frankfurt,2026-01-23T06:00:00Z,DEPARTURE,43,34,7,N,NONE
SLT-5-FRA-07,5,Dubai Sandstorm + Hub Congestion + Multiple MEL Aircraft,FRA,Frankfurt,2026-01-23T07:00:00Z,DEPARTURE,47,33,4,N,NONE
SLT-5-FRA-08,5,Dubai Sandstorm + Hub Congestion + Multiple MEL Aircraft,FRA,Frankfurt,2026-01-23T08:00:00Z,ARRIVAL,27,45,0,Y,NONE
SLT-5-FRA-09,5,Dubai Sandstorm + Hub Congestion + Multiple MEL Aircraft,FRA,Frankfurt,2026-01-23T09:00:00Z,ARRIVAL,36,34,10,N,NONE
SLT-5-FRA-10,5,Dubai Sandstorm + Hub Congestion + Multiple MEL Aircraft,FRA,Frankfurt,2026-01-23T10:00:00Z,DEPARTURE,48,20,1,Y,NONE
SLT-5-FRA-11,5,Dubai Sandstorm + Hub Congestion + Multiple MEL Aircraft,FRA,Frankfurt,2026-01-23T11:00:00Z,ARRIVAL,24,19,9,N,NONE
SLT-5-FRA-12,5,Dubai Sandstorm + Hub Congestion + Multiple MEL Aircraft,FRA,Frankfurt,2026-01-23T12:00:00Z,ARRIVAL,22,29,4,N,NONE
SLT-5-FRA-13,5,Dubai Sandstorm + Hub Congestion + Multiple MEL Aircraft,FRA,Frankfurt,2026-01-23T13:00:00Z,DEPARTURE,46,32,8,Y,NONE
SLT-5-FRA-14,5,Dubai Sandstorm + Hub Congestion + Multiple MEL Aircraft,FRA,Frankfurt,2026-01-23T14:00:00Z,DEPARTURE,34,30,6,N,NONE
SLT-5-FRA-15,5,Dubai Sandstorm + Hub Congestion + Multiple MEL Aircraft,FRA,Frankfurt,2026-01-23T15:00:00Z,ARRIVAL,30,26,2,N,NONE
SLT-5-FRA-16,5,Dubai Sandstorm + Hub Congestion + Multiple MEL Aircraft,FRA,Frankfurt,2026-01-23T16:00:00Z,ARRIVAL,44,41,5,Y,NONE
SLT-5-FRA-17,5,Dubai Sandstorm + Hub Congestion + Multiple MEL Aircraft,FRA,Frankfurt,2026-01-23T17:00:00Z,ARRIVAL,46,39,10,N,NONE
SLT-5-FRA-18,5,Dubai Sandstorm + Hub Congestion + Multiple MEL Aircraft,FRA,Frankfurt,2026-01-23T18:00:00Z,DEPARTURE,31,28,4,Y,NONE
SLT-5-FRA-19,5,Dubai Sandstorm + Hub Congestion + Multiple MEL Aircraft,FRA,Frankfurt,2026-01-23T19:00:00Z,DEPARTURE,41,24,6,N,NONE
SLT-5-FRA-20,5,Dubai Sandstorm + Hub Congestion + Multiple MEL Aircraft,FRA,Frankfurt,2026-01-23T20:00:00Z,ARRIVAL,30,34,2,N,NONE
SLT-5-FRA-21,5,Dubai Sandstorm + Hub Congestion + Multiple MEL Aircraft,FRA,Frankfurt,2026-01-23T21:00:00Z,ARRIVAL,48,45,4,N,NONE
SLT-5-FRA-22,5,Dubai Sandstorm + Hub Congestion + Multiple MEL Aircraft,FRA,Frankfurt,2026-01-23T22:00:00Z,DEPARTURE,25,26,3,N,NONE
SLT-5-FRA-23,5,Dubai Sandstorm + Hub Congestion + Multiple MEL Aircraft,FRA,Frankfurt,2026-01-23T23:00:00Z,DEPARTURE,22,19,2,N,NONE
SLT-5-JFK-06,5,Dubai Sandstorm + Hub Congestion + Multiple MEL Aircraft,JFK,John F Kennedy,2026-01-23T06:00:00Z,ARRIVAL,44,44,4,N,NOISE
SLT-5-JFK-07,5,Dubai Sandstorm + Hub Congestion + Multiple MEL Aircraft,JFK,John F Kennedy,2026-01-23T07:00:00Z,ARRIVAL,33,31,10,Y,NONE
SLT-5-JFK-08,5,Dubai Sandstorm + Hub Congestion + Multiple MEL Aircraft,JFK,John F Kennedy,2026-01-23T08:00:00Z,ARRIVAL,27,31,7,Y,NONE
SLT-5-JFK-09,5,Dubai Sandstorm + Hub Congestion + Multiple MEL Aircraft,JFK,John F Kennedy,2026-01-23T09:00:00Z,DEPARTURE,46,15,10,N,NONE
SLT-5-JFK-10,5,Dubai Sandstorm + Hub Congestion + Multiple MEL Aircraft,JFK,John F Kennedy,2026-01-23T10:00:00Z,DEPARTURE,20,42,9,N,NONE
SLT-5-JFK-11,5,Dubai Sandstorm + Hub Congestion + Multiple MEL Aircraft,JFK,John F Kennedy,2026-01-23T11:00:00Z,DEPARTURE,25,35,10,N,NONE
SLT-5-JFK-12,5,Dubai Sandstorm + Hub Congestion + Multiple MEL Aircraft,JFK,John F Kennedy,2026-01-23T12:00:00Z,DEPARTURE,21,17,7,N,CAPACITY
SLT-5-JFK-13,5,Dubai Sandstorm + Hub Congestion + Multiple MEL Aircraft,JFK,John F Kennedy,2026-01-23T13:00:00Z,ARRIVAL,50,39,8,N,NONE
SLT-5-JFK-14,5,Dubai Sandstorm + Hub Congestion + Multiple MEL Aircraft,JFK,John F Kennedy,2026-01-23T14:00:00Z,DEPARTURE,50,17,8,N,NOISE
SLT-5-JFK-15,5,Dubai Sandstorm + Hub Congestion + Multiple MEL Aircraft,JFK,John F Kennedy,2026-01-23T15:00:00Z,DEPARTURE,20,26,1,N,NOISE
SLT-5-JFK-16,5,Dubai Sandstorm + Hub Congestion + Multiple MEL Aircraft,JFK,John F Kennedy,2026-01-23T16:00:00Z,ARRIVAL,39,35,0,Y,NONE
SLT-5-JFK-17,5,Dubai Sandstorm + Hub Congestion + Multiple MEL Aircraft,JFK,John F Kennedy,2026-01-23T17:00:00Z,ARRIVAL,24,18,4,N,NONE
SLT-5-JFK-18,5,Dubai Sandstorm + Hub Congestion + Multiple MEL Aircraft,JFK,John F Kennedy,2026-01-23T18:00:00Z,ARRIVAL,28,15,1,Y,NONE
SLT-5-JFK-19,5,Dubai Sandstorm + Hub Congestion + Multiple MEL Aircraft,JFK,John F Kennedy,2026-01-23T19:00:00Z,DEPARTURE,29,15,5,N,NONE
SLT-5-JFK-20,5,Dubai Sandstorm + Hub Congestion + Multiple MEL Aircraft,JFK,John F Kennedy,2026-01-23T20:00:00Z,DEPARTURE,33,37,6,N,NONE
SLT-5-JFK-21,5,Dubai Sandstorm + Hub Congestion + Multiple MEL Aircraft,JFK,John F Kennedy,2026-01-23T21:00:00Z,ARRIVAL,33,37,10,Y,CAPACITY
SLT-5-JFK-22,5,Dubai Sandstorm + Hub Congestion + Multiple MEL Aircraft,JFK,John F Kennedy,2026-01-23T22:00:00Z,ARRIVAL,29,32,3,N,NOISE
SLT-5-JFK-23,5,Dubai Sandstorm + Hub Congestion + Multiple MEL Aircraft,JFK,John F Kennedy,2026-01-23T23:00:00Z,ARRIVAL,46,40,3,N,NONE
SLT-5-DEL-06,5,Dubai Sandstorm + Hub Congestion + Multiple MEL Aircraft,DEL,Indira Gandhi,2026-01-23T06:00:00Z,ARRIVAL,39,21,5,Y,NONE
SLT-5-DEL-07,5,Dubai Sandstorm + Hub Congestion + Multiple MEL Aircraft,DEL,Indira Gandhi,2026-01-23T07:00:00Z,DEPARTURE,42,29,1,N,WEATHER
SLT-5-DEL-08,5,Dubai Sandstorm + Hub Congestion + Multiple MEL Aircraft,DEL,Indira Gandhi,2026-01-23T08:00:00Z,DEPARTURE,46,40,0,N,NONE
SLT-5-DEL-09,5,Dubai Sandstorm + Hub Congestion + Multiple MEL Aircraft,DEL,Indira Gandhi,2026-01-23T09:00:00Z,DEPARTURE,33,38,10,N,NONE
SLT-5-DEL-10,5,Dubai Sandstorm + Hub Congestion + Multiple MEL Aircraft,DEL,Indira Gandhi,2026-01-23T10:00:00Z,DEPARTURE,49,26,3,N,NONE
SLT-5-DEL-11,5,Dubai Sandstorm + Hub Congestion + Multiple MEL Aircraft,DEL,Indira Gandhi,2026-01-23T11:00:00Z,DEPARTURE,20,24,4,N,NONE
SLT-5-DEL-12,5,Dubai Sandstorm + Hub Congestion + Multiple MEL Aircraft,DEL,Indira Gandhi,2026-01-23T12:00:00Z,DEPARTURE,20,36,7,Y,NONE
SLT-5-DEL-13,5,Dubai Sandstorm + Hub Congestion + Multiple MEL Aircraft,DEL,Indira Gandhi,2026-01-23T13:00:00Z,DEPARTURE,39,42,8,Y,NONE
SLT-5-DEL-14,5,Dubai Sandstorm + Hub Congestion + Multiple MEL Aircraft,DEL,Indira Gandhi,2026-01-23T14:00:00Z,DEPARTURE,39,23,3,N,NONE
SLT-5-DEL-15,5,Dubai Sandstorm + Hub Congestion + Multiple MEL Aircraft,DEL,Indira Gandhi,2026-01-23T15:00:00Z,ARRIVAL,22,29,10,Y,NONE
SLT-5-DEL-16,5,Dubai Sandstorm + Hub Congestion + Multiple MEL Aircraft,DEL,Indira Gandhi,2026-01-23T16:00:00Z,ARRIVAL,39,17,10,N,NONE
SLT-5-DEL-17,5,Dubai Sandstorm + Hub Congestion + Multiple MEL Aircraft,DEL,Indira Gandhi,2026-01-23T17:00:00Z,ARRIVAL,25,19,0,N,CAPACITY
SLT-5-DEL-18,5,Dubai Sandstorm + Hub Congestion + Multiple MEL Aircraft,DEL,Indira Gandhi,2026-01-23T18:00:00Z,DEPARTURE,20,18,7,Y,NONE
SLT-5-DEL-19,5,Dubai Sandstorm + Hub Congestion + Multiple MEL Aircraft,DEL,Indira Gandhi,2026-01-23T19:00:00Z,ARRIVAL,40,19,3,N,NONE
SLT-5-DEL-20,5,Dubai Sandstorm + Hub Congestion + Multiple MEL Aircraft,DEL,Indira Gandhi,2026-01-23T20:00:00Z,ARRIVAL,49,39,10,N,NONE
SLT-5-DEL-21,5,Dubai Sandstorm + Hub Congestion + Multiple MEL Aircraft,DEL,Indira Gandhi,2026-01-23T21:00:00Z,ARRIVAL,20,22,4,N,NONE
SLT-5-DEL-22,5,Dubai Sandstorm + Hub Congestion + Multiple MEL Aircraft,DEL,Indira Gandhi,2026-01-23T22:00:00Z,DEPARTURE,47,18,1,N,WEATHER
SLT-5-DEL-23,5,Dubai Sandstorm + Hub Congestion + Multiple MEL Aircraft,DEL,Indira Gandhi,2026-01-23T23:00:00Z,ARRIVAL,45,22,7,N,NONE
SLT-5-SYD-06,5,Dubai Sandstorm + Hub Congestion + Multiple MEL Aircraft,SYD,Sydney Kingsford Smith,2026-01-23T06:00:00Z,DEPARTURE,29,26,8,N,NONE
SLT-5-SYD-07,5,Dubai Sandstorm + Hub Congestion + Multiple MEL Aircraft,SYD,Sydney Kingsford Smith,2026-01-23T07:00:00Z,DEPARTURE,50,16,1,N,NONE
SLT-5-SYD-08,5,Dubai Sandstorm + Hub Congestion + Multiple MEL Aircraft,SYD,Sydney Kingsford Smith,2026-01-23T08:00:00Z,DEPARTURE,41,20,0,N,NONE
SLT-5-SYD-09,5,Dubai Sandstorm + Hub Congestion + Multiple MEL Aircraft,SYD,Sydney Kingsford Smith,2026-01-23T09:00:00Z,DEPARTURE,35,28,1,N,NONE
SLT-5-SYD-10,5,Dubai Sandstorm + Hub Congestion + Multiple MEL Aircraft,SYD,Sydney Kingsford Smith,2026-01-23T10:00:00Z,DEPARTURE,43,40,7,N,NOISE
SLT-5-SYD-11,5,Dubai Sandstorm + Hub Congestion + Multiple MEL Aircraft,SYD,Sydney Kingsford Smith,2026-01-23T11:00:00Z,DEPARTURE,35,25,2,Y,NONE
SLT-5-SYD-12,5,Dubai Sandstorm + Hub Congestion + Multiple MEL Aircraft,SYD,Sydney Kingsford Smith,2026-01-23T12:00:00Z,ARRIVAL,30,17,6,N,NONE
SLT-5-SYD-13,5,Dubai Sandstorm + Hub Congestion + Multiple MEL Aircraft,SYD,Sydney Kingsford Smith,2026-01-23T13:00:00Z,DEPARTURE,30,42,9,N,NONE
SLT-5-SYD-14,5,Dubai Sandstorm + Hub Congestion + Multiple MEL Aircraft,SYD,Sydney Kingsford Smith,2026-01-23T14:00:00Z,ARRIVAL,36,17,8,N,CAPACITY
SLT-5-SYD-15,5,Dubai Sandstorm + Hub Congestion + Multiple MEL Aircraft,SYD,Sydney Kingsford Smith,2026-01-23T15:00:00Z,DEPARTURE,24,35,4,N,NONE
SLT-5-SYD-16,5,Dubai Sandstorm + Hub Congestion + Multiple MEL Aircraft,SYD,Sydney Kingsford Smith,2026-01-23T16:00:00Z,ARRIVAL,50,22,10,N,NONE
SLT-5-SYD-17,5,Dubai Sandstorm + Hub Congestion + Multiple MEL Aircraft,SYD,Sydney Kingsford Smith,2026-01-23T17:00:00Z,ARRIVAL,43,44,9,Y,NONE
SLT-5-SYD-18,5,Dubai Sandstorm + Hub Congestion + Multiple MEL Aircraft,SYD,Sydney Kingsford Smith,2026-01-23T18:00:00Z,ARRIVAL,39,19,4,N,NONE
SLT-5-SYD-19,5,Dubai Sandstorm + Hub Congestion + Multiple MEL Aircraft,SYD,Sydney Kingsford Smith,2026-01-23T19:00:00Z,DEPARTURE,31,37,8,Y,NONE
SLT-5-SYD-20,5,Dubai Sandstorm + Hub Congestion + Multiple MEL Aircraft,SYD,Sydney Kingsford Smith,2026-01-23T20:00:00Z,ARRIVAL,34,38,2,N,NONE
SLT-5-SYD-21,5,Dubai Sandstorm + Hub Congestion + Multiple MEL Aircraft,SYD,Sydney Kingsford Smith,2026-01-23T21:00:00Z,ARRIVAL,30,31,6,N,NONE
SLT-5-SYD-22,5,Dubai Sandstorm + Hub Congestion + Multiple MEL Aircraft,SYD,Sydney Kingsford Smith,2026-01-23T22:00:00Z,DEPARTURE,25,42,6,N,CAPACITY
SLT-5-SYD-23,5,Dubai Sandstorm + Hub Congestion + Multiple MEL Aircraft,SYD,Sydney Kingsford Smith,2026-01-23T23:00:00Z,DEPARTURE,46,18,3,N,NONE
SLT-5-CAI-06,5,Dubai Sandstorm + Hub Congestion + Multiple MEL Aircraft,CAI,Cairo International,2026-01-23T06:00:00Z,ARRIVAL,26,45,10,N,NONE
SLT-5-CAI-07,5,Dubai Sandstorm + Hub Congestion + Multiple MEL Aircraft,CAI,Cairo International,2026-01-23T07:00:00Z,ARRIVAL,48,38,8,Y,NONE
SLT-5-CAI-08,5,Dubai Sandstorm + Hub Congestion + Multiple MEL Aircraft,CAI,Cairo International,2026-01-23T08:00:00Z,DEPARTURE,48,42,10,N,NONE
SLT-5-CAI-09,5,Dubai Sandstorm + Hub Congestion + Multiple MEL Aircraft,CAI,Cairo International,2026-01-23T09:00:00Z,DEPARTURE,48,22,1,N,NONE
SLT-5-CAI-10,5,Dubai Sandstorm + Hub Congestion + Multiple MEL Aircraft,CAI,Cairo International,2026-01-23T10:00:00Z,ARRIVAL,49,15,5,N,NONE
SLT-5-CAI-11,5,Dubai Sandstorm + Hub Congestion + Multiple MEL Aircraft,CAI,Cairo International,2026-01-23T11:00:00Z,ARRIVAL,34,23,2,N,NONE
SLT-5-CAI-12,5,Dubai Sandstorm + Hub Congestion + Multiple MEL Aircraft,CAI,Cairo International,2026-01-23T12:00:00Z,DEPARTURE,21,20,0,N,WEATHER
SLT-5-CAI-13,5,Dubai Sandstorm + Hub Congestion + Multiple MEL Aircraft,CAI,Cairo International,2026-01-23T13:00:00Z,DEPARTURE,46,39,10,Y,NONE
SLT-5-CAI-14,5,Dubai Sandstorm + Hub Congestion + Multiple MEL Aircraft,CAI,Cairo International,2026-01-23T14:00:00Z,DEPARTURE,39,20,8,N,NONE
SLT-5-CAI-15,5,Dubai Sandstorm + Hub Congestion + Multiple MEL Aircraft,CAI,Cairo International,2026-01-23T15:00:00Z,DEPARTURE,21,23,0,Y,CAPACITY
SLT-5-CAI-16,5,Dubai Sandstorm + Hub Congestion + Multiple MEL Aircraft,CAI,Cairo International,2026-01-23T16:00:00Z,ARRIVAL,24,33,4,Y,NONE
SLT-5-CAI-17,5,Dubai Sandstorm + Hub Congestion + Multiple MEL Aircraft,CAI,Cairo International,2026-01-23T17:00:00Z,ARRIVAL,20,15,6,N,NONE
SLT-5-CAI-18,5,Dubai Sandstorm + Hub Congestion + Multiple MEL Aircraft,CAI,Cairo International,2026-01-23T18:00:00Z,DEPARTURE,41,36,2,N,NONE
SLT-5-CAI-19,5,Dubai Sandstorm + Hub Congestion + Multiple MEL Aircraft,CAI,Cairo International,2026-01-23T19:00:00Z,DEPARTURE,29,39,0,Y,NONE
SLT-5-CAI-20,5,Dubai Sandstorm + Hub Congestion + Multiple MEL Aircraft,CAI,Cairo International,2026-01-23T20:00:00Z,DEPARTURE,49,37,4,N,NOISE
SLT-5-CAI-21,5,Dubai Sandstorm + Hub Congestion + Multiple MEL Aircraft,CAI,Cairo International,2026-01-23T21:00:00Z,ARRIVAL,34,18,10,N,CAPACITY
SLT-5-CAI-22,5,Dubai Sandstorm + Hub Congestion + Multiple MEL Aircraft,CAI,Cairo International,2026-01-23T22:00:00Z,DEPARTURE,33,32,9,N,NONE
SLT-5-CAI-23,5,Dubai Sandstorm + Hub Congestion + Multiple MEL Aircraft,CAI,Cairo International,2026-01-23T23:00:00Z,DEPARTURE,35,31,5,N,NONE
SLT-5-FCO-06,5,Dubai Sandstorm + Hub Congestion + Multiple MEL Aircraft,FCO,Fiumicino,2026-01-23T06:00:00Z,ARRIVAL,20,16,2,N,NONE
SLT-5-FCO-07,5,Dubai Sandstorm + Hub Congestion + Multiple MEL Aircraft,FCO,Fiumicino,2026-01-23T07:00:00Z,DEPARTURE,41,33,3,Y,NONE
SLT-5-FCO-08,5,Dubai Sandstorm + Hub Congestion + Multiple MEL Aircraft,FCO,Fiumicino,2026-01-23T08:00:00Z,DEPARTURE,26,18,7,N,NONE
SLT-5-FCO-09,5,Dubai Sandstorm + Hub Congestion + Multiple MEL Aircraft,FCO,Fiumicino,2026-01-23T09:00:00Z,ARRIVAL,42,45,7,N,NONE
SLT-5-FCO-10,5,Dubai Sandstorm + Hub Congestion + Multiple MEL Aircraft,FCO,Fiumicino,2026-01-23T10:00:00Z,ARRIVAL,35,16,5,N,NONE
SLT-5-FCO-11,5,Dubai Sandstorm + Hub Congestion + Multiple MEL Aircraft,FCO,Fiumicino,2026-01-23T11:00:00Z,DEPARTURE,41,45,3,N,NONE
SLT-5-FCO-12,5,Dubai Sandstorm + Hub Congestion + Multiple MEL Aircraft,FCO,Fiumicino,2026-01-23T12:00:00Z,ARRIVAL,35,37,1,Y,NONE
SLT-5-FCO-13,5,Dubai Sandstorm + Hub Congestion + Multiple MEL Aircraft,FCO,Fiumicino,2026-01-23T13:00:00Z,ARRIVAL,45,36,9,N,CAPACITY
SLT-5-FCO-14,5,Dubai Sandstorm + Hub Congestion + Multiple MEL Aircraft,FCO,Fiumicino,2026-01-23T14:00:00Z,ARRIVAL,24,25,9,N,NOISE
SLT-5-FCO-15,5,Dubai Sandstorm + Hub Congestion + Multiple MEL Aircraft,FCO,Fiumicino,2026-01-23T15:00:00Z,DEPARTURE,27,15,3,N,NONE
SLT-5-FCO-16,5,Dubai Sandstorm + Hub Congestion + Multiple MEL Aircraft,FCO,Fiumicino,2026-01-23T16:00:00Z,ARRIVAL,31,27,8,Y,NONE
SLT-5-FCO-17,5,Dubai Sandstorm + Hub Congestion + Multiple MEL Aircraft,FCO,Fiumicino,2026-01-23T17:00:00Z,ARRIVAL,26,32,3,N,NONE
SLT-5-FCO-18,5,Dubai Sandstorm + Hub Congestion + Multiple MEL Aircraft,FCO,Fiumicino,2026-01-23T18:00:00Z,ARRIVAL,29,28,9,N,NONE
SLT-5-FCO-19,5,Dubai Sandstorm + Hub Congestion + Multiple MEL Aircraft,FCO,Fiumicino,2026-01-23T19:00:00Z,DEPARTURE,34,42,4,Y,NONE
SLT-5-FCO-20,5,Dubai Sandstorm + Hub Congestion + Multiple MEL Aircraft,FCO,Fiumicino,2026-01-23T20:00:00Z,DEPARTURE,43,33,9,N,NONE
SLT-5-FCO-21,5,Dubai Sandstorm + Hub Congestion + Multiple MEL Aircraft,FCO,Fiumicino,2026-01-23T21:00:00Z,ARRIVAL,34,44,8,N,NONE
SLT-5-FCO-22,5,Dubai Sandstorm + Hub Congestion + Multiple MEL Aircraft,FCO,Fiumicino,2026-01-23T22:00:00Z,ARRIVAL,32,24,3,Y,NONE
SLT-5-FCO-23,5,Dubai Sandstorm + Hub Congestion + Multiple MEL Aircraft,FCO,Fiumicino,2026-01-23T23:00:00Z,ARRIVAL,50,15,6,Y,WEATHER
SLT-5-DOH-06,5,Dubai Sandstorm + Hub Congestion + Multiple MEL Aircraft,DOH,Hamad International,2026-01-23T06:00:00Z,ARRIVAL,31,32,8,N,NONE
SLT-5-DOH-07,5,Dubai Sandstorm + Hub Congestion + Multiple MEL Aircraft,DOH,Hamad International,2026-01-23T07:00:00Z,ARRIVAL,48,16,2,N,NONE
SLT-5-DOH-08,5,Dubai Sandstorm + Hub Congestion + Multiple MEL Aircraft,DOH,Hamad International,2026-01-23T08:00:00Z,DEPARTURE,43,42,5,N,NONE
SLT-5-DOH-09,5,Dubai Sandstorm + Hub Congestion + Multiple MEL Aircraft,DOH,Hamad International,2026-01-23T09:00:00Z,ARRIVAL,35,33,4,Y,NONE
SLT-5-DOH-10,5,Dubai Sandstorm + Hub Congestion + Multiple MEL Aircraft,DOH,Hamad International,2026-01-23T10:00:00Z,ARRIVAL,35,17,3,N,NONE
SLT-5-DOH-11,5,Dubai Sandstorm + Hub Congestion + Multiple MEL Aircraft,DOH,Hamad International,2026-01-23T11:00:00Z,DEPARTURE,46,28,7,Y,NONE
SLT-5-DOH-12,5,Dubai Sandstorm + Hub Congestion + Multiple MEL Aircraft,DOH,Hamad International,2026-01-23T12:00:00Z,ARRIVAL,37,30,8,N,NONE
SLT-5-DOH-13,5,Dubai Sandstorm + Hub Congestion + Multiple MEL Aircraft,DOH,Hamad International,2026-01-23T13:00:00Z,DEPARTURE,42,41,10,N,NONE
SLT-5-DOH-14,5,Dubai Sandstorm + Hub Congestion + Multiple MEL Aircraft,DOH,Hamad International,2026-01-23T14:00:00Z,DEPARTURE,31,19,4,Y,NONE
SLT-5-DOH-15,5,Dubai Sandstorm + Hub Congestion + Multiple MEL Aircraft,DOH,Hamad International,2026-01-23T15:00:00Z,DEPARTURE,27,22,6,N,NONE
SLT-5-DOH-16,5,Dubai Sandstorm + Hub Congestion + Multiple MEL Aircraft,DOH,Hamad International,2026-01-23T16:00:00Z,DEPARTURE,30,38,10,N,NONE
SLT-5-DOH-17,5,Dubai Sandstorm + Hub Congestion + Multiple MEL Aircraft,DOH,Hamad International,2026-01-23T17:00:00Z,ARRIVAL,35,36,2,N,NONE
SLT-5-DOH-18,5,Dubai Sandstorm + Hub Congestion + Multiple MEL Aircraft,DOH,Hamad International,2026-01-23T18:00:00Z,ARRIVAL,21,29,2,Y,NONE
SLT-5-DOH-19,5,Dubai Sandstorm + Hub Congestion + Multiple MEL Aircraft,DOH,Hamad International,2026-01-23T19:00:00Z,ARRIVAL,31,40,5,N,NONE
SLT-5-DOH-20,5,Dubai Sandstorm + Hub Congestion + Multiple MEL Aircraft,DOH,Hamad International,2026-01-23T20:00:00Z,ARRIVAL,28,36,6,Y,NONE
SLT-5-DOH-21,5,Dubai Sandstorm + Hub Congestion + Multiple MEL Aircraft,DOH,Hamad International,2026-01-23T21:00:00Z,ARRIVAL,36,18,5,N,NONE
SLT-5-DOH-22,5,Dubai Sandstorm + Hub Congestion + Multiple MEL Aircraft,DOH,Hamad International,2026-01-23T22:00:00Z,ARRIVAL,28,16,3,N,NONE
SLT-5-DOH-23,5,Dubai Sandstorm + Hub Congestion + Multiple MEL Aircraft,DOH,Hamad International,2026-01-23T23:00:00Z,ARRIVAL,45,36,8,N,NONE
SLT-5-MCT-06,5,Dubai Sandstorm + Hub Congestion + Multiple MEL Aircraft,MCT,Muscat International,2026-01-23T06:00:00Z,DEPARTURE,46,26,10,N,NONE
SLT-5-MCT-07,5,Dubai Sandstorm + Hub Congestion + Multiple MEL Aircraft,MCT,Muscat International,2026-01-23T07:00:00Z,DEPARTURE,33,33,6,N,NONE
SLT-5-MCT-08,5,Dubai Sandstorm + Hub Congestion + Multiple MEL Aircraft,MCT,Muscat International,2026-01-23T08:00:00Z,DEPARTURE,21,18,2,N,NONE
SLT-5-MCT-09,5,Dubai Sandstorm + Hub Congestion + Multiple MEL Aircraft,MCT,Muscat International,2026-01-23T09:00:00Z,DEPARTURE,46,15,9,N,CAPACITY
SLT-5-MCT-10,5,Dubai Sandstorm + Hub Congestion + Multiple MEL Aircraft,MCT,Muscat International,2026-01-23T10:00:00Z,ARRIVAL,48,31,0,N,WEATHER
SLT-5-MCT-11,5,Dubai Sandstorm + Hub Congestion + Multiple MEL Aircraft,MCT,Muscat International,2026-01-23T11:00:00Z,ARRIVAL,41,43,6,Y,NONE
SLT-5-MCT-12,5,Dubai Sandstorm + Hub Congestion + Multiple MEL Aircraft,MCT,Muscat International,2026-01-23T12:00:00Z,DEPARTURE,28,42,4,N,NONE
SLT-5-MCT-13,5,Dubai Sandstorm + Hub Congestion + Multiple MEL Aircraft,MCT,Muscat International,2026-01-23T13:00:00Z,ARRIVAL,35,26,0,N,NOISE
SLT-5-MCT-14,5,Dubai Sandstorm + Hub Congestion + Multiple MEL Aircraft,MCT,Muscat International,2026-01-23T14:00:00Z,DEPARTURE,50,37,0,Y,NONE
SLT-5-MCT-15,5,Dubai Sandstorm + Hub Congestion + Multiple MEL Aircraft,MCT,Muscat International,2026-01-23T15:00:00Z,DEPARTURE,22,38,10,Y,NONE
SLT-5-MCT-16,5,Dubai Sandstorm + Hub Congestion + Multiple MEL Aircraft,MCT,Muscat International,2026-01-23T16:00:00Z,ARRIVAL,48,19,4,N,NONE
SLT-5-MCT-17,5,Dubai Sandstorm + Hub Congestion + Multiple MEL Aircraft,MCT,Muscat International,2026-01-23T17:00:00Z,DEPARTURE,45,26,6,N,NONE
SLT-5-MCT-18,5,Dubai Sandstorm + Hub Congestion + Multiple MEL Aircraft,MCT,Muscat International,2026-01-23T18:00:00Z,ARRIVAL,47,40,4,N,NONE
SLT-5-MCT-19,5,Dubai Sandstorm + Hub Congestion + Multiple MEL Aircraft,MCT,Muscat International,2026-01-23T19:00:00Z,DEPARTURE,40,26,8,N,CAPACITY
SLT-5-MCT-20,5,Dubai Sandstorm + Hub Congestion + Multiple MEL Aircraft,MCT,Muscat International,2026-01-23T20:00:00Z,ARRIVAL,26,41,8,Y,NONE
SLT-5-MCT-21,5,Dubai Sandstorm + Hub Congestion + Multiple MEL Aircraft,MCT,Muscat International,2026-01-23T21:00:00Z,ARRIVAL,23,40,6,N,NONE
SLT-5-MCT-22,5,Dubai Sandstorm + Hub Congestion + Multiple MEL Aircraft,MCT,Muscat International,2026-01-23T22:00:00Z,DEPARTURE,39,17,10,N,NONE
SLT-5-MCT-23,5,Dubai Sandstorm + Hub Congestion + Multiple MEL Aircraft,MCT,Muscat International,2026-01-23T23:00:00Z,ARRIVAL,41,23,8,Y,NONE
SLT-5-JED-06,5,Dubai Sandstorm + Hub Congestion + Multiple MEL Aircraft,JED,King Abdulaziz,2026-01-23T06:00:00Z,ARRIVAL,21,40,6,N,NOISE
SLT-5-JED-07,5,Dubai Sandstorm + Hub Congestion + Multiple MEL Aircraft,JED,King Abdulaziz,2026-01-23T07:00:00Z,ARRIVAL,39,44,0,N,NOISE
SLT-5-JED-08,5,Dubai Sandstorm + Hub Congestion + Multiple MEL Aircraft,JED,King Abdulaziz,2026-01-23T08:00:00Z,ARRIVAL,26,41,3,N,NONE
SLT-5-JED-09,5,Dubai Sandstorm + Hub Congestion + Multiple MEL Aircraft,JED,King Abdulaziz,2026-01-23T09:00:00Z,ARRIVAL,42,40,1,N,NONE
SLT-5-JED-10,5,Dubai Sandstorm + Hub Congestion + Multiple MEL Aircraft,JED,King Abdulaziz,2026-01-23T10:00:00Z,DEPARTURE,38,43,7,N,NONE
SLT-5-JED-11,5,Dubai Sandstorm + Hub Congestion + Multiple MEL Aircraft,JED,King Abdulaziz,2026-01-23T11:00:00Z,ARRIVAL,36,39,0,N,NONE
SLT-5-JED-12,5,Dubai Sandstorm + Hub Congestion + Multiple MEL Aircraft,JED,King Abdulaziz,2026-01-23T12:00:00Z,ARRIVAL,50,37,9,N,NONE
SLT-5-JED-13,5,Dubai Sandstorm + Hub Congestion + Multiple MEL Aircraft,JED,King Abdulaziz,2026-01-23T13:00:00Z,ARRIVAL,49,37,10,Y,NONE
SLT-5-JED-14,5,Dubai Sandstorm + Hub Congestion + Multiple MEL Aircraft,JED,King Abdulaziz,2026-01-23T14:00:00Z,ARRIVAL,22,33,8,N,NOISE
SLT-5-JED-15,5,Dubai Sandstorm + Hub Congestion + Multiple MEL Aircraft,JED,King Abdulaziz,2026-01-23T15:00:00Z,DEPARTURE,33,34,2,N,NONE
SLT-5-JED-16,5,Dubai Sandstorm + Hub Congestion + Multiple MEL Aircraft,JED,King Abdulaziz,2026-01-23T16:00:00Z,ARRIVAL,45,18,8,Y,NONE
SLT-5-JED-17,5,Dubai Sandstorm + Hub Congestion + Multiple MEL Aircraft,JED,King Abdulaziz,2026-01-23T17:00:00Z,ARRIVAL,32,45,9,N,NONE
SLT-5-JED-18,5,Dubai Sandstorm + Hub Congestion + Multiple MEL Aircraft,JED,King Abdulaziz,2026-01-23T18:00:00Z,ARRIVAL,27,40,8,N,NONE
SLT-5-JED-19,5,Dubai Sandstorm + Hub Congestion + Multiple MEL Aircraft,JED,King Abdulaziz,2026-01-23T19:00:00Z,DEPARTURE,31,36,5,N,NONE
SLT-5-JED-20,5,Dubai Sandstorm + Hub Congestion + Multiple MEL Aircraft,JED,King Abdulaziz,2026-01-23T20:00:00Z,DEPARTURE,23,19,5,Y,NONE
SLT-5-JED-21,5,Dubai Sandstorm + Hub Congestion + Multiple MEL Aircraft,JED,King Abdulaziz,2026-01-23T21:00:00Z,DEPARTURE,30,20,10,N,NONE
SLT-5-JED-22,5,Dubai Sandstorm + Hub Congestion + Multiple MEL Aircraft,JED,King Abdulaziz,2026-01-23T22:00:00Z,ARRIVAL,30,20,7,N,NONE
SLT-5-JED-23,5,Dubai Sandstorm + Hub Congestion + Multiple MEL Aircraft,JED,King Abdulaziz,2026-01-23T23:00:00Z,DEPARTURE,31,16,5,Y,NOISE
SLT-6-AUH-06,6,Multiple Aircraft AOG + Engine Failure Cascade,AUH,Abu Dhabi International,2026-01-24T06:00:00Z,DEPARTURE,29,16,10,N,NONE
SLT-6-AUH-07,6,Multiple Aircraft AOG + Engine Failure Cascade,AUH,Abu Dhabi International,2026-01-24T07:00:00Z,ARRIVAL,26,24,0,N,NONE
SLT-6-AUH-08,6,Multiple Aircraft AOG + Engine Failure Cascade,AUH,Abu Dhabi International,2026-01-24T08:00:00Z,ARRIVAL,36,25,4,N,NONE
SLT-6-AUH-09,6,Multiple Aircraft AOG + Engine Failure Cascade,AUH,Abu Dhabi International,2026-01-24T09:00:00Z,ARRIVAL,38,19,9,N,NONE
SLT-6-AUH-10,6,Multiple Aircraft AOG + Engine Failure Cascade,AUH,Abu Dhabi International,2026-01-24T10:00:00Z,ARRIVAL,29,44,8,Y,NONE
SLT-6-AUH-11,6,Multiple Aircraft AOG + Engine Failure Cascade,AUH,Abu Dhabi International,2026-01-24T11:00:00Z,DEPARTURE,50,22,10,N,NONE
SLT-6-AUH-12,6,Multiple Aircraft AOG + Engine Failure Cascade,AUH,Abu Dhabi International,2026-01-24T12:00:00Z,ARRIVAL,23,37,2,Y,WEATHER
SLT-6-AUH-13,6,Multiple Aircraft AOG + Engine Failure Cascade,AUH,Abu Dhabi International,2026-01-24T13:00:00Z,ARRIVAL,32,33,0,N,NONE
SLT-6-AUH-14,6,Multiple Aircraft AOG + Engine Failure Cascade,AUH,Abu Dhabi International,2026-01-24T14:00:00Z,DEPARTURE,45,44,1,N,NOISE
SLT-6-AUH-15,6,Multiple Aircraft AOG + Engine Failure Cascade,AUH,Abu Dhabi International,2026-01-24T15:00:00Z,DEPARTURE,24,44,2,Y,NONE
SLT-6-AUH-16,6,Multiple Aircraft AOG + Engine Failure Cascade,AUH,Abu Dhabi International,2026-01-24T16:00:00Z,DEPARTURE,31,32,5,N,WEATHER
SLT-6-AUH-17,6,Multiple Aircraft AOG + Engine Failure Cascade,AUH,Abu Dhabi International,2026-01-24T17:00:00Z,DEPARTURE,35,19,0,N,NONE
SLT-6-AUH-18,6,Multiple Aircraft AOG + Engine Failure Cascade,AUH,Abu Dhabi International,2026-01-24T18:00:00Z,ARRIVAL,21,28,1,Y,NONE
SLT-6-AUH-19,6,Multiple Aircraft AOG + Engine Failure Cascade,AUH,Abu Dhabi International,2026-01-24T19:00:00Z,ARRIVAL,34,41,9,N,NONE
SLT-6-AUH-20,6,Multiple Aircraft AOG + Engine Failure Cascade,AUH,Abu Dhabi International,2026-01-24T20:00:00Z,DEPARTURE,47,37,1,Y,NONE
SLT-6-AUH-21,6,Multiple Aircraft AOG + Engine Failure Cascade,AUH,Abu Dhabi International,2026-01-24T21:00:00Z,ARRIVAL,46,38,1,N,NONE
SLT-6-AUH-22,6,Multiple Aircraft AOG + Engine Failure Cascade,AUH,Abu Dhabi International,2026-01-24T22:00:00Z,DEPARTURE,43,16,4,N,NONE
SLT-6-AUH-23,6,Multiple Aircraft AOG + Engine Failure Cascade,AUH,Abu Dhabi International,2026-01-24T23:00:00Z,DEPARTURE,32,26,4,Y,NONE
SLT-6-BKK-06,6,Multiple Aircraft AOG + Engine Failure Cascade,BKK,Suvarnabhumi,2026-01-24T06:00:00Z,DEPARTURE,37,30,0,N,NONE
SLT-6-BKK-07,6,Multiple Aircraft AOG + Engine Failure Cascade,BKK,Suvarnabhumi,2026-01-24T07:00:00Z,ARRIVAL,47,23,9,N,CAPACITY
SLT-6-BKK-08,6,Multiple Aircraft AOG + Engine Failure Cascade,BKK,Suvarnabhumi,2026-01-24T08:00:00Z,ARRIVAL,41,31,3,Y,NONE
SLT-6-BKK-09,6,Multiple Aircraft AOG + Engine Failure Cascade,BKK,Suvarnabhumi,2026-01-24T09:00:00Z,DEPARTURE,31,24,7,Y,NONE
SLT-6-BKK-10,6,Multiple Aircraft AOG + Engine Failure Cascade,BKK,Suvarnabhumi,2026-01-24T10:00:00Z,ARRIVAL,40,43,2,N,NONE
SLT-6-BKK-11,6,Multiple Aircraft AOG + Engine Failure Cascade,BKK,Suvarnabhumi,2026-01-24T11:00:00Z,DEPARTURE,49,19,6,Y,NONE
SLT-6-BKK-12,6,Multiple Aircraft AOG + Engine Failure Cascade,BKK,Suvarnabhumi,2026-01-24T12:00:00Z,DEPARTURE,35,33,5,N,NONE
SLT-6-BKK-13,6,Multiple Aircraft AOG + Engine Failure Cascade,BKK,Suvarnabhumi,2026-01-24T13:00:00Z,ARRIVAL,35,20,8,N,NONE
SLT-6-BKK-14,6,Multiple Aircraft AOG + Engine Failure Cascade,BKK,Suvarnabhumi,2026-01-24T14:00:00Z,ARRIVAL,33,30,9,Y,NOISE
SLT-6-BKK-15,6,Multiple Aircraft AOG + Engine Failure Cascade,BKK,Suvarnabhumi,2026-01-24T15:00:00Z,ARRIVAL,26,16,3,Y,NONE
SLT-6-BKK-16,6,Multiple Aircraft AOG + Engine Failure Cascade,BKK,Suvarnabhumi,2026-01-24T16:00:00Z,DEPARTURE,34,42,4,N,NONE
SLT-6-BKK-17,6,Multiple Aircraft AOG + Engine Failure Cascade,BKK,Suvarnabhumi,2026-01-24T17:00:00Z,DEPARTURE,33,18,8,N,NONE
SLT-6-BKK-18,6,Multiple Aircraft AOG + Engine Failure Cascade,BKK,Suvarnabhumi,2026-01-24T18:00:00Z,DEPARTURE,35,16,2,N,WEATHER
SLT-6-BKK-19,6,Multiple Aircraft AOG + Engine Failure Cascade,BKK,Suvarnabhumi,2026-01-24T19:00:00Z,ARRIVAL,43,29,1,N,NONE
SLT-6-BKK-20,6,Multiple Aircraft AOG + Engine Failure Cascade,BKK,Suvarnabhumi,2026-01-24T20:00:00Z,DEPARTURE,39,27,9,N,NONE
SLT-6-BKK-21,6,Multiple Aircraft AOG + Engine Failure Cascade,BKK,Suvarnabhumi,2026-01-24T21:00:00Z,DEPARTURE,47,22,3,N,WEATHER
SLT-6-BKK-22,6,Multiple Aircraft AOG + Engine Failure Cascade,BKK,Suvarnabhumi,2026-01-24T22:00:00Z,DEPARTURE,44,31,4,N,NONE
SLT-6-BKK-23,6,Multiple Aircraft AOG + Engine Failure Cascade,BKK,Suvarnabhumi,2026-01-24T23:00:00Z,ARRIVAL,49,30,1,Y,NONE
SLT-6-LHR-06,6,Multiple Aircraft AOG + Engine Failure Cascade,LHR,Heathrow,2026-01-24T06:00:00Z,DEPARTURE,50,23,8,N,NONE
SLT-6-LHR-07,6,Multiple Aircraft AOG + Engine Failure Cascade,LHR,Heathrow,2026-01-24T07:00:00Z,DEPARTURE,23,42,1,Y,WEATHER
SLT-6-LHR-08,6,Multiple Aircraft AOG + Engine Failure Cascade,LHR,Heathrow,2026-01-24T08:00:00Z,DEPARTURE,43,15,0,N,NONE
SLT-6-LHR-09,6,Multiple Aircraft AOG + Engine Failure Cascade,LHR,Heathrow,2026-01-24T09:00:00Z,ARRIVAL,49,21,5,N,NONE
SLT-6-LHR-10,6,Multiple Aircraft AOG + Engine Failure Cascade,LHR,Heathrow,2026-01-24T10:00:00Z,ARRIVAL,48,26,10,Y,CAPACITY
SLT-6-LHR-11,6,Multiple Aircraft AOG + Engine Failure Cascade,LHR,Heathrow,2026-01-24T11:00:00Z,DEPARTURE,37,22,5,Y,NONE
SLT-6-LHR-12,6,Multiple Aircraft AOG + Engine Failure Cascade,LHR,Heathrow,2026-01-24T12:00:00Z,ARRIVAL,26,37,0,N,NONE
SLT-6-LHR-13,6,Multiple Aircraft AOG + Engine Failure Cascade,LHR,Heathrow,2026-01-24T13:00:00Z,DEPARTURE,35,24,10,N,NONE
SLT-6-LHR-14,6,Multiple Aircraft AOG + Engine Failure Cascade,LHR,Heathrow,2026-01-24T14:00:00Z,ARRIVAL,39,26,0,N,NONE
SLT-6-LHR-15,6,Multiple Aircraft AOG + Engine Failure Cascade,LHR,Heathrow,2026-01-24T15:00:00Z,ARRIVAL,32,25,4,Y,NONE
SLT-6-LHR-16,6,Multiple Aircraft AOG + Engine Failure Cascade,LHR,Heathrow,2026-01-24T16:00:00Z,DEPARTURE,44,20,10,N,NONE
SLT-6-LHR-17,6,Multiple Aircraft AOG + Engine Failure Cascade,LHR,Heathrow,2026-01-24T17:00:00Z,ARRIVAL,38,45,8,N,NONE
SLT-6-LHR-18,6,Multiple Aircraft AOG + Engine Failure Cascade,LHR,Heathrow,2026-01-24T18:00:00Z,ARRIVAL,50,17,0,N,NONE
SLT-6-LHR-19,6,Multiple Aircraft AOG + Engine Failure Cascade,LHR,Heathrow,2026-01-24T19:00:00Z,DEPARTURE,43,18,3,Y,NONE
SLT-6-LHR-20,6,Multiple Aircraft AOG + Engine Failure Cascade,LHR,Heathrow,2026-01-24T20:00:00Z,DEPARTURE,31,31,8,Y,NONE
SLT-6-LHR-21,6,Multiple Aircraft AOG + Engine Failure Cascade,LHR,Heathrow,2026-01-24T21:00:00Z,ARRIVAL,34,37,10,N,NONE
SLT-6-LHR-22,6,Multiple Aircraft AOG + Engine Failure Cascade,LHR,Heathrow,2026-01-24T22:00:00Z,DEPARTURE,22,25,0,Y,NONE
SLT-6-LHR-23,6,Multiple Aircraft AOG + Engine Failure Cascade,LHR,Heathrow,2026-01-24T23:00:00Z,ARRIVAL,22,24,4,Y,NOISE
SLT-6-SIN-06,6,Multiple Aircraft AOG + Engine Failure Cascade,SIN,Changi,2026-01-24T06:00:00Z,DEPARTURE,37,38,6,N,NONE
SLT-6-SIN-07,6,Multiple Aircraft AOG + Engine Failure Cascade,SIN,Changi,2026-01-24T07:00:00Z,DEPARTURE,20,21,2,N,NONE
SLT-6-SIN-08,6,Multiple Aircraft AOG + Engine Failure Cascade,SIN,Changi,2026-01-24T08:00:00Z,DEPARTURE,42,44,7,Y,NONE
SLT-6-SIN-09,6,Multiple Aircraft AOG + Engine Failure Cascade,SIN,Changi,2026-01-24T09:00:00Z,DEPARTURE,20,23,1,Y,NONE
SLT-6-SIN-10,6,Multiple Aircraft AOG + Engine Failure Cascade,SIN,Changi,2026-01-24T10:00:00Z,ARRIVAL,50,24,6,N,NONE
SLT-6-SIN-11,6,Multiple Aircraft AOG + Engine Failure Cascade,SIN,Changi,2026-01-24T11:00:00Z,DEPARTURE,36,17,9,Y,NONE
SLT-6-SIN-12,6,Multiple Aircraft AOG + Engine Failure Cascade,SIN,Changi,2026-01-24T12:00:00Z,DEPARTURE,23,27,8,N,NONE
SLT-6-SIN-13,6,Multiple Aircraft AOG + Engine Failure Cascade,SIN,Changi,2026-01-24T13:00:00Z,DEPARTURE,43,16,8,N,NONE
SLT-6-SIN-14,6,Multiple Aircraft AOG + Engine Failure Cascade,SIN,Changi,2026-01-24T14:00:00Z,DEPARTURE,30,45,6,Y,NONE
SLT-6-SIN-15,6,Multiple Aircraft AOG + Engine Failure Cascade,SIN,Changi,2026-01-24T15:00:00Z,DEPARTURE,41,22,6,Y,NONE
SLT-6-SIN-16,6,Multiple Aircraft AOG + Engine Failure Cascade,SIN,Changi,2026-01-24T16:00:00Z,ARRIVAL,46,41,10,Y,NONE
SLT-6-SIN-17,6,Multiple Aircraft AOG + Engine Failure Cascade,SIN,Changi,2026-01-24T17:00:00Z,ARRIVAL,25,19,0,N,WEATHER
SLT-6-SIN-18,6,Multiple Aircraft AOG + Engine Failure Cascade,SIN,Changi,2026-01-24T18:00:00Z,DEPARTURE,34,40,9,N,NONE
SLT-6-SIN-19,6,Multiple Aircraft AOG + Engine Failure Cascade,SIN,Changi,2026-01-24T19:00:00Z,DEPARTURE,49,32,1,N,WEATHER
SLT-6-SIN-20,6,Multiple Aircraft AOG + Engine Failure Cascade,SIN,Changi,2026-01-24T20:00:00Z,ARRIVAL,35,34,9,Y,NONE
SLT-6-SIN-21,6,Multiple Aircraft AOG + Engine Failure Cascade,SIN,Changi,2026-01-24T21:00:00Z,DEPARTURE,22,36,4,N,NONE
SLT-6-SIN-22,6,Multiple Aircraft AOG + Engine Failure Cascade,SIN,Changi,2026-01-24T22:00:00Z,ARRIVAL,26,34,0,Y,NONE
SLT-6-SIN-23,6,Multiple Aircraft AOG + Engine Failure Cascade,SIN,Changi,2026-01-24T23:00:00Z,DEPARTURE,22,35,4,N,NONE
SLT-6-CDG-06,6,Multiple Aircraft AOG + Engine Failure Cascade,CDG,Charles de Gaulle,2026-01-24T06:00:00Z,DEPARTURE,21,39,4,Y,CAPACITY
SLT-6-CDG-07,6,Multiple Aircraft AOG + Engine Failure Cascade,CDG,Charles de Gaulle,2026-01-24T07:00:00Z,ARRIVAL,27,35,10,Y,NONE
SLT-6-CDG-08,6,Multiple Aircraft AOG + Engine Failure Cascade,CDG,Charles de Gaulle,2026-01-24T08:00:00Z,DEPARTURE,40,35,9,N,NONE
SLT-6-CDG-09,6,Multiple Aircraft AOG + Engine Failure Cascade,CDG,Charles de Gaulle,2026-01-24T09:00:00Z,ARRIVAL,50,43,9,Y,NONE
SLT-6-CDG-10,6,Multiple Aircraft AOG + Engine Failure Cascade,CDG,Charles de Gaulle,2026-01-24T10:00:00Z,ARRIVAL,36,26,4,N,NONE
SLT-6-CDG-11,6,Multiple Aircraft AOG + Engine Failure Cascade,CDG,Charles de Gaulle,2026-01-24T11:00:00Z,DEPARTURE,44,42,10,Y,NONE
SLT-6-CDG-12,6,Multiple Aircraft AOG + Engine Failure Cascade,CDG,Charles de Gaulle,2026-01-24T12:00:00Z,ARRIVAL,47,16,2,N,NONE
SLT-6-CDG-13,6,Multiple Aircraft AOG + Engine Failure Cascade,CDG,Charles de Gaulle,2026-01-24T13:00:00Z,ARRIVAL,43,26,7,N,NONE
SLT-6-CDG-14,6,Multiple Aircraft AOG + Engine Failure Cascade,CDG,Charles de Gaulle,2026-01-24T14:00:00Z,ARRIVAL,30,40,9,N,NONE
SLT-6-CDG-15,6,Multiple Aircraft AOG + Engine Failure Cascade,CDG,Charles de Gaulle,2026-01-24T15:00:00Z,DEPARTURE,36,43,0,Y,CAPACITY
SLT-6-CDG-16,6,Multiple Aircraft AOG + Engine Failure Cascade,CDG,Charles de Gaulle,2026-01-24T16:00:00Z,DEPARTURE,49,16,2,Y,NONE
SLT-6-CDG-17,6,Multiple Aircraft AOG + Engine Failure Cascade,CDG,Charles de Gaulle,2026-01-24T17:00:00Z,DEPARTURE,35,35,5,N,NONE
SLT-6-CDG-18,6,Multiple Aircraft AOG + Engine Failure Cascade,CDG,Charles de Gaulle,2026-01-24T18:00:00Z,DEPARTURE,29,25,4,N,NONE
SLT-6-CDG-19,6,Multiple Aircraft AOG + Engine Failure Cascade,CDG,Charles de Gaulle,2026-01-24T19:00:00Z,DEPARTURE,36,25,2,N,NONE
SLT-6-CDG-20,6,Multiple Aircraft AOG + Engine Failure Cascade,CDG,Charles de Gaulle,2026-01-24T20:00:00Z,ARRIVAL,40,25,6,N,NONE
SLT-6-CDG-21,6,Multiple Aircraft AOG + Engine Failure Cascade,CDG,Charles de Gaulle,2026-01-24T21:00:00Z,DEPARTURE,49,18,3,Y,CAPACITY
SLT-6-CDG-22,6,Multiple Aircraft AOG + Engine Failure Cascade,CDG,Charles de Gaulle,2026-01-24T22:00:00Z,ARRIVAL,24,43,7,N,NONE
SLT-6-CDG-23,6,Multiple Aircraft AOG + Engine Failure Cascade,CDG,Charles de Gaulle,2026-01-24T23:00:00Z,ARRIVAL,40,19,4,Y,NONE
SLT-6-FRA-06,6,Multiple Aircraft AOG + Engine Failure Cascade,FRA,Frankfurt,2026-01-24T06:00:00Z,DEPARTURE,30,23,1,Y,NONE
SLT-6-FRA-07,6,Multiple Aircraft AOG + Engine Failure Cascade,FRA,Frankfurt,2026-01-24T07:00:00Z,DEPARTURE,24,24,8,N,NONE
SLT-6-FRA-08,6,Multiple Aircraft AOG + Engine Failure Cascade,FRA,Frankfurt,2026-01-24T08:00:00Z,ARRIVAL,27,16,6,Y,NONE
SLT-6-FRA-09,6,Multiple Aircraft AOG + Engine Failure Cascade,FRA,Frankfurt,2026-01-24T09:00:00Z,ARRIVAL,44,19,1,N,NONE
SLT-6-FRA-10,6,Multiple Aircraft AOG + Engine Failure Cascade,FRA,Frankfurt,2026-01-24T10:00:00Z,DEPARTURE,41,38,9,Y,NONE
SLT-6-FRA-11,6,Multiple Aircraft AOG + Engine Failure Cascade,FRA,Frankfurt,2026-01-24T11:00:00Z,DEPARTURE,21,22,8,N,NONE
SLT-6-FRA-12,6,Multiple Aircraft AOG + Engine Failure Cascade,FRA,Frankfurt,2026-01-24T12:00:00Z,DEPARTURE,24,30,5,Y,NONE
SLT-6-FRA-13,6,Multiple Aircraft AOG + Engine Failure Cascade,FRA,Frankfurt,2026-01-24T13:00:00Z,ARRIVAL,42,45,3,N,CAPACITY
SLT-6-FRA-14,6,Multiple Aircraft AOG + Engine Failure Cascade,FRA,Frankfurt,2026-01-24T14:00:00Z,DEPARTURE,32,17,0,N,NONE
SLT-6-FRA-15,6,Multiple Aircraft AOG + Engine Failure Cascade,FRA,Frankfurt,2026-01-24T15:00:00Z,DEPARTURE,20,19,6,Y,NOISE
SLT-6-FRA-16,6,Multiple Aircraft AOG + Engine Failure Cascade,FRA,Frankfurt,2026-01-24T16:00:00Z,DEPARTURE,37,31,0,Y,NONE
SLT-6-FRA-17,6,Multiple Aircraft AOG + Engine Failure Cascade,FRA,Frankfurt,2026-01-24T17:00:00Z,ARRIVAL,29,38,2,Y,NONE
SLT-6-FRA-18,6,Multiple Aircraft AOG + Engine Failure Cascade,FRA,Frankfurt,2026-01-24T18:00:00Z,DEPARTURE,23,24,5,N,NONE
SLT-6-FRA-19,6,Multiple Aircraft AOG + Engine Failure Cascade,FRA,Frankfurt,2026-01-24T19:00:00Z,ARRIVAL,27,29,5,N,NONE
SLT-6-FRA-20,6,Multiple Aircraft AOG + Engine Failure Cascade,FRA,Frankfurt,2026-01-24T20:00:00Z,DEPARTURE,39,43,2,N,NONE
SLT-6-FRA-21,6,Multiple Aircraft AOG + Engine Failure Cascade,FRA,Frankfurt,2026-01-24T21:00:00Z,ARRIVAL,40,19,9,N,NONE
SLT-6-FRA-22,6,Multiple Aircraft AOG + Engine Failure Cascade,FRA,Frankfurt,2026-01-24T22:00:00Z,ARRIVAL,47,32,5,Y,NONE
SLT-6-FRA-23,6,Multiple Aircraft AOG + Engine Failure Cascade,FRA,Frankfurt,2026-01-24T23:00:00Z,DEPARTURE,47,20,1,N,WEATHER
SLT-6-JFK-06,6,Multiple Aircraft AOG + Engine Failure Cascade,JFK,John F Kennedy,2026-01-24T06:00:00Z,ARRIVAL,34,29,9,Y,NOISE
SLT-6-JFK-07,6,Multiple Aircraft AOG + Engine Failure Cascade,JFK,John F Kennedy,2026-01-24T07:00:00Z,ARRIVAL,24,42,1,Y,NONE
SLT-6-JFK-08,6,Multiple Aircraft AOG + Engine Failure Cascade,JFK,John F Kennedy,2026-01-24T08:00:00Z,ARRIVAL,26,26,7,Y,NONE
SLT-6-JFK-09,6,Multiple Aircraft AOG + Engine Failure Cascade,JFK,John F Kennedy,2026-01-24T09:00:00Z,DEPARTURE,34,44,3,N,NONE
SLT-6-JFK-10,6,Multiple Aircraft AOG + Engine Failure Cascade,JFK,John F Kennedy,2026-01-24T10:00:00Z,ARRIVAL,46,17,1,N,NONE
SLT-6-JFK-11,6,Multiple Aircraft AOG + Engine Failure Cascade,JFK,John F Kennedy,2026-01-24T11:00:00Z,DEPARTURE,24,32,9,N,NONE
SLT-6-JFK-12,6,Multiple Aircraft AOG + Engine Failure Cascade,JFK,John F Kennedy,2026-01-24T12:00:00Z,DEPARTURE,37,15,10,Y,NONE
SLT-6-JFK-13,6,Multiple Aircraft AOG + Engine Failure Cascade,JFK,John F Kennedy,2026-01-24T13:00:00Z,DEPARTURE,47,38,4,N,NONE
SLT-6-JFK-14,6,Multiple Aircraft AOG + Engine Failure Cascade,JFK,John F Kennedy,2026-01-24T14:00:00Z,ARRIVAL,41,42,8,N,WEATHER
SLT-6-JFK-15,6,Multiple Aircraft AOG + Engine Failure Cascade,JFK,John F Kennedy,2026-01-24T15:00:00Z,ARRIVAL,30,24,0,Y,NONE
SLT-6-JFK-16,6,Multiple Aircraft AOG + Engine Failure Cascade,JFK,John F Kennedy,2026-01-24T16:00:00Z,ARRIVAL,45,21,8,Y,NONE
SLT-6-JFK-17,6,Multiple Aircraft AOG + Engine Failure Cascade,JFK,John F Kennedy,2026-01-24T17:00:00Z,ARRIVAL,32,45,7,N,NOISE
SLT-6-JFK-18,6,Multiple Aircraft AOG + Engine Failure Cascade,JFK,John F Kennedy,2026-01-24T18:00:00Z,DEPARTURE,40,22,0,N,CAPACITY
SLT-6-JFK-19,6,Multiple Aircraft AOG + Engine Failure Cascade,JFK,John F Kennedy,2026-01-24T19:00:00Z,DEPARTURE,47,33,4,N,NONE
SLT-6-JFK-20,6,Multiple Aircraft AOG + Engine Failure Cascade,JFK,John F Kennedy,2026-01-24T20:00:00Z,ARRIVAL,33,41,1,N,NONE
SLT-6-JFK-21,6,Multiple Aircraft AOG + Engine Failure Cascade,JFK,John F Kennedy,2026-01-24T21:00:00Z,DEPARTURE,35,18,5,N,NONE
SLT-6-JFK-22,6,Multiple Aircraft AOG + Engine Failure Cascade,JFK,John F Kennedy,2026-01-24T22:00:00Z,ARRIVAL,46,27,3,Y,NOISE
SLT-6-JFK-23,6,Multiple Aircraft AOG + Engine Failure Cascade,JFK,John F Kennedy,2026-01-24T23:00:00Z,ARRIVAL,26,39,0,N,NONE
SLT-6-DEL-06,6,Multiple Aircraft AOG + Engine Failure Cascade,DEL,Indira Gandhi,2026-01-24T06:00:00Z,DEPARTURE,33,25,2,Y,NONE
SLT-6-DEL-07,6,Multiple Aircraft AOG + Engine Failure Cascade,DEL,Indira Gandhi,2026-01-24T07:00:00Z,DEPARTURE,31,16,3,N,NONE
SLT-6-DEL-08,6,Multiple Aircraft AOG + Engine Failure Cascade,DEL,Indira Gandhi,2026-01-24T08:00:00Z,ARRIVAL,37,42,8,N,NONE
SLT-6-DEL-09,6,Multiple Aircraft AOG + Engine Failure Cascade,DEL,Indira Gandhi,2026-01-24T09:00:00Z,DEPARTURE,46,37,3,N,NONE
SLT-6-DEL-10,6,Multiple Aircraft AOG + Engine Failure Cascade,DEL,Indira Gandhi,2026-01-24T10:00:00Z,DEPARTURE,33,16,9,N,NONE
SLT-6-DEL-11,6,Multiple Aircraft AOG + Engine Failure Cascade,DEL,Indira Gandhi,2026-01-24T11:00:00Z,DEPARTURE,50,42,8,N,NONE
SLT-6-DEL-12,6,Multiple Aircraft AOG + Engine Failure Cascade,DEL,Indira Gandhi,2026-01-24T12:00:00Z,ARRIVAL,45,44,5,Y,NONE
SLT-6-DEL-13,6,Multiple Aircraft AOG + Engine Failure Cascade,DEL,Indira Gandhi,2026-01-24T13:00:00Z,DEPARTURE,46,31,7,N,NONE
SLT-6-DEL-14,6,Multiple Aircraft AOG + Engine Failure Cascade,DEL,Indira Gandhi,2026-01-24T14:00:00Z,ARRIVAL,39,29,6,Y,NONE
SLT-6-DEL-15,6,Multiple Aircraft AOG + Engine Failure Cascade,DEL,Indira Gandhi,2026-01-24T15:00:00Z,DEPARTURE,29,44,9,Y,NONE
SLT-6-DEL-16,6,Multiple Aircraft AOG + Engine Failure Cascade,DEL,Indira Gandhi,2026-01-24T16:00:00Z,DEPARTURE,30,41,5,N,NONE
SLT-6-DEL-17,6,Multiple Aircraft AOG + Engine Failure Cascade,DEL,Indira Gandhi,2026-01-24T17:00:00Z,DEPARTURE,36,17,6,Y,NONE
SLT-6-DEL-18,6,Multiple Aircraft AOG + Engine Failure Cascade,DEL,Indira Gandhi,2026-01-24T18:00:00Z,DEPARTURE,43,33,5,N,NONE
SLT-6-DEL-19,6,Multiple Aircraft AOG + Engine Failure Cascade,DEL,Indira Gandhi,2026-01-24T19:00:00Z,DEPARTURE,50,20,0,N,NONE
SLT-6-DEL-20,6,Multiple Aircraft AOG + Engine Failure Cascade,DEL,Indira Gandhi,2026-01-24T20:00:00Z,DEPARTURE,28,19,2,Y,NONE
SLT-6-DEL-21,6,Multiple Aircraft AOG + Engine Failure Cascade,DEL,Indira Gandhi,2026-01-24T21:00:00Z,DEPARTURE,42,33,5,N,NONE
SLT-6-DEL-22,6,Multiple Aircraft AOG + Engine Failure Cascade,DEL,Indira Gandhi,2026-01-24T22:00:00Z,DEPARTURE,36,17,7,N,NONE
SLT-6-DEL-23,6,Multiple Aircraft AOG + Engine Failure Cascade,DEL,Indira Gandhi,2026-01-24T23:00:00Z,DEPARTURE,46,29,8,N,NONE
SLT-6-SYD-06,6,Multiple Aircraft AOG + Engine Failure Cascade,SYD,Sydney Kingsford Smith,2026-01-24T06:00:00Z,DEPARTURE,47,17,7,N,NONE
SLT-6-SYD-07,6,Multiple Aircraft AOG + Engine Failure Cascade,SYD,Sydney Kingsford Smith,2026-01-24T07:00:00Z,ARRIVAL,43,38,1,N,NONE
SLT-6-SYD-08,6,Multiple Aircraft AOG + Engine Failure Cascade,SYD,Sydney Kingsford Smith,2026-01-24T08:00:00Z,DEPARTURE,35,22,7,Y,WEATHER
SLT-6-SYD-09,6,Multiple Aircraft AOG + Engine Failure Cascade,SYD,Sydney Kingsford Smith,2026-01-24T09:00:00Z,ARRIVAL,22,19,10,N,NONE
SLT-6-SYD-10,6,Multiple Aircraft AOG + Engine Failure Cascade,SYD,Sydney Kingsford Smith,2026-01-24T10:00:00Z,DEPARTURE,47,34,0,N,NONE
SLT-6-SYD-11,6,Multiple Aircraft AOG + Engine Failure Cascade,SYD,Sydney Kingsford Smith,2026-01-24T11:00:00Z,ARRIVAL,48,15,9,N,NONE
SLT-6-SYD-12,6,Multiple Aircraft AOG + Engine Failure Cascade,SYD,Sydney Kingsford Smith,2026-01-24T12:00:00Z,ARRIVAL,28,19,7,N,NOISE
SLT-6-SYD-13,6,Multiple Aircraft AOG + Engine Failure Cascade,SYD,Sydney Kingsford Smith,2026-01-24T13:00:00Z,DEPARTURE,32,18,0,N,NONE
SLT-6-SYD-14,6,Multiple Aircraft AOG + Engine Failure Cascade,SYD,Sydney Kingsford Smith,2026-01-24T14:00:00Z,ARRIVAL,47,31,7,N,NONE
SLT-6-SYD-15,6,Multiple Aircraft AOG + Engine Failure Cascade,SYD,Sydney Kingsford Smith,2026-01-24T15:00:00Z,ARRIVAL,41,40,8,Y,CAPACITY
SLT-6-SYD-16,6,Multiple Aircraft AOG + Engine Failure Cascade,SYD,Sydney Kingsford Smith,2026-01-24T16:00:00Z,DEPARTURE,50,41,8,Y,NONE
SLT-6-SYD-17,6,Multiple Aircraft AOG + Engine Failure Cascade,SYD,Sydney Kingsford Smith,2026-01-24T17:00:00Z,ARRIVAL,35,44,8,Y,NONE
SLT-6-SYD-18,6,Multiple Aircraft AOG + Engine Failure Cascade,SYD,Sydney Kingsford Smith,2026-01-24T18:00:00Z,ARRIVAL,24,35,7,Y,NONE
SLT-6-SYD-19,6,Multiple Aircraft AOG + Engine Failure Cascade,SYD,Sydney Kingsford Smith,2026-01-24T19:00:00Z,DEPARTURE,47,39,2,Y,NONE
SLT-6-SYD-20,6,Multiple Aircraft AOG + Engine Failure Cascade,SYD,Sydney Kingsford Smith,2026-01-24T20:00:00Z,ARRIVAL,23,41,1,Y,NONE
SLT-6-SYD-21,6,Multiple Aircraft AOG + Engine Failure Cascade,SYD,Sydney Kingsford Smith,2026-01-24T21:00:00Z,ARRIVAL,34,37,2,Y,NONE
SLT-6-SYD-22,6,Multiple Aircraft AOG + Engine Failure Cascade,SYD,Sydney Kingsford Smith,2026-01-24T22:00:00Z,DEPARTURE,39,43,0,N,NONE
SLT-6-SYD-23,6,Multiple Aircraft AOG + Engine Failure Cascade,SYD,Sydney Kingsford Smith,2026-01-24T23:00:00Z,DEPARTURE,20,33,3,Y,NONE
SLT-6-CAI-06,6,Multiple Aircraft AOG + Engine Failure Cascade,CAI,Cairo International,2026-01-24T06:00:00Z,ARRIVAL,38,18,4,N,NONE
SLT-6-CAI-07,6,Multiple Aircraft AOG + Engine Failure Cascade,CAI,Cairo International,2026-01-24T07:00:00Z,ARRIVAL,45,22,2,N,NONE
SLT-6-CAI-08,6,Multiple Aircraft AOG + Engine Failure Cascade,CAI,Cairo International,2026-01-24T08:00:00Z,ARRIVAL,43,34,5,Y,NONE
SLT-6-CAI-09,6,Multiple Aircraft AOG + Engine Failure Cascade,CAI,Cairo International,2026-01-24T09:00:00Z,DEPARTURE,49,24,5,Y,NONE
SLT-6-CAI-10,6,Multiple Aircraft AOG + Engine Failure Cascade,CAI,Cairo International,2026-01-24T10:00:00Z,DEPARTURE,25,19,1,N,NONE
SLT-6-CAI-11,6,Multiple Aircraft AOG + Engine Failure Cascade,CAI,Cairo International,2026-01-24T11:00:00Z,DEPARTURE,41,31,0,N,WEATHER
SLT-6-CAI-12,6,Multiple Aircraft AOG + Engine Failure Cascade,CAI,Cairo International,2026-01-24T12:00:00Z,DEPARTURE,50,36,7,N,CAPACITY
SLT-6-CAI-13,6,Multiple Aircraft AOG + Engine Failure Cascade,CAI,Cairo International,2026-01-24T13:00:00Z,ARRIVAL,38,17,2,Y,NONE
SLT-6-CAI-14,6,Multiple Aircraft AOG + Engine Failure Cascade,CAI,Cairo International,2026-01-24T14:00:00Z,ARRIVAL,40,43,1,Y,NONE
SLT-6-CAI-15,6,Multiple Aircraft AOG + Engine Failure Cascade,CAI,Cairo International,2026-01-24T15:00:00Z,ARRIVAL,48,37,3,N,NONE
SLT-6-CAI-16,6,Multiple Aircraft AOG + Engine Failure Cascade,CAI,Cairo International,2026-01-24T16:00:00Z,ARRIVAL,26,38,6,Y,NONE
SLT-6-CAI-17,6,Multiple Aircraft AOG + Engine Failure Cascade,CAI,Cairo International,2026-01-24T17:00:00Z,ARRIVAL,28,36,9,Y,NONE
SLT-6-CAI-18,6,Multiple Aircraft AOG + Engine Failure Cascade,CAI,Cairo International,2026-01-24T18:00:00Z,ARRIVAL,39,19,8,N,NONE
SLT-6-CAI-19,6,Multiple Aircraft AOG + Engine Failure Cascade,CAI,Cairo International,2026-01-24T19:00:00Z,ARRIVAL,28,42,2,N,NONE
SLT-6-CAI-20,6,Multiple Aircraft AOG + Engine Failure Cascade,CAI,Cairo International,2026-01-24T20:00:00Z,DEPARTURE,23,29,2,N,NOISE
SLT-6-CAI-21,6,Multiple Aircraft AOG + Engine Failure Cascade,CAI,Cairo International,2026-01-24T21:00:00Z,ARRIVAL,42,42,10,Y,NONE
SLT-6-CAI-22,6,Multiple Aircraft AOG + Engine Failure Cascade,CAI,Cairo International,2026-01-24T22:00:00Z,DEPARTURE,29,40,6,Y,NONE
SLT-6-CAI-23,6,Multiple Aircraft AOG + Engine Failure Cascade,CAI,Cairo International,2026-01-24T23:00:00Z,ARRIVAL,26,38,2,N,CAPACITY
SLT-6-FCO-06,6,Multiple Aircraft AOG + Engine Failure Cascade,FCO,Fiumicino,2026-01-24T06:00:00Z,DEPARTURE,25,26,3,N,NONE
SLT-6-FCO-07,6,Multiple Aircraft AOG + Engine Failure Cascade,FCO,Fiumicino,2026-01-24T07:00:00Z,ARRIVAL,31,22,10,Y,NONE
SLT-6-FCO-08,6,Multiple Aircraft AOG + Engine Failure Cascade,FCO,Fiumicino,2026-01-24T08:00:00Z,ARRIVAL,28,24,5,N,NONE
SLT-6-FCO-09,6,Multiple Aircraft AOG + Engine Failure Cascade,FCO,Fiumicino,2026-01-24T09:00:00Z,DEPARTURE,37,33,4,Y,NOISE
SLT-6-FCO-10,6,Multiple Aircraft AOG + Engine Failure Cascade,FCO,Fiumicino,2026-01-24T10:00:00Z,DEPARTURE,27,38,0,N,NONE
SLT-6-FCO-11,6,Multiple Aircraft AOG + Engine Failure Cascade,FCO,Fiumicino,2026-01-24T11:00:00Z,ARRIVAL,29,44,5,Y,NONE
SLT-6-FCO-12,6,Multiple Aircraft AOG + Engine Failure Cascade,FCO,Fiumicino,2026-01-24T12:00:00Z,DEPARTURE,29,45,6,Y,WEATHER
SLT-6-FCO-13,6,Multiple Aircraft AOG + Engine Failure Cascade,FCO,Fiumicino,2026-01-24T13:00:00Z,DEPARTURE,45,27,5,Y,NONE
SLT-6-FCO-14,6,Multiple Aircraft AOG + Engine Failure Cascade,FCO,Fiumicino,2026-01-24T14:00:00Z,ARRIVAL,46,31,10,Y,NONE
SLT-6-FCO-15,6,Multiple Aircraft AOG + Engine Failure Cascade,FCO,Fiumicino,2026-01-24T15:00:00Z,DEPARTURE,20,34,1,N,NONE
SLT-6-FCO-16,6,Multiple Aircraft AOG + Engine Failure Cascade,FCO,Fiumicino,2026-01-24T16:00:00Z,DEPARTURE,48,42,4,Y,NONE
SLT-6-FCO-17,6,Multiple Aircraft AOG + Engine Failure Cascade,FCO,Fiumicino,2026-01-24T17:00:00Z,ARRIVAL,24,30,10,N,NONE
SLT-6-FCO-18,6,Multiple Aircraft AOG + Engine Failure Cascade,FCO,Fiumicino,2026-01-24T18:00:00Z,DEPARTURE,24,18,0,Y,NONE
SLT-6-FCO-19,6,Multiple Aircraft AOG + Engine Failure Cascade,FCO,Fiumicino,2026-01-24T19:00:00Z,ARRIVAL,24,36,10,Y,NONE
SLT-6-FCO-20,6,Multiple Aircraft AOG + Engine Failure Cascade,FCO,Fiumicino,2026-01-24T20:00:00Z,ARRIVAL,43,44,3,Y,NONE
SLT-6-FCO-21,6,Multiple Aircraft AOG + Engine Failure Cascade,FCO,Fiumicino,2026-01-24T21:00:00Z,ARRIVAL,30,19,8,N,NONE
SLT-6-FCO-22,6,Multiple Aircraft AOG + Engine Failure Cascade,FCO,Fiumicino,2026-01-24T22:00:00Z,DEPARTURE,23,17,6,N,NONE
SLT-6-FCO-23,6,Multiple Aircraft AOG + Engine Failure Cascade,FCO,Fiumicino,2026-01-24T23:00:00Z,ARRIVAL,34,45,7,N,NONE
SLT-6-DOH-06,6,Multiple Aircraft AOG + Engine Failure Cascade,DOH,Hamad International,2026-01-24T06:00:00Z,DEPARTURE,36,34,8,N,CAPACITY
SLT-6-DOH-07,6,Multiple Aircraft AOG + Engine Failure Cascade,DOH,Hamad International,2026-01-24T07:00:00Z,ARRIVAL,32,39,9,N,NONE
SLT-6-DOH-08,6,Multiple Aircraft AOG + Engine Failure Cascade,DOH,Hamad International,2026-01-24T08:00:00Z,DEPARTURE,26,29,4,N,NONE
SLT-6-DOH-09,6,Multiple Aircraft AOG + Engine Failure Cascade,DOH,Hamad International,2026-01-24T09:00:00Z,DEPARTURE,42,30,1,Y,NONE
SLT-6-DOH-10,6,Multiple Aircraft AOG + Engine Failure Cascade,DOH,Hamad International,2026-01-24T10:00:00Z,DEPARTURE,45,23,9,N,NONE
SLT-6-DOH-11,6,Multiple Aircraft AOG + Engine Failure Cascade,DOH,Hamad International,2026-01-24T11:00:00Z,DEPARTURE,44,25,5,Y,NONE
SLT-6-DOH-12,6,Multiple Aircraft AOG + Engine Failure Cascade,DOH,Hamad International,2026-01-24T12:00:00Z,ARRIVAL,41,33,7,N,NONE
SLT-6-DOH-13,6,Multiple Aircraft AOG + Engine Failure Cascade,DOH,Hamad International,2026-01-24T13:00:00Z,DEPARTURE,40,15,8,N,NONE
SLT-6-DOH-14,6,Multiple Aircraft AOG + Engine Failure Cascade,DOH,Hamad International,2026-01-24T14:00:00Z,DEPARTURE,28,42,2,N,WEATHER
SLT-6-DOH-15,6,Multiple Aircraft AOG + Engine Failure Cascade,DOH,Hamad International,2026-01-24T15:00:00Z,DEPARTURE,42,39,2,N,CAPACITY
SLT-6-DOH-16,6,Multiple Aircraft AOG + Engine Failure Cascade,DOH,Hamad International,2026-01-24T16:00:00Z,ARRIVAL,20,27,5,Y,CAPACITY
SLT-6-DOH-17,6,Multiple Aircraft AOG + Engine Failure Cascade,DOH,Hamad International,2026-01-24T17:00:00Z,ARRIVAL,21,38,3,Y,NONE
SLT-6-DOH-18,6,Multiple Aircraft AOG + Engine Failure Cascade,DOH,Hamad International,2026-01-24T18:00:00Z,DEPARTURE,46,44,0,Y,NONE
SLT-6-DOH-19,6,Multiple Aircraft AOG + Engine Failure Cascade,DOH,Hamad International,2026-01-24T19:00:00Z,ARRIVAL,25,28,4,Y,NONE
SLT-6-DOH-20,6,Multiple Aircraft AOG + Engine Failure Cascade,DOH,Hamad International,2026-01-24T20:00:00Z,ARRIVAL,45,31,10,Y,NONE
SLT-6-DOH-21,6,Multiple Aircraft AOG + Engine Failure Cascade,DOH,Hamad International,2026-01-24T21:00:00Z,ARRIVAL,34,23,1,Y,NONE
SLT-6-DOH-22,6,Multiple Aircraft AOG + Engine Failure Cascade,DOH,Hamad International,2026-01-24T22:00:00Z,DEPARTURE,38,30,9,N,NOISE
SLT-6-DOH-23,6,Multiple Aircraft AOG + Engine Failure Cascade,DOH,Hamad International,2026-01-24T23:00:00Z,DEPARTURE,30,20,0,N,NONE
SLT-6-MCT-06,6,Multiple Aircraft AOG + Engine Failure Cascade,MCT,Muscat International,2026-01-24T06:00:00Z,DEPARTURE,28,16,2,N,CAPACITY
SLT-6-MCT-07,6,Multiple Aircraft AOG + Engine Failure Cascade,MCT,Muscat International,2026-01-24T07:00:00Z,ARRIVAL,39,44,6,N,NONE
SLT-6-MCT-08,6,Multiple Aircraft AOG + Engine Failure Cascade,MCT,Muscat International,2026-01-24T08:00:00Z,ARRIVAL,37,26,3,Y,NONE
SLT-6-MCT-09,6,Multiple Aircraft AOG + Engine Failure Cascade,MCT,Muscat International,2026-01-24T09:00:00Z,DEPARTURE,45,24,10,N,WEATHER
SLT-6-MCT-10,6,Multiple Aircraft AOG + Engine Failure Cascade,MCT,Muscat International,2026-01-24T10:00:00Z,ARRIVAL,22,43,9,N,NONE
SLT-6-MCT-11,6,Multiple Aircraft AOG + Engine Failure Cascade,MCT,Muscat International,2026-01-24T11:00:00Z,ARRIVAL,23,34,4,Y,NONE
SLT-6-MCT-12,6,Multiple Aircraft AOG + Engine Failure Cascade,MCT,Muscat International,2026-01-24T12:00:00Z,ARRIVAL,49,21,4,Y,NONE
SLT-6-MCT-13,6,Multiple Aircraft AOG + Engine Failure Cascade,MCT,Muscat International,2026-01-24T13:00:00Z,ARRIVAL,39,21,3,N,NONE
SLT-6-MCT-14,6,Multiple Aircraft AOG + Engine Failure Cascade,MCT,Muscat International,2026-01-24T14:00:00Z,DEPARTURE,27,17,6,N,CAPACITY
SLT-6-MCT-15,6,Multiple Aircraft AOG + Engine Failure Cascade,MCT,Muscat International,2026-01-24T15:00:00Z,ARRIVAL,37,29,9,N,NONE
SLT-6-MCT-16,6,Multiple Aircraft AOG + Engine Failure Cascade,MCT,Muscat International,2026-01-24T16:00:00Z,DEPARTURE,41,36,10,Y,NONE
SLT-6-MCT-17,6,Multiple Aircraft AOG + Engine Failure Cascade,MCT,Muscat International,2026-01-24T17:00:00Z,DEPARTURE,46,25,10,N,NONE
SLT-6-MCT-18,6,Multiple Aircraft AOG + Engine Failure Cascade,MCT,Muscat International,2026-01-24T18:00:00Z,ARRIVAL,45,32,0,N,NOISE
SLT-6-MCT-19,6,Multiple Aircraft AOG + Engine Failure Cascade,MCT,Muscat International,2026-01-24T19:00:00Z,DEPARTURE,27,22,9,N,NONE
SLT-6-MCT-20,6,Multiple Aircraft AOG + Engine Failure Cascade,MCT,Muscat International,2026-01-24T20:00:00Z,DEPARTURE,34,34,5,N,NONE
SLT-6-MCT-21,6,Multiple Aircraft AOG + Engine Failure Cascade,MCT,Muscat International,2026-01-24T21:00:00Z,DEPARTURE,43,32,6,N,CAPACITY
SLT-6-MCT-22,6,Multiple Aircraft AOG + Engine Failure Cascade,MCT,Muscat International,2026-01-24T22:00:00Z,DEPARTURE,24,39,10,N,WEATHER
SLT-6-MCT-23,6,Multiple Aircraft AOG + Engine Failure Cascade,MCT,Muscat International,2026-01-24T23:00:00Z,DEPARTURE,33,22,4,N,NONE
SLT-6-JED-06,6,Multiple Aircraft AOG + Engine Failure Cascade,JED,King Abdulaziz,2026-01-24T06:00:00Z,DEPARTURE,32,43,3,Y,NONE
SLT-6-JED-07,6,Multiple Aircraft AOG + Engine Failure Cascade,JED,King Abdulaziz,2026-01-24T07:00:00Z,ARRIVAL,44,22,6,N,CAPACITY
SLT-6-JED-08,6,Multiple Aircraft AOG + Engine Failure Cascade,JED,King Abdulaziz,2026-01-24T08:00:00Z,ARRIVAL,24,44,10,N,NONE
SLT-6-JED-09,6,Multiple Aircraft AOG + Engine Failure Cascade,JED,King Abdulaziz,2026-01-24T09:00:00Z,DEPARTURE,31,41,7,N,NONE
SLT-6-JED-10,6,Multiple Aircraft AOG + Engine Failure Cascade,JED,King Abdulaziz,2026-01-24T10:00:00Z,DEPARTURE,43,36,6,N,NONE
SLT-6-JED-11,6,Multiple Aircraft AOG + Engine Failure Cascade,JED,King Abdulaziz,2026-01-24T11:00:00Z,ARRIVAL,25,21,10,Y,NONE
SLT-6-JED-12,6,Multiple Aircraft AOG + Engine Failure Cascade,JED,King Abdulaziz,2026-01-24T12:00:00Z,ARRIVAL,21,34,4,N,NONE
SLT-6-JED-13,6,Multiple Aircraft AOG + Engine Failure Cascade,JED,King Abdulaziz,2026-01-24T13:00:00Z,ARRIVAL,32,20,0,N,NONE
SLT-6-JED-14,6,Multiple Aircraft AOG + Engine Failure Cascade,JED,King Abdulaziz,2026-01-24T14:00:00Z,ARRIVAL,36,43,2,N,NONE
SLT-6-JED-15,6,Multiple Aircraft AOG + Engine Failure Cascade,JED,King Abdulaziz,2026-01-24T15:00:00Z,DEPARTURE,29,17,2,N,NONE
SLT-6-JED-16,6,Multiple Aircraft AOG + Engine Failure Cascade,JED,King Abdulaziz,2026-01-24T16:00:00Z,ARRIVAL,35,29,1,Y,CAPACITY
SLT-6-JED-17,6,Multiple Aircraft AOG + Engine Failure Cascade,JED,King Abdulaziz,2026-01-24T17:00:00Z,DEPARTURE,21,40,7,N,NONE
SLT-6-JED-18,6,Multiple Aircraft AOG + Engine Failure Cascade,JED,King Abdulaziz,2026-01-24T18:00:00Z,ARRIVAL,20,22,7,N,CAPACITY
SLT-6-JED-19,6,Multiple Aircraft AOG + Engine Failure Cascade,JED,King Abdulaziz,2026-01-24T19:00:00Z,ARRIVAL,29,26,0,Y,NONE
SLT-6-JED-20,6,Multiple Aircraft AOG + Engine Failure Cascade,JED,King Abdulaziz,2026-01-24T20:00:00Z,DEPARTURE,43,38,6,Y,NONE
SLT-6-JED-21,6,Multiple Aircraft AOG + Engine Failure Cascade,JED,King Abdulaziz,2026-01-24T21:00:00Z,DEPARTURE,21,29,1,Y,WEATHER
SLT-6-JED-22,6,Multiple Aircraft AOG + Engine Failure Cascade,JED,King Abdulaziz,2026-01-24T22:00:00Z,DEPARTURE,33,31,9,N,NONE
SLT-6-JED-23,6,Multiple Aircraft AOG + Engine Failure Cascade,JED,King Abdulaziz,2026-01-24T23:00:00Z,ARRIVAL,36,34,3,N,NONE
SLT-7-AUH-06,7,Crew Out of Hours + Insufficient Cabin Crew Crisis,AUH,Abu Dhabi International,2026-01-25T06:00:00Z,ARRIVAL,34,26,9,N,NONE
SLT-7-AUH-07,7,Crew Out of Hours + Insufficient Cabin Crew Crisis,AUH,Abu Dhabi International,2026-01-25T07:00:00Z,DEPARTURE,45,30,10,N,NONE
SLT-7-AUH-08,7,Crew Out of Hours + Insufficient Cabin Crew Crisis,AUH,Abu Dhabi International,2026-01-25T08:00:00Z,ARRIVAL,41,23,8,N,NONE
SLT-7-AUH-09,7,Crew Out of Hours + Insufficient Cabin Crew Crisis,AUH,Abu Dhabi International,2026-01-25T09:00:00Z,ARRIVAL,30,42,10,Y,NONE
SLT-7-AUH-10,7,Crew Out of Hours + Insufficient Cabin Crew Crisis,AUH,Abu Dhabi International,2026-01-25T10:00:00Z,ARRIVAL,31,25,8,Y,NONE
SLT-7-AUH-11,7,Crew Out of Hours + Insufficient Cabin Crew Crisis,AUH,Abu Dhabi International,2026-01-25T11:00:00Z,DEPARTURE,30,39,5,N,NONE
SLT-7-AUH-12,7,Crew Out of Hours + Insufficient Cabin Crew Crisis,AUH,Abu Dhabi International,2026-01-25T12:00:00Z,ARRIVAL,21,24,3,N,NONE
SLT-7-AUH-13,7,Crew Out of Hours + Insufficient Cabin Crew Crisis,AUH,Abu Dhabi International,2026-01-25T13:00:00Z,ARRIVAL,31,41,6,Y,NONE
SLT-7-AUH-14,7,Crew Out of Hours + Insufficient Cabin Crew Crisis,AUH,Abu Dhabi International,2026-01-25T14:00:00Z,DEPARTURE,44,23,3,N,NONE
SLT-7-AUH-15,7,Crew Out of Hours + Insufficient Cabin Crew Crisis,AUH,Abu Dhabi International,2026-01-25T15:00:00Z,ARRIVAL,40,45,6,N,NONE
SLT-7-AUH-16,7,Crew Out of Hours + Insufficient Cabin Crew Crisis,AUH,Abu Dhabi International,2026-01-25T16:00:00Z,DEPARTURE,28,22,4,N,NONE
SLT-7-AUH-17,7,Crew Out of Hours + Insufficient Cabin Crew Crisis,AUH,Abu Dhabi International,2026-01-25T17:00:00Z,ARRIVAL,24,28,10,N,NONE
SLT-7-AUH-18,7,Crew Out of Hours + Insufficient Cabin Crew Crisis,AUH,Abu Dhabi International,2026-01-25T18:00:00Z,ARRIVAL,42,33,8,N,CAPACITY
SLT-7-AUH-19,7,Crew Out of Hours + Insufficient Cabin Crew Crisis,AUH,Abu Dhabi International,2026-01-25T19:00:00Z,DEPARTURE,37,16,2,Y,NONE
SLT-7-AUH-20,7,Crew Out of Hours + Insufficient Cabin Crew Crisis,AUH,Abu Dhabi International,2026-01-25T20:00:00Z,ARRIVAL,50,28,5,Y,NONE
SLT-7-AUH-21,7,Crew Out of Hours + Insufficient Cabin Crew Crisis,AUH,Abu Dhabi International,2026-01-25T21:00:00Z,DEPARTURE,21,25,6,Y,CAPACITY
SLT-7-AUH-22,7,Crew Out of Hours + Insufficient Cabin Crew Crisis,AUH,Abu Dhabi International,2026-01-25T22:00:00Z,ARRIVAL,48,43,4,Y,CAPACITY
SLT-7-AUH-23,7,Crew Out of Hours + Insufficient Cabin Crew Crisis,AUH,Abu Dhabi International,2026-01-25T23:00:00Z,ARRIVAL,35,43,9,Y,NONE
SLT-7-BKK-06,7,Crew Out of Hours + Insufficient Cabin Crew Crisis,BKK,Suvarnabhumi,2026-01-25T06:00:00Z,DEPARTURE,22,40,10,N,NONE
SLT-7-BKK-07,7,Crew Out of Hours + Insufficient Cabin Crew Crisis,BKK,Suvarnabhumi,2026-01-25T07:00:00Z,DEPARTURE,35,39,1,N,NONE
SLT-7-BKK-08,7,Crew Out of Hours + Insufficient Cabin Crew Crisis,BKK,Suvarnabhumi,2026-01-25T08:00:00Z,ARRIVAL,46,35,9,N,NONE
SLT-7-BKK-09,7,Crew Out of Hours + Insufficient Cabin Crew Crisis,BKK,Suvarnabhumi,2026-01-25T09:00:00Z,DEPARTURE,32,44,3,N,NONE
SLT-7-BKK-10,7,Crew Out of Hours + Insufficient Cabin Crew Crisis,BKK,Suvarnabhumi,2026-01-25T10:00:00Z,ARRIVAL,50,38,5,Y,NONE
SLT-7-BKK-11,7,Crew Out of Hours + Insufficient Cabin Crew Crisis,BKK,Suvarnabhumi,2026-01-25T11:00:00Z,DEPARTURE,50,43,5,N,NONE
SLT-7-BKK-12,7,Crew Out of Hours + Insufficient Cabin Crew Crisis,BKK,Suvarnabhumi,2026-01-25T12:00:00Z,ARRIVAL,41,44,7,N,NONE
SLT-7-BKK-13,7,Crew Out of Hours + Insufficient Cabin Crew Crisis,BKK,Suvarnabhumi,2026-01-25T13:00:00Z,ARRIVAL,32,16,9,N,NONE
SLT-7-BKK-14,7,Crew Out of Hours + Insufficient Cabin Crew Crisis,BKK,Suvarnabhumi,2026-01-25T14:00:00Z,ARRIVAL,49,28,2,N,NONE
SLT-7-BKK-15,7,Crew Out of Hours + Insufficient Cabin Crew Crisis,BKK,Suvarnabhumi,2026-01-25T15:00:00Z,DEPARTURE,29,43,5,Y,NONE
SLT-7-BKK-16,7,Crew Out of Hours + Insufficient Cabin Crew Crisis,BKK,Suvarnabhumi,2026-01-25T16:00:00Z,ARRIVAL,44,20,10,N,NONE
SLT-7-BKK-17,7,Crew Out of Hours + Insufficient Cabin Crew Crisis,BKK,Suvarnabhumi,2026-01-25T17:00:00Z,DEPARTURE,20,38,10,Y,CAPACITY
SLT-7-BKK-18,7,Crew Out of Hours + Insufficient Cabin Crew Crisis,BKK,Suvarnabhumi,2026-01-25T18:00:00Z,ARRIVAL,46,39,4,N,NONE
SLT-7-BKK-19,7,Crew Out of Hours + Insufficient Cabin Crew Crisis,BKK,Suvarnabhumi,2026-01-25T19:00:00Z,ARRIVAL,30,21,6,N,NONE
SLT-7-BKK-20,7,Crew Out of Hours + Insufficient Cabin Crew Crisis,BKK,Suvarnabhumi,2026-01-25T20:00:00Z,DEPARTURE,29,33,4,N,NONE
SLT-7-BKK-21,7,Crew Out of Hours + Insufficient Cabin Crew Crisis,BKK,Suvarnabhumi,2026-01-25T21:00:00Z,ARRIVAL,42,40,0,N,NONE
SLT-7-BKK-22,7,Crew Out of Hours + Insufficient Cabin Crew Crisis,BKK,Suvarnabhumi,2026-01-25T22:00:00Z,ARRIVAL,32,44,10,N,NONE
SLT-7-BKK-23,7,Crew Out of Hours + Insufficient Cabin Crew Crisis,BKK,Suvarnabhumi,2026-01-25T23:00:00Z,ARRIVAL,48,39,5,N,NONE
SLT-7-LHR-06,7,Crew Out of Hours + Insufficient Cabin Crew Crisis,LHR,Heathrow,2026-01-25T06:00:00Z,DEPARTURE,26,36,4,N,NONE
SLT-7-LHR-07,7,Crew Out of Hours + Insufficient Cabin Crew Crisis,LHR,Heathrow,2026-01-25T07:00:00Z,DEPARTURE,50,39,7,N,WEATHER
SLT-7-LHR-08,7,Crew Out of Hours + Insufficient Cabin Crew Crisis,LHR,Heathrow,2026-01-25T08:00:00Z,DEPARTURE,36,31,3,N,NONE
SLT-7-LHR-09,7,Crew Out of Hours + Insufficient Cabin Crew Crisis,LHR,Heathrow,2026-01-25T09:00:00Z,DEPARTURE,36,38,1,N,NONE
SLT-7-LHR-10,7,Crew Out of Hours + Insufficient Cabin Crew Crisis,LHR,Heathrow,2026-01-25T10:00:00Z,DEPARTURE,28,44,9,Y,NONE
SLT-7-LHR-11,7,Crew Out of Hours + Insufficient Cabin Crew Crisis,LHR,Heathrow,2026-01-25T11:00:00Z,ARRIVAL,33,31,1,Y,NONE
SLT-7-LHR-12,7,Crew Out of Hours + Insufficient Cabin Crew Crisis,LHR,Heathrow,2026-01-25T12:00:00Z,DEPARTURE,35,44,4,Y,NONE
SLT-7-LHR-13,7,Crew Out of Hours + Insufficient Cabin Crew Crisis,LHR,Heathrow,2026-01-25T13:00:00Z,ARRIVAL,22,45,9,N,NONE
SLT-7-LHR-14,7,Crew Out of Hours + Insufficient Cabin Crew Crisis,LHR,Heathrow,2026-01-25T14:00:00Z,ARRIVAL,38,15,0,N,NONE
SLT-7-LHR-15,7,Crew Out of Hours + Insufficient Cabin Crew Crisis,LHR,Heathrow,2026-01-25T15:00:00Z,DEPARTURE,30,30,8,N,NONE
SLT-7-LHR-16,7,Crew Out of Hours + Insufficient Cabin Crew Crisis,LHR,Heathrow,2026-01-25T16:00:00Z,ARRIVAL,32,24,2,N,NONE
SLT-7-LHR-17,7,Crew Out of Hours + Insufficient Cabin Crew Crisis,LHR,Heathrow,2026-01-25T17:00:00Z,ARRIVAL,37,23,8,N,NONE
SLT-7-LHR-18,7,Crew Out of Hours + Insufficient Cabin Crew Crisis,LHR,Heathrow,2026-01-25T18:00:00Z,DEPARTURE,24,40,9,N,NONE
SLT-7-LHR-19,7,Crew Out of Hours + Insufficient Cabin Crew Crisis,LHR,Heathrow,2026-01-25T19:00:00Z,ARRIVAL,38,45,0,N,WEATHER
SLT-7-LHR-20,7,Crew Out of Hours + Insufficient Cabin Crew Crisis,LHR,Heathrow,2026-01-25T20:00:00Z,ARRIVAL,42,24,9,Y,NONE
SLT-7-LHR-21,7,Crew Out of Hours + Insufficient Cabin Crew Crisis,LHR,Heathrow,2026-01-25T21:00:00Z,DEPARTURE,29,36,7,Y,NOISE
SLT-7-LHR-22,7,Crew Out of Hours + Insufficient Cabin Crew Crisis,LHR,Heathrow,2026-01-25T22:00:00Z,DEPARTURE,44,28,4,N,CAPACITY
SLT-7-LHR-23,7,Crew Out of Hours + Insufficient Cabin Crew Crisis,LHR,Heathrow,2026-01-25T23:00:00Z,ARRIVAL,43,45,0,N,WEATHER
SLT-7-SIN-06,7,Crew Out of Hours + Insufficient Cabin Crew Crisis,SIN,Changi,2026-01-25T06:00:00Z,ARRIVAL,33,39,4,N,NONE
SLT-7-SIN-07,7,Crew Out of Hours + Insufficient Cabin Crew Crisis,SIN,Changi,2026-01-25T07:00:00Z,DEPARTURE,39,35,9,Y,NONE
SLT-7-SIN-08,7,Crew Out of Hours + Insufficient Cabin Crew Crisis,SIN,Changi,2026-01-25T08:00:00Z,DEPARTURE,33,18,9,N,CAPACITY
SLT-7-SIN-09,7,Crew Out of Hours + Insufficient Cabin Crew Crisis,SIN,Changi,2026-01-25T09:00:00Z,DEPARTURE,36,18,5,N,NONE
SLT-7-SIN-10,7,Crew Out of Hours + Insufficient Cabin Crew Crisis,SIN,Changi,2026-01-25T10:00:00Z,ARRIVAL,21,19,5,Y,NONE
SLT-7-SIN-11,7,Crew Out of Hours + Insufficient Cabin Crew Crisis,SIN,Changi,2026-01-25T11:00:00Z,DEPARTURE,35,40,7,N,NONE
SLT-7-SIN-12,7,Crew Out of Hours + Insufficient Cabin Crew Crisis,SIN,Changi,2026-01-25T12:00:00Z,DEPARTURE,45,23,4,N,NONE
SLT-7-SIN-13,7,Crew Out of Hours + Insufficient Cabin Crew Crisis,SIN,Changi,2026-01-25T13:00:00Z,DEPARTURE,26,18,9,Y,NONE
SLT-7-SIN-14,7,Crew Out of Hours + Insufficient Cabin Crew Crisis,SIN,Changi,2026-01-25T14:00:00Z,ARRIVAL,23,21,5,Y,NONE
SLT-7-SIN-15,7,Crew Out of Hours + Insufficient Cabin Crew Crisis,SIN,Changi,2026-01-25T15:00:00Z,DEPARTURE,38,40,0,N,NONE
SLT-7-SIN-16,7,Crew Out of Hours + Insufficient Cabin Crew Crisis,SIN,Changi,2026-01-25T16:00:00Z,DEPARTURE,42,19,3,N,CAPACITY
SLT-7-SIN-17,7,Crew Out of Hours + Insufficient Cabin Crew Crisis,SIN,Changi,2026-01-25T17:00:00Z,ARRIVAL,41,34,2,N,NONE
SLT-7-SIN-18,7,Crew Out of Hours + Insufficient Cabin Crew Crisis,SIN,Changi,2026-01-25T18:00:00Z,ARRIVAL,24,37,3,N,NONE
SLT-7-SIN-19,7,Crew Out of Hours + Insufficient Cabin Crew Crisis,SIN,Changi,2026-01-25T19:00:00Z,ARRIVAL,31,20,4,N,NONE
SLT-7-SIN-20,7,Crew Out of Hours + Insufficient Cabin Crew Crisis,SIN,Changi,2026-01-25T20:00:00Z,ARRIVAL,50,21,9,N,NONE
SLT-7-SIN-21,7,Crew Out of Hours + Insufficient Cabin Crew Crisis,SIN,Changi,2026-01-25T21:00:00Z,ARRIVAL,33,37,0,N,NONE
SLT-7-SIN-22,7,Crew Out of Hours + Insufficient Cabin Crew Crisis,SIN,Changi,2026-01-25T22:00:00Z,ARRIVAL,30,25,0,N,NONE
SLT-7-SIN-23,7,Crew Out of Hours + Insufficient Cabin Crew Crisis,SIN,Changi,2026-01-25T23:00:00Z,DEPARTURE,27,27,0,Y,WEATHER
SLT-7-CDG-06,7,Crew Out of Hours + Insufficient Cabin Crew Crisis,CDG,Charles de Gaulle,2026-01-25T06:00:00Z,DEPARTURE,32,23,1,N,NOISE
SLT-7-CDG-07,7,Crew Out of Hours + Insufficient Cabin Crew Crisis,CDG,Charles de Gaulle,2026-01-25T07:00:00Z,ARRIVAL,31,22,10,N,NONE
SLT-7-CDG-08,7,Crew Out of Hours + Insufficient Cabin Crew Crisis,CDG,Charles de Gaulle,2026-01-25T08:00:00Z,ARRIVAL,38,45,10,N,NOISE
SLT-7-CDG-09,7,Crew Out of Hours + Insufficient Cabin Crew Crisis,CDG,Charles de Gaulle,2026-01-25T09:00:00Z,DEPARTURE,49,36,10,N,NONE
SLT-7-CDG-10,7,Crew Out of Hours + Insufficient Cabin Crew Crisis,CDG,Charles de Gaulle,2026-01-25T10:00:00Z,DEPARTURE,25,19,4,N,NONE
SLT-7-CDG-11,7,Crew Out of Hours + Insufficient Cabin Crew Crisis,CDG,Charles de Gaulle,2026-01-25T11:00:00Z,DEPARTURE,29,27,9,Y,NONE
SLT-7-CDG-12,7,Crew Out of Hours + Insufficient Cabin Crew Crisis,CDG,Charles de Gaulle,2026-01-25T12:00:00Z,ARRIVAL,42,42,2,N,NONE
SLT-7-CDG-13,7,Crew Out of Hours + Insufficient Cabin Crew Crisis,CDG,Charles de Gaulle,2026-01-25T13:00:00Z,ARRIVAL,32,37,6,N,NONE
SLT-7-CDG-14,7,Crew Out of Hours + Insufficient Cabin Crew Crisis,CDG,Charles de Gaulle,2026-01-25T14:00:00Z,DEPARTURE,27,36,6,N,NOISE
SLT-7-CDG-15,7,Crew Out of Hours + Insufficient Cabin Crew Crisis,CDG,Charles de Gaulle,2026-01-25T15:00:00Z,ARRIVAL,28,36,8,N,NONE
SLT-7-CDG-16,7,Crew Out of Hours + Insufficient Cabin Crew Crisis,CDG,Charles de Gaulle,2026-01-25T16:00:00Z,DEPARTURE,46,27,4,Y,NONE
SLT-7-CDG-17,7,Crew Out of Hours + Insufficient Cabin Crew Crisis,CDG,Charles de Gaulle,2026-01-25T17:00:00Z,ARRIVAL,29,25,7,N,NONE
SLT-7-CDG-18,7,Crew Out of Hours + Insufficient Cabin Crew Crisis,CDG,Charles de Gaulle,2026-01-25T18:00:00Z,ARRIVAL,50,17,6,N,NONE
SLT-7-CDG-19,7,Crew Out of Hours + Insufficient Cabin Crew Crisis,CDG,Charles de Gaulle,2026-01-25T19:00:00Z,ARRIVAL,32,30,3,N,NONE
SLT-7-CDG-20,7,Crew Out of Hours + Insufficient Cabin Crew Crisis,CDG,Charles de Gaulle,2026-01-25T20:00:00Z,ARRIVAL,49,41,5,N,NONE
SLT-7-CDG-21,7,Crew Out of Hours + Insufficient Cabin Crew Crisis,CDG,Charles de Gaulle,2026-01-25T21:00:00Z,DEPARTURE,44,33,1,Y,NONE
SLT-7-CDG-22,7,Crew Out of Hours + Insufficient Cabin Crew Crisis,CDG,Charles de Gaulle,2026-01-25T22:00:00Z,DEPARTURE,48,21,4,N,NONE
SLT-7-CDG-23,7,Crew Out of Hours + Insufficient Cabin Crew Crisis,CDG,Charles de Gaulle,2026-01-25T23:00:00Z,DEPARTURE,40,41,0,N,NONE
SLT-7-FRA-06,7,Crew Out of Hours + Insufficient Cabin Crew Crisis,FRA,Frankfurt,2026-01-25T06:00:00Z,ARRIVAL,24,35,6,N,NONE
SLT-7-FRA-07,7,Crew Out of Hours + Insufficient Cabin Crew Crisis,FRA,Frankfurt,2026-01-25T07:00:00Z,ARRIVAL,23,41,0,Y,NONE
SLT-7-FRA-08,7,Crew Out of Hours + Insufficient Cabin Crew Crisis,FRA,Frankfurt,2026-01-25T08:00:00Z,DEPARTURE,39,31,6,Y,NONE
SLT-7-FRA-09,7,Crew Out of Hours + Insufficient Cabin Crew Crisis,FRA,Frankfurt,2026-01-25T09:00:00Z,ARRIVAL,42,22,0,N,NONE
SLT-7-FRA-10,7,Crew Out of Hours + Insufficient Cabin Crew Crisis,FRA,Frankfurt,2026-01-25T10:00:00Z,DEPARTURE,22,26,9,N,NONE
SLT-7-FRA-11,7,Crew Out of Hours + Insufficient Cabin Crew Crisis,FRA,Frankfurt,2026-01-25T11:00:00Z,DEPARTURE,29,31,3,Y,NONE
SLT-7-FRA-12,7,Crew Out of Hours + Insufficient Cabin Crew Crisis,FRA,Frankfurt,2026-01-25T12:00:00Z,ARRIVAL,23,44,1,Y,NONE
SLT-7-FRA-13,7,Crew Out of Hours + Insufficient Cabin Crew Crisis,FRA,Frankfurt,2026-01-25T13:00:00Z,DEPARTURE,30,39,2,N,NONE
SLT-7-FRA-14,7,Crew Out of Hours + Insufficient Cabin Crew Crisis,FRA,Frankfurt,2026-01-25T14:00:00Z,DEPARTURE,20,41,5,N,NONE
SLT-7-FRA-15,7,Crew Out of Hours + Insufficient Cabin Crew Crisis,FRA,Frankfurt,2026-01-25T15:00:00Z,ARRIVAL,25,19,0,N,NOISE
SLT-7-FRA-16,7,Crew Out of Hours + Insufficient Cabin Crew Crisis,FRA,Frankfurt,2026-01-25T16:00:00Z,ARRIVAL,31,16,4,Y,NOISE
SLT-7-FRA-17,7,Crew Out of Hours + Insufficient Cabin Crew Crisis,FRA,Frankfurt,2026-01-25T17:00:00Z,ARRIVAL,34,43,1,Y,NONE
SLT-7-FRA-18,7,Crew Out of Hours + Insufficient Cabin Crew Crisis,FRA,Frankfurt,2026-01-25T18:00:00Z,ARRIVAL,27,15,5,N,NONE
SLT-7-FRA-19,7,Crew Out of Hours + Insufficient Cabin Crew Crisis,FRA,Frankfurt,2026-01-25T19:00:00Z,DEPARTURE,31,29,5,Y,NONE
SLT-7-FRA-20,7,Crew Out of Hours + Insufficient Cabin Crew Crisis,FRA,Frankfurt,2026-01-25T20:00:00Z,DEPARTURE,25,21,7,N,NONE
SLT-7-FRA-21,7,Crew Out of Hours + Insufficient Cabin Crew Crisis,FRA,Frankfurt,2026-01-25T21:00:00Z,ARRIVAL,29,22,2,N,NONE
SLT-7-FRA-22,7,Crew Out of Hours + Insufficient Cabin Crew Crisis,FRA,Frankfurt,2026-01-25T22:00:00Z,DEPARTURE,33,35,8,N,NONE
SLT-7-FRA-23,7,Crew Out of Hours + Insufficient Cabin Crew Crisis,FRA,Frankfurt,2026-01-25T23:00:00Z,ARRIVAL,28,37,2,Y,CAPACITY
SLT-7-JFK-06,7,Crew Out of Hours + Insufficient Cabin Crew Crisis,JFK,John F Kennedy,2026-01-25T06:00:00Z,ARRIVAL,35,45,10,Y,NONE
SLT-7-JFK-07,7,Crew Out of Hours + Insufficient Cabin Crew Crisis,JFK,John F Kennedy,2026-01-25T07:00:00Z,ARRIVAL,29,20,4,N,NONE
SLT-7-JFK-08,7,Crew Out of Hours + Insufficient Cabin Crew Crisis,JFK,John F Kennedy,2026-01-25T08:00:00Z,ARRIVAL,45,33,6,Y,WEATHER
SLT-7-JFK-09,7,Crew Out of Hours + Insufficient Cabin Crew Crisis,JFK,John F Kennedy,2026-01-25T09:00:00Z,DEPARTURE,21,22,0,N,NONE
SLT-7-JFK-10,7,Crew Out of Hours + Insufficient Cabin Crew Crisis,JFK,John F Kennedy,2026-01-25T10:00:00Z,ARRIVAL,20,20,0,N,NONE
SLT-7-JFK-11,7,Crew Out of Hours + Insufficient Cabin Crew Crisis,JFK,John F Kennedy,2026-01-25T11:00:00Z,ARRIVAL,48,33,2,Y,WEATHER
SLT-7-JFK-12,7,Crew Out of Hours + Insufficient Cabin Crew Crisis,JFK,John F Kennedy,2026-01-25T12:00:00Z,ARRIVAL,37,17,8,N,NONE
SLT-7-JFK-13,7,Crew Out of Hours + Insufficient Cabin Crew Crisis,JFK,John F Kennedy,2026-01-25T13:00:00Z,ARRIVAL,23,42,3,N,NOISE
SLT-7-JFK-14,7,Crew Out of Hours + Insufficient Cabin Crew Crisis,JFK,John F Kennedy,2026-01-25T14:00:00Z,ARRIVAL,37,40,9,Y,NONE
SLT-7-JFK-15,7,Crew Out of Hours + Insufficient Cabin Crew Crisis,JFK,John F Kennedy,2026-01-25T15:00:00Z,DEPARTURE,44,30,10,N,NONE
SLT-7-JFK-16,7,Crew Out of Hours + Insufficient Cabin Crew Crisis,JFK,John F Kennedy,2026-01-25T16:00:00Z,ARRIVAL,42,26,1,N,NONE
SLT-7-JFK-17,7,Crew Out of Hours + Insufficient Cabin Crew Crisis,JFK,John F Kennedy,2026-01-25T17:00:00Z,ARRIVAL,32,44,5,N,NONE
SLT-7-JFK-18,7,Crew Out of Hours + Insufficient Cabin Crew Crisis,JFK,John F Kennedy,2026-01-25T18:00:00Z,DEPARTURE,20,15,9,Y,WEATHER
SLT-7-JFK-19,7,Crew Out of Hours + Insufficient Cabin Crew Crisis,JFK,John F Kennedy,2026-01-25T19:00:00Z,ARRIVAL,46,41,6,Y,NONE
SLT-7-JFK-20,7,Crew Out of Hours + Insufficient Cabin Crew Crisis,JFK,John F Kennedy,2026-01-25T20:00:00Z,ARRIVAL,37,18,5,N,NONE
SLT-7-JFK-21,7,Crew Out of Hours + Insufficient Cabin Crew Crisis,JFK,John F Kennedy,2026-01-25T21:00:00Z,DEPARTURE,42,24,5,N,NONE
SLT-7-JFK-22,7,Crew Out of Hours + Insufficient Cabin Crew Crisis,JFK,John F Kennedy,2026-01-25T22:00:00Z,ARRIVAL,20,26,9,Y,NONE
SLT-7-JFK-23,7,Crew Out of Hours + Insufficient Cabin Crew Crisis,JFK,John F Kennedy,2026-01-25T23:00:00Z,ARRIVAL,29,15,3,N,NONE
SLT-7-DEL-06,7,Crew Out of Hours + Insufficient Cabin Crew Crisis,DEL,Indira Gandhi,2026-01-25T06:00:00Z,DEPARTURE,40,25,9,N,NONE
SLT-7-DEL-07,7,Crew Out of Hours + Insufficient Cabin Crew Crisis,DEL,Indira Gandhi,2026-01-25T07:00:00Z,DEPARTURE,34,23,6,N,NONE
SLT-7-DEL-08,7,Crew Out of Hours + Insufficient Cabin Crew Crisis,DEL,Indira Gandhi,2026-01-25T08:00:00Z,DEPARTURE,26,36,10,N,NONE
SLT-7-DEL-09,7,Crew Out of Hours + Insufficient Cabin Crew Crisis,DEL,Indira Gandhi,2026-01-25T09:00:00Z,DEPARTURE,36,18,7,N,NOISE
SLT-7-DEL-10,7,Crew Out of Hours + Insufficient Cabin Crew Crisis,DEL,Indira Gandhi,2026-01-25T10:00:00Z,ARRIVAL,28,39,1,N,WEATHER
SLT-7-DEL-11,7,Crew Out of Hours + Insufficient Cabin Crew Crisis,DEL,Indira Gandhi,2026-01-25T11:00:00Z,DEPARTURE,44,31,6,N,NONE
SLT-7-DEL-12,7,Crew Out of Hours + Insufficient Cabin Crew Crisis,DEL,Indira Gandhi,2026-01-25T12:00:00Z,DEPARTURE,37,43,0,N,WEATHER
SLT-7-DEL-13,7,Crew Out of Hours + Insufficient Cabin Crew Crisis,DEL,Indira Gandhi,2026-01-25T13:00:00Z,ARRIVAL,44,25,9,N,NONE
SLT-7-DEL-14,7,Crew Out of Hours + Insufficient Cabin Crew Crisis,DEL,Indira Gandhi,2026-01-25T14:00:00Z,ARRIVAL,35,30,7,N,NONE
SLT-7-DEL-15,7,Crew Out of Hours + Insufficient Cabin Crew Crisis,DEL,Indira Gandhi,2026-01-25T15:00:00Z,DEPARTURE,30,44,2,N,WEATHER
SLT-7-DEL-16,7,Crew Out of Hours + Insufficient Cabin Crew Crisis,DEL,Indira Gandhi,2026-01-25T16:00:00Z,ARRIVAL,42,23,2,Y,NONE
SLT-7-DEL-17,7,Crew Out of Hours + Insufficient Cabin Crew Crisis,DEL,Indira Gandhi,2026-01-25T17:00:00Z,ARRIVAL,34,19,2,Y,NONE
SLT-7-DEL-18,7,Crew Out of Hours + Insufficient Cabin Crew Crisis,DEL,Indira Gandhi,2026-01-25T18:00:00Z,ARRIVAL,27,31,6,N,NONE
SLT-7-DEL-19,7,Crew Out of Hours + Insufficient Cabin Crew Crisis,DEL,Indira Gandhi,2026-01-25T19:00:00Z,ARRIVAL,50,32,9,N,NOISE
SLT-7-DEL-20,7,Crew Out of Hours + Insufficient Cabin Crew Crisis,DEL,Indira Gandhi,2026-01-25T20:00:00Z,ARRIVAL,43,29,0,N,NONE
SLT-7-DEL-21,7,Crew Out of Hours + Insufficient Cabin Crew Crisis,DEL,Indira Gandhi,2026-01-25T21:00:00Z,ARRIVAL,30,24,1,Y,NONE
SLT-7-DEL-22,7,Crew Out of Hours + Insufficient Cabin Crew Crisis,DEL,Indira Gandhi,2026-01-25T22:00:00Z,DEPARTURE,44,33,2,N,NONE
SLT-7-DEL-23,7,Crew Out of Hours + Insufficient Cabin Crew Crisis,DEL,Indira Gandhi,2026-01-25T23:00:00Z,DEPARTURE,23,35,2,Y,NONE
SLT-7-SYD-06,7,Crew Out of Hours + Insufficient Cabin Crew Crisis,SYD,Sydney Kingsford Smith,2026-01-25T06:00:00Z,DEPARTURE,27,27,7,Y,NONE
SLT-7-SYD-07,7,Crew Out of Hours + Insufficient Cabin Crew Crisis,SYD,Sydney Kingsford Smith,2026-01-25T07:00:00Z,DEPARTURE,45,35,10,N,NONE
SLT-7-SYD-08,7,Crew Out of Hours + Insufficient Cabin Crew Crisis,SYD,Sydney Kingsford Smith,2026-01-25T08:00:00Z,DEPARTURE,36,31,6,N,NONE
SLT-7-SYD-09,7,Crew Out of Hours + Insufficient Cabin Crew Crisis,SYD,Sydney Kingsford Smith,2026-01-25T09:00:00Z,ARRIVAL,44,42,3,N,NONE
SLT-7-SYD-10,7,Crew Out of Hours + Insufficient Cabin Crew Crisis,SYD,Sydney Kingsford Smith,2026-01-25T10:00:00Z,DEPARTURE,46,41,4,Y,NONE
SLT-7-SYD-11,7,Crew Out of Hours + Insufficient Cabin Crew Crisis,SYD,Sydney Kingsford Smith,2026-01-25T11:00:00Z,DEPARTURE,23,38,5,N,NONE
SLT-7-SYD-12,7,Crew Out of Hours + Insufficient Cabin Crew Crisis,SYD,Sydney Kingsford Smith,2026-01-25T12:00:00Z,ARRIVAL,22,21,1,Y,NONE
SLT-7-SYD-13,7,Crew Out of Hours + Insufficient Cabin Crew Crisis,SYD,Sydney Kingsford Smith,2026-01-25T13:00:00Z,DEPARTURE,36,27,9,N,NONE
SLT-7-SYD-14,7,Crew Out of Hours + Insufficient Cabin Crew Crisis,SYD,Sydney Kingsford Smith,2026-01-25T14:00:00Z,ARRIVAL,21,17,9,N,NONE
SLT-7-SYD-15,7,Crew Out of Hours + Insufficient Cabin Crew Crisis,SYD,Sydney Kingsford Smith,2026-01-25T15:00:00Z,DEPARTURE,49,43,9,N,NONE
SLT-7-SYD-16,7,Crew Out of Hours + Insufficient Cabin Crew Crisis,SYD,Sydney Kingsford Smith,2026-01-25T16:00:00Z,DEPARTURE,27,25,2,N,NONE
SLT-7-SYD-17,7,Crew Out of Hours + Insufficient Cabin Crew Crisis,SYD,Sydney Kingsford Smith,2026-01-25T17:00:00Z,DEPARTURE,32,45,7,N,NONE
SLT-7-SYD-18,7,Crew Out of Hours + Insufficient Cabin Crew Crisis,SYD,Sydney Kingsford Smith,2026-01-25T18:00:00Z,DEPARTURE,23,41,3,N,CAPACITY
SLT-7-SYD-19,7,Crew Out of Hours + Insufficient Cabin Crew Crisis,SYD,Sydney Kingsford Smith,2026-01-25T19:00:00Z,ARRIVAL,29,31,8,N,WEATHER
SLT-7-SYD-20,7,Crew Out of Hours + Insufficient Cabin Crew Crisis,SYD,Sydney Kingsford Smith,2026-01-25T20:00:00Z,DEPARTURE,33,20,9,Y,NONE
SLT-7-SYD-21,7,Crew Out of Hours + Insufficient Cabin Crew Crisis,SYD,Sydney Kingsford Smith,2026-01-25T21:00:00Z,ARRIVAL,24,34,1,Y,CAPACITY
SLT-7-SYD-22,7,Crew Out of Hours + Insufficient Cabin Crew Crisis,SYD,Sydney Kingsford Smith,2026-01-25T22:00:00Z,ARRIVAL,36,15,4,N,NONE
SLT-7-SYD-23,7,Crew Out of Hours + Insufficient Cabin Crew Crisis,SYD,Sydney Kingsford Smith,2026-01-25T23:00:00Z,ARRIVAL,50,19,2,N,NONE
SLT-7-CAI-06,7,Crew Out of Hours + Insufficient Cabin Crew Crisis,CAI,Cairo International,2026-01-25T06:00:00Z,ARRIVAL,41,37,4,Y,NOISE
SLT-7-CAI-07,7,Crew Out of Hours + Insufficient Cabin Crew Crisis,CAI,Cairo International,2026-01-25T07:00:00Z,DEPARTURE,42,38,7,N,NONE
SLT-7-CAI-08,7,Crew Out of Hours + Insufficient Cabin Crew Crisis,CAI,Cairo International,2026-01-25T08:00:00Z,ARRIVAL,38,42,9,N,NONE
SLT-7-CAI-09,7,Crew Out of Hours + Insufficient Cabin Crew Crisis,CAI,Cairo International,2026-01-25T09:00:00Z,DEPARTURE,36,31,9,N,NONE
SLT-7-CAI-10,7,Crew Out of Hours + Insufficient Cabin Crew Crisis,CAI,Cairo International,2026-01-25T10:00:00Z,ARRIVAL,36,16,3,N,NONE
SLT-7-CAI-11,7,Crew Out of Hours + Insufficient Cabin Crew Crisis,CAI,Cairo International,2026-01-25T11:00:00Z,ARRIVAL,31,43,10,N,NONE
SLT-7-CAI-12,7,Crew Out of Hours + Insufficient Cabin Crew Crisis,CAI,Cairo International,2026-01-25T12:00:00Z,ARRIVAL,29,23,9,Y,NONE
SLT-7-CAI-13,7,Crew Out of Hours + Insufficient Cabin Crew Crisis,CAI,Cairo International,2026-01-25T13:00:00Z,ARRIVAL,50,45,4,N,NONE
SLT-7-CAI-14,7,Crew Out of Hours + Insufficient Cabin Crew Crisis,CAI,Cairo International,2026-01-25T14:00:00Z,ARRIVAL,31,44,9,N,WEATHER
SLT-7-CAI-15,7,Crew Out of Hours + Insufficient Cabin Crew Crisis,CAI,Cairo International,2026-01-25T15:00:00Z,ARRIVAL,23,44,6,N,NONE
SLT-7-CAI-16,7,Crew Out of Hours + Insufficient Cabin Crew Crisis,CAI,Cairo International,2026-01-25T16:00:00Z,ARRIVAL,39,40,0,N,WEATHER
SLT-7-CAI-17,7,Crew Out of Hours + Insufficient Cabin Crew Crisis,CAI,Cairo International,2026-01-25T17:00:00Z,ARRIVAL,38,18,6,N,NONE
SLT-7-CAI-18,7,Crew Out of Hours + Insufficient Cabin Crew Crisis,CAI,Cairo International,2026-01-25T18:00:00Z,DEPARTURE,32,34,2,N,NONE
SLT-7-CAI-19,7,Crew Out of Hours + Insufficient Cabin Crew Crisis,CAI,Cairo International,2026-01-25T19:00:00Z,ARRIVAL,42,36,5,N,WEATHER
SLT-7-CAI-20,7,Crew Out of Hours + Insufficient Cabin Crew Crisis,CAI,Cairo International,2026-01-25T20:00:00Z,DEPARTURE,26,25,9,N,NONE
SLT-7-CAI-21,7,Crew Out of Hours + Insufficient Cabin Crew Crisis,CAI,Cairo International,2026-01-25T21:00:00Z,DEPARTURE,40,38,10,N,NONE
SLT-7-CAI-22,7,Crew Out of Hours + Insufficient Cabin Crew Crisis,CAI,Cairo International,2026-01-25T22:00:00Z,DEPARTURE,24,24,8,N,NONE
SLT-7-CAI-23,7,Crew Out of Hours + Insufficient Cabin Crew Crisis,CAI,Cairo International,2026-01-25T23:00:00Z,ARRIVAL,43,16,10,N,NONE
SLT-7-FCO-06,7,Crew Out of Hours + Insufficient Cabin Crew Crisis,FCO,Fiumicino,2026-01-25T06:00:00Z,ARRIVAL,20,26,10,Y,NOISE
SLT-7-FCO-07,7,Crew Out of Hours + Insufficient Cabin Crew Crisis,FCO,Fiumicino,2026-01-25T07:00:00Z,ARRIVAL,25,25,7,N,NONE
SLT-7-FCO-08,7,Crew Out of Hours + Insufficient Cabin Crew Crisis,FCO,Fiumicino,2026-01-25T08:00:00Z,ARRIVAL,46,45,10,N,NONE
SLT-7-FCO-09,7,Crew Out of Hours + Insufficient Cabin Crew Crisis,FCO,Fiumicino,2026-01-25T09:00:00Z,ARRIVAL,24,20,10,Y,NOISE
SLT-7-FCO-10,7,Crew Out of Hours + Insufficient Cabin Crew Crisis,FCO,Fiumicino,2026-01-25T10:00:00Z,ARRIVAL,31,15,8,N,CAPACITY
SLT-7-FCO-11,7,Crew Out of Hours + Insufficient Cabin Crew Crisis,FCO,Fiumicino,2026-01-25T11:00:00Z,DEPARTURE,44,21,8,N,WEATHER
SLT-7-FCO-12,7,Crew Out of Hours + Insufficient Cabin Crew Crisis,FCO,Fiumicino,2026-01-25T12:00:00Z,ARRIVAL,20,32,1,Y,WEATHER
SLT-7-FCO-13,7,Crew Out of Hours + Insufficient Cabin Crew Crisis,FCO,Fiumicino,2026-01-25T13:00:00Z,DEPARTURE,25,43,10,Y,NONE
SLT-7-FCO-14,7,Crew Out of Hours + Insufficient Cabin Crew Crisis,FCO,Fiumicino,2026-01-25T14:00:00Z,DEPARTURE,22,39,6,N,NONE
SLT-7-FCO-15,7,Crew Out of Hours + Insufficient Cabin Crew Crisis,FCO,Fiumicino,2026-01-25T15:00:00Z,DEPARTURE,36,20,7,N,NONE
SLT-7-FCO-16,7,Crew Out of Hours + Insufficient Cabin Crew Crisis,FCO,Fiumicino,2026-01-25T16:00:00Z,ARRIVAL,35,37,0,N,NONE
SLT-7-FCO-17,7,Crew Out of Hours + Insufficient Cabin Crew Crisis,FCO,Fiumicino,2026-01-25T17:00:00Z,ARRIVAL,21,22,2,Y,NONE
SLT-7-FCO-18,7,Crew Out of Hours + Insufficient Cabin Crew Crisis,FCO,Fiumicino,2026-01-25T18:00:00Z,DEPARTURE,49,39,0,N,NONE
SLT-7-FCO-19,7,Crew Out of Hours + Insufficient Cabin Crew Crisis,FCO,Fiumicino,2026-01-25T19:00:00Z,DEPARTURE,28,31,4,N,NONE
SLT-7-FCO-20,7,Crew Out of Hours + Insufficient Cabin Crew Crisis,FCO,Fiumicino,2026-01-25T20:00:00Z,ARRIVAL,24,24,2,N,NONE
SLT-7-FCO-21,7,Crew Out of Hours + Insufficient Cabin Crew Crisis,FCO,Fiumicino,2026-01-25T21:00:00Z,DEPARTURE,48,26,8,N,NONE
SLT-7-FCO-22,7,Crew Out of Hours + Insufficient Cabin Crew Crisis,FCO,Fiumicino,2026-01-25T22:00:00Z,DEPARTURE,47,21,5,N,NONE
SLT-7-FCO-23,7,Crew Out of Hours + Insufficient Cabin Crew Crisis,FCO,Fiumicino,2026-01-25T23:00:00Z,DEPARTURE,41,44,4,N,NONE
SLT-7-DOH-06,7,Crew Out of Hours + Insufficient Cabin Crew Crisis,DOH,Hamad International,2026-01-25T06:00:00Z,ARRIVAL,32,17,7,Y,WEATHER
SLT-7-DOH-07,7,Crew Out of Hours + Insufficient Cabin Crew Crisis,DOH,Hamad International,2026-01-25T07:00:00Z,DEPARTURE,31,28,1,N,NONE
SLT-7-DOH-08,7,Crew Out of Hours + Insufficient Cabin Crew Crisis,DOH,Hamad International,2026-01-25T08:00:00Z,DEPARTURE,30,34,6,Y,NONE
SLT-7-DOH-09,7,Crew Out of Hours + Insufficient Cabin Crew Crisis,DOH,Hamad International,2026-01-25T09:00:00Z,DEPARTURE,22,27,8,N,NONE
SLT-7-DOH-10,7,Crew Out of Hours + Insufficient Cabin Crew Crisis,DOH,Hamad International,2026-01-25T10:00:00Z,ARRIVAL,22,22,3,N,NONE
SLT-7-DOH-11,7,Crew Out of Hours + Insufficient Cabin Crew Crisis,DOH,Hamad International,2026-01-25T11:00:00Z,ARRIVAL,28,22,0,N,NONE
SLT-7-DOH-12,7,Crew Out of Hours + Insufficient Cabin Crew Crisis,DOH,Hamad International,2026-01-25T12:00:00Z,DEPARTURE,50,17,1,N,CAPACITY
SLT-7-DOH-13,7,Crew Out of Hours + Insufficient Cabin Crew Crisis,DOH,Hamad International,2026-01-25T13:00:00Z,ARRIVAL,36,32,4,Y,NONE
SLT-7-DOH-14,7,Crew Out of Hours + Insufficient Cabin Crew Crisis,DOH,Hamad International,2026-01-25T14:00:00Z,DEPARTURE,35,17,3,N,NOISE
SLT-7-DOH-15,7,Crew Out of Hours + Insufficient Cabin Crew Crisis,DOH,Hamad International,2026-01-25T15:00:00Z,DEPARTURE,36,33,0,N,NONE
SLT-7-DOH-16,7,Crew Out of Hours + Insufficient Cabin Crew Crisis,DOH,Hamad International,2026-01-25T16:00:00Z,ARRIVAL,25,39,3,N,NONE
SLT-7-DOH-17,7,Crew Out of Hours + Insufficient Cabin Crew Crisis,DOH,Hamad International,2026-01-25T17:00:00Z,DEPARTURE,30,18,6,N,NONE
SLT-7-DOH-18,7,Crew Out of Hours + Insufficient Cabin Crew Crisis,DOH,Hamad International,2026-01-25T18:00:00Z,DEPARTURE,39,30,2,N,NONE
SLT-7-DOH-19,7,Crew Out of Hours + Insufficient Cabin Crew Crisis,DOH,Hamad International,2026-01-25T19:00:00Z,ARRIVAL,27,28,9,N,NOISE
SLT-7-DOH-20,7,Crew Out of Hours + Insufficient Cabin Crew Crisis,DOH,Hamad International,2026-01-25T20:00:00Z,DEPARTURE,33,24,10,N,NONE
SLT-7-DOH-21,7,Crew Out of Hours + Insufficient Cabin Crew Crisis,DOH,Hamad International,2026-01-25T21:00:00Z,DEPARTURE,33,20,7,N,WEATHER
SLT-7-DOH-22,7,Crew Out of Hours + Insufficient Cabin Crew Crisis,DOH,Hamad International,2026-01-25T22:00:00Z,ARRIVAL,23,34,7,Y,CAPACITY
SLT-7-DOH-23,7,Crew Out of Hours + Insufficient Cabin Crew Crisis,DOH,Hamad International,2026-01-25T23:00:00Z,ARRIVAL,20,30,4,Y,CAPACITY
SLT-7-MCT-06,7,Crew Out of Hours + Insufficient Cabin Crew Crisis,MCT,Muscat International,2026-01-25T06:00:00Z,ARRIVAL,37,36,1,N,NOISE
SLT-7-MCT-07,7,Crew Out of Hours + Insufficient Cabin Crew Crisis,MCT,Muscat International,2026-01-25T07:00:00Z,DEPARTURE,30,35,9,N,NONE
SLT-7-MCT-08,7,Crew Out of Hours + Insufficient Cabin Crew Crisis,MCT,Muscat International,2026-01-25T08:00:00Z,ARRIVAL,28,38,2,N,NONE
SLT-7-MCT-09,7,Crew Out of Hours + Insufficient Cabin Crew Crisis,MCT,Muscat International,2026-01-25T09:00:00Z,DEPARTURE,40,40,10,N,NONE
SLT-7-MCT-10,7,Crew Out of Hours + Insufficient Cabin Crew Crisis,MCT,Muscat International,2026-01-25T10:00:00Z,ARRIVAL,28,42,9,N,CAPACITY
SLT-7-MCT-11,7,Crew Out of Hours + Insufficient Cabin Crew Crisis,MCT,Muscat International,2026-01-25T11:00:00Z,DEPARTURE,25,43,1,N,NONE
SLT-7-MCT-12,7,Crew Out of Hours + Insufficient Cabin Crew Crisis,MCT,Muscat International,2026-01-25T12:00:00Z,DEPARTURE,21,19,2,N,NONE
SLT-7-MCT-13,7,Crew Out of Hours + Insufficient Cabin Crew Crisis,MCT,Muscat International,2026-01-25T13:00:00Z,ARRIVAL,28,30,2,N,NONE
SLT-7-MCT-14,7,Crew Out of Hours + Insufficient Cabin Crew Crisis,MCT,Muscat International,2026-01-25T14:00:00Z,DEPARTURE,49,15,1,N,CAPACITY
SLT-7-MCT-15,7,Crew Out of Hours + Insufficient Cabin Crew Crisis,MCT,Muscat International,2026-01-25T15:00:00Z,ARRIVAL,27,15,0,N,NONE
SLT-7-MCT-16,7,Crew Out of Hours + Insufficient Cabin Crew Crisis,MCT,Muscat International,2026-01-25T16:00:00Z,ARRIVAL,36,26,4,N,WEATHER
SLT-7-MCT-17,7,Crew Out of Hours + Insufficient Cabin Crew Crisis,MCT,Muscat International,2026-01-25T17:00:00Z,ARRIVAL,24,20,1,N,NONE
SLT-7-MCT-18,7,Crew Out of Hours + Insufficient Cabin Crew Crisis,MCT,Muscat International,2026-01-25T18:00:00Z,DEPARTURE,46,34,8,N,NONE
SLT-7-MCT-19,7,Crew Out of Hours + Insufficient Cabin Crew Crisis,MCT,Muscat International,2026-01-25T19:00:00Z,ARRIVAL,28,26,0,Y,NONE
SLT-7-MCT-20,7,Crew Out of Hours + Insufficient Cabin Crew Crisis,MCT,Muscat International,2026-01-25T20:00:00Z,ARRIVAL,48,42,1,Y,NONE
SLT-7-MCT-21,7,Crew Out of Hours + Insufficient Cabin Crew Crisis,MCT,Muscat International,2026-01-25T21:00:00Z,DEPARTURE,40,24,2,N,NONE
SLT-7-MCT-22,7,Crew Out of Hours + Insufficient Cabin Crew Crisis,MCT,Muscat International,2026-01-25T22:00:00Z,ARRIVAL,27,15,2,N,NONE
SLT-7-MCT-23,7,Crew Out of Hours + Insufficient Cabin Crew Crisis,MCT,Muscat International,2026-01-25T23:00:00Z,ARRIVAL,40,43,3,N,NONE
SLT-7-JED-06,7,Crew Out of Hours + Insufficient Cabin Crew Crisis,JED,King Abdulaziz,2026-01-25T06:00:00Z,ARRIVAL,21,25,8,N,NONE
SLT-7-JED-07,7,Crew Out of Hours + Insufficient Cabin Crew Crisis,JED,King Abdulaziz,2026-01-25T07:00:00Z,DEPARTURE,24,34,3,N,NONE
SLT-7-JED-08,7,Crew Out of Hours + Insufficient Cabin Crew Crisis,JED,King Abdulaziz,2026-01-25T08:00:00Z,DEPARTURE,23,42,4,Y,NONE
SLT-7-JED-09,7,Crew Out of Hours + Insufficient Cabin Crew Crisis,JED,King Abdulaziz,2026-01-25T09:00:00Z,ARRIVAL,21,45,6,Y,NONE
SLT-7-JED-10,7,Crew Out of Hours + Insufficient Cabin Crew Crisis,JED,King Abdulaziz,2026-01-25T10:00:00Z,DEPARTURE,34,19,4,N,CAPACITY
SLT-7-JED-11,7,Crew Out of Hours + Insufficient Cabin Crew Crisis,JED,King Abdulaziz,2026-01-25T11:00:00Z,DEPARTURE,25,19,5,N,NONE
SLT-7-JED-12,7,Crew Out of Hours + Insufficient Cabin Crew Crisis,JED,King Abdulaziz,2026-01-25T12:00:00Z,ARRIVAL,35,31,7,Y,NONE
SLT-7-JED-13,7,Crew Out of Hours + Insufficient Cabin Crew Crisis,JED,King Abdulaziz,2026-01-25T13:00:00Z,ARRIVAL,42,34,4,N,NONE
SLT-7-JED-14,7,Crew Out of Hours + Insufficient Cabin Crew Crisis,JED,King Abdulaziz,2026-01-25T14:00:00Z,ARRIVAL,32,24,6,N,CAPACITY
SLT-7-JED-15,7,Crew Out of Hours + Insufficient Cabin Crew Crisis,JED,King Abdulaziz,2026-01-25T15:00:00Z,DEPARTURE,41,22,7,N,CAPACITY
SLT-7-JED-16,7,Crew Out of Hours + Insufficient Cabin Crew Crisis,JED,King Abdulaziz,2026-01-25T16:00:00Z,ARRIVAL,29,19,8,Y,NONE
SLT-7-JED-17,7,Crew Out of Hours + Insufficient Cabin Crew Crisis,JED,King Abdulaziz,2026-01-25T17:00:00Z,DEPARTURE,28,31,10,N,NOISE
SLT-7-JED-18,7,Crew Out of Hours + Insufficient Cabin Crew Crisis,JED,King Abdulaziz,2026-01-25T18:00:00Z,ARRIVAL,32,20,5,N,NONE
SLT-7-JED-19,7,Crew Out of Hours + Insufficient Cabin Crew Crisis,JED,King Abdulaziz,2026-01-25T19:00:00Z,DEPARTURE,21,32,7,N,NONE
SLT-7-JED-20,7,Crew Out of Hours + Insufficient Cabin Crew Crisis,JED,King Abdulaziz,2026-01-25T20:00:00Z,DEPARTURE,44,19,10,Y,NONE
SLT-7-JED-21,7,Crew Out of Hours + Insufficient Cabin Crew Crisis,JED,King Abdulaziz,2026-01-25T21:00:00Z,DEPARTURE,38,29,5,Y,NONE
SLT-7-JED-22,7,Crew Out of Hours + Insufficient Cabin Crew Crisis,JED,King Abdulaziz,2026-01-25T22:00:00Z,ARRIVAL,46,17,2,Y,NONE
SLT-7-JED-23,7,Crew Out of Hours + Insufficient Cabin Crew Crisis,JED,King Abdulaziz,2026-01-25T23:00:00Z,ARRIVAL,47,19,1,N,NONE
SLT-8-AUH-06,8,Runway Closure + Airspace Flow Rate Restrictions,AUH,Abu Dhabi International,2026-01-27T06:00:00Z,ARRIVAL,46,35,8,N,NONE
SLT-8-AUH-07,8,Runway Closure + Airspace Flow Rate Restrictions,AUH,Abu Dhabi International,2026-01-27T07:00:00Z,ARRIVAL,34,44,7,Y,NONE
SLT-8-AUH-08,8,Runway Closure + Airspace Flow Rate Restrictions,AUH,Abu Dhabi International,2026-01-27T08:00:00Z,ARRIVAL,42,43,6,N,NONE
SLT-8-AUH-09,8,Runway Closure + Airspace Flow Rate Restrictions,AUH,Abu Dhabi International,2026-01-27T09:00:00Z,DEPARTURE,38,20,1,Y,NONE
SLT-8-AUH-10,8,Runway Closure + Airspace Flow Rate Restrictions,AUH,Abu Dhabi International,2026-01-27T10:00:00Z,ARRIVAL,50,28,1,N,NONE
SLT-8-AUH-11,8,Runway Closure + Airspace Flow Rate Restrictions,AUH,Abu Dhabi International,2026-01-27T11:00:00Z,DEPARTURE,49,38,6,Y,NONE
SLT-8-AUH-12,8,Runway Closure + Airspace Flow Rate Restrictions,AUH,Abu Dhabi International,2026-01-27T12:00:00Z,DEPARTURE,35,38,1,Y,NOISE
SLT-8-AUH-13,8,Runway Closure + Airspace Flow Rate Restrictions,AUH,Abu Dhabi International,2026-01-27T13:00:00Z,DEPARTURE,24,19,4,N,CAPACITY
SLT-8-AUH-14,8,Runway Closure + Airspace Flow Rate Restrictions,AUH,Abu Dhabi International,2026-01-27T14:00:00Z,DEPARTURE,21,27,3,Y,NONE
SLT-8-AUH-15,8,Runway Closure + Airspace Flow Rate Restrictions,AUH,Abu Dhabi International,2026-01-27T15:00:00Z,DEPARTURE,24,15,1,Y,NONE
SLT-8-AUH-16,8,Runway Closure + Airspace Flow Rate Restrictions,AUH,Abu Dhabi International,2026-01-27T16:00:00Z,ARRIVAL,34,37,10,N,NONE
SLT-8-AUH-17,8,Runway Closure + Airspace Flow Rate Restrictions,AUH,Abu Dhabi International,2026-01-27T17:00:00Z,DEPARTURE,33,35,3,N,NONE
SLT-8-AUH-18,8,Runway Closure + Airspace Flow Rate Restrictions,AUH,Abu Dhabi International,2026-01-27T18:00:00Z,ARRIVAL,29,18,7,N,NONE
SLT-8-AUH-19,8,Runway Closure + Airspace Flow Rate Restrictions,AUH,Abu Dhabi International,2026-01-27T19:00:00Z,ARRIVAL,32,34,10,N,NONE
SLT-8-AUH-20,8,Runway Closure + Airspace Flow Rate Restrictions,AUH,Abu Dhabi International,2026-01-27T20:00:00Z,ARRIVAL,35,26,4,N,NOISE
SLT-8-AUH-21,8,Runway Closure + Airspace Flow Rate Restrictions,AUH,Abu Dhabi International,2026-01-27T21:00:00Z,DEPARTURE,42,16,5,Y,NONE
SLT-8-AUH-22,8,Runway Closure + Airspace Flow Rate Restrictions,AUH,Abu Dhabi International,2026-01-27T22:00:00Z,ARRIVAL,44,45,10,Y,WEATHER
SLT-8-AUH-23,8,Runway Closure + Airspace Flow Rate Restrictions,AUH,Abu Dhabi International,2026-01-27T23:00:00Z,ARRIVAL,25,25,10,N,NONE
SLT-8-BKK-06,8,Runway Closure + Airspace Flow Rate Restrictions,BKK,Suvarnabhumi,2026-01-27T06:00:00Z,ARRIVAL,42,37,7,N,CAPACITY
SLT-8-BKK-07,8,Runway Closure + Airspace Flow Rate Restrictions,BKK,Suvarnabhumi,2026-01-27T07:00:00Z,DEPARTURE,27,15,0,N,NONE
SLT-8-BKK-08,8,Runway Closure + Airspace Flow Rate Restrictions,BKK,Suvarnabhumi,2026-01-27T08:00:00Z,DEPARTURE,34,36,3,Y,NONE
SLT-8-BKK-09,8,Runway Closure + Airspace Flow Rate Restrictions,BKK,Suvarnabhumi,2026-01-27T09:00:00Z,DEPARTURE,48,29,8,N,NONE
SLT-8-BKK-10,8,Runway Closure + Airspace Flow Rate Restrictions,BKK,Suvarnabhumi,2026-01-27T10:00:00Z,DEPARTURE,20,36,6,N,CAPACITY
SLT-8-BKK-11,8,Runway Closure + Airspace Flow Rate Restrictions,BKK,Suvarnabhumi,2026-01-27T11:00:00Z,ARRIVAL,37,36,5,N,CAPACITY
SLT-8-BKK-12,8,Runway Closure + Airspace Flow Rate Restrictions,BKK,Suvarnabhumi,2026-01-27T12:00:00Z,DEPARTURE,41,40,4,N,WEATHER
SLT-8-BKK-13,8,Runway Closure + Airspace Flow Rate Restrictions,BKK,Suvarnabhumi,2026-01-27T13:00:00Z,DEPARTURE,38,17,2,Y,NONE
SLT-8-BKK-14,8,Runway Closure + Airspace Flow Rate Restrictions,BKK,Suvarnabhumi,2026-01-27T14:00:00Z,DEPARTURE,26,38,6,Y,NONE
SLT-8-BKK-15,8,Runway Closure + Airspace Flow Rate Restrictions,BKK,Suvarnabhumi,2026-01-27T15:00:00Z,DEPARTURE,39,45,2,Y,NONE
SLT-8-BKK-16,8,Runway Closure + Airspace Flow Rate Restrictions,BKK,Suvarnabhumi,2026-01-27T16:00:00Z,DEPARTURE,39,42,2,N,NONE
SLT-8-BKK-17,8,Runway Closure + Airspace Flow Rate Restrictions,BKK,Suvarnabhumi,2026-01-27T17:00:00Z,ARRIVAL,48,39,8,N,NONE
SLT-8-BKK-18,8,Runway Closure + Airspace Flow Rate Restrictions,BKK,Suvarnabhumi,2026-01-27T18:00:00Z,DEPARTURE,42,43,7,N,NONE
SLT-8-BKK-19,8,Runway Closure + Airspace Flow Rate Restrictions,BKK,Suvarnabhumi,2026-01-27T19:00:00Z,ARRIVAL,35,23,5,N,NONE
SLT-8-BKK-20,8,Runway Closure + Airspace Flow Rate Restrictions,BKK,Suvarnabhumi,2026-01-27T20:00:00Z,DEPARTURE,33,45,8,N,NONE
SLT-8-BKK-21,8,Runway Closure + Airspace Flow Rate Restrictions,BKK,Suvarnabhumi,2026-01-27T21:00:00Z,DEPARTURE,20,36,0,N,NONE
SLT-8-BKK-22,8,Runway Closure + Airspace Flow Rate Restrictions,BKK,Suvarnabhumi,2026-01-27T22:00:00Z,DEPARTURE,42,15,1,N,WEATHER
SLT-8-BKK-23,8,Runway Closure + Airspace Flow Rate Restrictions,BKK,Suvarnabhumi,2026-01-27T23:00:00Z,DEPARTURE,22,31,10,Y,NONE
SLT-8-LHR-06,8,Runway Closure + Airspace Flow Rate Restrictions,LHR,Heathrow,2026-01-27T06:00:00Z,ARRIVAL,39,28,9,N,NONE
SLT-8-LHR-07,8,Runway Closure + Airspace Flow Rate Restrictions,LHR,Heathrow,2026-01-27T07:00:00Z,DEPARTURE,29,30,4,N,NONE
SLT-8-LHR-08,8,Runway Closure + Airspace Flow Rate Restrictions,LHR,Heathrow,2026-01-27T08:00:00Z,ARRIVAL,32,45,4,N,NONE
SLT-8-LHR-09,8,Runway Closure + Airspace Flow Rate Restrictions,LHR,Heathrow,2026-01-27T09:00:00Z,ARRIVAL,46,41,10,N,NONE
SLT-8-LHR-10,8,Runway Closure + Airspace Flow Rate Restrictions,LHR,Heathrow,2026-01-27T10:00:00Z,DEPARTURE,45,18,9,N,NONE
SLT-8-LHR-11,8,Runway Closure + Airspace Flow Rate Restrictions,LHR,Heathrow,2026-01-27T11:00:00Z,ARRIVAL,34,17,2,N,WEATHER
SLT-8-LHR-12,8,Runway Closure + Airspace Flow Rate Restrictions,LHR,Heathrow,2026-01-27T12:00:00Z,DEPARTURE,21,41,5,N,NONE
SLT-8-LHR-13,8,Runway Closure + Airspace Flow Rate Restrictions,LHR,Heathrow,2026-01-27T13:00:00Z,ARRIVAL,30,28,7,Y,NONE
SLT-8-LHR-14,8,Runway Closure + Airspace Flow Rate Restrictions,LHR,Heathrow,2026-01-27T14:00:00Z,DEPARTURE,34,32,4,N,NONE
SLT-8-LHR-15,8,Runway Closure + Airspace Flow Rate Restrictions,LHR,Heathrow,2026-01-27T15:00:00Z,ARRIVAL,36,39,1,Y,NONE
SLT-8-LHR-16,8,Runway Closure + Airspace Flow Rate Restrictions,LHR,Heathrow,2026-01-27T16:00:00Z,DEPARTURE,37,22,4,N,NOISE
SLT-8-LHR-17,8,Runway Closure + Airspace Flow Rate Restrictions,LHR,Heathrow,2026-01-27T17:00:00Z,ARRIVAL,25,28,0,Y,NONE
SLT-8-LHR-18,8,Runway Closure + Airspace Flow Rate Restrictions,LHR,Heathrow,2026-01-27T18:00:00Z,ARRIVAL,45,34,4,N,NONE
SLT-8-LHR-19,8,Runway Closure + Airspace Flow Rate Restrictions,LHR,Heathrow,2026-01-27T19:00:00Z,ARRIVAL,45,26,8,N,NONE
SLT-8-LHR-20,8,Runway Closure + Airspace Flow Rate Restrictions,LHR,Heathrow,2026-01-27T20:00:00Z,DEPARTURE,46,38,2,N,NONE
SLT-8-LHR-21,8,Runway Closure + Airspace Flow Rate Restrictions,LHR,Heathrow,2026-01-27T21:00:00Z,DEPARTURE,31,29,6,Y,NONE
SLT-8-LHR-22,8,Runway Closure + Airspace Flow Rate Restrictions,LHR,Heathrow,2026-01-27T22:00:00Z,DEPARTURE,31,18,3,Y,NONE
SLT-8-LHR-23,8,Runway Closure + Airspace Flow Rate Restrictions,LHR,Heathrow,2026-01-27T23:00:00Z,ARRIVAL,25,40,1,N,NOISE
SLT-8-SIN-06,8,Runway Closure + Airspace Flow Rate Restrictions,SIN,Changi,2026-01-27T06:00:00Z,ARRIVAL,23,44,2,Y,WEATHER
SLT-8-SIN-07,8,Runway Closure + Airspace Flow Rate Restrictions,SIN,Changi,2026-01-27T07:00:00Z,ARRIVAL,33,35,1,Y,NONE
SLT-8-SIN-08,8,Runway Closure + Airspace Flow Rate Restrictions,SIN,Changi,2026-01-27T08:00:00Z,DEPARTURE,43,36,0,N,NONE
SLT-8-SIN-09,8,Runway Closure + Airspace Flow Rate Restrictions,SIN,Changi,2026-01-27T09:00:00Z,DEPARTURE,20,41,0,Y,WEATHER
SLT-8-SIN-10,8,Runway Closure + Airspace Flow Rate Restrictions,SIN,Changi,2026-01-27T10:00:00Z,ARRIVAL,22,42,0,N,NONE
SLT-8-SIN-11,8,Runway Closure + Airspace Flow Rate Restrictions,SIN,Changi,2026-01-27T11:00:00Z,ARRIVAL,26,37,2,N,NONE
SLT-8-SIN-12,8,Runway Closure + Airspace Flow Rate Restrictions,SIN,Changi,2026-01-27T12:00:00Z,ARRIVAL,49,19,8,N,NONE
SLT-8-SIN-13,8,Runway Closure + Airspace Flow Rate Restrictions,SIN,Changi,2026-01-27T13:00:00Z,DEPARTURE,39,26,10,N,NONE
SLT-8-SIN-14,8,Runway Closure + Airspace Flow Rate Restrictions,SIN,Changi,2026-01-27T14:00:00Z,ARRIVAL,39,42,3,Y,NONE
SLT-8-SIN-15,8,Runway Closure + Airspace Flow Rate Restrictions,SIN,Changi,2026-01-27T15:00:00Z,DEPARTURE,50,26,0,N,NONE
SLT-8-SIN-16,8,Runway Closure + Airspace Flow Rate Restrictions,SIN,Changi,2026-01-27T16:00:00Z,ARRIVAL,47,39,7,N,NONE
SLT-8-SIN-17,8,Runway Closure + Airspace Flow Rate Restrictions,SIN,Changi,2026-01-27T17:00:00Z,ARRIVAL,47,32,2,Y,NONE
SLT-8-SIN-18,8,Runway Closure + Airspace Flow Rate Restrictions,SIN,Changi,2026-01-27T18:00:00Z,ARRIVAL,34,22,8,N,NONE
SLT-8-SIN-19,8,Runway Closure + Airspace Flow Rate Restrictions,SIN,Changi,2026-01-27T19:00:00Z,DEPARTURE,48,17,1,N,NONE
SLT-8-SIN-20,8,Runway Closure + Airspace Flow Rate Restrictions,SIN,Changi,2026-01-27T20:00:00Z,ARRIVAL,32,36,4,N,NONE
SLT-8-SIN-21,8,Runway Closure + Airspace Flow Rate Restrictions,SIN,Changi,2026-01-27T21:00:00Z,ARRIVAL,30,21,6,N,NONE
SLT-8-SIN-22,8,Runway Closure + Airspace Flow Rate Restrictions,SIN,Changi,2026-01-27T22:00:00Z,ARRIVAL,22,16,9,N,NOISE
SLT-8-SIN-23,8,Runway Closure + Airspace Flow Rate Restrictions,SIN,Changi,2026-01-27T23:00:00Z,ARRIVAL,26,38,7,N,NONE
SLT-8-CDG-06,8,Runway Closure + Airspace Flow Rate Restrictions,CDG,Charles de Gaulle,2026-01-27T06:00:00Z,DEPARTURE,46,44,0,Y,NONE
SLT-8-CDG-07,8,Runway Closure + Airspace Flow Rate Restrictions,CDG,Charles de Gaulle,2026-01-27T07:00:00Z,DEPARTURE,23,18,2,N,NONE
SLT-8-CDG-08,8,Runway Closure + Airspace Flow Rate Restrictions,CDG,Charles de Gaulle,2026-01-27T08:00:00Z,DEPARTURE,49,27,8,Y,CAPACITY
SLT-8-CDG-09,8,Runway Closure + Airspace Flow Rate Restrictions,CDG,Charles de Gaulle,2026-01-27T09:00:00Z,ARRIVAL,32,20,7,Y,NONE
SLT-8-CDG-10,8,Runway Closure + Airspace Flow Rate Restrictions,CDG,Charles de Gaulle,2026-01-27T10:00:00Z,DEPARTURE,49,24,5,N,NONE
SLT-8-CDG-11,8,Runway Closure + Airspace Flow Rate Restrictions,CDG,Charles de Gaulle,2026-01-27T11:00:00Z,DEPARTURE,50,25,6,Y,NONE
SLT-8-CDG-12,8,Runway Closure + Airspace Flow Rate Restrictions,CDG,Charles de Gaulle,2026-01-27T12:00:00Z,DEPARTURE,44,19,0,N,NONE
SLT-8-CDG-13,8,Runway Closure + Airspace Flow Rate Restrictions,CDG,Charles de Gaulle,2026-01-27T13:00:00Z,DEPARTURE,20,22,10,Y,NONE
SLT-8-CDG-14,8,Runway Closure + Airspace Flow Rate Restrictions,CDG,Charles de Gaulle,2026-01-27T14:00:00Z,DEPARTURE,22,37,3,Y,NONE
SLT-8-CDG-15,8,Runway Closure + Airspace Flow Rate Restrictions,CDG,Charles de Gaulle,2026-01-27T15:00:00Z,ARRIVAL,37,37,6,N,NONE
SLT-8-CDG-16,8,Runway Closure + Airspace Flow Rate Restrictions,CDG,Charles de Gaulle,2026-01-27T16:00:00Z,DEPARTURE,39,33,1,N,NONE
SLT-8-CDG-17,8,Runway Closure + Airspace Flow Rate Restrictions,CDG,Charles de Gaulle,2026-01-27T17:00:00Z,DEPARTURE,24,21,10,N,NONE
SLT-8-CDG-18,8,Runway Closure + Airspace Flow Rate Restrictions,CDG,Charles de Gaulle,2026-01-27T18:00:00Z,DEPARTURE,30,25,0,N,NONE
SLT-8-CDG-19,8,Runway Closure + Airspace Flow Rate Restrictions,CDG,Charles de Gaulle,2026-01-27T19:00:00Z,DEPARTURE,41,41,5,N,NONE
SLT-8-CDG-20,8,Runway Closure + Airspace Flow Rate Restrictions,CDG,Charles de Gaulle,2026-01-27T20:00:00Z,ARRIVAL,27,25,5,N,NONE
SLT-8-CDG-21,8,Runway Closure + Airspace Flow Rate Restrictions,CDG,Charles de Gaulle,2026-01-27T21:00:00Z,ARRIVAL,45,23,1,N,NONE
SLT-8-CDG-22,8,Runway Closure + Airspace Flow Rate Restrictions,CDG,Charles de Gaulle,2026-01-27T22:00:00Z,DEPARTURE,44,16,10,Y,NONE
SLT-8-CDG-23,8,Runway Closure + Airspace Flow Rate Restrictions,CDG,Charles de Gaulle,2026-01-27T23:00:00Z,DEPARTURE,21,26,2,Y,NONE
SLT-8-FRA-06,8,Runway Closure + Airspace Flow Rate Restrictions,FRA,Frankfurt,2026-01-27T06:00:00Z,ARRIVAL,46,31,4,N,NONE
SLT-8-FRA-07,8,Runway Closure + Airspace Flow Rate Restrictions,FRA,Frankfurt,2026-01-27T07:00:00Z,ARRIVAL,28,24,10,Y,NONE
SLT-8-FRA-08,8,Runway Closure + Airspace Flow Rate Restrictions,FRA,Frankfurt,2026-01-27T08:00:00Z,ARRIVAL,34,26,5,N,NONE
SLT-8-FRA-09,8,Runway Closure + Airspace Flow Rate Restrictions,FRA,Frankfurt,2026-01-27T09:00:00Z,ARRIVAL,30,22,1,N,NONE
SLT-8-FRA-10,8,Runway Closure + Airspace Flow Rate Restrictions,FRA,Frankfurt,2026-01-27T10:00:00Z,DEPARTURE,50,28,9,Y,CAPACITY
SLT-8-FRA-11,8,Runway Closure + Airspace Flow Rate Restrictions,FRA,Frankfurt,2026-01-27T11:00:00Z,DEPARTURE,33,17,3,Y,NOISE
SLT-8-FRA-12,8,Runway Closure + Airspace Flow Rate Restrictions,FRA,Frankfurt,2026-01-27T12:00:00Z,ARRIVAL,31,21,1,N,WEATHER
SLT-8-FRA-13,8,Runway Closure + Airspace Flow Rate Restrictions,FRA,Frankfurt,2026-01-27T13:00:00Z,DEPARTURE,48,29,2,N,NONE
SLT-8-FRA-14,8,Runway Closure + Airspace Flow Rate Restrictions,FRA,Frankfurt,2026-01-27T14:00:00Z,ARRIVAL,32,33,2,N,NONE
SLT-8-FRA-15,8,Runway Closure + Airspace Flow Rate Restrictions,FRA,Frankfurt,2026-01-27T15:00:00Z,ARRIVAL,23,33,6,Y,NONE
SLT-8-FRA-16,8,Runway Closure + Airspace Flow Rate Restrictions,FRA,Frankfurt,2026-01-27T16:00:00Z,DEPARTURE,37,25,7,Y,WEATHER
SLT-8-FRA-17,8,Runway Closure + Airspace Flow Rate Restrictions,FRA,Frankfurt,2026-01-27T17:00:00Z,ARRIVAL,20,24,10,N,NONE
SLT-8-FRA-18,8,Runway Closure + Airspace Flow Rate Restrictions,FRA,Frankfurt,2026-01-27T18:00:00Z,DEPARTURE,23,40,1,N,NONE
SLT-8-FRA-19,8,Runway Closure + Airspace Flow Rate Restrictions,FRA,Frankfurt,2026-01-27T19:00:00Z,DEPARTURE,31,31,7,Y,NONE
SLT-8-FRA-20,8,Runway Closure + Airspace Flow Rate Restrictions,FRA,Frankfurt,2026-01-27T20:00:00Z,ARRIVAL,44,41,2,N,NONE
SLT-8-FRA-21,8,Runway Closure + Airspace Flow Rate Restrictions,FRA,Frankfurt,2026-01-27T21:00:00Z,ARRIVAL,27,34,6,N,WEATHER
SLT-8-FRA-22,8,Runway Closure + Airspace Flow Rate Restrictions,FRA,Frankfurt,2026-01-27T22:00:00Z,DEPARTURE,32,35,0,N,NONE
SLT-8-FRA-23,8,Runway Closure + Airspace Flow Rate Restrictions,FRA,Frankfurt,2026-01-27T23:00:00Z,ARRIVAL,32,33,9,Y,NONE
SLT-8-JFK-06,8,Runway Closure + Airspace Flow Rate Restrictions,JFK,John F Kennedy,2026-01-27T06:00:00Z,ARRIVAL,36,22,10,N,NONE
SLT-8-JFK-07,8,Runway Closure + Airspace Flow Rate Restrictions,JFK,John F Kennedy,2026-01-27T07:00:00Z,DEPARTURE,38,37,10,N,NONE
SLT-8-JFK-08,8,Runway Closure + Airspace Flow Rate Restrictions,JFK,John F Kennedy,2026-01-27T08:00:00Z,ARRIVAL,21,19,0,Y,NONE
SLT-8-JFK-09,8,Runway Closure + Airspace Flow Rate Restrictions,JFK,John F Kennedy,2026-01-27T09:00:00Z,ARRIVAL,25,38,7,Y,NONE
SLT-8-JFK-10,8,Runway Closure + Airspace Flow Rate Restrictions,JFK,John F Kennedy,2026-01-27T10:00:00Z,DEPARTURE,22,39,0,Y,WEATHER
SLT-8-JFK-11,8,Runway Closure + Airspace Flow Rate Restrictions,JFK,John F Kennedy,2026-01-27T11:00:00Z,ARRIVAL,20,22,3,N,NOISE
SLT-8-JFK-12,8,Runway Closure + Airspace Flow Rate Restrictions,JFK,John F Kennedy,2026-01-27T12:00:00Z,ARRIVAL,28,33,4,N,NONE
SLT-8-JFK-13,8,Runway Closure + Airspace Flow Rate Restrictions,JFK,John F Kennedy,2026-01-27T13:00:00Z,ARRIVAL,23,16,7,N,WEATHER
SLT-8-JFK-14,8,Runway Closure + Airspace Flow Rate Restrictions,JFK,John F Kennedy,2026-01-27T14:00:00Z,ARRIVAL,37,28,5,Y,NONE
SLT-8-JFK-15,8,Runway Closure + Airspace Flow Rate Restrictions,JFK,John F Kennedy,2026-01-27T15:00:00Z,ARRIVAL,26,18,4,Y,NONE
SLT-8-JFK-16,8,Runway Closure + Airspace Flow Rate Restrictions,JFK,John F Kennedy,2026-01-27T16:00:00Z,DEPARTURE,32,38,6,N,NONE
SLT-8-JFK-17,8,Runway Closure + Airspace Flow Rate Restrictions,JFK,John F Kennedy,2026-01-27T17:00:00Z,DEPARTURE,26,29,3,N,NONE
SLT-8-JFK-18,8,Runway Closure + Airspace Flow Rate Restrictions,JFK,John F Kennedy,2026-01-27T18:00:00Z,DEPARTURE,22,30,5,N,NONE
SLT-8-JFK-19,8,Runway Closure + Airspace Flow Rate Restrictions,JFK,John F Kennedy,2026-01-27T19:00:00Z,ARRIVAL,32,33,6,Y,NONE
SLT-8-JFK-20,8,Runway Closure + Airspace Flow Rate Restrictions,JFK,John F Kennedy,2026-01-27T20:00:00Z,ARRIVAL,20,43,2,Y,NOISE
SLT-8-JFK-21,8,Runway Closure + Airspace Flow Rate Restrictions,JFK,John F Kennedy,2026-01-27T21:00:00Z,DEPARTURE,50,17,2,N,NOISE
SLT-8-JFK-22,8,Runway Closure + Airspace Flow Rate Restrictions,JFK,John F Kennedy,2026-01-27T22:00:00Z,DEPARTURE,21,23,1,Y,NOISE
SLT-8-JFK-23,8,Runway Closure + Airspace Flow Rate Restrictions,JFK,John F Kennedy,2026-01-27T23:00:00Z,DEPARTURE,28,36,9,Y,NONE
SLT-8-DEL-06,8,Runway Closure + Airspace Flow Rate Restrictions,DEL,Indira Gandhi,2026-01-27T06:00:00Z,ARRIVAL,25,28,8,N,NONE
SLT-8-DEL-07,8,Runway Closure + Airspace Flow Rate Restrictions,DEL,Indira Gandhi,2026-01-27T07:00:00Z,ARRIVAL,29,41,7,N,NONE
SLT-8-DEL-08,8,Runway Closure + Airspace Flow Rate Restrictions,DEL,Indira Gandhi,2026-01-27T08:00:00Z,DEPARTURE,21,20,0,N,NONE
SLT-8-DEL-09,8,Runway Closure + Airspace Flow Rate Restrictions,DEL,Indira Gandhi,2026-01-27T09:00:00Z,DEPARTURE,20,20,5,N,NOISE
SLT-8-DEL-10,8,Runway Closure + Airspace Flow Rate Restrictions,DEL,Indira Gandhi,2026-01-27T10:00:00Z,ARRIVAL,38,22,5,N,WEATHER
SLT-8-DEL-11,8,Runway Closure + Airspace Flow Rate Restrictions,DEL,Indira Gandhi,2026-01-27T11:00:00Z,ARRIVAL,38,39,2,N,NONE
SLT-8-DEL-12,8,Runway Closure + Airspace Flow Rate Restrictions,DEL,Indira Gandhi,2026-01-27T12:00:00Z,ARRIVAL,47,32,3,N,NONE
SLT-8-DEL-13,8,Runway Closure + Airspace Flow Rate Restrictions,DEL,Indira Gandhi,2026-01-27T13:00:00Z,ARRIVAL,30,37,1,N,NONE
SLT-8-DEL-14,8,Runway Closure + Airspace Flow Rate Restrictions,DEL,Indira Gandhi,2026-01-27T14:00:00Z,DEPARTURE,46,36,8,N,NONE
SLT-8-DEL-15,8,Runway Closure + Airspace Flow Rate Restrictions,DEL,Indira Gandhi,2026-01-27T15:00:00Z,ARRIVAL,31,37,10,N,NONE
SLT-8-DEL-16,8,Runway Closure + Airspace Flow Rate Restrictions,DEL,Indira Gandhi,2026-01-27T16:00:00Z,ARRIVAL,39,39,6,N,NONE
SLT-8-DEL-17,8,Runway Closure + Airspace Flow Rate Restrictions,DEL,Indira Gandhi,2026-01-27T17:00:00Z,ARRIVAL,37,30,10,N,NONE
SLT-8-DEL-18,8,Runway Closure + Airspace Flow Rate Restrictions,DEL,Indira Gandhi,2026-01-27T18:00:00Z,DEPARTURE,32,19,2,N,NONE
SLT-8-DEL-19,8,Runway Closure + Airspace Flow Rate Restrictions,DEL,Indira Gandhi,2026-01-27T19:00:00Z,ARRIVAL,36,17,7,N,CAPACITY
SLT-8-DEL-20,8,Runway Closure + Airspace Flow Rate Restrictions,DEL,Indira Gandhi,2026-01-27T20:00:00Z,ARRIVAL,31,41,1,N,NONE
SLT-8-DEL-21,8,Runway Closure + Airspace Flow Rate Restrictions,DEL,Indira Gandhi,2026-01-27T21:00:00Z,DEPARTURE,28,22,5,N,NONE
SLT-8-DEL-22,8,Runway Closure + Airspace Flow Rate Restrictions,DEL,Indira Gandhi,2026-01-27T22:00:00Z,DEPARTURE,42,20,7,Y,NONE
SLT-8-DEL-23,8,Runway Closure + Airspace Flow Rate Restrictions,DEL,Indira Gandhi,2026-01-27T23:00:00Z,DEPARTURE,38,18,5,N,NONE
SLT-8-SYD-06,8,Runway Closure + Airspace Flow Rate Restrictions,SYD,Sydney Kingsford Smith,2026-01-27T06:00:00Z,ARRIVAL,21,27,3,N,NOISE
SLT-8-SYD-07,8,Runway Closure + Airspace Flow Rate Restrictions,SYD,Sydney Kingsford Smith,2026-01-27T07:00:00Z,ARRIVAL,20,40,6,Y,CAPACITY
SLT-8-SYD-08,8,Runway Closure + Airspace Flow Rate Restrictions,SYD,Sydney Kingsford Smith,2026-01-27T08:00:00Z,DEPARTURE,46,42,0,N,CAPACITY
SLT-8-SYD-09,8,Runway Closure + Airspace Flow Rate Restrictions,SYD,Sydney Kingsford Smith,2026-01-27T09:00:00Z,ARRIVAL,27,34,3,N,NONE
SLT-8-SYD-10,8,Runway Closure + Airspace Flow Rate Restrictions,SYD,Sydney Kingsford Smith,2026-01-27T10:00:00Z,DEPARTURE,26,35,6,N,NONE
SLT-8-SYD-11,8,Runway Closure + Airspace Flow Rate Restrictions,SYD,Sydney Kingsford Smith,2026-01-27T11:00:00Z,DEPARTURE,33,37,10,N,NONE
SLT-8-SYD-12,8,Runway Closure + Airspace Flow Rate Restrictions,SYD,Sydney Kingsford Smith,2026-01-27T12:00:00Z,ARRIVAL,38,18,7,Y,CAPACITY
SLT-8-SYD-13,8,Runway Closure + Airspace Flow Rate Restrictions,SYD,Sydney Kingsford Smith,2026-01-27T13:00:00Z,ARRIVAL,23,32,3,N,NONE
SLT-8-SYD-14,8,Runway Closure + Airspace Flow Rate Restrictions,SYD,Sydney Kingsford Smith,2026-01-27T14:00:00Z,DEPARTURE,44,30,8,N,CAPACITY
SLT-8-SYD-15,8,Runway Closure + Airspace Flow Rate Restrictions,SYD,Sydney Kingsford Smith,2026-01-27T15:00:00Z,DEPARTURE,35,26,9,N,NONE
SLT-8-SYD-16,8,Runway Closure + Airspace Flow Rate Restrictions,SYD,Sydney Kingsford Smith,2026-01-27T16:00:00Z,DEPARTURE,31,44,6,N,NONE
SLT-8-SYD-17,8,Runway Closure + Airspace Flow Rate Restrictions,SYD,Sydney Kingsford Smith,2026-01-27T17:00:00Z,ARRIVAL,29,20,7,N,NONE
SLT-8-SYD-18,8,Runway Closure + Airspace Flow Rate Restrictions,SYD,Sydney Kingsford Smith,2026-01-27T18:00:00Z,DEPARTURE,43,36,6,Y,NONE
SLT-8-SYD-19,8,Runway Closure + Airspace Flow Rate Restrictions,SYD,Sydney Kingsford Smith,2026-01-27T19:00:00Z,ARRIVAL,41,17,10,Y,NONE
SLT-8-SYD-20,8,Runway Closure + Airspace Flow Rate Restrictions,SYD,Sydney Kingsford Smith,2026-01-27T20:00:00Z,ARRIVAL,24,34,9,Y,NONE
SLT-8-SYD-21,8,Runway Closure + Airspace Flow Rate Restrictions,SYD,Sydney Kingsford Smith,2026-01-27T21:00:00Z,ARRIVAL,26,29,3,N,NONE
SLT-8-SYD-22,8,Runway Closure + Airspace Flow Rate Restrictions,SYD,Sydney Kingsford Smith,2026-01-27T22:00:00Z,ARRIVAL,49,39,4,N,NONE
SLT-8-SYD-23,8,Runway Closure + Airspace Flow Rate Restrictions,SYD,Sydney Kingsford Smith,2026-01-27T23:00:00Z,ARRIVAL,23,27,2,N,NONE
SLT-8-CAI-06,8,Runway Closure + Airspace Flow Rate Restrictions,CAI,Cairo International,2026-01-27T06:00:00Z,ARRIVAL,29,19,8,N,NONE
SLT-8-CAI-07,8,Runway Closure + Airspace Flow Rate Restrictions,CAI,Cairo International,2026-01-27T07:00:00Z,DEPARTURE,43,27,7,Y,NONE
SLT-8-CAI-08,8,Runway Closure + Airspace Flow Rate Restrictions,CAI,Cairo International,2026-01-27T08:00:00Z,DEPARTURE,39,34,4,N,NONE
SLT-8-CAI-09,8,Runway Closure + Airspace Flow Rate Restrictions,CAI,Cairo International,2026-01-27T09:00:00Z,ARRIVAL,34,32,3,Y,NONE
SLT-8-CAI-10,8,Runway Closure + Airspace Flow Rate Restrictions,CAI,Cairo International,2026-01-27T10:00:00Z,ARRIVAL,30,30,8,Y,NONE
SLT-8-CAI-11,8,Runway Closure + Airspace Flow Rate Restrictions,CAI,Cairo International,2026-01-27T11:00:00Z,DEPARTURE,21,43,1,Y,NONE
SLT-8-CAI-12,8,Runway Closure + Airspace Flow Rate Restrictions,CAI,Cairo International,2026-01-27T12:00:00Z,DEPARTURE,49,15,5,Y,NONE
SLT-8-CAI-13,8,Runway Closure + Airspace Flow Rate Restrictions,CAI,Cairo International,2026-01-27T13:00:00Z,DEPARTURE,30,44,4,N,NONE
SLT-8-CAI-14,8,Runway Closure + Airspace Flow Rate Restrictions,CAI,Cairo International,2026-01-27T14:00:00Z,ARRIVAL,34,23,7,N,NONE
SLT-8-CAI-15,8,Runway Closure + Airspace Flow Rate Restrictions,CAI,Cairo International,2026-01-27T15:00:00Z,ARRIVAL,46,28,9,N,NONE
SLT-8-CAI-16,8,Runway Closure + Airspace Flow Rate Restrictions,CAI,Cairo International,2026-01-27T16:00:00Z,ARRIVAL,34,40,5,N,NONE
SLT-8-CAI-17,8,Runway Closure + Airspace Flow Rate Restrictions,CAI,Cairo International,2026-01-27T17:00:00Z,ARRIVAL,44,17,9,Y,NONE
SLT-8-CAI-18,8,Runway Closure + Airspace Flow Rate Restrictions,CAI,Cairo International,2026-01-27T18:00:00Z,DEPARTURE,26,18,7,N,NONE
SLT-8-CAI-19,8,Runway Closure + Airspace Flow Rate Restrictions,CAI,Cairo International,2026-01-27T19:00:00Z,ARRIVAL,40,27,7,N,NONE
SLT-8-CAI-20,8,Runway Closure + Airspace Flow Rate Restrictions,CAI,Cairo International,2026-01-27T20:00:00Z,ARRIVAL,36,34,8,Y,NONE
SLT-8-CAI-21,8,Runway Closure + Airspace Flow Rate Restrictions,CAI,Cairo International,2026-01-27T21:00:00Z,DEPARTURE,47,41,0,N,NONE
SLT-8-CAI-22,8,Runway Closure + Airspace Flow Rate Restrictions,CAI,Cairo International,2026-01-27T22:00:00Z,DEPARTURE,41,38,1,N,NONE
SLT-8-CAI-23,8,Runway Closure + Airspace Flow Rate Restrictions,CAI,Cairo International,2026-01-27T23:00:00Z,DEPARTURE,26,44,10,Y,NONE
SLT-8-FCO-06,8,Runway Closure + Airspace Flow Rate Restrictions,FCO,Fiumicino,2026-01-27T06:00:00Z,ARRIVAL,34,25,7,N,NONE
SLT-8-FCO-07,8,Runway Closure + Airspace Flow Rate Restrictions,FCO,Fiumicino,2026-01-27T07:00:00Z,DEPARTURE,26,43,6,Y,CAPACITY
SLT-8-FCO-08,8,Runway Closure + Airspace Flow Rate Restrictions,FCO,Fiumicino,2026-01-27T08:00:00Z,DEPARTURE,40,39,1,Y,CAPACITY
SLT-8-FCO-09,8,Runway Closure + Airspace Flow Rate Restrictions,FCO,Fiumicino,2026-01-27T09:00:00Z,DEPARTURE,28,15,1,N,NONE
SLT-8-FCO-10,8,Runway Closure + Airspace Flow Rate Restrictions,FCO,Fiumicino,2026-01-27T10:00:00Z,DEPARTURE,41,15,3,N,NONE
SLT-8-FCO-11,8,Runway Closure + Airspace Flow Rate Restrictions,FCO,Fiumicino,2026-01-27T11:00:00Z,DEPARTURE,47,19,10,N,NONE
SLT-8-FCO-12,8,Runway Closure + Airspace Flow Rate Restrictions,FCO,Fiumicino,2026-01-27T12:00:00Z,DEPARTURE,20,34,7,N,NONE
SLT-8-FCO-13,8,Runway Closure + Airspace Flow Rate Restrictions,FCO,Fiumicino,2026-01-27T13:00:00Z,ARRIVAL,31,39,7,N,NONE
SLT-8-FCO-14,8,Runway Closure + Airspace Flow Rate Restrictions,FCO,Fiumicino,2026-01-27T14:00:00Z,DEPARTURE,22,42,3,N,NONE
SLT-8-FCO-15,8,Runway Closure + Airspace Flow Rate Restrictions,FCO,Fiumicino,2026-01-27T15:00:00Z,DEPARTURE,37,27,2,N,NONE
SLT-8-FCO-16,8,Runway Closure + Airspace Flow Rate Restrictions,FCO,Fiumicino,2026-01-27T16:00:00Z,DEPARTURE,25,22,10,N,NONE
SLT-8-FCO-17,8,Runway Closure + Airspace Flow Rate Restrictions,FCO,Fiumicino,2026-01-27T17:00:00Z,ARRIVAL,23,28,9,Y,NONE
SLT-8-FCO-18,8,Runway Closure + Airspace Flow Rate Restrictions,FCO,Fiumicino,2026-01-27T18:00:00Z,DEPARTURE,29,39,7,N,NOISE
SLT-8-FCO-19,8,Runway Closure + Airspace Flow Rate Restrictions,FCO,Fiumicino,2026-01-27T19:00:00Z,DEPARTURE,31,22,3,N,NONE
SLT-8-FCO-20,8,Runway Closure + Airspace Flow Rate Restrictions,FCO,Fiumicino,2026-01-27T20:00:00Z,DEPARTURE,50,32,2,N,NONE
SLT-8-FCO-21,8,Runway Closure + Airspace Flow Rate Restrictions,FCO,Fiumicino,2026-01-27T21:00:00Z,ARRIVAL,50,28,6,N,NONE
SLT-8-FCO-22,8,Runway Closure + Airspace Flow Rate Restrictions,FCO,Fiumicino,2026-01-27T22:00:00Z,ARRIVAL,26,44,0,N,NONE
SLT-8-FCO-23,8,Runway Closure + Airspace Flow Rate Restrictions,FCO,Fiumicino,2026-01-27T23:00:00Z,DEPARTURE,35,35,7,N,NONE
SLT-8-DOH-06,8,Runway Closure + Airspace Flow Rate Restrictions,DOH,Hamad International,2026-01-27T06:00:00Z,DEPARTURE,32,39,2,Y,NONE
SLT-8-DOH-07,8,Runway Closure + Airspace Flow Rate Restrictions,DOH,Hamad International,2026-01-27T07:00:00Z,DEPARTURE,31,36,5,N,NONE
SLT-8-DOH-08,8,Runway Closure + Airspace Flow Rate Restrictions,DOH,Hamad International,2026-01-27T08:00:00Z,ARRIVAL,40,24,7,N,NONE
SLT-8-DOH-09,8,Runway Closure + Airspace Flow Rate Restrictions,DOH,Hamad International,2026-01-27T09:00:00Z,ARRIVAL,29,23,5,N,NONE
SLT-8-DOH-10,8,Runway Closure + Airspace Flow Rate Restrictions,DOH,Hamad International,2026-01-27T10:00:00Z,ARRIVAL,39,36,4,Y,NONE
SLT-8-DOH-11,8,Runway Closure + Airspace Flow Rate Restrictions,DOH,Hamad International,2026-01-27T11:00:00Z,DEPARTURE,37,43,3,N,CAPACITY
SLT-8-DOH-12,8,Runway Closure + Airspace Flow Rate Restrictions,DOH,Hamad International,2026-01-27T12:00:00Z,ARRIVAL,27,43,6,Y,NONE
SLT-8-DOH-13,8,Runway Closure + Airspace Flow Rate Restrictions,DOH,Hamad International,2026-01-27T13:00:00Z,ARRIVAL,22,33,0,N,NONE
SLT-8-DOH-14,8,Runway Closure + Airspace Flow Rate Restrictions,DOH,Hamad International,2026-01-27T14:00:00Z,DEPARTURE,49,19,1,N,NONE
SLT-8-DOH-15,8,Runway Closure + Airspace Flow Rate Restrictions,DOH,Hamad International,2026-01-27T15:00:00Z,DEPARTURE,24,23,8,N,NONE
SLT-8-DOH-16,8,Runway Closure + Airspace Flow Rate Restrictions,DOH,Hamad International,2026-01-27T16:00:00Z,DEPARTURE,37,26,6,N,NONE
SLT-8-DOH-17,8,Runway Closure + Airspace Flow Rate Restrictions,DOH,Hamad International,2026-01-27T17:00:00Z,DEPARTURE,47,20,6,N,NONE
SLT-8-DOH-18,8,Runway Closure + Airspace Flow Rate Restrictions,DOH,Hamad International,2026-01-27T18:00:00Z,DEPARTURE,32,31,10,N,NONE
SLT-8-DOH-19,8,Runway Closure + Airspace Flow Rate Restrictions,DOH,Hamad International,2026-01-27T19:00:00Z,DEPARTURE,20,37,7,N,NONE
SLT-8-DOH-20,8,Runway Closure + Airspace Flow Rate Restrictions,DOH,Hamad International,2026-01-27T20:00:00Z,ARRIVAL,25,22,7,N,NONE
SLT-8-DOH-21,8,Runway Closure + Airspace Flow Rate Restrictions,DOH,Hamad International,2026-01-27T21:00:00Z,DEPARTURE,45,21,9,N,NONE
SLT-8-DOH-22,8,Runway Closure + Airspace Flow Rate Restrictions,DOH,Hamad International,2026-01-27T22:00:00Z,DEPARTURE,44,21,7,N,NONE
SLT-8-DOH-23,8,Runway Closure + Airspace Flow Rate Restrictions,DOH,Hamad International,2026-01-27T23:00:00Z,DEPARTURE,41,33,9,Y,NONE
SLT-8-MCT-06,8,Runway Closure + Airspace Flow Rate Restrictions,MCT,Muscat International,2026-01-27T06:00:00Z,DEPARTURE,41,21,3,Y,NONE
SLT-8-MCT-07,8,Runway Closure + Airspace Flow Rate Restrictions,MCT,Muscat International,2026-01-27T07:00:00Z,ARRIVAL,25,40,1,N,NONE
SLT-8-MCT-08,8,Runway Closure + Airspace Flow Rate Restrictions,MCT,Muscat International,2026-01-27T08:00:00Z,ARRIVAL,25,16,8,N,NONE
SLT-8-MCT-09,8,Runway Closure + Airspace Flow Rate Restrictions,MCT,Muscat International,2026-01-27T09:00:00Z,DEPARTURE,20,20,9,N,NONE
SLT-8-MCT-10,8,Runway Closure + Airspace Flow Rate Restrictions,MCT,Muscat International,2026-01-27T10:00:00Z,DEPARTURE,39,29,7,N,NONE
SLT-8-MCT-11,8,Runway Closure + Airspace Flow Rate Restrictions,MCT,Muscat International,2026-01-27T11:00:00Z,ARRIVAL,20,45,8,Y,NOISE
SLT-8-MCT-12,8,Runway Closure + Airspace Flow Rate Restrictions,MCT,Muscat International,2026-01-27T12:00:00Z,ARRIVAL,29,22,8,Y,NONE
SLT-8-MCT-13,8,Runway Closure + Airspace Flow Rate Restrictions,MCT,Muscat International,2026-01-27T13:00:00Z,ARRIVAL,24,34,8,N,NONE
SLT-8-MCT-14,8,Runway Closure + Airspace Flow Rate Restrictions,MCT,Muscat International,2026-01-27T14:00:00Z,DEPARTURE,24,21,10,Y,WEATHER
SLT-8-MCT-15,8,Runway Closure + Airspace Flow Rate Restrictions,MCT,Muscat International,2026-01-27T15:00:00Z,ARRIVAL,44,42,8,N,NOISE
SLT-8-MCT-16,8,Runway Closure + Airspace Flow Rate Restrictions,MCT,Muscat International,2026-01-27T16:00:00Z,ARRIVAL,36,34,9,N,NONE
SLT-8-MCT-17,8,Runway Closure + Airspace Flow Rate Restrictions,MCT,Muscat International,2026-01-27T17:00:00Z,DEPARTURE,31,31,1,N,NONE
SLT-8-MCT-18,8,Runway Closure + Airspace Flow Rate Restrictions,MCT,Muscat International,2026-01-27T18:00:00Z,ARRIVAL,23,35,4,N,NOISE
SLT-8-MCT-19,8,Runway Closure + Airspace Flow Rate Restrictions,MCT,Muscat International,2026-01-27T19:00:00Z,DEPARTURE,38,29,9,N,NONE
SLT-8-MCT-20,8,Runway Closure + Airspace Flow Rate Restrictions,MCT,Muscat International,2026-01-27T20:00:00Z,ARRIVAL,49,43,2,N,NONE
SLT-8-MCT-21,8,Runway Closure + Airspace Flow Rate Restrictions,MCT,Muscat International,2026-01-27T21:00:00Z,DEPARTURE,45,37,1,N,NONE
SLT-8-MCT-22,8,Runway Closure + Airspace Flow Rate Restrictions,MCT,Muscat International,2026-01-27T22:00:00Z,DEPARTURE,23,43,10,N,NONE
SLT-8-MCT-23,8,Runway Closure + Airspace Flow Rate Restrictions,MCT,Muscat International,2026-01-27T23:00:00Z,DEPARTURE,44,39,3,Y,NONE
SLT-8-JED-06,8,Runway Closure + Airspace Flow Rate Restrictions,JED,King Abdulaziz,2026-01-27T06:00:00Z,ARRIVAL,22,45,9,N,NOISE
SLT-8-JED-07,8,Runway Closure + Airspace Flow Rate Restrictions,JED,King Abdulaziz,2026-01-27T07:00:00Z,ARRIVAL,50,15,7,N,NONE
SLT-8-JED-08,8,Runway Closure + Airspace Flow Rate Restrictions,JED,King Abdulaziz,2026-01-27T08:00:00Z,DEPARTURE,46,21,9,N,NONE
SLT-8-JED-09,8,Runway Closure + Airspace Flow Rate Restrictions,JED,King Abdulaziz,2026-01-27T09:00:00Z,ARRIVAL,41,44,9,Y,NONE
SLT-8-JED-10,8,Runway Closure + Airspace Flow Rate Restrictions,JED,King Abdulaziz,2026-01-27T10:00:00Z,ARRIVAL,20,41,10,N,NONE
SLT-8-JED-11,8,Runway Closure + Airspace Flow Rate Restrictions,JED,King Abdulaziz,2026-01-27T11:00:00Z,ARRIVAL,34,30,4,N,NONE
SLT-8-JED-12,8,Runway Closure + Airspace Flow Rate Restrictions,JED,King Abdulaziz,2026-01-27T12:00:00Z,ARRIVAL,29,16,2,N,CAPACITY
SLT-8-JED-13,8,Runway Closure + Airspace Flow Rate Restrictions,JED,King Abdulaziz,2026-01-27T13:00:00Z,DEPARTURE,27,22,8,N,NONE
SLT-8-JED-14,8,Runway Closure + Airspace Flow Rate Restrictions,JED,King Abdulaziz,2026-01-27T14:00:00Z,ARRIVAL,38,45,9,N,NONE
SLT-8-JED-15,8,Runway Closure + Airspace Flow Rate Restrictions,JED,King Abdulaziz,2026-01-27T15:00:00Z,ARRIVAL,26,42,2,Y,NONE
SLT-8-JED-16,8,Runway Closure + Airspace Flow Rate Restrictions,JED,King Abdulaziz,2026-01-27T16:00:00Z,DEPARTURE,30,15,5,N,NONE
SLT-8-JED-17,8,Runway Closure + Airspace Flow Rate Restrictions,JED,King Abdulaziz,2026-01-27T17:00:00Z,DEPARTURE,35,30,5,Y,NONE
SLT-8-JED-18,8,Runway Closure + Airspace Flow Rate Restrictions,JED,King Abdulaziz,2026-01-27T18:00:00Z,ARRIVAL,20,31,4,Y,NONE
SLT-8-JED-19,8,Runway Closure + Airspace Flow Rate Restrictions,JED,King Abdulaziz,2026-01-27T19:00:00Z,DEPARTURE,36,16,1,N,NONE
SLT-8-JED-20,8,Runway Closure + Airspace Flow Rate Restrictions,JED,King Abdulaziz,2026-01-27T20:00:00Z,ARRIVAL,39,19,3,N,NONE
SLT-8-JED-21,8,Runway Closure + Airspace Flow Rate Restrictions,JED,King Abdulaziz,2026-01-27T21:00:00Z,DEPARTURE,48,39,1,N,NONE
SLT-8-JED-22,8,Runway Closure + Airspace Flow Rate Restrictions,JED,King Abdulaziz,2026-01-27T22:00:00Z,DEPARTURE,40,16,3,Y,NONE
SLT-8-JED-23,8,Runway Closure + Airspace Flow Rate Restrictions,JED,King Abdulaziz,2026-01-27T23:00:00Z,ARRIVAL,28,21,3,Y,NONE
SLT-9-AUH-06,9,Security Threat + Geopolitical Airspace Diversion,AUH,Abu Dhabi International,2026-01-28T06:00:00Z,DEPARTURE,30,40,4,N,NONE
SLT-9-AUH-07,9,Security Threat + Geopolitical Airspace Diversion,AUH,Abu Dhabi International,2026-01-28T07:00:00Z,ARRIVAL,23,17,3,N,NONE
SLT-9-AUH-08,9,Security Threat + Geopolitical Airspace Diversion,AUH,Abu Dhabi International,2026-01-28T08:00:00Z,DEPARTURE,22,24,7,N,NONE
SLT-9-AUH-09,9,Security Threat + Geopolitical Airspace Diversion,AUH,Abu Dhabi International,2026-01-28T09:00:00Z,ARRIVAL,47,27,4,N,CAPACITY
SLT-9-AUH-10,9,Security Threat + Geopolitical Airspace Diversion,AUH,Abu Dhabi International,2026-01-28T10:00:00Z,DEPARTURE,23,21,6,Y,WEATHER
SLT-9-AUH-11,9,Security Threat + Geopolitical Airspace Diversion,AUH,Abu Dhabi International,2026-01-28T11:00:00Z,ARRIVAL,23,23,0,N,NONE
SLT-9-AUH-12,9,Security Threat + Geopolitical Airspace Diversion,AUH,Abu Dhabi International,2026-01-28T12:00:00Z,DEPARTURE,33,15,8,Y,NONE
SLT-9-AUH-13,9,Security Threat + Geopolitical Airspace Diversion,AUH,Abu Dhabi International,2026-01-28T13:00:00Z,ARRIVAL,41,23,7,N,NONE
SLT-9-AUH-14,9,Security Threat + Geopolitical Airspace Diversion,AUH,Abu Dhabi International,2026-01-28T14:00:00Z,DEPARTURE,49,36,9,N,NONE
SLT-9-AUH-15,9,Security Threat + Geopolitical Airspace Diversion,AUH,Abu Dhabi International,2026-01-28T15:00:00Z,DEPARTURE,40,45,1,N,NONE
SLT-9-AUH-16,9,Security Threat + Geopolitical Airspace Diversion,AUH,Abu Dhabi International,2026-01-28T16:00:00Z,ARRIVAL,25,20,2,N,NONE
SLT-9-AUH-17,9,Security Threat + Geopolitical Airspace Diversion,AUH,Abu Dhabi International,2026-01-28T17:00:00Z,ARRIVAL,27,34,6,N,NONE
SLT-9-AUH-18,9,Security Threat + Geopolitical Airspace Diversion,AUH,Abu Dhabi International,2026-01-28T18:00:00Z,DEPARTURE,42,35,3,N,NONE
SLT-9-AUH-19,9,Security Threat + Geopolitical Airspace Diversion,AUH,Abu Dhabi International,2026-01-28T19:00:00Z,DEPARTURE,43,41,3,Y,NONE
SLT-9-AUH-20,9,Security Threat + Geopolitical Airspace Diversion,AUH,Abu Dhabi International,2026-01-28T20:00:00Z,DEPARTURE,33,24,8,N,CAPACITY
SLT-9-AUH-21,9,Security Threat + Geopolitical Airspace Diversion,AUH,Abu Dhabi International,2026-01-28T21:00:00Z,DEPARTURE,49,30,3,N,NOISE
SLT-9-AUH-22,9,Security Threat + Geopolitical Airspace Diversion,AUH,Abu Dhabi International,2026-01-28T22:00:00Z,DEPARTURE,45,27,0,Y,NONE
SLT-9-AUH-23,9,Security Threat + Geopolitical Airspace Diversion,AUH,Abu Dhabi International,2026-01-28T23:00:00Z,ARRIVAL,27,27,10,N,NONE
SLT-9-BKK-06,9,Security Threat + Geopolitical Airspace Diversion,BKK,Suvarnabhumi,2026-01-28T06:00:00Z,DEPARTURE,21,39,5,N,NONE
SLT-9-BKK-07,9,Security Threat + Geopolitical Airspace Diversion,BKK,Suvarnabhumi,2026-01-28T07:00:00Z,DEPARTURE,29,27,1,Y,NONE
SLT-9-BKK-08,9,Security Threat + Geopolitical Airspace Diversion,BKK,Suvarnabhumi,2026-01-28T08:00:00Z,ARRIVAL,23,33,3,N,NOISE
SLT-9-BKK-09,9,Security Threat + Geopolitical Airspace Diversion,BKK,Suvarnabhumi,2026-01-28T09:00:00Z,ARRIVAL,45,18,8,N,NONE
SLT-9-BKK-10,9,Security Threat + Geopolitical Airspace Diversion,BKK,Suvarnabhumi,2026-01-28T10:00:00Z,DEPARTURE,34,39,2,N,NONE
SLT-9-BKK-11,9,Security Threat + Geopolitical Airspace Diversion,BKK,Suvarnabhumi,2026-01-28T11:00:00Z,ARRIVAL,44,23,4,N,NONE
SLT-9-BKK-12,9,Security Threat + Geopolitical Airspace Diversion,BKK,Suvarnabhumi,2026-01-28T12:00:00Z,DEPARTURE,47,16,7,Y,NONE
SLT-9-BKK-13,9,Security Threat + Geopolitical Airspace Diversion,BKK,Suvarnabhumi,2026-01-28T13:00:00Z,ARRIVAL,48,26,10,Y,NONE
SLT-9-BKK-14,9,Security Threat + Geopolitical Airspace Diversion,BKK,Suvarnabhumi,2026-01-28T14:00:00Z,ARRIVAL,29,25,7,Y,NOISE
SLT-9-BKK-15,9,Security Threat + Geopolitical Airspace Diversion,BKK,Suvarnabhumi,2026-01-28T15:00:00Z,DEPARTURE,41,42,1,N,NONE
SLT-9-BKK-16,9,Security Threat + Geopolitical Airspace Diversion,BKK,Suvarnabhumi,2026-01-28T16:00:00Z,ARRIVAL,26,24,0,N,NONE
SLT-9-BKK-17,9,Security Threat + Geopolitical Airspace Diversion,BKK,Suvarnabhumi,2026-01-28T17:00:00Z,DEPARTURE,22,26,1,Y,CAPACITY
SLT-9-BKK-18,9,Security Threat + Geopolitical Airspace Diversion,BKK,Suvarnabhumi,2026-01-28T18:00:00Z,ARRIVAL,29,42,7,Y,NONE
SLT-9-BKK-19,9,Security Threat + Geopolitical Airspace Diversion,BKK,Suvarnabhumi,2026-01-28T19:00:00Z,DEPARTURE,49,33,4,N,NONE
SLT-9-BKK-20,9,Security Threat + Geopolitical Airspace Diversion,BKK,Suvarnabhumi,2026-01-28T20:00:00Z,DEPARTURE,38,15,7,Y,NONE
SLT-9-BKK-21,9,Security Threat + Geopolitical Airspace Diversion,BKK,Suvarnabhumi,2026-01-28T21:00:00Z,ARRIVAL,47,15,3,N,NONE
SLT-9-BKK-22,9,Security Threat + Geopolitical Airspace Diversion,BKK,Suvarnabhumi,2026-01-28T22:00:00Z,DEPARTURE,43,20,5,Y,NONE
SLT-9-BKK-23,9,Security Threat + Geopolitical Airspace Diversion,BKK,Suvarnabhumi,2026-01-28T23:00:00Z,DEPARTURE,23,37,10,N,NONE
SLT-9-LHR-06,9,Security Threat + Geopolitical Airspace Diversion,LHR,Heathrow,2026-01-28T06:00:00Z,DEPARTURE,44,44,9,Y,NONE
SLT-9-LHR-07,9,Security Threat + Geopolitical Airspace Diversion,LHR,Heathrow,2026-01-28T07:00:00Z,ARRIVAL,20,15,5,Y,NONE
SLT-9-LHR-08,9,Security Threat + Geopolitical Airspace Diversion,LHR,Heathrow,2026-01-28T08:00:00Z,ARRIVAL,35,29,5,N,NONE
SLT-9-LHR-09,9,Security Threat + Geopolitical Airspace Diversion,LHR,Heathrow,2026-01-28T09:00:00Z,ARRIVAL,22,34,3,Y,NONE
SLT-9-LHR-10,9,Security Threat + Geopolitical Airspace Diversion,LHR,Heathrow,2026-01-28T10:00:00Z,DEPARTURE,45,16,2,N,NONE
SLT-9-LHR-11,9,Security Threat + Geopolitical Airspace Diversion,LHR,Heathrow,2026-01-28T11:00:00Z,ARRIVAL,47,35,3,N,NONE
SLT-9-LHR-12,9,Security Threat + Geopolitical Airspace Diversion,LHR,Heathrow,2026-01-28T12:00:00Z,ARRIVAL,38,43,1,N,NONE
SLT-9-LHR-13,9,Security Threat + Geopolitical Airspace Diversion,LHR,Heathrow,2026-01-28T13:00:00Z,ARRIVAL,23,18,7,Y,NONE
SLT-9-LHR-14,9,Security Threat + Geopolitical Airspace Diversion,LHR,Heathrow,2026-01-28T14:00:00Z,DEPARTURE,32,22,1,N,NONE
SLT-9-LHR-15,9,Security Threat + Geopolitical Airspace Diversion,LHR,Heathrow,2026-01-28T15:00:00Z,DEPARTURE,46,28,8,N,NONE
SLT-9-LHR-16,9,Security Threat + Geopolitical Airspace Diversion,LHR,Heathrow,2026-01-28T16:00:00Z,DEPARTURE,50,16,5,N,NONE
SLT-9-LHR-17,9,Security Threat + Geopolitical Airspace Diversion,LHR,Heathrow,2026-01-28T17:00:00Z,ARRIVAL,33,44,10,N,NONE
SLT-9-LHR-18,9,Security Threat + Geopolitical Airspace Diversion,LHR,Heathrow,2026-01-28T18:00:00Z,ARRIVAL,38,26,7,N,NONE
SLT-9-LHR-19,9,Security Threat + Geopolitical Airspace Diversion,LHR,Heathrow,2026-01-28T19:00:00Z,DEPARTURE,40,38,4,Y,NONE
SLT-9-LHR-20,9,Security Threat + Geopolitical Airspace Diversion,LHR,Heathrow,2026-01-28T20:00:00Z,ARRIVAL,22,42,8,N,NONE
SLT-9-LHR-21,9,Security Threat + Geopolitical Airspace Diversion,LHR,Heathrow,2026-01-28T21:00:00Z,ARRIVAL,26,44,1,Y,NONE
SLT-9-LHR-22,9,Security Threat + Geopolitical Airspace Diversion,LHR,Heathrow,2026-01-28T22:00:00Z,ARRIVAL,36,24,1,N,NONE
SLT-9-LHR-23,9,Security Threat + Geopolitical Airspace Diversion,LHR,Heathrow,2026-01-28T23:00:00Z,ARRIVAL,26,30,4,Y,NONE
SLT-9-SIN-06,9,Security Threat + Geopolitical Airspace Diversion,SIN,Changi,2026-01-28T06:00:00Z,DEPARTURE,50,36,1,N,NONE
SLT-9-SIN-07,9,Security Threat + Geopolitical Airspace Diversion,SIN,Changi,2026-01-28T07:00:00Z,DEPARTURE,42,18,2,N,NONE
SLT-9-SIN-08,9,Security Threat + Geopolitical Airspace Diversion,SIN,Changi,2026-01-28T08:00:00Z,ARRIVAL,35,27,6,N,NONE
SLT-9-SIN-09,9,Security Threat + Geopolitical Airspace Diversion,SIN,Changi,2026-01-28T09:00:00Z,DEPARTURE,49,35,9,N,NONE
SLT-9-SIN-10,9,Security Threat + Geopolitical Airspace Diversion,SIN,Changi,2026-01-28T10:00:00Z,DEPARTURE,36,31,3,Y,NONE
SLT-9-SIN-11,9,Security Threat + Geopolitical Airspace Diversion,SIN,Changi,2026-01-28T11:00:00Z,ARRIVAL,42,20,10,N,NONE
SLT-9-SIN-12,9,Security Threat + Geopolitical Airspace Diversion,SIN,Changi,2026-01-28T12:00:00Z,ARRIVAL,25,35,0,Y,CAPACITY
SLT-9-SIN-13,9,Security Threat + Geopolitical Airspace Diversion,SIN,Changi,2026-01-28T13:00:00Z,ARRIVAL,33,41,7,Y,CAPACITY
SLT-9-SIN-14,9,Security Threat + Geopolitical Airspace Diversion,SIN,Changi,2026-01-28T14:00:00Z,ARRIVAL,47,45,1,N,NONE
SLT-9-SIN-15,9,Security Threat + Geopolitical Airspace Diversion,SIN,Changi,2026-01-28T15:00:00Z,DEPARTURE,38,27,8,N,NONE
SLT-9-SIN-16,9,Security Threat + Geopolitical Airspace Diversion,SIN,Changi,2026-01-28T16:00:00Z,DEPARTURE,30,37,0,N,NONE
SLT-9-SIN-17,9,Security Threat + Geopolitical Airspace Diversion,SIN,Changi,2026-01-28T17:00:00Z,ARRIVAL,42,30,9,N,NONE
SLT-9-SIN-18,9,Security Threat + Geopolitical Airspace Diversion,SIN,Changi,2026-01-28T18:00:00Z,DEPARTURE,39,37,0,N,NONE
SLT-9-SIN-19,9,Security Threat + Geopolitical Airspace Diversion,SIN,Changi,2026-01-28T19:00:00Z,ARRIVAL,45,18,8,N,NONE
SLT-9-SIN-20,9,Security Threat + Geopolitical Airspace Diversion,SIN,Changi,2026-01-28T20:00:00Z,DEPARTURE,49,26,6,Y,NONE
SLT-9-SIN-21,9,Security Threat + Geopolitical Airspace Diversion,SIN,Changi,2026-01-28T21:00:00Z,DEPARTURE,33,17,1,N,NONE
SLT-9-SIN-22,9,Security Threat + Geopolitical Airspace Diversion,SIN,Changi,2026-01-28T22:00:00Z,ARRIVAL,38,35,2,N,NOISE
SLT-9-SIN-23,9,Security Threat + Geopolitical Airspace Diversion,SIN,Changi,2026-01-28T23:00:00Z,ARRIVAL,38,24,4,Y,NONE
SLT-9-CDG-06,9,Security Threat + Geopolitical Airspace Diversion,CDG,Charles de Gaulle,2026-01-28T06:00:00Z,ARRIVAL,25,43,8,Y,NONE
SLT-9-CDG-07,9,Security Threat + Geopolitical Airspace Diversion,CDG,Charles de Gaulle,2026-01-28T07:00:00Z,ARRIVAL,28,29,6,N,NONE
SLT-9-CDG-08,9,Security Threat + Geopolitical Airspace Diversion,CDG,Charles de Gaulle,2026-01-28T08:00:00Z,DEPARTURE,27,40,0,N,NONE
SLT-9-CDG-09,9,Security Threat + Geopolitical Airspace Diversion,CDG,Charles de Gaulle,2026-01-28T09:00:00Z,ARRIVAL,25,25,4,N,NOISE
SLT-9-CDG-10,9,Security Threat + Geopolitical Airspace Diversion,CDG,Charles de Gaulle,2026-01-28T10:00:00Z,DEPARTURE,48,28,4,Y,NONE
SLT-9-CDG-11,9,Security Threat + Geopolitical Airspace Diversion,CDG,Charles de Gaulle,2026-01-28T11:00:00Z,DEPARTURE,26,45,1,Y,NONE
SLT-9-CDG-12,9,Security Threat + Geopolitical Airspace Diversion,CDG,Charles de Gaulle,2026-01-28T12:00:00Z,DEPARTURE,21,25,8,Y,NONE
SLT-9-CDG-13,9,Security Threat + Geopolitical Airspace Diversion,CDG,Charles de Gaulle,2026-01-28T13:00:00Z,ARRIVAL,29,44,1,N,WEATHER
SLT-9-CDG-14,9,Security Threat + Geopolitical Airspace Diversion,CDG,Charles de Gaulle,2026-01-28T14:00:00Z,DEPARTURE,42,38,10,N,NONE
SLT-9-CDG-15,9,Security Threat + Geopolitical Airspace Diversion,CDG,Charles de Gaulle,2026-01-28T15:00:00Z,ARRIVAL,46,25,1,N,NONE
SLT-9-CDG-16,9,Security Threat + Geopolitical Airspace Diversion,CDG,Charles de Gaulle,2026-01-28T16:00:00Z,DEPARTURE,21,36,6,N,NONE
SLT-9-CDG-17,9,Security Threat + Geopolitical Airspace Diversion,CDG,Charles de Gaulle,2026-01-28T17:00:00Z,ARRIVAL,44,32,10,N,NONE
SLT-9-CDG-18,9,Security Threat + Geopolitical Airspace Diversion,CDG,Charles de Gaulle,2026-01-28T18:00:00Z,DEPARTURE,46,24,2,N,NONE
SLT-9-CDG-19,9,Security Threat + Geopolitical Airspace Diversion,CDG,Charles de Gaulle,2026-01-28T19:00:00Z,DEPARTURE,24,28,9,N,NONE
SLT-9-CDG-20,9,Security Threat + Geopolitical Airspace Diversion,CDG,Charles de Gaulle,2026-01-28T20:00:00Z,ARRIVAL,43,25,3,N,NONE
SLT-9-CDG-21,9,Security Threat + Geopolitical Airspace Diversion,CDG,Charles de Gaulle,2026-01-28T21:00:00Z,DEPARTURE,44,30,1,N,NONE
SLT-9-CDG-22,9,Security Threat + Geopolitical Airspace Diversion,CDG,Charles de Gaulle,2026-01-28T22:00:00Z,ARRIVAL,34,21,5,N,NONE
SLT-9-CDG-23,9,Security Threat + Geopolitical Airspace Diversion,CDG,Charles de Gaulle,2026-01-28T23:00:00Z,ARRIVAL,20,30,10,N,NONE
SLT-9-FRA-06,9,Security Threat + Geopolitical Airspace Diversion,FRA,Frankfurt,2026-01-28T06:00:00Z,DEPARTURE,24,37,3,N,NONE
SLT-9-FRA-07,9,Security Threat + Geopolitical Airspace Diversion,FRA,Frankfurt,2026-01-28T07:00:00Z,ARRIVAL,34,37,5,N,CAPACITY
SLT-9-FRA-08,9,Security Threat + Geopolitical Airspace Diversion,FRA,Frankfurt,2026-01-28T08:00:00Z,ARRIVAL,41,25,0,Y,NONE
SLT-9-FRA-09,9,Security Threat + Geopolitical Airspace Diversion,FRA,Frankfurt,2026-01-28T09:00:00Z,ARRIVAL,42,38,5,N,NONE
SLT-9-FRA-10,9,Security Threat + Geopolitical Airspace Diversion,FRA,Frankfurt,2026-01-28T10:00:00Z,ARRIVAL,32,35,1,N,NOISE
SLT-9-FRA-11,9,Security Threat + Geopolitical Airspace Diversion,FRA,Frankfurt,2026-01-28T11:00:00Z,ARRIVAL,25,25,6,N,NONE
SLT-9-FRA-12,9,Security Threat + Geopolitical Airspace Diversion,FRA,Frankfurt,2026-01-28T12:00:00Z,DEPARTURE,26,32,8,N,NONE
SLT-9-FRA-13,9,Security Threat + Geopolitical Airspace Diversion,FRA,Frankfurt,2026-01-28T13:00:00Z,ARRIVAL,28,24,10,Y,NONE
SLT-9-FRA-14,9,Security Threat + Geopolitical Airspace Diversion,FRA,Frankfurt,2026-01-28T14:00:00Z,ARRIVAL,42,29,4,N,NONE
SLT-9-FRA-15,9,Security Threat + Geopolitical Airspace Diversion,FRA,Frankfurt,2026-01-28T15:00:00Z,DEPARTURE,26,17,1,N,NONE
SLT-9-FRA-16,9,Security Threat + Geopolitical Airspace Diversion,FRA,Frankfurt,2026-01-28T16:00:00Z,DEPARTURE,37,23,9,N,NONE
SLT-9-FRA-17,9,Security Threat + Geopolitical Airspace Diversion,FRA,Frankfurt,2026-01-28T17:00:00Z,ARRIVAL,45,36,0,N,CAPACITY
SLT-9-FRA-18,9,Security Threat + Geopolitical Airspace Diversion,FRA,Frankfurt,2026-01-28T18:00:00Z,DEPARTURE,44,15,3,N,NONE
SLT-9-FRA-19,9,Security Threat + Geopolitical Airspace Diversion,FRA,Frankfurt,2026-01-28T19:00:00Z,DEPARTURE,39,26,8,N,NONE
SLT-9-FRA-20,9,Security Threat + Geopolitical Airspace Diversion,FRA,Frankfurt,2026-01-28T20:00:00Z,DEPARTURE,35,28,8,N,NONE
SLT-9-FRA-21,9,Security Threat + Geopolitical Airspace Diversion,FRA,Frankfurt,2026-01-28T21:00:00Z,ARRIVAL,26,30,0,Y,NONE
SLT-9-FRA-22,9,Security Threat + Geopolitical Airspace Diversion,FRA,Frankfurt,2026-01-28T22:00:00Z,ARRIVAL,50,19,10,Y,NONE
SLT-9-FRA-23,9,Security Threat + Geopolitical Airspace Diversion,FRA,Frankfurt,2026-01-28T23:00:00Z,DEPARTURE,47,30,7,Y,NOISE
SLT-9-JFK-06,9,Security Threat + Geopolitical Airspace Diversion,JFK,John F Kennedy,2026-01-28T06:00:00Z,DEPARTURE,30,27,9,N,NONE
SLT-9-JFK-07,9,Security Threat + Geopolitical Airspace Diversion,JFK,John F Kennedy,2026-01-28T07:00:00Z,DEPARTURE,46,43,0,Y,NONE
SLT-9-JFK-08,9,Security Threat + Geopolitical Airspace Diversion,JFK,John F Kennedy,2026-01-28T08:00:00Z,ARRIVAL,27,17,5,Y,NONE
SLT-9-JFK-09,9,Security Threat + Geopolitical Airspace Diversion,JFK,John F Kennedy,2026-01-28T09:00:00Z,ARRIVAL,27,24,4,N,NONE
SLT-9-JFK-10,9,Security Threat + Geopolitical Airspace Diversion,JFK,John F Kennedy,2026-01-28T10:00:00Z,DEPARTURE,41,28,7,N,CAPACITY
SLT-9-JFK-11,9,Security Threat + Geopolitical Airspace Diversion,JFK,John F Kennedy,2026-01-28T11:00:00Z,DEPARTURE,37,23,8,Y,NONE
SLT-9-JFK-12,9,Security Threat + Geopolitical Airspace Diversion,JFK,John F Kennedy,2026-01-28T12:00:00Z,ARRIVAL,25,28,4,Y,NONE
SLT-9-JFK-13,9,Security Threat + Geopolitical Airspace Diversion,JFK,John F Kennedy,2026-01-28T13:00:00Z,DEPARTURE,25,25,4,N,NONE
SLT-9-JFK-14,9,Security Threat + Geopolitical Airspace Diversion,JFK,John F Kennedy,2026-01-28T14:00:00Z,DEPARTURE,34,23,7,Y,NONE
SLT-9-JFK-15,9,Security Threat + Geopolitical Airspace Diversion,JFK,John F Kennedy,2026-01-28T15:00:00Z,ARRIVAL,40,24,9,N,NONE
SLT-9-JFK-16,9,Security Threat + Geopolitical Airspace Diversion,JFK,John F Kennedy,2026-01-28T16:00:00Z,ARRIVAL,34,21,2,N,NONE
SLT-9-JFK-17,9,Security Threat + Geopolitical Airspace Diversion,JFK,John F Kennedy,2026-01-28T17:00:00Z,ARRIVAL,47,27,0,N,NONE
SLT-9-JFK-18,9,Security Threat + Geopolitical Airspace Diversion,JFK,John F Kennedy,2026-01-28T18:00:00Z,DEPARTURE,50,28,6,N,NONE
SLT-9-JFK-19,9,Security Threat + Geopolitical Airspace Diversion,JFK,John F Kennedy,2026-01-28T19:00:00Z,ARRIVAL,44,16,10,Y,NONE
SLT-9-JFK-20,9,Security Threat + Geopolitical Airspace Diversion,JFK,John F Kennedy,2026-01-28T20:00:00Z,DEPARTURE,33,24,3,N,CAPACITY
SLT-9-JFK-21,9,Security Threat + Geopolitical Airspace Diversion,JFK,John F Kennedy,2026-01-28T21:00:00Z,ARRIVAL,31,21,2,N,NONE
SLT-9-JFK-22,9,Security Threat + Geopolitical Airspace Diversion,JFK,John F Kennedy,2026-01-28T22:00:00Z,DEPARTURE,40,21,5,N,NONE
SLT-9-JFK-23,9,Security Threat + Geopolitical Airspace Diversion,JFK,John F Kennedy,2026-01-28T23:00:00Z,DEPARTURE,38,23,10,N,NONE
SLT-9-DEL-06,9,Security Threat + Geopolitical Airspace Diversion,DEL,Indira Gandhi,2026-01-28T06:00:00Z,DEPARTURE,24,20,9,Y,NONE
SLT-9-DEL-07,9,Security Threat + Geopolitical Airspace Diversion,DEL,Indira Gandhi,2026-01-28T07:00:00Z,ARRIVAL,31,35,6,N,NONE
SLT-9-DEL-08,9,Security Threat + Geopolitical Airspace Diversion,DEL,Indira Gandhi,2026-01-28T08:00:00Z,DEPARTURE,37,20,2,Y,NONE
SLT-9-DEL-09,9,Security Threat + Geopolitical Airspace Diversion,DEL,Indira Gandhi,2026-01-28T09:00:00Z,ARRIVAL,33,43,2,N,NONE
SLT-9-DEL-10,9,Security Threat + Geopolitical Airspace Diversion,DEL,Indira Gandhi,2026-01-28T10:00:00Z,DEPARTURE,36,23,5,N,NONE
SLT-9-DEL-11,9,Security Threat + Geopolitical Airspace Diversion,DEL,Indira Gandhi,2026-01-28T11:00:00Z,DEPARTURE,50,35,2,Y,NONE
SLT-9-DEL-12,9,Security Threat + Geopolitical Airspace Diversion,DEL,Indira Gandhi,2026-01-28T12:00:00Z,ARRIVAL,50,38,5,Y,WEATHER
SLT-9-DEL-13,9,Security Threat + Geopolitical Airspace Diversion,DEL,Indira Gandhi,2026-01-28T13:00:00Z,DEPARTURE,34,40,2,N,CAPACITY
SLT-9-DEL-14,9,Security Threat + Geopolitical Airspace Diversion,DEL,Indira Gandhi,2026-01-28T14:00:00Z,ARRIVAL,41,36,9,Y,NONE
SLT-9-DEL-15,9,Security Threat + Geopolitical Airspace Diversion,DEL,Indira Gandhi,2026-01-28T15:00:00Z,ARRIVAL,49,24,10,Y,NONE
SLT-9-DEL-16,9,Security Threat + Geopolitical Airspace Diversion,DEL,Indira Gandhi,2026-01-28T16:00:00Z,DEPARTURE,24,15,8,N,WEATHER
SLT-9-DEL-17,9,Security Threat + Geopolitical Airspace Diversion,DEL,Indira Gandhi,2026-01-28T17:00:00Z,ARRIVAL,37,44,0,N,NONE
SLT-9-DEL-18,9,Security Threat + Geopolitical Airspace Diversion,DEL,Indira Gandhi,2026-01-28T18:00:00Z,ARRIVAL,50,45,1,N,NONE
SLT-9-DEL-19,9,Security Threat + Geopolitical Airspace Diversion,DEL,Indira Gandhi,2026-01-28T19:00:00Z,DEPARTURE,21,15,2,N,WEATHER
SLT-9-DEL-20,9,Security Threat + Geopolitical Airspace Diversion,DEL,Indira Gandhi,2026-01-28T20:00:00Z,DEPARTURE,50,34,9,Y,NONE
SLT-9-DEL-21,9,Security Threat + Geopolitical Airspace Diversion,DEL,Indira Gandhi,2026-01-28T21:00:00Z,DEPARTURE,35,35,10,N,NONE
SLT-9-DEL-22,9,Security Threat + Geopolitical Airspace Diversion,DEL,Indira Gandhi,2026-01-28T22:00:00Z,DEPARTURE,29,36,9,N,NONE
SLT-9-DEL-23,9,Security Threat + Geopolitical Airspace Diversion,DEL,Indira Gandhi,2026-01-28T23:00:00Z,DEPARTURE,23,23,2,Y,CAPACITY
SLT-9-SYD-06,9,Security Threat + Geopolitical Airspace Diversion,SYD,Sydney Kingsford Smith,2026-01-28T06:00:00Z,ARRIVAL,43,45,7,Y,NONE
SLT-9-SYD-07,9,Security Threat + Geopolitical Airspace Diversion,SYD,Sydney Kingsford Smith,2026-01-28T07:00:00Z,ARRIVAL,44,29,5,N,NONE
SLT-9-SYD-08,9,Security Threat + Geopolitical Airspace Diversion,SYD,Sydney Kingsford Smith,2026-01-28T08:00:00Z,ARRIVAL,49,23,10,Y,NONE
SLT-9-SYD-09,9,Security Threat + Geopolitical Airspace Diversion,SYD,Sydney Kingsford Smith,2026-01-28T09:00:00Z,ARRIVAL,42,20,4,N,NONE
SLT-9-SYD-10,9,Security Threat + Geopolitical Airspace Diversion,SYD,Sydney Kingsford Smith,2026-01-28T10:00:00Z,DEPARTURE,37,43,9,N,NONE
SLT-9-SYD-11,9,Security Threat + Geopolitical Airspace Diversion,SYD,Sydney Kingsford Smith,2026-01-28T11:00:00Z,DEPARTURE,48,42,10,N,NONE
SLT-9-SYD-12,9,Security Threat + Geopolitical Airspace Diversion,SYD,Sydney Kingsford Smith,2026-01-28T12:00:00Z,DEPARTURE,21,39,8,N,NONE
SLT-9-SYD-13,9,Security Threat + Geopolitical Airspace Diversion,SYD,Sydney Kingsford Smith,2026-01-28T13:00:00Z,ARRIVAL,45,27,0,Y,NONE
SLT-9-SYD-14,9,Security Threat + Geopolitical Airspace Diversion,SYD,Sydney Kingsford Smith,2026-01-28T14:00:00Z,DEPARTURE,30,45,3,Y,CAPACITY
SLT-9-SYD-15,9,Security Threat + Geopolitical Airspace Diversion,SYD,Sydney Kingsford Smith,2026-01-28T15:00:00Z,DEPARTURE,20,30,4,N,NONE
SLT-9-SYD-16,9,Security Threat + Geopolitical Airspace Diversion,SYD,Sydney Kingsford Smith,2026-01-28T16:00:00Z,ARRIVAL,36,34,8,Y,NONE
SLT-9-SYD-17,9,Security Threat + Geopolitical Airspace Diversion,SYD,Sydney Kingsford Smith,2026-01-28T17:00:00Z,ARRIVAL,31,19,0,N,NONE
SLT-9-SYD-18,9,Security Threat + Geopolitical Airspace Diversion,SYD,Sydney Kingsford Smith,2026-01-28T18:00:00Z,ARRIVAL,46,36,4,Y,NONE
SLT-9-SYD-19,9,Security Threat + Geopolitical Airspace Diversion,SYD,Sydney Kingsford Smith,2026-01-28T19:00:00Z,DEPARTURE,47,35,5,N,NONE
SLT-9-SYD-20,9,Security Threat + Geopolitical Airspace Diversion,SYD,Sydney Kingsford Smith,2026-01-28T20:00:00Z,ARRIVAL,41,45,7,N,NONE
SLT-9-SYD-21,9,Security Threat + Geopolitical Airspace Diversion,SYD,Sydney Kingsford Smith,2026-01-28T21:00:00Z,ARRIVAL,37,20,2,Y,WEATHER
SLT-9-SYD-22,9,Security Threat + Geopolitical Airspace Diversion,SYD,Sydney Kingsford Smith,2026-01-28T22:00:00Z,ARRIVAL,43,35,6,N,NOISE
SLT-9-SYD-23,9,Security Threat + Geopolitical Airspace Diversion,SYD,Sydney Kingsford Smith,2026-01-28T23:00:00Z,DEPARTURE,47,42,0,N,NONE
SLT-9-CAI-06,9,Security Threat + Geopolitical Airspace Diversion,CAI,Cairo International,2026-01-28T06:00:00Z,ARRIVAL,39,16,9,N,NONE
SLT-9-CAI-07,9,Security Threat + Geopolitical Airspace Diversion,CAI,Cairo International,2026-01-28T07:00:00Z,ARRIVAL,41,32,7,N,NONE
SLT-9-CAI-08,9,Security Threat + Geopolitical Airspace Diversion,CAI,Cairo International,2026-01-28T08:00:00Z,ARRIVAL,46,37,8,N,NONE
SLT-9-CAI-09,9,Security Threat + Geopolitical Airspace Diversion,CAI,Cairo International,2026-01-28T09:00:00Z,ARRIVAL,48,27,10,Y,NONE
SLT-9-CAI-10,9,Security Threat + Geopolitical Airspace Diversion,CAI,Cairo International,2026-01-28T10:00:00Z,ARRIVAL,36,33,3,N,NONE
SLT-9-CAI-11,9,Security Threat + Geopolitical Airspace Diversion,CAI,Cairo International,2026-01-28T11:00:00Z,DEPARTURE,22,24,1,N,NONE
SLT-9-CAI-12,9,Security Threat + Geopolitical Airspace Diversion,CAI,Cairo International,2026-01-28T12:00:00Z,DEPARTURE,32,19,6,N,NONE
SLT-9-CAI-13,9,Security Threat + Geopolitical Airspace Diversion,CAI,Cairo International,2026-01-28T13:00:00Z,DEPARTURE,31,32,7,N,NONE
SLT-9-CAI-14,9,Security Threat + Geopolitical Airspace Diversion,CAI,Cairo International,2026-01-28T14:00:00Z,ARRIVAL,38,19,7,Y,NONE
SLT-9-CAI-15,9,Security Threat + Geopolitical Airspace Diversion,CAI,Cairo International,2026-01-28T15:00:00Z,ARRIVAL,48,36,0,Y,NONE
SLT-9-CAI-16,9,Security Threat + Geopolitical Airspace Diversion,CAI,Cairo International,2026-01-28T16:00:00Z,ARRIVAL,43,24,6,N,NONE
SLT-9-CAI-17,9,Security Threat + Geopolitical Airspace Diversion,CAI,Cairo International,2026-01-28T17:00:00Z,ARRIVAL,20,35,10,N,NOISE
SLT-9-CAI-18,9,Security Threat + Geopolitical Airspace Diversion,CAI,Cairo International,2026-01-28T18:00:00Z,ARRIVAL,25,42,8,Y,NONE
SLT-9-CAI-19,9,Security Threat + Geopolitical Airspace Diversion,CAI,Cairo International,2026-01-28T19:00:00Z,ARRIVAL,50,25,10,Y,NONE
SLT-9-CAI-20,9,Security Threat + Geopolitical Airspace Diversion,CAI,Cairo International,2026-01-28T20:00:00Z,DEPARTURE,36,24,4,Y,NONE
SLT-9-CAI-21,9,Security Threat + Geopolitical Airspace Diversion,CAI,Cairo International,2026-01-28T21:00:00Z,DEPARTURE,27,17,2,N,NONE
SLT-9-CAI-22,9,Security Threat + Geopolitical Airspace Diversion,CAI,Cairo International,2026-01-28T22:00:00Z,DEPARTURE,45,18,1,N,NONE
SLT-9-CAI-23,9,Security Threat + Geopolitical Airspace Diversion,CAI,Cairo International,2026-01-28T23:00:00Z,ARRIVAL,36,18,0,N,NONE
SLT-9-FCO-06,9,Security Threat + Geopolitical Airspace Diversion,FCO,Fiumicino,2026-01-28T06:00:00Z,DEPARTURE,31,28,10,N,NONE
SLT-9-FCO-07,9,Security Threat + Geopolitical Airspace Diversion,FCO,Fiumicino,2026-01-28T07:00:00Z,ARRIVAL,47,23,2,N,NONE
SLT-9-FCO-08,9,Security Threat + Geopolitical Airspace Diversion,FCO,Fiumicino,2026-01-28T08:00:00Z,ARRIVAL,50,22,0,N,NONE
SLT-9-FCO-09,9,Security Threat + Geopolitical Airspace Diversion,FCO,Fiumicino,2026-01-28T09:00:00Z,ARRIVAL,45,27,7,N,NONE
SLT-9-FCO-10,9,Security Threat + Geopolitical Airspace Diversion,FCO,Fiumicino,2026-01-28T10:00:00Z,DEPARTURE,26,18,0,N,CAPACITY
SLT-9-FCO-11,9,Security Threat + Geopolitical Airspace Diversion,FCO,Fiumicino,2026-01-28T11:00:00Z,DEPARTURE,48,29,0,N,NOISE
SLT-9-FCO-12,9,Security Threat + Geopolitical Airspace Diversion,FCO,Fiumicino,2026-01-28T12:00:00Z,DEPARTURE,21,18,4,N,NONE
SLT-9-FCO-13,9,Security Threat + Geopolitical Airspace Diversion,FCO,Fiumicino,2026-01-28T13:00:00Z,ARRIVAL,28,33,10,Y,NONE
SLT-9-FCO-14,9,Security Threat + Geopolitical Airspace Diversion,FCO,Fiumicino,2026-01-28T14:00:00Z,ARRIVAL,31,37,2,N,NONE
SLT-9-FCO-15,9,Security Threat + Geopolitical Airspace Diversion,FCO,Fiumicino,2026-01-28T15:00:00Z,ARRIVAL,20,43,9,N,NONE
SLT-9-FCO-16,9,Security Threat + Geopolitical Airspace Diversion,FCO,Fiumicino,2026-01-28T16:00:00Z,ARRIVAL,36,40,4,Y,NONE
SLT-9-FCO-17,9,Security Threat + Geopolitical Airspace Diversion,FCO,Fiumicino,2026-01-28T17:00:00Z,ARRIVAL,27,29,4,N,NOISE
SLT-9-FCO-18,9,Security Threat + Geopolitical Airspace Diversion,FCO,Fiumicino,2026-01-28T18:00:00Z,ARRIVAL,40,35,2,N,NONE
SLT-9-FCO-19,9,Security Threat + Geopolitical Airspace Diversion,FCO,Fiumicino,2026-01-28T19:00:00Z,DEPARTURE,47,38,2,N,WEATHER
SLT-9-FCO-20,9,Security Threat + Geopolitical Airspace Diversion,FCO,Fiumicino,2026-01-28T20:00:00Z,ARRIVAL,26,40,3,Y,NONE
SLT-9-FCO-21,9,Security Threat + Geopolitical Airspace Diversion,FCO,Fiumicino,2026-01-28T21:00:00Z,DEPARTURE,29,15,9,N,NONE
SLT-9-FCO-22,9,Security Threat + Geopolitical Airspace Diversion,FCO,Fiumicino,2026-01-28T22:00:00Z,ARRIVAL,29,21,6,N,NONE
SLT-9-FCO-23,9,Security Threat + Geopolitical Airspace Diversion,FCO,Fiumicino,2026-01-28T23:00:00Z,ARRIVAL,39,31,10,Y,WEATHER
SLT-9-DOH-06,9,Security Threat + Geopolitical Airspace Diversion,DOH,Hamad International,2026-01-28T06:00:00Z,DEPARTURE,33,16,10,N,NOISE
SLT-9-DOH-07,9,Security Threat + Geopolitical Airspace Diversion,DOH,Hamad International,2026-01-28T07:00:00Z,DEPARTURE,38,40,7,Y,NONE
SLT-9-DOH-08,9,Security Threat + Geopolitical Airspace Diversion,DOH,Hamad International,2026-01-28T08:00:00Z,DEPARTURE,48,25,10,Y,NOISE
SLT-9-DOH-09,9,Security Threat + Geopolitical Airspace Diversion,DOH,Hamad International,2026-01-28T09:00:00Z,ARRIVAL,39,29,7,Y,NOISE
SLT-9-DOH-10,9,Security Threat + Geopolitical Airspace Diversion,DOH,Hamad International,2026-01-28T10:00:00Z,DEPARTURE,39,38,7,N,NONE
SLT-9-DOH-11,9,Security Threat + Geopolitical Airspace Diversion,DOH,Hamad International,2026-01-28T11:00:00Z,DEPARTURE,21,25,8,Y,NONE
SLT-9-DOH-12,9,Security Threat + Geopolitical Airspace Diversion,DOH,Hamad International,2026-01-28T12:00:00Z,ARRIVAL,24,43,6,Y,NONE
SLT-9-DOH-13,9,Security Threat + Geopolitical Airspace Diversion,DOH,Hamad International,2026-01-28T13:00:00Z,DEPARTURE,40,42,9,Y,NOISE
SLT-9-DOH-14,9,Security Threat + Geopolitical Airspace Diversion,DOH,Hamad International,2026-01-28T14:00:00Z,DEPARTURE,45,39,8,N,NONE
SLT-9-DOH-15,9,Security Threat + Geopolitical Airspace Diversion,DOH,Hamad International,2026-01-28T15:00:00Z,DEPARTURE,20,40,9,N,NONE
SLT-9-DOH-16,9,Security Threat + Geopolitical Airspace Diversion,DOH,Hamad International,2026-01-28T16:00:00Z,ARRIVAL,46,33,3,N,WEATHER
SLT-9-DOH-17,9,Security Threat + Geopolitical Airspace Diversion,DOH,Hamad International,2026-01-28T17:00:00Z,ARRIVAL,46,38,4,N,NONE
SLT-9-DOH-18,9,Security Threat + Geopolitical Airspace Diversion,DOH,Hamad International,2026-01-28T18:00:00Z,DEPARTURE,26,26,10,N,WEATHER
SLT-9-DOH-19,9,Security Threat + Geopolitical Airspace Diversion,DOH,Hamad International,2026-01-28T19:00:00Z,ARRIVAL,25,32,8,N,NONE
SLT-9-DOH-20,9,Security Threat + Geopolitical Airspace Diversion,DOH,Hamad International,2026-01-28T20:00:00Z,ARRIVAL,34,30,2,Y,WEATHER
SLT-9-DOH-21,9,Security Threat + Geopolitical Airspace Diversion,DOH,Hamad International,2026-01-28T21:00:00Z,DEPARTURE,39,16,10,N,WEATHER
SLT-9-DOH-22,9,Security Threat + Geopolitical Airspace Diversion,DOH,Hamad International,2026-01-28T22:00:00Z,DEPARTURE,50,34,10,N,NONE
SLT-9-DOH-23,9,Security Threat + Geopolitical Airspace Diversion,DOH,Hamad International,2026-01-28T23:00:00Z,DEPARTURE,21,31,9,N,NONE
SLT-9-MCT-06,9,Security Threat + Geopolitical Airspace Diversion,MCT,Muscat International,2026-01-28T06:00:00Z,ARRIVAL,37,41,8,N,NONE
SLT-9-MCT-07,9,Security Threat + Geopolitical Airspace Diversion,MCT,Muscat International,2026-01-28T07:00:00Z,DEPARTURE,30,18,1,N,NONE
SLT-9-MCT-08,9,Security Threat + Geopolitical Airspace Diversion,MCT,Muscat International,2026-01-28T08:00:00Z,DEPARTURE,24,16,1,Y,NONE
SLT-9-MCT-09,9,Security Threat + Geopolitical Airspace Diversion,MCT,Muscat International,2026-01-28T09:00:00Z,ARRIVAL,31,30,1,N,NONE
SLT-9-MCT-10,9,Security Threat + Geopolitical Airspace Diversion,MCT,Muscat International,2026-01-28T10:00:00Z,DEPARTURE,24,28,1,Y,NONE
SLT-9-MCT-11,9,Security Threat + Geopolitical Airspace Diversion,MCT,Muscat International,2026-01-28T11:00:00Z,DEPARTURE,26,22,1,N,NONE
SLT-9-MCT-12,9,Security Threat + Geopolitical Airspace Diversion,MCT,Muscat International,2026-01-28T12:00:00Z,DEPARTURE,48,38,3,N,NONE
SLT-9-MCT-13,9,Security Threat + Geopolitical Airspace Diversion,MCT,Muscat International,2026-01-28T13:00:00Z,DEPARTURE,50,20,4,N,NONE
SLT-9-MCT-14,9,Security Threat + Geopolitical Airspace Diversion,MCT,Muscat International,2026-01-28T14:00:00Z,ARRIVAL,21,30,10,Y,NONE
SLT-9-MCT-15,9,Security Threat + Geopolitical Airspace Diversion,MCT,Muscat International,2026-01-28T15:00:00Z,DEPARTURE,43,17,4,N,NONE
SLT-9-MCT-16,9,Security Threat + Geopolitical Airspace Diversion,MCT,Muscat International,2026-01-28T16:00:00Z,DEPARTURE,46,23,5,N,NONE
SLT-9-MCT-17,9,Security Threat + Geopolitical Airspace Diversion,MCT,Muscat International,2026-01-28T17:00:00Z,ARRIVAL,20,19,8,N,NONE
SLT-9-MCT-18,9,Security Threat + Geopolitical Airspace Diversion,MCT,Muscat International,2026-01-28T18:00:00Z,DEPARTURE,43,40,7,N,NONE
SLT-9-MCT-19,9,Security Threat + Geopolitical Airspace Diversion,MCT,Muscat International,2026-01-28T19:00:00Z,ARRIVAL,46,25,0,N,NONE
SLT-9-MCT-20,9,Security Threat + Geopolitical Airspace Diversion,MCT,Muscat International,2026-01-28T20:00:00Z,ARRIVAL,36,38,3,N,NONE
SLT-9-MCT-21,9,Security Threat + Geopolitical Airspace Diversion,MCT,Muscat International,2026-01-28T21:00:00Z,DEPARTURE,32,33,1,N,NONE
SLT-9-MCT-22,9,Security Threat + Geopolitical Airspace Diversion,MCT,Muscat International,2026-01-28T22:00:00Z,ARRIVAL,35,25,7,Y,WEATHER
SLT-9-MCT-23,9,Security Threat + Geopolitical Airspace Diversion,MCT,Muscat International,2026-01-28T23:00:00Z,ARRIVAL,23,29,5,N,NONE
SLT-9-JED-06,9,Security Threat + Geopolitical Airspace Diversion,JED,King Abdulaziz,2026-01-28T06:00:00Z,DEPARTURE,30,25,9,Y,NONE
SLT-9-JED-07,9,Security Threat + Geopolitical Airspace Diversion,JED,King Abdulaziz,2026-01-28T07:00:00Z,DEPARTURE,37,28,8,N,NONE
SLT-9-JED-08,9,Security Threat + Geopolitical Airspace Diversion,JED,King Abdulaziz,2026-01-28T08:00:00Z,ARRIVAL,47,34,10,N,NONE
SLT-9-JED-09,9,Security Threat + Geopolitical Airspace Diversion,JED,King Abdulaziz,2026-01-28T09:00:00Z,ARRIVAL,30,33,5,N,NONE
SLT-9-JED-10,9,Security Threat + Geopolitical Airspace Diversion,JED,King Abdulaziz,2026-01-28T10:00:00Z,DEPARTURE,31,25,10,N,NONE
SLT-9-JED-11,9,Security Threat + Geopolitical Airspace Diversion,JED,King Abdulaziz,2026-01-28T11:00:00Z,DEPARTURE,44,42,5,Y,NOISE
SLT-9-JED-12,9,Security Threat + Geopolitical Airspace Diversion,JED,King Abdulaziz,2026-01-28T12:00:00Z,DEPARTURE,46,23,8,N,NONE
SLT-9-JED-13,9,Security Threat + Geopolitical Airspace Diversion,JED,King Abdulaziz,2026-01-28T13:00:00Z,DEPARTURE,41,31,7,N,WEATHER
SLT-9-JED-14,9,Security Threat + Geopolitical Airspace Diversion,JED,King Abdulaziz,2026-01-28T14:00:00Z,ARRIVAL,31,32,10,N,WEATHER
SLT-9-JED-15,9,Security Threat + Geopolitical Airspace Diversion,JED,King Abdulaziz,2026-01-28T15:00:00Z,ARRIVAL,36,19,6,N,NONE
SLT-9-JED-16,9,Security Threat + Geopolitical Airspace Diversion,JED,King Abdulaziz,2026-01-28T16:00:00Z,DEPARTURE,31,44,3,N,NONE
SLT-9-JED-17,9,Security Threat + Geopolitical Airspace Diversion,JED,King Abdulaziz,2026-01-28T17:00:00Z,DEPARTURE,44,21,2,N,NONE
SLT-9-JED-18,9,Security Threat + Geopolitical Airspace Diversion,JED,King Abdulaziz,2026-01-28T18:00:00Z,ARRIVAL,49,26,5,N,NONE
SLT-9-JED-19,9,Security Threat + Geopolitical Airspace Diversion,JED,King Abdulaziz,2026-01-28T19:00:00Z,ARRIVAL,30,30,4,N,NONE
SLT-9-JED-20,9,Security Threat + Geopolitical Airspace Diversion,JED,King Abdulaziz,2026-01-28T20:00:00Z,ARRIVAL,25,22,6,N,NONE
SLT-9-JED-21,9,Security Threat + Geopolitical Airspace Diversion,JED,King Abdulaziz,2026-01-28T21:00:00Z,DEPARTURE,22,31,1,N,NONE
SLT-9-JED-22,9,Security Threat + Geopolitical Airspace Diversion,JED,King Abdulaziz,2026-01-28T22:00:00Z,ARRIVAL,23,29,4,Y,NONE
SLT-9-JED-23,9,Security Threat + Geopolitical Airspace Diversion,JED,King Abdulaziz,2026-01-28T23:00:00Z,ARRIVAL,41,19,2,N,NONE
SLT-10-AUH-06,10,Medical Emergency + Tarmac Delay + Slot Unavailability,AUH,Abu Dhabi International,2026-01-29T06:00:00Z,DEPARTURE,20,26,3,N,NONE
SLT-10-AUH-07,10,Medical Emergency + Tarmac Delay + Slot Unavailability,AUH,Abu Dhabi International,2026-01-29T07:00:00Z,ARRIVAL,35,45,9,Y,NONE
SLT-10-AUH-08,10,Medical Emergency + Tarmac Delay + Slot Unavailability,AUH,Abu Dhabi International,2026-01-29T08:00:00Z,ARRIVAL,43,39,4,Y,NONE
SLT-10-AUH-09,10,Medical Emergency + Tarmac Delay + Slot Unavailability,AUH,Abu Dhabi International,2026-01-29T09:00:00Z,ARRIVAL,35,24,5,N,NOISE
SLT-10-AUH-10,10,Medical Emergency + Tarmac Delay + Slot Unavailability,AUH,Abu Dhabi International,2026-01-29T10:00:00Z,ARRIVAL,30,32,6,Y,NOISE
SLT-10-AUH-11,10,Medical Emergency + Tarmac Delay + Slot Unavailability,AUH,Abu Dhabi International,2026-01-29T11:00:00Z,ARRIVAL,41,16,7,N,NONE
SLT-10-AUH-12,10,Medical Emergency + Tarmac Delay + Slot Unavailability,AUH,Abu Dhabi International,2026-01-29T12:00:00Z,ARRIVAL,22,15,0,Y,NONE
SLT-10-AUH-13,10,Medical Emergency + Tarmac Delay + Slot Unavailability,AUH,Abu Dhabi International,2026-01-29T13:00:00Z,ARRIVAL,43,15,7,N,NONE
SLT-10-AUH-14,10,Medical Emergency + Tarmac Delay + Slot Unavailability,AUH,Abu Dhabi International,2026-01-29T14:00:00Z,ARRIVAL,38,19,7,Y,NONE
SLT-10-AUH-15,10,Medical Emergency + Tarmac Delay + Slot Unavailability,AUH,Abu Dhabi International,2026-01-29T15:00:00Z,ARRIVAL,42,17,7,N,NONE
SLT-10-AUH-16,10,Medical Emergency + Tarmac Delay + Slot Unavailability,AUH,Abu Dhabi International,2026-01-29T16:00:00Z,DEPARTURE,38,30,1,Y,NONE
SLT-10-AUH-17,10,Medical Emergency + Tarmac Delay + Slot Unavailability,AUH,Abu Dhabi International,2026-01-29T17:00:00Z,DEPARTURE,25,26,10,N,WEATHER
SLT-10-AUH-18,10,Medical Emergency + Tarmac Delay + Slot Unavailability,AUH,Abu Dhabi International,2026-01-29T18:00:00Z,ARRIVAL,37,16,8,N,NONE
SLT-10-AUH-19,10,Medical Emergency + Tarmac Delay + Slot Unavailability,AUH,Abu Dhabi International,2026-01-29T19:00:00Z,DEPARTURE,32,19,0,Y,NONE
SLT-10-AUH-20,10,Medical Emergency + Tarmac Delay + Slot Unavailability,AUH,Abu Dhabi International,2026-01-29T20:00:00Z,ARRIVAL,37,29,4,Y,NONE
SLT-10-AUH-21,10,Medical Emergency + Tarmac Delay + Slot Unavailability,AUH,Abu Dhabi International,2026-01-29T21:00:00Z,ARRIVAL,34,15,0,Y,NOISE
SLT-10-AUH-22,10,Medical Emergency + Tarmac Delay + Slot Unavailability,AUH,Abu Dhabi International,2026-01-29T22:00:00Z,DEPARTURE,24,22,1,N,NONE
SLT-10-AUH-23,10,Medical Emergency + Tarmac Delay + Slot Unavailability,AUH,Abu Dhabi International,2026-01-29T23:00:00Z,DEPARTURE,23,28,9,Y,NOISE
SLT-10-BKK-06,10,Medical Emergency + Tarmac Delay + Slot Unavailability,BKK,Suvarnabhumi,2026-01-29T06:00:00Z,ARRIVAL,46,42,5,Y,NONE
SLT-10-BKK-07,10,Medical Emergency + Tarmac Delay + Slot Unavailability,BKK,Suvarnabhumi,2026-01-29T07:00:00Z,DEPARTURE,26,18,1,N,NONE
SLT-10-BKK-08,10,Medical Emergency + Tarmac Delay + Slot Unavailability,BKK,Suvarnabhumi,2026-01-29T08:00:00Z,DEPARTURE,43,38,2,Y,NONE
SLT-10-BKK-09,10,Medical Emergency + Tarmac Delay + Slot Unavailability,BKK,Suvarnabhumi,2026-01-29T09:00:00Z,DEPARTURE,21,44,10,N,NONE
SLT-10-BKK-10,10,Medical Emergency + Tarmac Delay + Slot Unavailability,BKK,Suvarnabhumi,2026-01-29T10:00:00Z,DEPARTURE,46,43,5,N,NONE
SLT-10-BKK-11,10,Medical Emergency + Tarmac Delay + Slot Unavailability,BKK,Suvarnabhumi,2026-01-29T11:00:00Z,ARRIVAL,30,34,2,Y,NONE
SLT-10-BKK-12,10,Medical Emergency + Tarmac Delay + Slot Unavailability,BKK,Suvarnabhumi,2026-01-29T12:00:00Z,ARRIVAL,43,44,7,N,NONE
SLT-10-BKK-13,10,Medical Emergency + Tarmac Delay + Slot Unavailability,BKK,Suvarnabhumi,2026-01-29T13:00:00Z,ARRIVAL,20,38,8,N,CAPACITY
SLT-10-BKK-14,10,Medical Emergency + Tarmac Delay + Slot Unavailability,BKK,Suvarnabhumi,2026-01-29T14:00:00Z,DEPARTURE,33,33,6,Y,NONE
SLT-10-BKK-15,10,Medical Emergency + Tarmac Delay + Slot Unavailability,BKK,Suvarnabhumi,2026-01-29T15:00:00Z,DEPARTURE,33,16,3,Y,NONE
SLT-10-BKK-16,10,Medical Emergency + Tarmac Delay + Slot Unavailability,BKK,Suvarnabhumi,2026-01-29T16:00:00Z,DEPARTURE,48,31,7,N,NONE
SLT-10-BKK-17,10,Medical Emergency + Tarmac Delay + Slot Unavailability,BKK,Suvarnabhumi,2026-01-29T17:00:00Z,ARRIVAL,39,30,5,N,NONE
SLT-10-BKK-18,10,Medical Emergency + Tarmac Delay + Slot Unavailability,BKK,Suvarnabhumi,2026-01-29T18:00:00Z,DEPARTURE,24,31,10,N,NONE
SLT-10-BKK-19,10,Medical Emergency + Tarmac Delay + Slot Unavailability,BKK,Suvarnabhumi,2026-01-29T19:00:00Z,ARRIVAL,24,16,5,N,NONE
SLT-10-BKK-20,10,Medical Emergency + Tarmac Delay + Slot Unavailability,BKK,Suvarnabhumi,2026-01-29T20:00:00Z,ARRIVAL,50,32,0,N,NONE
SLT-10-BKK-21,10,Medical Emergency + Tarmac Delay + Slot Unavailability,BKK,Suvarnabhumi,2026-01-29T21:00:00Z,DEPARTURE,39,29,9,Y,NONE
SLT-10-BKK-22,10,Medical Emergency + Tarmac Delay + Slot Unavailability,BKK,Suvarnabhumi,2026-01-29T22:00:00Z,DEPARTURE,50,38,8,Y,NONE
SLT-10-BKK-23,10,Medical Emergency + Tarmac Delay + Slot Unavailability,BKK,Suvarnabhumi,2026-01-29T23:00:00Z,ARRIVAL,44,43,9,N,NONE
SLT-10-LHR-06,10,Medical Emergency + Tarmac Delay + Slot Unavailability,LHR,Heathrow,2026-01-29T06:00:00Z,ARRIVAL,26,38,2,Y,NONE
SLT-10-LHR-07,10,Medical Emergency + Tarmac Delay + Slot Unavailability,LHR,Heathrow,2026-01-29T07:00:00Z,DEPARTURE,20,41,4,Y,NONE
SLT-10-LHR-08,10,Medical Emergency + Tarmac Delay + Slot Unavailability,LHR,Heathrow,2026-01-29T08:00:00Z,ARRIVAL,34,24,6,N,NONE
SLT-10-LHR-09,10,Medical Emergency + Tarmac Delay + Slot Unavailability,LHR,Heathrow,2026-01-29T09:00:00Z,DEPARTURE,36,26,0,N,NONE
SLT-10-LHR-10,10,Medical Emergency + Tarmac Delay + Slot Unavailability,LHR,Heathrow,2026-01-29T10:00:00Z,DEPARTURE,27,44,3,Y,NONE
SLT-10-LHR-11,10,Medical Emergency + Tarmac Delay + Slot Unavailability,LHR,Heathrow,2026-01-29T11:00:00Z,ARRIVAL,29,20,6,N,WEATHER
SLT-10-LHR-12,10,Medical Emergency + Tarmac Delay + Slot Unavailability,LHR,Heathrow,2026-01-29T12:00:00Z,DEPARTURE,32,19,2,N,NONE
SLT-10-LHR-13,10,Medical Emergency + Tarmac Delay + Slot Unavailability,LHR,Heathrow,2026-01-29T13:00:00Z,DEPARTURE,26,30,2,N,NONE
SLT-10-LHR-14,10,Medical Emergency + Tarmac Delay + Slot Unavailability,LHR,Heathrow,2026-01-29T14:00:00Z,ARRIVAL,38,30,1,N,CAPACITY
SLT-10-LHR-15,10,Medical Emergency + Tarmac Delay + Slot Unavailability,LHR,Heathrow,2026-01-29T15:00:00Z,ARRIVAL,47,42,6,N,NONE
SLT-10-LHR-16,10,Medical Emergency + Tarmac Delay + Slot Unavailability,LHR,Heathrow,2026-01-29T16:00:00Z,DEPARTURE,48,43,9,N,NONE
SLT-10-LHR-17,10,Medical Emergency + Tarmac Delay + Slot Unavailability,LHR,Heathrow,2026-01-29T17:00:00Z,ARRIVAL,45,35,7,Y,NONE
SLT-10-LHR-18,10,Medical Emergency + Tarmac Delay + Slot Unavailability,LHR,Heathrow,2026-01-29T18:00:00Z,ARRIVAL,28,18,7,N,NOISE
SLT-10-LHR-19,10,Medical Emergency + Tarmac Delay + Slot Unavailability,LHR,Heathrow,2026-01-29T19:00:00Z,ARRIVAL,37,40,6,N,NOISE
SLT-10-LHR-20,10,Medical Emergency + Tarmac Delay + Slot Unavailability,LHR,Heathrow,2026-01-29T20:00:00Z,DEPARTURE,32,21,6,N,NONE
SLT-10-LHR-21,10,Medical Emergency + Tarmac Delay + Slot Unavailability,LHR,Heathrow,2026-01-29T21:00:00Z,ARRIVAL,41,44,2,N,NONE
SLT-10-LHR-22,10,Medical Emergency + Tarmac Delay + Slot Unavailability,LHR,Heathrow,2026-01-29T22:00:00Z,ARRIVAL,36,34,5,Y,NONE
SLT-10-LHR-23,10,Medical Emergency + Tarmac Delay + Slot Unavailability,LHR,Heathrow,2026-01-29T23:00:00Z,ARRIVAL,41,23,8,Y,NONE
SLT-10-SIN-06,10,Medical Emergency + Tarmac Delay + Slot Unavailability,SIN,Changi,2026-01-29T06:00:00Z,DEPARTURE,39,24,10,Y,NONE
SLT-10-SIN-07,10,Medical Emergency + Tarmac Delay + Slot Unavailability,SIN,Changi,2026-01-29T07:00:00Z,ARRIVAL,38,31,3,N,NONE
SLT-10-SIN-08,10,Medical Emergency + Tarmac Delay + Slot Unavailability,SIN,Changi,2026-01-29T08:00:00Z,ARRIVAL,23,37,10,Y,NONE
SLT-10-SIN-09,10,Medical Emergency + Tarmac Delay + Slot Unavailability,SIN,Changi,2026-01-29T09:00:00Z,DEPARTURE,43,37,7,Y,NOISE
SLT-10-SIN-10,10,Medical Emergency + Tarmac Delay + Slot Unavailability,SIN,Changi,2026-01-29T10:00:00Z,ARRIVAL,44,30,4,N,NONE
SLT-10-SIN-11,10,Medical Emergency + Tarmac Delay + Slot Unavailability,SIN,Changi,2026-01-29T11:00:00Z,ARRIVAL,42,25,1,N,NONE
SLT-10-SIN-12,10,Medical Emergency + Tarmac Delay + Slot Unavailability,SIN,Changi,2026-01-29T12:00:00Z,ARRIVAL,49,34,10,N,NONE
SLT-10-SIN-13,10,Medical Emergency + Tarmac Delay + Slot Unavailability,SIN,Changi,2026-01-29T13:00:00Z,DEPARTURE,38,27,7,N,NONE
SLT-10-SIN-14,10,Medical Emergency + Tarmac Delay + Slot Unavailability,SIN,Changi,2026-01-29T14:00:00Z,DEPARTURE,29,18,7,Y,WEATHER
SLT-10-SIN-15,10,Medical Emergency + Tarmac Delay + Slot Unavailability,SIN,Changi,2026-01-29T15:00:00Z,ARRIVAL,43,18,4,N,NONE
SLT-10-SIN-16,10,Medical Emergency + Tarmac Delay + Slot Unavailability,SIN,Changi,2026-01-29T16:00:00Z,DEPARTURE,35,41,8,N,NONE
SLT-10-SIN-17,10,Medical Emergency + Tarmac Delay + Slot Unavailability,SIN,Changi,2026-01-29T17:00:00Z,ARRIVAL,39,19,8,Y,NONE
SLT-10-SIN-18,10,Medical Emergency + Tarmac Delay + Slot Unavailability,SIN,Changi,2026-01-29T18:00:00Z,DEPARTURE,43,26,1,N,NONE
SLT-10-SIN-19,10,Medical Emergency + Tarmac Delay + Slot Unavailability,SIN,Changi,2026-01-29T19:00:00Z,DEPARTURE,30,36,3,Y,CAPACITY
SLT-10-SIN-20,10,Medical Emergency + Tarmac Delay + Slot Unavailability,SIN,Changi,2026-01-29T20:00:00Z,DEPARTURE,49,35,5,N,NONE
SLT-10-SIN-21,10,Medical Emergency + Tarmac Delay + Slot Unavailability,SIN,Changi,2026-01-29T21:00:00Z,ARRIVAL,48,26,8,N,NONE
SLT-10-SIN-22,10,Medical Emergency + Tarmac Delay + Slot Unavailability,SIN,Changi,2026-01-29T22:00:00Z,ARRIVAL,38,17,3,Y,NONE
SLT-10-SIN-23,10,Medical Emergency + Tarmac Delay + Slot Unavailability,SIN,Changi,2026-01-29T23:00:00Z,ARRIVAL,24,43,2,N,NONE
SLT-10-CDG-06,10,Medical Emergency + Tarmac Delay + Slot Unavailability,CDG,Charles de Gaulle,2026-01-29T06:00:00Z,ARRIVAL,20,38,9,N,CAPACITY
SLT-10-CDG-07,10,Medical Emergency + Tarmac Delay + Slot Unavailability,CDG,Charles de Gaulle,2026-01-29T07:00:00Z,DEPARTURE,42,17,0,N,NONE
SLT-10-CDG-08,10,Medical Emergency + Tarmac Delay + Slot Unavailability,CDG,Charles de Gaulle,2026-01-29T08:00:00Z,ARRIVAL,40,25,8,N,NONE
SLT-10-CDG-09,10,Medical Emergency + Tarmac Delay + Slot Unavailability,CDG,Charles de Gaulle,2026-01-29T09:00:00Z,DEPARTURE,24,31,2,N,NONE
SLT-10-CDG-10,10,Medical Emergency + Tarmac Delay + Slot Unavailability,CDG,Charles de Gaulle,2026-01-29T10:00:00Z,DEPARTURE,40,20,5,Y,NONE
SLT-10-CDG-11,10,Medical Emergency + Tarmac Delay + Slot Unavailability,CDG,Charles de Gaulle,2026-01-29T11:00:00Z,ARRIVAL,26,34,6,N,NONE
SLT-10-CDG-12,10,Medical Emergency + Tarmac Delay + Slot Unavailability,CDG,Charles de Gaulle,2026-01-29T12:00:00Z,DEPARTURE,22,22,10,N,NONE
SLT-10-CDG-13,10,Medical Emergency + Tarmac Delay + Slot Unavailability,CDG,Charles de Gaulle,2026-01-29T13:00:00Z,DEPARTURE,39,19,0,N,NONE
SLT-10-CDG-14,10,Medical Emergency + Tarmac Delay + Slot Unavailability,CDG,Charles de Gaulle,2026-01-29T14:00:00Z,ARRIVAL,38,34,9,Y,NONE
SLT-10-CDG-15,10,Medical Emergency + Tarmac Delay + Slot Unavailability,CDG,Charles de Gaulle,2026-01-29T15:00:00Z,ARRIVAL,42,21,8,N,NONE
SLT-10-CDG-16,10,Medical Emergency + Tarmac Delay + Slot Unavailability,CDG,Charles de Gaulle,2026-01-29T16:00:00Z,DEPARTURE,34,23,10,N,NONE
SLT-10-CDG-17,10,Medical Emergency + Tarmac Delay + Slot Unavailability,CDG,Charles de Gaulle,2026-01-29T17:00:00Z,DEPARTURE,41,33,6,N,WEATHER
SLT-10-CDG-18,10,Medical Emergency + Tarmac Delay + Slot Unavailability,CDG,Charles de Gaulle,2026-01-29T18:00:00Z,DEPARTURE,30,25,9,Y,NONE
SLT-10-CDG-19,10,Medical Emergency + Tarmac Delay + Slot Unavailability,CDG,Charles de Gaulle,2026-01-29T19:00:00Z,ARRIVAL,42,20,8,N,NONE
SLT-10-CDG-20,10,Medical Emergency + Tarmac Delay + Slot Unavailability,CDG,Charles de Gaulle,2026-01-29T20:00:00Z,ARRIVAL,26,36,7,Y,CAPACITY
SLT-10-CDG-21,10,Medical Emergency + Tarmac Delay + Slot Unavailability,CDG,Charles de Gaulle,2026-01-29T21:00:00Z,ARRIVAL,32,37,9,Y,NONE
SLT-10-CDG-22,10,Medical Emergency + Tarmac Delay + Slot Unavailability,CDG,Charles de Gaulle,2026-01-29T22:00:00Z,ARRIVAL,36,34,2,N,NONE
SLT-10-CDG-23,10,Medical Emergency + Tarmac Delay + Slot Unavailability,CDG,Charles de Gaulle,2026-01-29T23:00:00Z,ARRIVAL,32,38,0,Y,NONE
SLT-10-FRA-06,10,Medical Emergency + Tarmac Delay + Slot Unavailability,FRA,Frankfurt,2026-01-29T06:00:00Z,ARRIVAL,20,36,10,N,NONE
SLT-10-FRA-07,10,Medical Emergency + Tarmac Delay + Slot Unavailability,FRA,Frankfurt,2026-01-29T07:00:00Z,ARRIVAL,26,44,9,N,NONE
SLT-10-FRA-08,10,Medical Emergency + Tarmac Delay + Slot Unavailability,FRA,Frankfurt,2026-01-29T08:00:00Z,DEPARTURE,23,27,6,N,NONE
SLT-10-FRA-09,10,Medical Emergency + Tarmac Delay + Slot Unavailability,FRA,Frankfurt,2026-01-29T09:00:00Z,DEPARTURE,24,24,9,N,NONE
SLT-10-FRA-10,10,Medical Emergency + Tarmac Delay + Slot Unavailability,FRA,Frankfurt,2026-01-29T10:00:00Z,ARRIVAL,47,27,2,N,NONE
SLT-10-FRA-11,10,Medical Emergency + Tarmac Delay + Slot Unavailability,FRA,Frankfurt,2026-01-29T11:00:00Z,DEPARTURE,35,29,7,N,NONE
SLT-10-FRA-12,10,Medical Emergency + Tarmac Delay + Slot Unavailability,FRA,Frankfurt,2026-01-29T12:00:00Z,DEPARTURE,32,37,4,Y,NONE
SLT-10-FRA-13,10,Medical Emergency + Tarmac Delay + Slot Unavailability,FRA,Frankfurt,2026-01-29T13:00:00Z,DEPARTURE,49,26,4,N,NONE
SLT-10-FRA-14,10,Medical Emergency + Tarmac Delay + Slot Unavailability,FRA,Frankfurt,2026-01-29T14:00:00Z,DEPARTURE,39,33,2,Y,NONE
SLT-10-FRA-15,10,Medical Emergency + Tarmac Delay + Slot Unavailability,FRA,Frankfurt,2026-01-29T15:00:00Z,DEPARTURE,24,23,3,N,NONE
SLT-10-FRA-16,10,Medical Emergency + Tarmac Delay + Slot Unavailability,FRA,Frankfurt,2026-01-29T16:00:00Z,ARRIVAL,36,17,6,N,NONE
SLT-10-FRA-17,10,Medical Emergency + Tarmac Delay + Slot Unavailability,FRA,Frankfurt,2026-01-29T17:00:00Z,DEPARTURE,39,41,7,Y,NONE
SLT-10-FRA-18,10,Medical Emergency + Tarmac Delay + Slot Unavailability,FRA,Frankfurt,2026-01-29T18:00:00Z,DEPARTURE,46,30,6,N,NONE
SLT-10-FRA-19,10,Medical Emergency + Tarmac Delay + Slot Unavailability,FRA,Frankfurt,2026-01-29T19:00:00Z,DEPARTURE,28,19,8,N,NONE
SLT-10-FRA-20,10,Medical Emergency + Tarmac Delay + Slot Unavailability,FRA,Frankfurt,2026-01-29T20:00:00Z,DEPARTURE,47,15,8,N,NONE
SLT-10-FRA-21,10,Medical Emergency + Tarmac Delay + Slot Unavailability,FRA,Frankfurt,2026-01-29T21:00:00Z,ARRIVAL,48,43,8,N,CAPACITY
SLT-10-FRA-22,10,Medical Emergency + Tarmac Delay + Slot Unavailability,FRA,Frankfurt,2026-01-29T22:00:00Z,ARRIVAL,23,43,4,Y,NONE
SLT-10-FRA-23,10,Medical Emergency + Tarmac Delay + Slot Unavailability,FRA,Frankfurt,2026-01-29T23:00:00Z,ARRIVAL,21,36,2,Y,NONE
SLT-10-JFK-06,10,Medical Emergency + Tarmac Delay + Slot Unavailability,JFK,John F Kennedy,2026-01-29T06:00:00Z,DEPARTURE,48,45,9,Y,NONE
SLT-10-JFK-07,10,Medical Emergency + Tarmac Delay + Slot Unavailability,JFK,John F Kennedy,2026-01-29T07:00:00Z,DEPARTURE,50,20,8,N,NONE
SLT-10-JFK-08,10,Medical Emergency + Tarmac Delay + Slot Unavailability,JFK,John F Kennedy,2026-01-29T08:00:00Z,DEPARTURE,27,34,0,Y,NONE
SLT-10-JFK-09,10,Medical Emergency + Tarmac Delay + Slot Unavailability,JFK,John F Kennedy,2026-01-29T09:00:00Z,ARRIVAL,47,27,8,N,NONE
SLT-10-JFK-10,10,Medical Emergency + Tarmac Delay + Slot Unavailability,JFK,John F Kennedy,2026-01-29T10:00:00Z,ARRIVAL,43,16,6,N,NONE
SLT-10-JFK-11,10,Medical Emergency + Tarmac Delay + Slot Unavailability,JFK,John F Kennedy,2026-01-29T11:00:00Z,ARRIVAL,21,40,10,N,NONE
SLT-10-JFK-12,10,Medical Emergency + Tarmac Delay + Slot Unavailability,JFK,John F Kennedy,2026-01-29T12:00:00Z,ARRIVAL,28,40,8,N,NOISE
SLT-10-JFK-13,10,Medical Emergency + Tarmac Delay + Slot Unavailability,JFK,John F Kennedy,2026-01-29T13:00:00Z,DEPARTURE,28,22,7,N,NOISE
SLT-10-JFK-14,10,Medical Emergency + Tarmac Delay + Slot Unavailability,JFK,John F Kennedy,2026-01-29T14:00:00Z,DEPARTURE,35,26,8,N,CAPACITY
SLT-10-JFK-15,10,Medical Emergency + Tarmac Delay + Slot Unavailability,JFK,John F Kennedy,2026-01-29T15:00:00Z,ARRIVAL,27,28,6,N,NONE
SLT-10-JFK-16,10,Medical Emergency + Tarmac Delay + Slot Unavailability,JFK,John F Kennedy,2026-01-29T16:00:00Z,DEPARTURE,46,38,6,Y,NOISE
SLT-10-JFK-17,10,Medical Emergency + Tarmac Delay + Slot Unavailability,JFK,John F Kennedy,2026-01-29T17:00:00Z,ARRIVAL,36,29,0,N,NONE
SLT-10-JFK-18,10,Medical Emergency + Tarmac Delay + Slot Unavailability,JFK,John F Kennedy,2026-01-29T18:00:00Z,DEPARTURE,44,19,8,Y,NONE
SLT-10-JFK-19,10,Medical Emergency + Tarmac Delay + Slot Unavailability,JFK,John F Kennedy,2026-01-29T19:00:00Z,DEPARTURE,25,39,2,Y,NONE
SLT-10-JFK-20,10,Medical Emergency + Tarmac Delay + Slot Unavailability,JFK,John F Kennedy,2026-01-29T20:00:00Z,DEPARTURE,48,26,7,Y,NOISE
SLT-10-JFK-21,10,Medical Emergency + Tarmac Delay + Slot Unavailability,JFK,John F Kennedy,2026-01-29T21:00:00Z,ARRIVAL,43,28,5,N,CAPACITY
SLT-10-JFK-22,10,Medical Emergency + Tarmac Delay + Slot Unavailability,JFK,John F Kennedy,2026-01-29T22:00:00Z,ARRIVAL,48,41,3,N,NONE
SLT-10-JFK-23,10,Medical Emergency + Tarmac Delay + Slot Unavailability,JFK,John F Kennedy,2026-01-29T23:00:00Z,ARRIVAL,27,39,4,N,NOISE
SLT-10-DEL-06,10,Medical Emergency + Tarmac Delay + Slot Unavailability,DEL,Indira Gandhi,2026-01-29T06:00:00Z,ARRIVAL,36,33,4,N,CAPACITY
SLT-10-DEL-07,10,Medical Emergency + Tarmac Delay + Slot Unavailability,DEL,Indira Gandhi,2026-01-29T07:00:00Z,DEPARTURE,32,37,3,N,NONE
SLT-10-DEL-08,10,Medical Emergency + Tarmac Delay + Slot Unavailability,DEL,Indira Gandhi,2026-01-29T08:00:00Z,ARRIVAL,49,24,2,Y,NONE
SLT-10-DEL-09,10,Medical Emergency + Tarmac Delay + Slot Unavailability,DEL,Indira Gandhi,2026-01-29T09:00:00Z,DEPARTURE,40,33,7,Y,NONE
SLT-10-DEL-10,10,Medical Emergency + Tarmac Delay + Slot Unavailability,DEL,Indira Gandhi,2026-01-29T10:00:00Z,ARRIVAL,45,31,4,N,NONE
SLT-10-DEL-11,10,Medical Emergency + Tarmac Delay + Slot Unavailability,DEL,Indira Gandhi,2026-01-29T11:00:00Z,DEPARTURE,24,28,6,N,NONE
SLT-10-DEL-12,10,Medical Emergency + Tarmac Delay + Slot Unavailability,DEL,Indira Gandhi,2026-01-29T12:00:00Z,ARRIVAL,25,25,6,Y,NONE
SLT-10-DEL-13,10,Medical Emergency + Tarmac Delay + Slot Unavailability,DEL,Indira Gandhi,2026-01-29T13:00:00Z,DEPARTURE,47,18,3,Y,NOISE
SLT-10-DEL-14,10,Medical Emergency + Tarmac Delay + Slot Unavailability,DEL,Indira Gandhi,2026-01-29T14:00:00Z,DEPARTURE,43,23,1,N,NONE
SLT-10-DEL-15,10,Medical Emergency + Tarmac Delay + Slot Unavailability,DEL,Indira Gandhi,2026-01-29T15:00:00Z,DEPARTURE,22,44,9,N,NONE
SLT-10-DEL-16,10,Medical Emergency + Tarmac Delay + Slot Unavailability,DEL,Indira Gandhi,2026-01-29T16:00:00Z,DEPARTURE,40,37,8,N,NONE
SLT-10-DEL-17,10,Medical Emergency + Tarmac Delay + Slot Unavailability,DEL,Indira Gandhi,2026-01-29T17:00:00Z,DEPARTURE,47,35,1,N,NONE
SLT-10-DEL-18,10,Medical Emergency + Tarmac Delay + Slot Unavailability,DEL,Indira Gandhi,2026-01-29T18:00:00Z,DEPARTURE,39,41,4,N,NONE
SLT-10-DEL-19,10,Medical Emergency + Tarmac Delay + Slot Unavailability,DEL,Indira Gandhi,2026-01-29T19:00:00Z,DEPARTURE,41,26,9,N,NOISE
SLT-10-DEL-20,10,Medical Emergency + Tarmac Delay + Slot Unavailability,DEL,Indira Gandhi,2026-01-29T20:00:00Z,ARRIVAL,23,28,7,Y,CAPACITY
SLT-10-DEL-21,10,Medical Emergency + Tarmac Delay + Slot Unavailability,DEL,Indira Gandhi,2026-01-29T21:00:00Z,DEPARTURE,39,29,9,Y,WEATHER
SLT-10-DEL-22,10,Medical Emergency + Tarmac Delay + Slot Unavailability,DEL,Indira Gandhi,2026-01-29T22:00:00Z,ARRIVAL,49,27,10,N,CAPACITY
SLT-10-DEL-23,10,Medical Emergency + Tarmac Delay + Slot Unavailability,DEL,Indira Gandhi,2026-01-29T23:00:00Z,ARRIVAL,36,21,10,Y,NONE
SLT-10-SYD-06,10,Medical Emergency + Tarmac Delay + Slot Unavailability,SYD,Sydney Kingsford Smith,2026-01-29T06:00:00Z,ARRIVAL,39,27,2,N,NONE
SLT-10-SYD-07,10,Medical Emergency + Tarmac Delay + Slot Unavailability,SYD,Sydney Kingsford Smith,2026-01-29T07:00:00Z,ARRIVAL,25,23,2,Y,NONE
SLT-10-SYD-08,10,Medical Emergency + Tarmac Delay + Slot Unavailability,SYD,Sydney Kingsford Smith,2026-01-29T08:00:00Z,DEPARTURE,34,18,4,N,NONE
SLT-10-SYD-09,10,Medical Emergency + Tarmac Delay + Slot Unavailability,SYD,Sydney Kingsford Smith,2026-01-29T09:00:00Z,ARRIVAL,24,34,0,N,NONE
SLT-10-SYD-10,10,Medical Emergency + Tarmac Delay + Slot Unavailability,SYD,Sydney Kingsford Smith,2026-01-29T10:00:00Z,ARRIVAL,21,28,3,Y,NONE
SLT-10-SYD-11,10,Medical Emergency + Tarmac Delay + Slot Unavailability,SYD,Sydney Kingsford Smith,2026-01-29T11:00:00Z,ARRIVAL,34,18,1,N,NONE
SLT-10-SYD-12,10,Medical Emergency + Tarmac Delay + Slot Unavailability,SYD,Sydney Kingsford Smith,2026-01-29T12:00:00Z,DEPARTURE,48,15,2,N,NONE
SLT-10-SYD-13,10,Medical Emergency + Tarmac Delay + Slot Unavailability,SYD,Sydney Kingsford Smith,2026-01-29T13:00:00Z,DEPARTURE,45,24,6,N,NONE
SLT-10-SYD-14,10,Medical Emergency + Tarmac Delay + Slot Unavailability,SYD,Sydney Kingsford Smith,2026-01-29T14:00:00Z,DEPARTURE,40,35,9,N,NONE
SLT-10-SYD-15,10,Medical Emergency + Tarmac Delay + Slot Unavailability,SYD,Sydney Kingsford Smith,2026-01-29T15:00:00Z,DEPARTURE,33,45,2,N,NONE
SLT-10-SYD-16,10,Medical Emergency + Tarmac Delay + Slot Unavailability,SYD,Sydney Kingsford Smith,2026-01-29T16:00:00Z,ARRIVAL,20,24,9,N,NONE
SLT-10-SYD-17,10,Medical Emergency + Tarmac Delay + Slot Unavailability,SYD,Sydney Kingsford Smith,2026-01-29T17:00:00Z,DEPARTURE,23,27,7,N,NONE
SLT-10-SYD-18,10,Medical Emergency + Tarmac Delay + Slot Unavailability,SYD,Sydney Kingsford Smith,2026-01-29T18:00:00Z,DEPARTURE,45,45,8,N,NONE
SLT-10-SYD-19,10,Medical Emergency + Tarmac Delay + Slot Unavailability,SYD,Sydney Kingsford Smith,2026-01-29T19:00:00Z,DEPARTURE,27,29,3,N,NONE
SLT-10-SYD-20,10,Medical Emergency + Tarmac Delay + Slot Unavailability,SYD,Sydney Kingsford Smith,2026-01-29T20:00:00Z,ARRIVAL,46,19,9,Y,NONE
SLT-10-SYD-21,10,Medical Emergency + Tarmac Delay + Slot Unavailability,SYD,Sydney Kingsford Smith,2026-01-29T21:00:00Z,DEPARTURE,32,33,6,N,WEATHER
SLT-10-SYD-22,10,Medical Emergency + Tarmac Delay + Slot Unavailability,SYD,Sydney Kingsford Smith,2026-01-29T22:00:00Z,DEPARTURE,50,22,4,Y,CAPACITY
SLT-10-SYD-23,10,Medical Emergency + Tarmac Delay + Slot Unavailability,SYD,Sydney Kingsford Smith,2026-01-29T23:00:00Z,ARRIVAL,45,30,10,Y,NONE
SLT-10-CAI-06,10,Medical Emergency + Tarmac Delay + Slot Unavailability,CAI,Cairo International,2026-01-29T06:00:00Z,ARRIVAL,35,30,3,N,NONE
SLT-10-CAI-07,10,Medical Emergency + Tarmac Delay + Slot Unavailability,CAI,Cairo International,2026-01-29T07:00:00Z,DEPARTURE,21,26,2,N,NONE
SLT-10-CAI-08,10,Medical Emergency + Tarmac Delay + Slot Unavailability,CAI,Cairo International,2026-01-29T08:00:00Z,ARRIVAL,23,20,0,N,NONE
SLT-10-CAI-09,10,Medical Emergency + Tarmac Delay + Slot Unavailability,CAI,Cairo International,2026-01-29T09:00:00Z,ARRIVAL,38,23,7,N,NONE
SLT-10-CAI-10,10,Medical Emergency + Tarmac Delay + Slot Unavailability,CAI,Cairo International,2026-01-29T10:00:00Z,DEPARTURE,39,41,10,N,NONE
SLT-10-CAI-11,10,Medical Emergency + Tarmac Delay + Slot Unavailability,CAI,Cairo International,2026-01-29T11:00:00Z,ARRIVAL,25,32,6,N,NOISE
SLT-10-CAI-12,10,Medical Emergency + Tarmac Delay + Slot Unavailability,CAI,Cairo International,2026-01-29T12:00:00Z,DEPARTURE,38,34,3,N,NONE
SLT-10-CAI-13,10,Medical Emergency + Tarmac Delay + Slot Unavailability,CAI,Cairo International,2026-01-29T13:00:00Z,ARRIVAL,36,45,8,Y,NONE
SLT-10-CAI-14,10,Medical Emergency + Tarmac Delay + Slot Unavailability,CAI,Cairo International,2026-01-29T14:00:00Z,ARRIVAL,30,42,5,N,CAPACITY
SLT-10-CAI-15,10,Medical Emergency + Tarmac Delay + Slot Unavailability,CAI,Cairo International,2026-01-29T15:00:00Z,DEPARTURE,45,23,9,N,CAPACITY
SLT-10-CAI-16,10,Medical Emergency + Tarmac Delay + Slot Unavailability,CAI,Cairo International,2026-01-29T16:00:00Z,DEPARTURE,38,25,1,N,NONE
SLT-10-CAI-17,10,Medical Emergency + Tarmac Delay + Slot Unavailability,CAI,Cairo International,2026-01-29T17:00:00Z,ARRIVAL,24,38,1,Y,NONE
SLT-10-CAI-18,10,Medical Emergency + Tarmac Delay + Slot Unavailability,CAI,Cairo International,2026-01-29T18:00:00Z,DEPARTURE,39,42,7,Y,NONE
SLT-10-CAI-19,10,Medical Emergency + Tarmac Delay + Slot Unavailability,CAI,Cairo International,2026-01-29T19:00:00Z,DEPARTURE,50,34,0,N,CAPACITY
SLT-10-CAI-20,10,Medical Emergency + Tarmac Delay + Slot Unavailability,CAI,Cairo International,2026-01-29T20:00:00Z,DEPARTURE,27,42,1,N,NONE
SLT-10-CAI-21,10,Medical Emergency + Tarmac Delay + Slot Unavailability,CAI,Cairo International,2026-01-29T21:00:00Z,ARRIVAL,35,22,2,N,NONE
SLT-10-CAI-22,10,Medical Emergency + Tarmac Delay + Slot Unavailability,CAI,Cairo International,2026-01-29T22:00:00Z,ARRIVAL,49,36,1,N,NONE
SLT-10-CAI-23,10,Medical Emergency + Tarmac Delay + Slot Unavailability,CAI,Cairo International,2026-01-29T23:00:00Z,ARRIVAL,32,19,5,N,NONE
SLT-10-FCO-06,10,Medical Emergency + Tarmac Delay + Slot Unavailability,FCO,Fiumicino,2026-01-29T06:00:00Z,DEPARTURE,34,27,5,N,NONE
SLT-10-FCO-07,10,Medical Emergency + Tarmac Delay + Slot Unavailability,FCO,Fiumicino,2026-01-29T07:00:00Z,ARRIVAL,20,22,1,N,NOISE
SLT-10-FCO-08,10,Medical Emergency + Tarmac Delay + Slot Unavailability,FCO,Fiumicino,2026-01-29T08:00:00Z,ARRIVAL,30,42,4,N,WEATHER
SLT-10-FCO-09,10,Medical Emergency + Tarmac Delay + Slot Unavailability,FCO,Fiumicino,2026-01-29T09:00:00Z,ARRIVAL,32,21,7,N,NONE
SLT-10-FCO-10,10,Medical Emergency + Tarmac Delay + Slot Unavailability,FCO,Fiumicino,2026-01-29T10:00:00Z,DEPARTURE,27,30,7,N,CAPACITY
SLT-10-FCO-11,10,Medical Emergency + Tarmac Delay + Slot Unavailability,FCO,Fiumicino,2026-01-29T11:00:00Z,DEPARTURE,41,33,7,N,NONE
SLT-10-FCO-12,10,Medical Emergency + Tarmac Delay + Slot Unavailability,FCO,Fiumicino,2026-01-29T12:00:00Z,ARRIVAL,47,34,5,N,NONE
SLT-10-FCO-13,10,Medical Emergency + Tarmac Delay + Slot Unavailability,FCO,Fiumicino,2026-01-29T13:00:00Z,DEPARTURE,37,44,4,Y,NONE
SLT-10-FCO-14,10,Medical Emergency + Tarmac Delay + Slot Unavailability,FCO,Fiumicino,2026-01-29T14:00:00Z,ARRIVAL,45,22,10,Y,NONE
SLT-10-FCO-15,10,Medical Emergency + Tarmac Delay + Slot Unavailability,FCO,Fiumicino,2026-01-29T15:00:00Z,DEPARTURE,28,41,9,N,NONE
SLT-10-FCO-16,10,Medical Emergency + Tarmac Delay + Slot Unavailability,FCO,Fiumicino,2026-01-29T16:00:00Z,ARRIVAL,33,42,3,N,NONE
SLT-10-FCO-17,10,Medical Emergency + Tarmac Delay + Slot Unavailability,FCO,Fiumicino,2026-01-29T17:00:00Z,DEPARTURE,41,27,0,Y,WEATHER
SLT-10-FCO-18,10,Medical Emergency + Tarmac Delay + Slot Unavailability,FCO,Fiumicino,2026-01-29T18:00:00Z,ARRIVAL,43,38,4,Y,WEATHER
SLT-10-FCO-19,10,Medical Emergency + Tarmac Delay + Slot Unavailability,FCO,Fiumicino,2026-01-29T19:00:00Z,DEPARTURE,33,16,5,N,NONE
SLT-10-FCO-20,10,Medical Emergency + Tarmac Delay + Slot Unavailability,FCO,Fiumicino,2026-01-29T20:00:00Z,DEPARTURE,26,22,4,Y,CAPACITY
SLT-10-FCO-21,10,Medical Emergency + Tarmac Delay + Slot Unavailability,FCO,Fiumicino,2026-01-29T21:00:00Z,ARRIVAL,27,30,9,N,WEATHER
SLT-10-FCO-22,10,Medical Emergency + Tarmac Delay + Slot Unavailability,FCO,Fiumicino,2026-01-29T22:00:00Z,ARRIVAL,42,15,6,Y,NONE
SLT-10-FCO-23,10,Medical Emergency + Tarmac Delay + Slot Unavailability,FCO,Fiumicino,2026-01-29T23:00:00Z,ARRIVAL,33,31,5,Y,NONE
SLT-10-DOH-06,10,Medical Emergency + Tarmac Delay + Slot Unavailability,DOH,Hamad International,2026-01-29T06:00:00Z,ARRIVAL,38,43,2,N,NONE
SLT-10-DOH-07,10,Medical Emergency + Tarmac Delay + Slot Unavailability,DOH,Hamad International,2026-01-29T07:00:00Z,DEPARTURE,38,41,7,Y,CAPACITY
SLT-10-DOH-08,10,Medical Emergency + Tarmac Delay + Slot Unavailability,DOH,Hamad International,2026-01-29T08:00:00Z,ARRIVAL,27,27,5,N,NONE
SLT-10-DOH-09,10,Medical Emergency + Tarmac Delay + Slot Unavailability,DOH,Hamad International,2026-01-29T09:00:00Z,ARRIVAL,46,22,3,N,NONE
SLT-10-DOH-10,10,Medical Emergency + Tarmac Delay + Slot Unavailability,DOH,Hamad International,2026-01-29T10:00:00Z,ARRIVAL,30,45,5,N,NONE
SLT-10-DOH-11,10,Medical Emergency + Tarmac Delay + Slot Unavailability,DOH,Hamad International,2026-01-29T11:00:00Z,DEPARTURE,34,38,4,N,NONE
SLT-10-DOH-12,10,Medical Emergency + Tarmac Delay + Slot Unavailability,DOH,Hamad International,2026-01-29T12:00:00Z,ARRIVAL,40,41,2,Y,NONE
SLT-10-DOH-13,10,Medical Emergency + Tarmac Delay + Slot Unavailability,DOH,Hamad International,2026-01-29T13:00:00Z,ARRIVAL,50,26,2,N,NONE
SLT-10-DOH-14,10,Medical Emergency + Tarmac Delay + Slot Unavailability,DOH,Hamad International,2026-01-29T14:00:00Z,DEPARTURE,26,26,8,N,NONE
SLT-10-DOH-15,10,Medical Emergency + Tarmac Delay + Slot Unavailability,DOH,Hamad International,2026-01-29T15:00:00Z,DEPARTURE,39,20,1,N,NONE
SLT-10-DOH-16,10,Medical Emergency + Tarmac Delay + Slot Unavailability,DOH,Hamad International,2026-01-29T16:00:00Z,DEPARTURE,32,36,3,Y,NONE
SLT-10-DOH-17,10,Medical Emergency + Tarmac Delay + Slot Unavailability,DOH,Hamad International,2026-01-29T17:00:00Z,ARRIVAL,28,17,8,N,NONE
SLT-10-DOH-18,10,Medical Emergency + Tarmac Delay + Slot Unavailability,DOH,Hamad International,2026-01-29T18:00:00Z,DEPARTURE,27,26,7,N,NONE
SLT-10-DOH-19,10,Medical Emergency + Tarmac Delay + Slot Unavailability,DOH,Hamad International,2026-01-29T19:00:00Z,ARRIVAL,24,22,0,Y,NONE
SLT-10-DOH-20,10,Medical Emergency + Tarmac Delay + Slot Unavailability,DOH,Hamad International,2026-01-29T20:00:00Z,ARRIVAL,33,15,6,N,NONE
SLT-10-DOH-21,10,Medical Emergency + Tarmac Delay + Slot Unavailability,DOH,Hamad International,2026-01-29T21:00:00Z,DEPARTURE,40,40,2,N,CAPACITY
SLT-10-DOH-22,10,Medical Emergency + Tarmac Delay + Slot Unavailability,DOH,Hamad International,2026-01-29T22:00:00Z,ARRIVAL,21,41,4,N,NOISE
SLT-10-DOH-23,10,Medical Emergency + Tarmac Delay + Slot Unavailability,DOH,Hamad International,2026-01-29T23:00:00Z,ARRIVAL,32,29,5,N,NONE
SLT-10-MCT-06,10,Medical Emergency + Tarmac Delay + Slot Unavailability,MCT,Muscat International,2026-01-29T06:00:00Z,ARRIVAL,26,24,1,N,NONE
SLT-10-MCT-07,10,Medical Emergency + Tarmac Delay + Slot Unavailability,MCT,Muscat International,2026-01-29T07:00:00Z,DEPARTURE,36,24,8,Y,NONE
SLT-10-MCT-08,10,Medical Emergency + Tarmac Delay + Slot Unavailability,MCT,Muscat International,2026-01-29T08:00:00Z,ARRIVAL,48,27,4,N,NONE
SLT-10-MCT-09,10,Medical Emergency + Tarmac Delay + Slot Unavailability,MCT,Muscat International,2026-01-29T09:00:00Z,ARRIVAL,48,20,10,N,NONE
SLT-10-MCT-10,10,Medical Emergency + Tarmac Delay + Slot Unavailability,MCT,Muscat International,2026-01-29T10:00:00Z,ARRIVAL,28,24,8,Y,NONE
SLT-10-MCT-11,10,Medical Emergency + Tarmac Delay + Slot Unavailability,MCT,Muscat International,2026-01-29T11:00:00Z,ARRIVAL,33,37,5,N,CAPACITY
SLT-10-MCT-12,10,Medical Emergency + Tarmac Delay + Slot Unavailability,MCT,Muscat International,2026-01-29T12:00:00Z,DEPARTURE,46,42,0,N,NONE
SLT-10-MCT-13,10,Medical Emergency + Tarmac Delay + Slot Unavailability,MCT,Muscat International,2026-01-29T13:00:00Z,DEPARTURE,41,22,1,Y,NONE
SLT-10-MCT-14,10,Medical Emergency + Tarmac Delay + Slot Unavailability,MCT,Muscat International,2026-01-29T14:00:00Z,DEPARTURE,45,18,1,N,NONE
SLT-10-MCT-15,10,Medical Emergency + Tarmac Delay + Slot Unavailability,MCT,Muscat International,2026-01-29T15:00:00Z,DEPARTURE,35,42,10,N,NONE
SLT-10-MCT-16,10,Medical Emergency + Tarmac Delay + Slot Unavailability,MCT,Muscat International,2026-01-29T16:00:00Z,ARRIVAL,50,29,5,Y,NONE
SLT-10-MCT-17,10,Medical Emergency + Tarmac Delay + Slot Unavailability,MCT,Muscat International,2026-01-29T17:00:00Z,ARRIVAL,46,30,2,N,NONE
SLT-10-MCT-18,10,Medical Emergency + Tarmac Delay + Slot Unavailability,MCT,Muscat International,2026-01-29T18:00:00Z,DEPARTURE,37,19,1,N,NONE
SLT-10-MCT-19,10,Medical Emergency + Tarmac Delay + Slot Unavailability,MCT,Muscat International,2026-01-29T19:00:00Z,ARRIVAL,34,43,6,N,NONE
SLT-10-MCT-20,10,Medical Emergency + Tarmac Delay + Slot Unavailability,MCT,Muscat International,2026-01-29T20:00:00Z,DEPARTURE,44,15,4,Y,NOISE
SLT-10-MCT-21,10,Medical Emergency + Tarmac Delay + Slot Unavailability,MCT,Muscat International,2026-01-29T21:00:00Z,ARRIVAL,43,43,10,N,NONE
SLT-10-MCT-22,10,Medical Emergency + Tarmac Delay + Slot Unavailability,MCT,Muscat International,2026-01-29T22:00:00Z,DEPARTURE,42,32,9,Y,NONE
SLT-10-MCT-23,10,Medical Emergency + Tarmac Delay + Slot Unavailability,MCT,Muscat International,2026-01-29T23:00:00Z,DEPARTURE,22,31,6,Y,NONE
SLT-10-JED-06,10,Medical Emergency + Tarmac Delay + Slot Unavailability,JED,King Abdulaziz,2026-01-29T06:00:00Z,DEPARTURE,27,25,10,N,NONE
SLT-10-JED-07,10,Medical Emergency + Tarmac Delay + Slot Unavailability,JED,King Abdulaziz,2026-01-29T07:00:00Z,ARRIVAL,48,27,1,N,NONE
SLT-10-JED-08,10,Medical Emergency + Tarmac Delay + Slot Unavailability,JED,King Abdulaziz,2026-01-29T08:00:00Z,DEPARTURE,45,38,8,N,NONE
SLT-10-JED-09,10,Medical Emergency + Tarmac Delay + Slot Unavailability,JED,King Abdulaziz,2026-01-29T09:00:00Z,DEPARTURE,45,40,5,N,CAPACITY
SLT-10-JED-10,10,Medical Emergency + Tarmac Delay + Slot Unavailability,JED,King Abdulaziz,2026-01-29T10:00:00Z,ARRIVAL,35,22,6,N,NONE
SLT-10-JED-11,10,Medical Emergency + Tarmac Delay + Slot Unavailability,JED,King Abdulaziz,2026-01-29T11:00:00Z,DEPARTURE,23,29,9,N,NONE
SLT-10-JED-12,10,Medical Emergency + Tarmac Delay + Slot Unavailability,JED,King Abdulaziz,2026-01-29T12:00:00Z,ARRIVAL,37,24,2,N,NONE
SLT-10-JED-13,10,Medical Emergency + Tarmac Delay + Slot Unavailability,JED,King Abdulaziz,2026-01-29T13:00:00Z,DEPARTURE,34,30,10,N,NONE
SLT-10-JED-14,10,Medical Emergency + Tarmac Delay + Slot Unavailability,JED,King Abdulaziz,2026-01-29T14:00:00Z,DEPARTURE,35,45,2,Y,NONE
SLT-10-JED-15,10,Medical Emergency + Tarmac Delay + Slot Unavailability,JED,King Abdulaziz,2026-01-29T15:00:00Z,DEPARTURE,21,21,6,N,CAPACITY
SLT-10-JED-16,10,Medical Emergency + Tarmac Delay + Slot Unavailability,JED,King Abdulaziz,2026-01-29T16:00:00Z,ARRIVAL,30,30,0,N,NONE
SLT-10-JED-17,10,Medical Emergency + Tarmac Delay + Slot Unavailability,JED,King Abdulaziz,2026-01-29T17:00:00Z,DEPARTURE,22,21,6,Y,NONE
SLT-10-JED-18,10,Medical Emergency + Tarmac Delay + Slot Unavailability,JED,King Abdulaziz,2026-01-29T18:00:00Z,DEPARTURE,27,39,9,N,NONE
SLT-10-JED-19,10,Medical Emergency + Tarmac Delay + Slot Unavailability,JED,King Abdulaziz,2026-01-29T19:00:00Z,DEPARTURE,31,28,9,N,NONE
SLT-10-JED-20,10,Medical Emergency + Tarmac Delay + Slot Unavailability,JED,King Abdulaziz,2026-01-29T20:00:00Z,DEPARTURE,43,39,10,N,NONE
SLT-10-JED-21,10,Medical Emergency + Tarmac Delay + Slot Unavailability,JED,King Abdulaziz,2026-01-29T21:00:00Z,ARRIVAL,46,38,10,N,NONE
SLT-10-JED-22,10,Medical Emergency + Tarmac Delay + Slot Unavailability,JED,King Abdulaziz,2026-01-29T22:00:00Z,ARRIVAL,46,36,0,N,WEATHER
SLT-10-JED-23,10,Medical Emergency + Tarmac Delay + Slot Unavailability,JED,King Abdulaziz,2026-01-29T23:00:00Z,ARRIVAL,30,19,0,Y,NONE
SLT-11-AUH-06,11,EY401 Typhoon -> EY406 LIAC,AUH,Abu Dhabi International,2026-01-31T06:00:00Z,ARRIVAL,46,40,10,N,NONE
SLT-11-AUH-07,11,EY401 Typhoon -> EY406 LIAC,AUH,Abu Dhabi International,2026-01-31T07:00:00Z,DEPARTURE,20,22,8,N,CAPACITY
SLT-11-AUH-08,11,EY401 Typhoon -> EY406 LIAC,AUH,Abu Dhabi International,2026-01-31T08:00:00Z,DEPARTURE,42,16,3,Y,WEATHER
SLT-11-AUH-09,11,EY401 Typhoon -> EY406 LIAC,AUH,Abu Dhabi International,2026-01-31T09:00:00Z,DEPARTURE,34,33,10,Y,NONE
SLT-11-AUH-10,11,EY401 Typhoon -> EY406 LIAC,AUH,Abu Dhabi International,2026-01-31T10:00:00Z,ARRIVAL,27,33,9,N,NONE
SLT-11-AUH-11,11,EY401 Typhoon -> EY406 LIAC,AUH,Abu Dhabi International,2026-01-31T11:00:00Z,ARRIVAL,27,38,4,N,NONE
SLT-11-AUH-12,11,EY401 Typhoon -> EY406 LIAC,AUH,Abu Dhabi International,2026-01-31T12:00:00Z,ARRIVAL,50,34,6,Y,WEATHER
SLT-11-AUH-13,11,EY401 Typhoon -> EY406 LIAC,AUH,Abu Dhabi International,2026-01-31T13:00:00Z,DEPARTURE,31,27,5,N,NONE
SLT-11-AUH-14,11,EY401 Typhoon -> EY406 LIAC,AUH,Abu Dhabi International,2026-01-31T14:00:00Z,ARRIVAL,28,39,10,N,NONE
SLT-11-AUH-15,11,EY401 Typhoon -> EY406 LIAC,AUH,Abu Dhabi International,2026-01-31T15:00:00Z,DEPARTURE,35,45,2,Y,NONE
SLT-11-AUH-16,11,EY401 Typhoon -> EY406 LIAC,AUH,Abu Dhabi International,2026-01-31T16:00:00Z,DEPARTURE,23,34,8,N,NOISE
SLT-11-AUH-17,11,EY401 Typhoon -> EY406 LIAC,AUH,Abu Dhabi International,2026-01-31T17:00:00Z,ARRIVAL,41,43,9,Y,NONE
SLT-11-AUH-18,11,EY401 Typhoon -> EY406 LIAC,AUH,Abu Dhabi International,2026-01-31T18:00:00Z,DEPARTURE,21,26,3,N,NONE
SLT-11-AUH-19,11,EY401 Typhoon -> EY406 LIAC,AUH,Abu Dhabi International,2026-01-31T19:00:00Z,DEPARTURE,26,20,4,N,NOISE
SLT-11-AUH-20,11,EY401 Typhoon -> EY406 LIAC,AUH,Abu Dhabi International,2026-01-31T20:00:00Z,ARRIVAL,38,18,6,N,NONE
SLT-11-AUH-21,11,EY401 Typhoon -> EY406 LIAC,AUH,Abu Dhabi International,2026-01-31T21:00:00Z,DEPARTURE,36,25,0,Y,NONE
SLT-11-AUH-22,11,EY401 Typhoon -> EY406 LIAC,AUH,Abu Dhabi International,2026-01-31T22:00:00Z,DEPARTURE,28,26,4,N,NONE
SLT-11-AUH-23,11,EY401 Typhoon -> EY406 LIAC,AUH,Abu Dhabi International,2026-01-31T23:00:00Z,DEPARTURE,33,42,5,N,NONE
SLT-11-BKK-06,11,EY401 Typhoon -> EY406 LIAC,BKK,Suvarnabhumi,2026-01-31T06:00:00Z,DEPARTURE,41,27,6,N,NONE
SLT-11-BKK-07,11,EY401 Typhoon -> EY406 LIAC,BKK,Suvarnabhumi,2026-01-31T07:00:00Z,DEPARTURE,49,15,4,N,NONE
SLT-11-BKK-08,11,EY401 Typhoon -> EY406 LIAC,BKK,Suvarnabhumi,2026-01-31T08:00:00Z,DEPARTURE,47,23,7,N,NONE
SLT-11-BKK-09,11,EY401 Typhoon -> EY406 LIAC,BKK,Suvarnabhumi,2026-01-31T09:00:00Z,DEPARTURE,37,29,3,Y,NONE
SLT-11-BKK-10,11,EY401 Typhoon -> EY406 LIAC,BKK,Suvarnabhumi,2026-01-31T10:00:00Z,ARRIVAL,38,36,2,N,NONE
SLT-11-BKK-11,11,EY401 Typhoon -> EY406 LIAC,BKK,Suvarnabhumi,2026-01-31T11:00:00Z,DEPARTURE,23,44,2,N,NONE
SLT-11-BKK-12,11,EY401 Typhoon -> EY406 LIAC,BKK,Suvarnabhumi,2026-01-31T12:00:00Z,ARRIVAL,50,38,2,N,NONE
SLT-11-BKK-13,11,EY401 Typhoon -> EY406 LIAC,BKK,Suvarnabhumi,2026-01-31T13:00:00Z,ARRIVAL,31,42,1,N,NOISE
SLT-11-BKK-14,11,EY401 Typhoon -> EY406 LIAC,BKK,Suvarnabhumi,2026-01-31T14:00:00Z,ARRIVAL,49,22,10,Y,NONE
SLT-11-BKK-15,11,EY401 Typhoon -> EY406 LIAC,BKK,Suvarnabhumi,2026-01-31T15:00:00Z,DEPARTURE,37,36,7,Y,NONE
SLT-11-BKK-16,11,EY401 Typhoon -> EY406 LIAC,BKK,Suvarnabhumi,2026-01-31T16:00:00Z,DEPARTURE,42,17,8,N,CAPACITY
SLT-11-BKK-17,11,EY401 Typhoon -> EY406 LIAC,BKK,Suvarnabhumi,2026-01-31T17:00:00Z,DEPARTURE,40,45,9,N,CAPACITY
SLT-11-BKK-18,11,EY401 Typhoon -> EY406 LIAC,BKK,Suvarnabhumi,2026-01-31T18:00:00Z,ARRIVAL,23,42,7,Y,NONE
SLT-11-BKK-19,11,EY401 Typhoon -> EY406 LIAC,BKK,Suvarnabhumi,2026-01-31T19:00:00Z,ARRIVAL,47,43,4,N,NONE
SLT-11-BKK-20,11,EY401 Typhoon -> EY406 LIAC,BKK,Suvarnabhumi,2026-01-31T20:00:00Z,DEPARTURE,47,42,6,N,NONE
SLT-11-BKK-21,11,EY401 Typhoon -> EY406 LIAC,BKK,Suvarnabhumi,2026-01-31T21:00:00Z,DEPARTURE,22,31,0,N,NONE
SLT-11-BKK-22,11,EY401 Typhoon -> EY406 LIAC,BKK,Suvarnabhumi,2026-01-31T22:00:00Z,ARRIVAL,38,42,0,N,NONE
SLT-11-BKK-23,11,EY401 Typhoon -> EY406 LIAC,BKK,Suvarnabhumi,2026-01-31T23:00:00Z,ARRIVAL,38,29,3,N,WEATHER
SLT-11-LHR-06,11,EY401 Typhoon -> EY406 LIAC,LHR,Heathrow,2026-01-31T06:00:00Z,DEPARTURE,50,25,0,N,NOISE
SLT-11-LHR-07,11,EY401 Typhoon -> EY406 LIAC,LHR,Heathrow,2026-01-31T07:00:00Z,ARRIVAL,43,17,5,N,NONE
SLT-11-LHR-08,11,EY401 Typhoon -> EY406 LIAC,LHR,Heathrow,2026-01-31T08:00:00Z,ARRIVAL,45,41,8,N,NONE
SLT-11-LHR-09,11,EY401 Typhoon -> EY406 LIAC,LHR,Heathrow,2026-01-31T09:00:00Z,ARRIVAL,33,34,3,N,NONE
SLT-11-LHR-10,11,EY401 Typhoon -> EY406 LIAC,LHR,Heathrow,2026-01-31T10:00:00Z,ARRIVAL,37,30,5,N,NONE
SLT-11-LHR-11,11,EY401 Typhoon -> EY406 LIAC,LHR,Heathrow,2026-01-31T11:00:00Z,ARRIVAL,45,44,1,N,NONE
SLT-11-LHR-12,11,EY401 Typhoon -> EY406 LIAC,LHR,Heathrow,2026-01-31T12:00:00Z,ARRIVAL,20,16,4,N,NONE
SLT-11-LHR-13,11,EY401 Typhoon -> EY406 LIAC,LHR,Heathrow,2026-01-31T13:00:00Z,ARRIVAL,47,37,8,N,NONE
SLT-11-LHR-14,11,EY401 Typhoon -> EY406 LIAC,LHR,Heathrow,2026-01-31T14:00:00Z,ARRIVAL,22,15,0,N,NONE
SLT-11-LHR-15,11,EY401 Typhoon -> EY406 LIAC,LHR,Heathrow,2026-01-31T15:00:00Z,ARRIVAL,48,37,8,Y,NONE
SLT-11-LHR-16,11,EY401 Typhoon -> EY406 LIAC,LHR,Heathrow,2026-01-31T16:00:00Z,ARRIVAL,44,19,0,Y,NONE
SLT-11-LHR-17,11,EY401 Typhoon -> EY406 LIAC,LHR,Heathrow,2026-01-31T17:00:00Z,ARRIVAL,45,33,8,N,CAPACITY
SLT-11-LHR-18,11,EY401 Typhoon -> EY406 LIAC,LHR,Heathrow,2026-01-31T18:00:00Z,ARRIVAL,39,18,1,N,NONE
SLT-11-LHR-19,11,EY401 Typhoon -> EY406 LIAC,LHR,Heathrow,2026-01-31T19:00:00Z,ARRIVAL,39,42,5,N,NONE
SLT-11-LHR-20,11,EY401 Typhoon -> EY406 LIAC,LHR,Heathrow,2026-01-31T20:00:00Z,ARRIVAL,25,39,5,N,NONE
SLT-11-LHR-21,11,EY401 Typhoon -> EY406 LIAC,LHR,Heathrow,2026-01-31T21:00:00Z,DEPARTURE,29,39,10,N,NOISE
SLT-11-LHR-22,11,EY401 Typhoon -> EY406 LIAC,LHR,Heathrow,2026-01-31T22:00:00Z,ARRIVAL,29,45,2,N,NONE
SLT-11-LHR-23,11,EY401 Typhoon -> EY406 LIAC,LHR,Heathrow,2026-01-31T23:00:00Z,DEPARTURE,45,40,1,N,NONE
SLT-11-SIN-06,11,EY401 Typhoon -> EY406 LIAC,SIN,Changi,2026-01-31T06:00:00Z,ARRIVAL,29,44,10,N,NONE
SLT-11-SIN-07,11,EY401 Typhoon -> EY406 LIAC,SIN,Changi,2026-01-31T07:00:00Z,DEPARTURE,37,35,10,Y,WEATHER
SLT-11-SIN-08,11,EY401 Typhoon -> EY406 LIAC,SIN,Changi,2026-01-31T08:00:00Z,DEPARTURE,25,19,5,N,WEATHER
SLT-11-SIN-09,11,EY401 Typhoon -> EY406 LIAC,SIN,Changi,2026-01-31T09:00:00Z,DEPARTURE,42,19,5,N,CAPACITY
SLT-11-SIN-10,11,EY401 Typhoon -> EY406 LIAC,SIN,Changi,2026-01-31T10:00:00Z,DEPARTURE,32,33,5,N,NONE
SLT-11-SIN-11,11,EY401 Typhoon -> EY406 LIAC,SIN,Changi,2026-01-31T11:00:00Z,DEPARTURE,43,20,0,Y,NONE
SLT-11-SIN-12,11,EY401 Typhoon -> EY406 LIAC,SIN,Changi,2026-01-31T12:00:00Z,DEPARTURE,27,25,0,N,NONE
SLT-11-SIN-13,11,EY401 Typhoon -> EY406 LIAC,SIN,Changi,2026-01-31T13:00:00Z,ARRIVAL,48,41,0,N,NOISE
SLT-11-SIN-14,11,EY401 Typhoon -> EY406 LIAC,SIN,Changi,2026-01-31T14:00:00Z,DEPARTURE,46,33,10,Y,NONE
SLT-11-SIN-15,11,EY401 Typhoon -> EY406 LIAC,SIN,Changi,2026-01-31T15:00:00Z,ARRIVAL,27,15,2,N,NONE
SLT-11-SIN-16,11,EY401 Typhoon -> EY406 LIAC,SIN,Changi,2026-01-31T16:00:00Z,ARRIVAL,28,43,2,N,NONE
SLT-11-SIN-17,11,EY401 Typhoon -> EY406 LIAC,SIN,Changi,2026-01-31T17:00:00Z,ARRIVAL,42,17,5,N,NONE
SLT-11-SIN-18,11,EY401 Typhoon -> EY406 LIAC,SIN,Changi,2026-01-31T18:00:00Z,DEPARTURE,39,17,10,Y,CAPACITY
SLT-11-SIN-19,11,EY401 Typhoon -> EY406 LIAC,SIN,Changi,2026-01-31T19:00:00Z,DEPARTURE,49,15,1,N,NOISE
SLT-11-SIN-20,11,EY401 Typhoon -> EY406 LIAC,SIN,Changi,2026-01-31T20:00:00Z,ARRIVAL,24,30,0,N,NONE
SLT-11-SIN-21,11,EY401 Typhoon -> EY406 LIAC,SIN,Changi,2026-01-31T21:00:00Z,ARRIVAL,42,24,6,N,NONE
SLT-11-SIN-22,11,EY401 Typhoon -> EY406 LIAC,SIN,Changi,2026-01-31T22:00:00Z,DEPARTURE,23,38,0,N,NONE
SLT-11-SIN-23,11,EY401 Typhoon -> EY406 LIAC,SIN,Changi,2026-01-31T23:00:00Z,DEPARTURE,25,26,7,N,NONE
SLT-11-CDG-06,11,EY401 Typhoon -> EY406 LIAC,CDG,Charles de Gaulle,2026-01-31T06:00:00Z,ARRIVAL,25,16,10,N,NONE
SLT-11-CDG-07,11,EY401 Typhoon -> EY406 LIAC,CDG,Charles de Gaulle,2026-01-31T07:00:00Z,DEPARTURE,36,33,1,Y,NONE
SLT-11-CDG-08,11,EY401 Typhoon -> EY406 LIAC,CDG,Charles de Gaulle,2026-01-31T08:00:00Z,DEPARTURE,27,40,6,N,NONE
SLT-11-CDG-09,11,EY401 Typhoon -> EY406 LIAC,CDG,Charles de Gaulle,2026-01-31T09:00:00Z,ARRIVAL,20,25,6,N,NONE
SLT-11-CDG-10,11,EY401 Typhoon -> EY406 LIAC,CDG,Charles de Gaulle,2026-01-31T10:00:00Z,DEPARTURE,20,40,7,N,NONE
SLT-11-CDG-11,11,EY401 Typhoon -> EY406 LIAC,CDG,Charles de Gaulle,2026-01-31T11:00:00Z,DEPARTURE,25,36,2,N,CAPACITY
SLT-11-CDG-12,11,EY401 Typhoon -> EY406 LIAC,CDG,Charles de Gaulle,2026-01-31T12:00:00Z,DEPARTURE,31,25,7,Y,NONE
SLT-11-CDG-13,11,EY401 Typhoon -> EY406 LIAC,CDG,Charles de Gaulle,2026-01-31T13:00:00Z,DEPARTURE,35,40,5,N,CAPACITY
SLT-11-CDG-14,11,EY401 Typhoon -> EY406 LIAC,CDG,Charles de Gaulle,2026-01-31T14:00:00Z,DEPARTURE,27,42,8,N,NONE
SLT-11-CDG-15,11,EY401 Typhoon -> EY406 LIAC,CDG,Charles de Gaulle,2026-01-31T15:00:00Z,DEPARTURE,42,18,4,N,NONE
SLT-11-CDG-16,11,EY401 Typhoon -> EY406 LIAC,CDG,Charles de Gaulle,2026-01-31T16:00:00Z,ARRIVAL,28,20,8,N,NONE
SLT-11-CDG-17,11,EY401 Typhoon -> EY406 LIAC,CDG,Charles de Gaulle,2026-01-31T17:00:00Z,ARRIVAL,46,39,1,N,NONE
SLT-11-CDG-18,11,EY401 Typhoon -> EY406 LIAC,CDG,Charles de Gaulle,2026-01-31T18:00:00Z,ARRIVAL,33,30,5,Y,NONE
SLT-11-CDG-19,11,EY401 Typhoon -> EY406 LIAC,CDG,Charles de Gaulle,2026-01-31T19:00:00Z,ARRIVAL,29,44,10,N,NONE
SLT-11-CDG-20,11,EY401 Typhoon -> EY406 LIAC,CDG,Charles de Gaulle,2026-01-31T20:00:00Z,DEPARTURE,31,19,5,N,NONE
SLT-11-CDG-21,11,EY401 Typhoon -> EY406 LIAC,CDG,Charles de Gaulle,2026-01-31T21:00:00Z,ARRIVAL,38,40,9,N,NONE
SLT-11-CDG-22,11,EY401 Typhoon -> EY406 LIAC,CDG,Charles de Gaulle,2026-01-31T22:00:00Z,ARRIVAL,49,29,2,Y,NONE
SLT-11-CDG-23,11,EY401 Typhoon -> EY406 LIAC,CDG,Charles de Gaulle,2026-01-31T23:00:00Z,ARRIVAL,40,41,1,Y,CAPACITY
SLT-11-FRA-06,11,EY401 Typhoon -> EY406 LIAC,FRA,Frankfurt,2026-01-31T06:00:00Z,DEPARTURE,50,28,1,Y,WEATHER
SLT-11-FRA-07,11,EY401 Typhoon -> EY406 LIAC,FRA,Frankfurt,2026-01-31T07:00:00Z,DEPARTURE,43,27,6,N,NONE
SLT-11-FRA-08,11,EY401 Typhoon -> EY406 LIAC,FRA,Frankfurt,2026-01-31T08:00:00Z,ARRIVAL,38,27,3,N,NOISE
SLT-11-FRA-09,11,EY401 Typhoon -> EY406 LIAC,FRA,Frankfurt,2026-01-31T09:00:00Z,DEPARTURE,48,45,8,N,NONE
SLT-11-FRA-10,11,EY401 Typhoon -> EY406 LIAC,FRA,Frankfurt,2026-01-31T10:00:00Z,ARRIVAL,34,15,4,N,NONE
SLT-11-FRA-11,11,EY401 Typhoon -> EY406 LIAC,FRA,Frankfurt,2026-01-31T11:00:00Z,ARRIVAL,40,32,4,N,NONE
SLT-11-FRA-12,11,EY401 Typhoon -> EY406 LIAC,FRA,Frankfurt,2026-01-31T12:00:00Z,DEPARTURE,37,17,5,N,NONE
SLT-11-FRA-13,11,EY401 Typhoon -> EY406 LIAC,FRA,Frankfurt,2026-01-31T13:00:00Z,ARRIVAL,43,20,9,N,NOISE
SLT-11-FRA-14,11,EY401 Typhoon -> EY406 LIAC,FRA,Frankfurt,2026-01-31T14:00:00Z,ARRIVAL,35,20,8,Y,NONE
SLT-11-FRA-15,11,EY401 Typhoon -> EY406 LIAC,FRA,Frankfurt,2026-01-31T15:00:00Z,ARRIVAL,50,36,5,N,NOISE
SLT-11-FRA-16,11,EY401 Typhoon -> EY406 LIAC,FRA,Frankfurt,2026-01-31T16:00:00Z,DEPARTURE,27,34,9,Y,NONE
SLT-11-FRA-17,11,EY401 Typhoon -> EY406 LIAC,FRA,Frankfurt,2026-01-31T17:00:00Z,ARRIVAL,49,23,1,Y,NONE
SLT-11-FRA-18,11,EY401 Typhoon -> EY406 LIAC,FRA,Frankfurt,2026-01-31T18:00:00Z,ARRIVAL,24,15,1,N,NONE
SLT-11-FRA-19,11,EY401 Typhoon -> EY406 LIAC,FRA,Frankfurt,2026-01-31T19:00:00Z,ARRIVAL,23,33,5,Y,NONE
SLT-11-FRA-20,11,EY401 Typhoon -> EY406 LIAC,FRA,Frankfurt,2026-01-31T20:00:00Z,ARRIVAL,46,39,4,N,NONE
SLT-11-FRA-21,11,EY401 Typhoon -> EY406 LIAC,FRA,Frankfurt,2026-01-31T21:00:00Z,DEPARTURE,33,23,9,Y,NONE
SLT-11-FRA-22,11,EY401 Typhoon -> EY406 LIAC,FRA,Frankfurt,2026-01-31T22:00:00Z,ARRIVAL,50,27,4,N,NONE
SLT-11-FRA-23,11,EY401 Typhoon -> EY406 LIAC,FRA,Frankfurt,2026-01-31T23:00:00Z,ARRIVAL,32,22,3,N,NONE
SLT-11-JFK-06,11,EY401 Typhoon -> EY406 LIAC,JFK,John F Kennedy,2026-01-31T06:00:00Z,ARRIVAL,30,35,9,N,NONE
SLT-11-JFK-07,11,EY401 Typhoon -> EY406 LIAC,JFK,John F Kennedy,2026-01-31T07:00:00Z,ARRIVAL,43,42,10,N,NONE
SLT-11-JFK-08,11,EY401 Typhoon -> EY406 LIAC,JFK,John F Kennedy,2026-01-31T08:00:00Z,DEPARTURE,46,39,7,N,NONE
SLT-11-JFK-09,11,EY401 Typhoon -> EY406 LIAC,JFK,John F Kennedy,2026-01-31T09:00:00Z,DEPARTURE,36,19,3,Y,NONE
SLT-11-JFK-10,11,EY401 Typhoon -> EY406 LIAC,JFK,John F Kennedy,2026-01-31T10:00:00Z,DEPARTURE,22,18,10,Y,NONE
SLT-11-JFK-11,11,EY401 Typhoon -> EY406 LIAC,JFK,John F Kennedy,2026-01-31T11:00:00Z,DEPARTURE,21,22,0,N,NONE
SLT-11-JFK-12,11,EY401 Typhoon -> EY406 LIAC,JFK,John F Kennedy,2026-01-31T12:00:00Z,ARRIVAL,44,21,2,N,NONE
SLT-11-JFK-13,11,EY401 Typhoon -> EY406 LIAC,JFK,John F Kennedy,2026-01-31T13:00:00Z,DEPARTURE,22,23,9,Y,NONE
SLT-11-JFK-14,11,EY401 Typhoon -> EY406 LIAC,JFK,John F Kennedy,2026-01-31T14:00:00Z,DEPARTURE,20,28,6,N,NONE
SLT-11-JFK-15,11,EY401 Typhoon -> EY406 LIAC,JFK,John F Kennedy,2026-01-31T15:00:00Z,ARRIVAL,21,19,9,N,NONE
SLT-11-JFK-16,11,EY401 Typhoon -> EY406 LIAC,JFK,John F Kennedy,2026-01-31T16:00:00Z,DEPARTURE,30,22,2,Y,NONE
SLT-11-JFK-17,11,EY401 Typhoon -> EY406 LIAC,JFK,John F Kennedy,2026-01-31T17:00:00Z,ARRIVAL,32,20,10,N,NONE
SLT-11-JFK-18,11,EY401 Typhoon -> EY406 LIAC,JFK,John F Kennedy,2026-01-31T18:00:00Z,ARRIVAL,33,38,5,N,NONE
SLT-11-JFK-19,11,EY401 Typhoon -> EY406 LIAC,JFK,John F Kennedy,2026-01-31T19:00:00Z,DEPARTURE,27,26,7,Y,NONE
SLT-11-JFK-20,11,EY401 Typhoon -> EY406 LIAC,JFK,John F Kennedy,2026-01-31T20:00:00Z,DEPARTURE,37,45,0,N,NONE
SLT-11-JFK-21,11,EY401 Typhoon -> EY406 LIAC,JFK,John F Kennedy,2026-01-31T21:00:00Z,DEPARTURE,43,29,3,N,WEATHER
SLT-11-JFK-22,11,EY401 Typhoon -> EY406 LIAC,JFK,John F Kennedy,2026-01-31T22:00:00Z,ARRIVAL,29,44,2,N,CAPACITY
SLT-11-JFK-23,11,EY401 Typhoon -> EY406 LIAC,JFK,John F Kennedy,2026-01-31T23:00:00Z,DEPARTURE,23,33,10,N,CAPACITY
SLT-11-DEL-06,11,EY401 Typhoon -> EY406 LIAC,DEL,Indira Gandhi,2026-01-31T06:00:00Z,DEPARTURE,26,42,0,Y,NONE
SLT-11-DEL-07,11,EY401 Typhoon -> EY406 LIAC,DEL,Indira Gandhi,2026-01-31T07:00:00Z,DEPARTURE,23,37,2,N,NOISE
SLT-11-DEL-08,11,EY401 Typhoon -> EY406 LIAC,DEL,Indira Gandhi,2026-01-31T08:00:00Z,ARRIVAL,44,45,9,N,NONE
SLT-11-DEL-09,11,EY401 Typhoon -> EY406 LIAC,DEL,Indira Gandhi,2026-01-31T09:00:00Z,ARRIVAL,34,16,7,N,NONE
SLT-11-DEL-10,11,EY401 Typhoon -> EY406 LIAC,DEL,Indira Gandhi,2026-01-31T10:00:00Z,ARRIVAL,28,33,10,N,NONE
SLT-11-DEL-11,11,EY401 Typhoon -> EY406 LIAC,DEL,Indira Gandhi,2026-01-31T11:00:00Z,ARRIVAL,37,36,7,N,NONE
SLT-11-DEL-12,11,EY401 Typhoon -> EY406 LIAC,DEL,Indira Gandhi,2026-01-31T12:00:00Z,ARRIVAL,39,19,8,N,NOISE
SLT-11-DEL-13,11,EY401 Typhoon -> EY406 LIAC,DEL,Indira Gandhi,2026-01-31T13:00:00Z,ARRIVAL,25,40,1,Y,NONE
SLT-11-DEL-14,11,EY401 Typhoon -> EY406 LIAC,DEL,Indira Gandhi,2026-01-31T14:00:00Z,DEPARTURE,28,39,7,Y,NONE
SLT-11-DEL-15,11,EY401 Typhoon -> EY406 LIAC,DEL,Indira Gandhi,2026-01-31T15:00:00Z,DEPARTURE,25,43,1,N,NONE
SLT-11-DEL-16,11,EY401 Typhoon -> EY406 LIAC,DEL,Indira Gandhi,2026-01-31T16:00:00Z,ARRIVAL,33,38,3,Y,WEATHER
SLT-11-DEL-17,11,EY401 Typhoon -> EY406 LIAC,DEL,Indira Gandhi,2026-01-31T17:00:00Z,ARRIVAL,47,23,1,Y,NONE
SLT-11-DEL-18,11,EY401 Typhoon -> EY406 LIAC,DEL,Indira Gandhi,2026-01-31T18:00:00Z,DEPARTURE,29,18,10,Y,WEATHER
SLT-11-DEL-19,11,EY401 Typhoon -> EY406 LIAC,DEL,Indira Gandhi,2026-01-31T19:00:00Z,ARRIVAL,26,30,4,N,NONE
SLT-11-DEL-20,11,EY401 Typhoon -> EY406 LIAC,DEL,Indira Gandhi,2026-01-31T20:00:00Z,DEPARTURE,30,35,6,Y,NOISE
SLT-11-DEL-21,11,EY401 Typhoon -> EY406 LIAC,DEL,Indira Gandhi,2026-01-31T21:00:00Z,DEPARTURE,47,43,5,N,NONE
SLT-11-DEL-22,11,EY401 Typhoon -> EY406 LIAC,DEL,Indira Gandhi,2026-01-31T22:00:00Z,DEPARTURE,29,31,1,N,NONE
SLT-11-DEL-23,11,EY401 Typhoon -> EY406 LIAC,DEL,Indira Gandhi,2026-01-31T23:00:00Z,ARRIVAL,34,35,7,Y,NONE
SLT-11-SYD-06,11,EY401 Typhoon -> EY406 LIAC,SYD,Sydney Kingsford Smith,2026-01-31T06:00:00Z,DEPARTURE,20,35,3,N,WEATHER
SLT-11-SYD-07,11,EY401 Typhoon -> EY406 LIAC,SYD,Sydney Kingsford Smith,2026-01-31T07:00:00Z,ARRIVAL,22,31,9,N,CAPACITY
SLT-11-SYD-08,11,EY401 Typhoon -> EY406 LIAC,SYD,Sydney Kingsford Smith,2026-01-31T08:00:00Z,ARRIVAL,28,30,9,Y,NONE
SLT-11-SYD-09,11,EY401 Typhoon -> EY406 LIAC,SYD,Sydney Kingsford Smith,2026-01-31T09:00:00Z,ARRIVAL,33,19,3,N,NOISE
SLT-11-SYD-10,11,EY401 Typhoon -> EY406 LIAC,SYD,Sydney Kingsford Smith,2026-01-31T10:00:00Z,ARRIVAL,48,40,2,N,NONE
SLT-11-SYD-11,11,EY401 Typhoon -> EY406 LIAC,SYD,Sydney Kingsford Smith,2026-01-31T11:00:00Z,ARRIVAL,25,33,5,N,NONE
SLT-11-SYD-12,11,EY401 Typhoon -> EY406 LIAC,SYD,Sydney Kingsford Smith,2026-01-31T12:00:00Z,ARRIVAL,23,40,2,N,NONE
SLT-11-SYD-13,11,EY401 Typhoon -> EY406 LIAC,SYD,Sydney Kingsford Smith,2026-01-31T13:00:00Z,ARRIVAL,45,26,7,N,NONE
SLT-11-SYD-14,11,EY401 Typhoon -> EY406 LIAC,SYD,Sydney Kingsford Smith,2026-01-31T14:00:00Z,DEPARTURE,37,40,4,N,NONE
SLT-11-SYD-15,11,EY401 Typhoon -> EY406 LIAC,SYD,Sydney Kingsford Smith,2026-01-31T15:00:00Z,DEPARTURE,35,34,7,N,WEATHER
SLT-11-SYD-16,11,EY401 Typhoon -> EY406 LIAC,SYD,Sydney Kingsford Smith,2026-01-31T16:00:00Z,DEPARTURE,48,19,10,Y,WEATHER
SLT-11-SYD-17,11,EY401 Typhoon -> EY406 LIAC,SYD,Sydney Kingsford Smith,2026-01-31T17:00:00Z,ARRIVAL,44,33,8,Y,WEATHER
SLT-11-SYD-18,11,EY401 Typhoon -> EY406 LIAC,SYD,Sydney Kingsford Smith,2026-01-31T18:00:00Z,DEPARTURE,24,15,10,N,CAPACITY
SLT-11-SYD-19,11,EY401 Typhoon -> EY406 LIAC,SYD,Sydney Kingsford Smith,2026-01-31T19:00:00Z,ARRIVAL,44,29,2,N,NONE
SLT-11-SYD-20,11,EY401 Typhoon -> EY406 LIAC,SYD,Sydney Kingsford Smith,2026-01-31T20:00:00Z,DEPARTURE,36,36,0,Y,NONE
SLT-11-SYD-21,11,EY401 Typhoon -> EY406 LIAC,SYD,Sydney Kingsford Smith,2026-01-31T21:00:00Z,DEPARTURE,37,37,6,N,NONE
SLT-11-SYD-22,11,EY401 Typhoon -> EY406 LIAC,SYD,Sydney Kingsford Smith,2026-01-31T22:00:00Z,ARRIVAL,24,34,4,N,NOISE
SLT-11-SYD-23,11,EY401 Typhoon -> EY406 LIAC,SYD,Sydney Kingsford Smith,2026-01-31T23:00:00Z,DEPARTURE,42,15,4,N,NONE
SLT-11-CAI-06,11,EY401 Typhoon -> EY406 LIAC,CAI,Cairo International,2026-01-31T06:00:00Z,ARRIVAL,34,41,8,N,NOISE
SLT-11-CAI-07,11,EY401 Typhoon -> EY406 LIAC,CAI,Cairo International,2026-01-31T07:00:00Z,ARRIVAL,27,31,4,N,NONE
SLT-11-CAI-08,11,EY401 Typhoon -> EY406 LIAC,CAI,Cairo International,2026-01-31T08:00:00Z,DEPARTURE,22,22,5,N,NONE
SLT-11-CAI-09,11,EY401 Typhoon -> EY406 LIAC,CAI,Cairo International,2026-01-31T09:00:00Z,ARRIVAL,49,42,1,N,NONE
SLT-11-CAI-10,11,EY401 Typhoon -> EY406 LIAC,CAI,Cairo International,2026-01-31T10:00:00Z,ARRIVAL,46,34,9,N,NONE
SLT-11-CAI-11,11,EY401 Typhoon -> EY406 LIAC,CAI,Cairo International,2026-01-31T11:00:00Z,ARRIVAL,20,38,6,N,CAPACITY
SLT-11-CAI-12,11,EY401 Typhoon -> EY406 LIAC,CAI,Cairo International,2026-01-31T12:00:00Z,ARRIVAL,41,28,4,Y,NONE
SLT-11-CAI-13,11,EY401 Typhoon -> EY406 LIAC,CAI,Cairo International,2026-01-31T13:00:00Z,DEPARTURE,25,25,1,N,NONE
SLT-11-CAI-14,11,EY401 Typhoon -> EY406 LIAC,CAI,Cairo International,2026-01-31T14:00:00Z,DEPARTURE,48,20,9,N,NOISE
SLT-11-CAI-15,11,EY401 Typhoon -> EY406 LIAC,CAI,Cairo International,2026-01-31T15:00:00Z,ARRIVAL,42,41,7,Y,CAPACITY
SLT-11-CAI-16,11,EY401 Typhoon -> EY406 LIAC,CAI,Cairo International,2026-01-31T16:00:00Z,ARRIVAL,35,20,5,N,NONE
SLT-11-CAI-17,11,EY401 Typhoon -> EY406 LIAC,CAI,Cairo International,2026-01-31T17:00:00Z,ARRIVAL,33,22,10,N,NONE
SLT-11-CAI-18,11,EY401 Typhoon -> EY406 LIAC,CAI,Cairo International,2026-01-31T18:00:00Z,DEPARTURE,36,17,8,N,NONE
SLT-11-CAI-19,11,EY401 Typhoon -> EY406 LIAC,CAI,Cairo International,2026-01-31T19:00:00Z,ARRIVAL,46,42,0,Y,NONE
SLT-11-CAI-20,11,EY401 Typhoon -> EY406 LIAC,CAI,Cairo International,2026-01-31T20:00:00Z,DEPARTURE,34,26,6,N,CAPACITY
SLT-11-CAI-21,11,EY401 Typhoon -> EY406 LIAC,CAI,Cairo International,2026-01-31T21:00:00Z,DEPARTURE,33,16,3,N,NONE
SLT-11-CAI-22,11,EY401 Typhoon -> EY406 LIAC,CAI,Cairo International,2026-01-31T22:00:00Z,DEPARTURE,33,17,7,Y,NOISE
SLT-11-CAI-23,11,EY401 Typhoon -> EY406 LIAC,CAI,Cairo International,2026-01-31T23:00:00Z,DEPARTURE,44,33,0,N,NONE
SLT-11-FCO-06,11,EY401 Typhoon -> EY406 LIAC,FCO,Fiumicino,2026-01-31T06:00:00Z,ARRIVAL,32,26,7,N,NOISE
SLT-11-FCO-07,11,EY401 Typhoon -> EY406 LIAC,FCO,Fiumicino,2026-01-31T07:00:00Z,DEPARTURE,24,37,7,N,NONE
SLT-11-FCO-08,11,EY401 Typhoon -> EY406 LIAC,FCO,Fiumicino,2026-01-31T08:00:00Z,ARRIVAL,28,38,0,Y,NONE
SLT-11-FCO-09,11,EY401 Typhoon -> EY406 LIAC,FCO,Fiumicino,2026-01-31T09:00:00Z,ARRIVAL,38,23,1,N,NONE
SLT-11-FCO-10,11,EY401 Typhoon -> EY406 LIAC,FCO,Fiumicino,2026-01-31T10:00:00Z,DEPARTURE,47,16,6,N,NONE
SLT-11-FCO-11,11,EY401 Typhoon -> EY406 LIAC,FCO,Fiumicino,2026-01-31T11:00:00Z,ARRIVAL,45,31,7,N,NONE
SLT-11-FCO-12,11,EY401 Typhoon -> EY406 LIAC,FCO,Fiumicino,2026-01-31T12:00:00Z,ARRIVAL,23,20,8,N,NONE
SLT-11-FCO-13,11,EY401 Typhoon -> EY406 LIAC,FCO,Fiumicino,2026-01-31T13:00:00Z,ARRIVAL,31,16,7,Y,NONE
SLT-11-FCO-14,11,EY401 Typhoon -> EY406 LIAC,FCO,Fiumicino,2026-01-31T14:00:00Z,ARRIVAL,30,37,7,Y,NOISE
SLT-11-FCO-15,11,EY401 Typhoon -> EY406 LIAC,FCO,Fiumicino,2026-01-31T15:00:00Z,ARRIVAL,31,18,5,N,CAPACITY
SLT-11-FCO-16,11,EY401 Typhoon -> EY406 LIAC,FCO,Fiumicino,2026-01-31T16:00:00Z,ARRIVAL,24,34,6,N,NONE
SLT-11-FCO-17,11,EY401 Typhoon -> EY406 LIAC,FCO,Fiumicino,2026-01-31T17:00:00Z,DEPARTURE,36,37,7,N,NONE
SLT-11-FCO-18,11,EY401 Typhoon -> EY406 LIAC,FCO,Fiumicino,2026-01-31T18:00:00Z,ARRIVAL,49,26,3,N,NONE
SLT-11-FCO-19,11,EY401 Typhoon -> EY406 LIAC,FCO,Fiumicino,2026-01-31T19:00:00Z,ARRIVAL,32,43,5,N,NONE
SLT-11-FCO-20,11,EY401 Typhoon -> EY406 LIAC,FCO,Fiumicino,2026-01-31T20:00:00Z,ARRIVAL,24,43,6,N,CAPACITY
SLT-11-FCO-21,11,EY401 Typhoon -> EY406 LIAC,FCO,Fiumicino,2026-01-31T21:00:00Z,ARRIVAL,47,40,4,N,NONE
SLT-11-FCO-22,11,EY401 Typhoon -> EY406 LIAC,FCO,Fiumicino,2026-01-31T22:00:00Z,DEPARTURE,41,40,1,Y,NONE
SLT-11-FCO-23,11,EY401 Typhoon -> EY406 LIAC,FCO,Fiumicino,2026-01-31T23:00:00Z,ARRIVAL,42,38,1,N,NONE
SLT-11-DOH-06,11,EY401 Typhoon -> EY406 LIAC,DOH,Hamad International,2026-01-31T06:00:00Z,DEPARTURE,46,16,6,N,NONE
SLT-11-DOH-07,11,EY401 Typhoon -> EY406 LIAC,DOH,Hamad International,2026-01-31T07:00:00Z,DEPARTURE,46,19,0,N,CAPACITY
SLT-11-DOH-08,11,EY401 Typhoon -> EY406 LIAC,DOH,Hamad International,2026-01-31T08:00:00Z,DEPARTURE,29,23,6,N,NONE
SLT-11-DOH-09,11,EY401 Typhoon -> EY406 LIAC,DOH,Hamad International,2026-01-31T09:00:00Z,DEPARTURE,32,26,2,N,NONE
SLT-11-DOH-10,11,EY401 Typhoon -> EY406 LIAC,DOH,Hamad International,2026-01-31T10:00:00Z,ARRIVAL,48,19,2,Y,NONE
SLT-11-DOH-11,11,EY401 Typhoon -> EY406 LIAC,DOH,Hamad International,2026-01-31T11:00:00Z,ARRIVAL,26,35,10,Y,NOISE
SLT-11-DOH-12,11,EY401 Typhoon -> EY406 LIAC,DOH,Hamad International,2026-01-31T12:00:00Z,ARRIVAL,47,42,4,N,NONE
SLT-11-DOH-13,11,EY401 Typhoon -> EY406 LIAC,DOH,Hamad International,2026-01-31T13:00:00Z,ARRIVAL,27,34,0,N,NONE
SLT-11-DOH-14,11,EY401 Typhoon -> EY406 LIAC,DOH,Hamad International,2026-01-31T14:00:00Z,DEPARTURE,24,20,6,N,NONE
SLT-11-DOH-15,11,EY401 Typhoon -> EY406 LIAC,DOH,Hamad International,2026-01-31T15:00:00Z,ARRIVAL,35,34,3,N,NOISE
SLT-11-DOH-16,11,EY401 Typhoon -> EY406 LIAC,DOH,Hamad International,2026-01-31T16:00:00Z,DEPARTURE,31,28,3,N,NONE
SLT-11-DOH-17,11,EY401 Typhoon -> EY406 LIAC,DOH,Hamad International,2026-01-31T17:00:00Z,ARRIVAL,28,23,2,Y,NONE
SLT-11-DOH-18,11,EY401 Typhoon -> EY406 LIAC,DOH,Hamad International,2026-01-31T18:00:00Z,ARRIVAL,38,18,4,N,WEATHER
SLT-11-DOH-19,11,EY401 Typhoon -> EY406 LIAC,DOH,Hamad International,2026-01-31T19:00:00Z,DEPARTURE,32,29,3,N,CAPACITY
SLT-11-DOH-20,11,EY401 Typhoon -> EY406 LIAC,DOH,Hamad International,2026-01-31T20:00:00Z,ARRIVAL,26,26,3,Y,CAPACITY
SLT-11-DOH-21,11,EY401 Typhoon -> EY406 LIAC,DOH,Hamad International,2026-01-31T21:00:00Z,DEPARTURE,46,23,6,N,NONE
SLT-11-DOH-22,11,EY401 Typhoon -> EY406 LIAC,DOH,Hamad International,2026-01-31T22:00:00Z,DEPARTURE,32,42,2,N,NONE
SLT-11-DOH-23,11,EY401 Typhoon -> EY406 LIAC,DOH,Hamad International,2026-01-31T23:00:00Z,ARRIVAL,24,28,3,N,CAPACITY
SLT-11-MCT-06,11,EY401 Typhoon -> EY406 LIAC,MCT,Muscat International,2026-01-31T06:00:00Z,ARRIVAL,34,35,9,N,NONE
SLT-11-MCT-07,11,EY401 Typhoon -> EY406 LIAC,MCT,Muscat International,2026-01-31T07:00:00Z,ARRIVAL,21,36,6,N,NONE
SLT-11-MCT-08,11,EY401 Typhoon -> EY406 LIAC,MCT,Muscat International,2026-01-31T08:00:00Z,DEPARTURE,23,17,5,N,NONE
SLT-11-MCT-09,11,EY401 Typhoon -> EY406 LIAC,MCT,Muscat International,2026-01-31T09:00:00Z,DEPARTURE,34,45,5,N,NONE
SLT-11-MCT-10,11,EY401 Typhoon -> EY406 LIAC,MCT,Muscat International,2026-01-31T10:00:00Z,ARRIVAL,40,39,0,N,NONE
SLT-11-MCT-11,11,EY401 Typhoon -> EY406 LIAC,MCT,Muscat International,2026-01-31T11:00:00Z,ARRIVAL,21,24,5,N,NONE
SLT-11-MCT-12,11,EY401 Typhoon -> EY406 LIAC,MCT,Muscat International,2026-01-31T12:00:00Z,DEPARTURE,28,35,9,Y,NONE
SLT-11-MCT-13,11,EY401 Typhoon -> EY406 LIAC,MCT,Muscat International,2026-01-31T13:00:00Z,DEPARTURE,36,26,9,N,NONE
SLT-11-MCT-14,11,EY401 Typhoon -> EY406 LIAC,MCT,Muscat International,2026-01-31T14:00:00Z,ARRIVAL,37,33,5,N,NONE
SLT-11-MCT-15,11,EY401 Typhoon -> EY406 LIAC,MCT,Muscat International,2026-01-31T15:00:00Z,DEPARTURE,27,29,5,N,WEATHER
SLT-11-MCT-16,11,EY401 Typhoon -> EY406 LIAC,MCT,Muscat International,2026-01-31T16:00:00Z,DEPARTURE,25,25,6,N,NONE
SLT-11-MCT-17,11,EY401 Typhoon -> EY406 LIAC,MCT,Muscat International,2026-01-31T17:00:00Z,DEPARTURE,36,28,0,N,NONE
SLT-11-MCT-18,11,EY401 Typhoon -> EY406 LIAC,MCT,Muscat International,2026-01-31T18:00:00Z,DEPARTURE,38,39,0,N,NONE
SLT-11-MCT-19,11,EY401 Typhoon -> EY406 LIAC,MCT,Muscat International,2026-01-31T19:00:00Z,ARRIVAL,42,23,5,N,NONE
SLT-11-MCT-20,11,EY401 Typhoon -> EY406 LIAC,MCT,Muscat International,2026-01-31T20:00:00Z,DEPARTURE,21,30,4,N,NONE
SLT-11-MCT-21,11,EY401 Typhoon -> EY406 LIAC,MCT,Muscat International,2026-01-31T21:00:00Z,DEPARTURE,39,33,8,N,NONE
SLT-11-MCT-22,11,EY401 Typhoon -> EY406 LIAC,MCT,Muscat International,2026-01-31T22:00:00Z,DEPARTURE,23,21,1,N,NONE
SLT-11-MCT-23,11,EY401 Typhoon -> EY406 LIAC,MCT,Muscat International,2026-01-31T23:00:00Z,ARRIVAL,32,29,2,N,NONE
SLT-11-JED-06,11,EY401 Typhoon -> EY406 LIAC,JED,King Abdulaziz,2026-01-31T06:00:00Z,ARRIVAL,38,38,7,Y,NONE
SLT-11-JED-07,11,EY401 Typhoon -> EY406 LIAC,JED,King Abdulaziz,2026-01-31T07:00:00Z,ARRIVAL,28,30,1,Y,NONE
SLT-11-JED-08,11,EY401 Typhoon -> EY406 LIAC,JED,King Abdulaziz,2026-01-31T08:00:00Z,ARRIVAL,26,16,6,N,NONE
SLT-11-JED-09,11,EY401 Typhoon -> EY406 LIAC,JED,King Abdulaziz,2026-01-31T09:00:00Z,ARRIVAL,32,29,6,N,NONE
SLT-11-JED-10,11,EY401 Typhoon -> EY406 LIAC,JED,King Abdulaziz,2026-01-31T10:00:00Z,DEPARTURE,36,34,3,Y,NONE
SLT-11-JED-11,11,EY401 Typhoon -> EY406 LIAC,JED,King Abdulaziz,2026-01-31T11:00:00Z,ARRIVAL,48,25,0,N,NONE
SLT-11-JED-12,11,EY401 Typhoon -> EY406 LIAC,JED,King Abdulaziz,2026-01-31T12:00:00Z,DEPARTURE,24,23,8,Y,NONE
SLT-11-JED-13,11,EY401 Typhoon -> EY406 LIAC,JED,King Abdulaziz,2026-01-31T13:00:00Z,DEPARTURE,23,17,1,Y,NONE
SLT-11-JED-14,11,EY401 Typhoon -> EY406 LIAC,JED,King Abdulaziz,2026-01-31T14:00:00Z,DEPARTURE,49,23,1,Y,NONE
SLT-11-JED-15,11,EY401 Typhoon -> EY406 LIAC,JED,King Abdulaziz,2026-01-31T15:00:00Z,DEPARTURE,46,39,3,N,NONE
SLT-11-JED-16,11,EY401 Typhoon -> EY406 LIAC,JED,King Abdulaziz,2026-01-31T16:00:00Z,DEPARTURE,37,42,10,N,NONE
SLT-11-JED-17,11,EY401 Typhoon -> EY406 LIAC,JED,King Abdulaziz,2026-01-31T17:00:00Z,ARRIVAL,20,33,3,N,NONE
SLT-11-JED-18,11,EY401 Typhoon -> EY406 LIAC,JED,King Abdulaziz,2026-01-31T18:00:00Z,DEPARTURE,39,39,10,Y,CAPACITY
SLT-11-JED-19,11,EY401 Typhoon -> EY406 LIAC,JED,King Abdulaziz,2026-01-31T19:00:00Z,DEPARTURE,25,37,3,Y,CAPACITY
SLT-11-JED-20,11,EY401 Typhoon -> EY406 LIAC,JED,King Abdulaziz,2026-01-31T20:00:00Z,ARRIVAL,22,40,1,N,NONE
SLT-11-JED-21,11,EY401 Typhoon -> EY406 LIAC,JED,King Abdulaziz,2026-01-31T21:00:00Z,DEPARTURE,45,36,9,N,NONE
SLT-11-JED-22,11,EY401 Typhoon -> EY406 LIAC,JED,King Abdulaziz,2026-01-31T22:00:00Z,ARRIVAL,36,19,10,N,NONE
SLT-11-JED-23,11,EY401 Typhoon -> EY406 LIAC,JED,King Abdulaziz,2026-01-31T23:00:00Z,ARRIVAL,29,34,4,N,NONE
