roster_id,crew_id,employee_id,position_id,flight_id,flight_number,scenario_id,scenario_name,aircraft_registration,first_name,last_name,role,position,crew_rank,operation_rank,crew_type,base_location,license_type,license_expiry,medical_expiry,qualification,duty_type,duty_start,duty_end,duty_hours,flight_hours,fdp_remaining,max_flight_duty_period,flight_time_limitations,fdp_exceeded,rest_required_hours,roster_status,compliance_status,is_standby,standby_start,standby_end,standby_hours,standby_reason,is_deadhead,is_augmented,overtime_hours,max_overtime_hours,per_diem_amount,scheduled_arrival_time,activated_for_disruption
RST-1001,CREW-1001,EY55279,POS-1,FLT-1001,EY117,1,Bangkok Typhoon + Critical MEL Aircraft,A6-EYV,Wei,Johnson,Captain,Captain,Senior,1,COCKPIT,SYD,ATPL,2026-03-23,2027-10-24,A320,FLIGHT,2026-01-19T04:40:00Z,2026-01-19T14:10:00Z,9.0,7.0,4.5,14,max_daily:10; max_weekly:60; max_monthly:100,N,10,CONFIRMED,COMPLIANT,N,,,0,,N,N,1.0,4,85,2026-01-19 13:40:00,Y
RST-1002,CREW-1002,EY90182,POS-2,FLT-1001,EY117,1,Bangkok Typhoon + Critical MEL Aircraft,A6-EYV,Ananya,Wang,First Officer,First Officer,Senior,2,COCKPIT,LHR,ATPL,2026-08-24,2027-07-11,A320,FLIGHT,2026-01-19T04:40:00Z,2026-01-19T14:10:00Z,9.0,7.0,4.5,14,max_daily:10; max_weekly:60; max_monthly:100,N,10,CONFIRMED,COMPLIANT,N,,,0,,N,N,1.0,4,93,2026-01-19 13:40:00,Y
RST-1003,CREW-1003,EY55525,POS-3,FLT-1001,EY117,1,Bangkok Typhoon + Critical MEL Aircraft,A6-EYV,Maryam,Smith,Purser,Purser,Senior,3,CABIN,AUH,Cabin,2027-12-01,2026-01-11,A320,FLIGHT,2026-01-19T04:40:00Z,2026-01-19T14:10:00Z,9.0,7.0,6.5,16,max_daily:10; max_weekly:60; max_monthly:100,N,10,CONFIRMED,COMPLIANT,N,,,0,,N,N,1.0,4,59,2026-01-19 13:40:00,Y
RST-1004,CREW-1004,EY29276,POS-4,FLT-1001,EY117,1,Bangkok Typhoon + Critical MEL Aircraft,A6-EYV,Sophia,Martinez,Flight Attendant,Flight Attendant,Junior,4,CABIN,SYD,Cabin,2026-03-04,2026-01-24,A320,FLIGHT,2026-01-19T04:40:00Z,2026-01-19T14:10:00Z,9.0,7.0,6.5,16,max_daily:10; max_weekly:60; max_monthly:100,N,10,CONFIRMED,COMPLIANT,N,,,0,,N,N,1.0,4,139,2026-01-19 13:40:00,Y
RST-1005,CREW-1005,EY70280,POS-1,FLT-1002,EY5293,1,Bangkok Typhoon + Critical MEL Aircraft,A6-EYU,Wei,Lee,Captain,Captain,Junior,1,COCKPIT,AUH,ATPL,2028-09-09,2027-04-26,A320,FLIGHT,2026-01-19T06:37:00Z,2026-01-19T21:07:00Z,14.0,12.0,-0.5,14,max_daily:10; max_weekly:60; max_monthly:100,Y,12,CONFIRMED,WARNING,N,,,0,,N,Y,6.0,4,78,2026-01-19 20:37:00,Y
RST-1006,CREW-1006,EY18637,POS-2,FLT-1002,EY5293,1,Bangkok Typhoon + Critical MEL Aircraft,A6-EYU,Fatima,Yamamoto,First Officer,First Officer,Senior,2,COCKPIT,AUH,ATPL,2028-03-05,2027-10-21,A320,FLIGHT,2026-01-19T06:37:00Z,2026-01-19T21:07:00Z,14.0,12.0,-0.5,14,max_daily:10; max_weekly:60; max_monthly:100,Y,12,CONFIRMED,WARNING,N,,,0,,N,Y,6.0,4,161,2026-01-19 20:37:00,Y
RST-1007,CREW-1007,EY59444,POS-3,FLT-1002,EY5293,1,Bangkok Typhoon + Critical MEL Aircraft,A6-EYU,Yuki,Mueller,Purser,Purser,Junior,3,CABIN,SIN,Cabin,2027-01-10,2026-02-07,A320,FLIGHT,2026-01-19T06:37:00Z,2026-01-19T21:07:00Z,14.0,12.0,1.5,16,max_daily:10; max_weekly:60; max_monthly:100,N,10,CONFIRMED,COMPLIANT,N,,,0,,N,Y,6.0,4,71,2026-01-19 20:37:00,Y
RST-1008,CREW-1008,EY25899,POS-4,FLT-1002,EY5293,1,Bangkok Typhoon + Critical MEL Aircraft,A6-EYU,Arjun,Kim,Flight Attendant,Flight Attendant,Junior,4,CABIN,SYD,Cabin,2028-10-17,2027-09-27,A320,FLIGHT,2026-01-19T06:37:00Z,2026-01-19T21:07:00Z,14.0,12.0,1.5,16,max_daily:10; max_weekly:60; max_monthly:100,N,10,CONFIRMED,COMPLIANT,N,,,0,,N,Y,6.0,4,105,2026-01-19 20:37:00,Y
RST-1009,CREW-1009,EY72487,POS-1,FLT-1003,EY454,1,Bangkok Typhoon + Critical MEL Aircraft,A6-EYA,Maria,Martinez,Captain,Captain,Junior,1,COCKPIT,AUH,ATPL,2027-11-03,2027-08-23,A380,FLIGHT,2026-01-19T08:26:00Z,2026-01-19T17:41:00Z,8.8,6.8,4.8,14,max_daily:10; max_weekly:60; max_monthly:100,N,10,CONFIRMED,COMPLIANT,N,,,0,,N,N,0.8,4,101,2026-01-19 17:11:00,N
RST-1010,CREW-1010,EY23617,POS-2,FLT-1003,EY454,1,Bangkok Typhoon + Critical MEL Aircraft,A6-EYA,Aisha,Kim,First Officer,First Officer,Senior,2,COCKPIT,SIN,ATPL,2026-10-01,2027-12-19,A380,FLIGHT,2026-01-19T08:26:00Z,2026-01-19T17:41:00Z,8.8,6.8,4.8,14,max_daily:10; max_weekly:60; max_monthly:100,N,10,CONFIRMED,COMPLIANT,N,,,0,,N,N,0.8,4,105,2026-01-19 17:11:00,N
RST-1011,CREW-1011,EY37515,POS-3,FLT-1003,EY454,1,Bangkok Typhoon + Critical MEL Aircraft,A6-EYA,Ananya,Singh,Purser,Purser,Senior,3,CABIN,LHR,Cabin,2027-11-17,2026-10-18,A380,FLIGHT,2026-01-19T08:26:00Z,2026-01-19T17:41:00Z,8.8,6.8,6.8,16,max_daily:10; max_weekly:60; max_monthly:100,N,10,CONFIRMED,COMPLIANT,N,,,0,,N,N,0.8,4,171,2026-01-19 17:11:00,N
RST-1012,CREW-1012,EY22716,POS-4,FLT-1003,EY454,1,Bangkok Typhoon + Critical MEL Aircraft,A6-EYA,Carlos,Mueller,Flight Attendant,Flight Attendant,Senior,4,CABIN,JFK,Cabin,2027-11-15,2026-08-27,A380,FLIGHT,2026-01-19T08:26:00Z,2026-01-19T17:41:00Z,8.8,6.8,6.8,16,max_daily:10; max_weekly:60; max_monthly:100,N,10,CONFIRMED,COMPLIANT,N,,,0,,N,N,0.8,4,118,2026-01-19 17:11:00,N
RST-1013,CREW-1013,EY59062,POS-5,FLT-1003,EY454,1,Bangkok Typhoon + Critical MEL Aircraft,A6-EYA,Emma,Smith,Flight Attendant,Flight Attendant,Senior,5,CABIN,LHR,Cabin,2028-05-12,2027-03-11,A380,FLIGHT,2026-01-19T08:26:00Z,2026-01-19T17:41:00Z,8.8,6.8,6.8,16,max_daily:10; max_weekly:60; max_monthly:100,N,10,CONFIRMED,COMPLIANT,N,,,0,,N,N,0.8,4,143,2026-01-19 17:11:00,N
RST-1014,CREW-1014,EY25444,POS-6,FLT-1003,EY454,1,Bangkok Typhoon + Critical MEL Aircraft,A6-EYA,Hassan,Khan,Flight Attendant,Flight Attendant,Junior,6,CABIN,SYD,Cabin,2026-08-17,2026-03-09,A380,FLIGHT,2026-01-19T08:26:00Z,2026-01-19T17:41:00Z,8.8,6.8,6.8,16,max_daily:10; max_weekly:60; max_monthly:100,N,10,CONFIRMED,COMPLIANT,N,,,0,,N,N,0.8,4,117,2026-01-19 17:11:00,N
RST-1015,CREW-1015,EY16323,POS-7,FLT-1003,EY454,1,Bangkok Typhoon + Critical MEL Aircraft,A6-EYA,Maryam,Kim,Flight Attendant,Flight Attendant,Junior,7,CABIN,JFK,Cabin,2028-09-10,2027-04-17,A380,FLIGHT,2026-01-19T08:26:00Z,2026-01-19T17:41:00Z,8.8,6.8,6.8,16,max_daily:10; max_weekly:60; max_monthly:100,N,10,CONFIRMED,COMPLIANT,N,,,0,,N,N,0.8,4,98,2026-01-19 17:11:00,N
RST-1016,CREW-1016,EY57273,POS-8,FLT-1003,EY454,1,Bangkok Typhoon + Critical MEL Aircraft,A6-EYA,Layla,Kim,Flight Attendant,Flight Attendant,Junior,8,CABIN,SYD,Cabin,2028-01-13,2026-06-06,A380,FLIGHT,2026-01-19T08:26:00Z,2026-01-19T17:41:00Z,8.8,6.8,6.8,16,max_daily:10; max_weekly:60; max_monthly:100,N,10,CONFIRMED,COMPLIANT,N,,,0,,N,N,0.8,4,162,2026-01-19 17:11:00,N
RST-1017,CREW-1017,EY98202,POS-9,FLT-1003,EY454,1,Bangkok Typhoon + Critical MEL Aircraft,A6-EYA,Arjun,Rossi,Flight Attendant,Flight Attendant,Junior,9,CABIN,LHR,Cabin,2027-09-21,2026-07-04,A380,FLIGHT,2026-01-19T08:26:00Z,2026-01-19T17:41:00Z,8.8,6.8,6.8,16,max_daily:10; max_weekly:60; max_monthly:100,N,10,CONFIRMED,COMPLIANT,N,,,0,,N,N,0.8,4,89,2026-01-19 17:11:00,N
RST-1018,CREW-1018,EY97013,POS-10,FLT-1003,EY454,1,Bangkok Typhoon + Critical MEL Aircraft,A6-EYA,Arjun,Garcia,Flight Attendant,Flight Attendant,Junior,10,CABIN,AUH,Cabin,2026-07-22,2026-02-07,A380,FLIGHT,2026-01-19T08:26:00Z,2026-01-19T17:41:00Z,8.8,6.8,6.8,16,max_daily:10; max_weekly:60; max_monthly:100,N,10,CONFIRMED,COMPLIANT,N,,,0,,N,N,0.8,4,152,2026-01-19 17:11:00,N
RST-1019,CREW-1019,EY64008,POS-11,FLT-1003,EY454,1,Bangkok Typhoon + Critical MEL Aircraft,A6-EYA,Mia,Tanaka,Flight Attendant,Flight Attendant,Senior,11,CABIN,LHR,Cabin,2027-12-12,2026-02-08,A380,FLIGHT,2026-01-19T08:26:00Z,2026-01-19T17:41:00Z,8.8,6.8,6.8,16,max_daily:10; max_weekly:60; max_monthly:100,N,10,CONFIRMED,COMPLIANT,N,,,0,,N,N,0.8,4,97,2026-01-19 17:11:00,N
RST-1020,CREW-1020,EY94279,POS-12,FLT-1003,EY454,1,Bangkok Typhoon + Critical MEL Aircraft,A6-EYA,Ahmed,Smith,Flight Attendant,Flight Attendant,Senior,12,CABIN,SIN,Cabin,2027-12-03,2026-06-21,A380,FLIGHT,2026-01-19T08:26:00Z,2026-01-19T17:41:00Z,8.8,6.8,6.8,16,max_daily:10; max_weekly:60; max_monthly:100,N,10,CONFIRMED,COMPLIANT,N,,,0,,N,N,0.8,4,120,2026-01-19 17:11:00,N
RST-1021,CREW-1021,EY70137,POS-13,FLT-1003,EY454,1,Bangkok Typhoon + Critical MEL Aircraft,A6-EYA,Layla,Mueller,Flight Attendant,Flight Attendant,Junior,13,CABIN,SYD,Cabin,2028-11-11,2027-12-19,A380,FLIGHT,2026-01-19T08:26:00Z,2026-01-19T17:41:00Z,8.8,6.8,6.8,16,max_daily:10; max_weekly:60; max_monthly:100,N,10,CONFIRMED,COMPLIANT,N,,,0,,N,N,0.8,4,189,2026-01-19 17:11:00,N
RST-1022,CREW-1022,EY53007,POS-14,FLT-1003,EY454,1,Bangkok Typhoon + Critical MEL Aircraft,A6-EYA,Ananya,Singh,Flight Attendant,Flight Attendant,Junior,14,CABIN,AUH,Cabin,2027-04-15,2026-10-05,A380,FLIGHT,2026-01-19T08:26:00Z,2026-01-19T17:41:00Z,8.8,6.8,6.8,16,max_daily:10; max_weekly:60; max_monthly:100,N,10,CONFIRMED,COMPLIANT,N,,,0,,N,N,0.8,4,169,2026-01-19 17:11:00,N
RST-1023,CREW-1023,EY34523,POS-15,FLT-1003,EY454,1,Bangkok Typhoon + Critical MEL Aircraft,A6-EYA,James,Rossi,Flight Attendant,Flight Attendant,Junior,15,CABIN,SIN,Cabin,2027-06-26,2026-03-01,A380,FLIGHT,2026-01-19T08:26:00Z,2026-01-19T17:41:00Z,8.8,6.8,6.8,16,max_daily:10; max_weekly:60; max_monthly:100,N,10,CONFIRMED,COMPLIANT,N,,,0,,N,N,0.8,4,95,2026-01-19 17:11:00,N
RST-1024,CREW-1024,EY23039,POS-16,FLT-1003,EY454,1,Bangkok Typhoon + Critical MEL Aircraft,A6-EYA,Sara,Brown,Flight Attendant,Flight Attendant,Junior,16,CABIN,LHR,Cabin,2027-10-27,2026-09-12,A380,FLIGHT,2026-01-19T08:26:00Z,2026-01-19T17:41:00Z,8.8,6.8,6.8,16,max_daily:10; max_weekly:60; max_monthly:100,N,10,CONFIRMED,COMPLIANT,N,,,0,,N,N,0.8,4,134,2026-01-19 17:11:00,N
RST-1025,CREW-1025,EY93233,POS-1,FLT-1004,EY334,1,Bangkok Typhoon + Critical MEL Aircraft,A6-EYJ,Ahmed,Chen,Captain,Captain,Junior,1,COCKPIT,SIN,ATPL,2027-07-21,2026-07-18,B787-10,FLIGHT,2026-01-19T10:48:00Z,2026-01-19T18:48:00Z,7.5,5.5,6.0,14,max_daily:10; max_weekly:60; max_monthly:100,N,10,CONFIRMED,COMPLIANT,N,,,0,,N,N,0.0,4,76,2026-01-19 18:18:00,N
RST-1026,CREW-1026,EY66082,POS-2,FLT-1004,EY334,1,Bangkok Typhoon + Critical MEL Aircraft,A6-EYJ,Raj,Garcia,First Officer,First Officer,Senior,2,COCKPIT,SYD,ATPL,2028-12-28,2027-04-05,B787-10,FLIGHT,2026-01-19T10:48:00Z,2026-01-19T18:48:00Z,7.5,5.5,6.0,14,max_daily:10; max_weekly:60; max_monthly:100,N,10,CONFIRMED,COMPLIANT,N,,,0,,N,N,0.0,4,139,2026-01-19 18:18:00,N
RST-1027,CREW-1027,EY28827,POS-3,FLT-1004,EY334,1,Bangkok Typhoon + Critical MEL Aircraft,A6-EYJ,Mei,Rossi,Purser,Purser,Senior,3,CABIN,LHR,Cabin,2026-09-07,2027-05-08,B787-10,FLIGHT,2026-01-19T10:48:00Z,2026-01-19T18:48:00Z,7.5,5.5,8.0,16,max_daily:10; max_weekly:60; max_monthly:100,N,10,CONFIRMED,COMPLIANT,N,,,0,,N,N,0.0,4,173,2026-01-19 18:18:00,N
RST-1028,CREW-1028,EY30212,POS-4,FLT-1004,EY334,1,Bangkok Typhoon + Critical MEL Aircraft,A6-EYJ,Hiroshi,Al-Rashid,Flight Attendant,Flight Attendant,Senior,4,CABIN,JFK,Cabin,2027-08-28,2026-04-21,B787-10,FLIGHT,2026-01-19T10:48:00Z,2026-01-19T18:48:00Z,7.5,5.5,8.0,16,max_daily:10; max_weekly:60; max_monthly:100,N,10,CONFIRMED,COMPLIANT,N,,,0,,N,N,0.0,4,113,2026-01-19 18:18:00,N
RST-1029,CREW-1029,EY70566,POS-5,FLT-1004,EY334,1,Bangkok Typhoon + Critical MEL Aircraft,A6-EYJ,Aisha,Al-Rashid,Flight Attendant,Flight Attendant,Senior,5,CABIN,LHR,Cabin,2028-07-16,2026-08-03,B787-10,FLIGHT,2026-01-19T10:48:00Z,2026-01-19T18:48:00Z,7.5,5.5,8.0,16,max_daily:10; max_weekly:60; max_monthly:100,N,10,CONFIRMED,COMPLIANT,N,,,0,,N,N,0.0,4,198,2026-01-19 18:18:00,N
RST-1030,CREW-1030,EY55127,POS-6,FLT-1004,EY334,1,Bangkok Typhoon + Critical MEL Aircraft,A6-EYJ,Sara,Chen,Flight Attendant,Flight Attendant,Senior,6,CABIN,SYD,Cabin,2026-02-25,2027-10-27,B787-10,FLIGHT,2026-01-19T10:48:00Z,2026-01-19T18:48:00Z,7.5,5.5,8.0,16,max_daily:10; max_weekly:60; max_monthly:100,N,10,CONFIRMED,COMPLIANT,N,,,0,,N,N,0.0,4,97,2026-01-19 18:18:00,N
RST-1031,CREW-1031,EY64746,POS-7,FLT-1004,EY334,1,Bangkok Typhoon + Critical MEL Aircraft,A6-EYJ,Omar,Rossi,Flight Attendant,Flight Attendant,Junior,7,CABIN,JFK,Cabin,2027-06-18,2027-09-27,B787-10,FLIGHT,2026-01-19T10:48:00Z,2026-01-19T18:48:00Z,7.5,5.5,8.0,16,max_daily:10; max_weekly:60; max_monthly:100,N,10,CONFIRMED,COMPLIANT,N,,,0,,N,N,0.0,4,154,2026-01-19 18:18:00,N
RST-1032,CREW-1032,EY22013,POS-8,FLT-1004,EY334,1,Bangkok Typhoon + Critical MEL Aircraft,A6-EYJ,Ananya,Tanaka,Flight Attendant,Flight Attendant,Senior,8,CABIN,LHR,Cabin,2028-01-09,2027-09-04,B787-10,FLIGHT,2026-01-19T10:48:00Z,2026-01-19T18:48:00Z,7.5,5.5,8.0,16,max_daily:10; max_weekly:60; max_monthly:100,N,10,CONFIRMED,COMPLIANT,N,,,0,,N,N,0.0,4,137,2026-01-19 18:18:00,N
RST-1033,CREW-1033,EY31454,POS-9,FLT-1004,EY334,1,Bangkok Typhoon + Critical MEL Aircraft,A6-EYJ,Hiroshi,Schmidt,Flight Attendant,Flight Attendant,Junior,9,CABIN,SYD,Cabin,2027-05-13,2027-09-17,B787-10,FLIGHT,2026-01-19T10:48:00Z,2026-01-19T18:48:00Z,7.5,5.5,8.0,16,max_daily:10; max_weekly:60; max_monthly:100,N,10,CONFIRMED,COMPLIANT,N,,,0,,N,N,0.0,4,71,2026-01-19 18:18:00,N
RST-1034,CREW-1034,EY31091,POS-10,FLT-1004,EY334,1,Bangkok Typhoon + Critical MEL Aircraft,A6-EYJ,Emma,Singh,Flight Attendant,Flight Attendant,Junior,10,CABIN,SIN,Cabin,2028-06-16,2026-09-06,B787-10,FLIGHT,2026-01-19T10:48:00Z,2026-01-19T18:48:00Z,7.5,5.5,8.0,16,max_daily:10; max_weekly:60; max_monthly:100,N,10,CONFIRMED,COMPLIANT,N,,,0,,N,N,0.0,4,62,2026-01-19 18:18:00,N
RST-1035,CREW-1035,EY49952,POS-1,FLT-1005,EY25,1,Bangkok Typhoon + Critical MEL Aircraft,A6-EYF,Carlos,Schmidt,Captain,Captain,Senior,1,COCKPIT,AUH,ATPL,2026-07-02,2026-06-13,B787-10,FLIGHT,2026-01-19T12:13:00Z,2026-01-19T23:08:00Z,10.4,8.4,3.1,14,max_daily:10; max_weekly:60; max_monthly:100,N,10,CONFIRMED,COMPLIANT,N,,,0,,N,N,2.4,4,147,2026-01-19 22:38:00,N
RST-1036,CREW-1036,EY28519,POS-2,FLT-1005,EY25,1,Bangkok Typhoon + Critical MEL Aircraft,A6-EYF,Aisha,Garcia,First Officer,First Officer,Junior,2,COCKPIT,LHR,ATPL,2028-11-25,2027-10-04,B787-10,FLIGHT,2026-01-19T12:13:00Z,2026-01-19T23:08:00Z,10.4,8.4,3.1,14,max_daily:10; max_weekly:60; max_monthly:100,N,10,CONFIRMED,COMPLIANT,N,,,0,,N,N,2.4,4,102,2026-01-19 22:38:00,N
RST-1037,CREW-1037,EY28471,POS-3,FLT-1005,EY25,1,Bangkok Typhoon + Critical MEL Aircraft,A6-EYF,Fatima,Patel,Purser,Purser,Junior,3,CABIN,LHR,Cabin,2026-10-07,2027-08-03,B787-10,FLIGHT,2026-01-19T12:13:00Z,2026-01-19T23:08:00Z,10.4,8.4,5.1,16,max_daily:10; max_weekly:60; max_monthly:100,N,10,CONFIRMED,COMPLIANT,N,,,0,,N,N,2.4,4,110,2026-01-19 22:38:00,N
RST-1038,CREW-1038,EY11188,POS-4,FLT-1005,EY25,1,Bangkok Typhoon + Critical MEL Aircraft,A6-EYF,Yusuf,Tanaka,Flight Attendant,Flight Attendant,Junior,4,CABIN,SIN,Cabin,2028-02-26,2027-10-01,B787-10,FLIGHT,2026-01-19T12:13:00Z,2026-01-19T23:08:00Z,10.4,8.4,5.1,16,max_daily:10; max_weekly:60; max_monthly:100,N,10,CONFIRMED,COMPLIANT,N,,,0,,N,N,2.4,4,68,2026-01-19 22:38:00,N
RST-1039,CREW-1039,EY42058,POS-5,FLT-1005,EY25,1,Bangkok Typhoon + Critical MEL Aircraft,A6-EYF,Raj,Lee,Flight Attendant,Flight Attendant,Senior,5,CABIN,AUH,Cabin,2027-01-02,2026-04-23,B787-10,FLIGHT,2026-01-19T12:13:00Z,2026-01-19T23:08:00Z,10.4,8.4,5.1,16,max_daily:10; max_weekly:60; max_monthly:100,N,10,CONFIRMED,COMPLIANT,N,,,0,,N,N,2.4,4,140,2026-01-19 22:38:00,N
RST-1040,CREW-1040,EY94706,POS-6,FLT-1005,EY25,1,Bangkok Typhoon + Critical MEL Aircraft,A6-EYF,Hassan,Martinez,Flight Attendant,Flight Attendant,Senior,6,CABIN,LHR,Cabin,2026-01-03,2026-06-04,B787-10,FLIGHT,2026-01-19T12:13:00Z,2026-01-19T23:08:00Z,10.4,8.4,5.1,16,max_daily:10; max_weekly:60; max_monthly:100,N,10,CONFIRMED,COMPLIANT,N,,,0,,N,N,2.4,4,52,2026-01-19 22:38:00,N
RST-1041,CREW-1041,EY57744,POS-7,FLT-1005,EY25,1,Bangkok Typhoon + Critical MEL Aircraft,A6-EYF,David,Wang,Flight Attendant,Flight Attendant,Junior,7,CABIN,JFK,Cabin,2028-03-15,2027-08-25,B787-10,FLIGHT,2026-01-19T12:13:00Z,2026-01-19T23:08:00Z,10.4,8.4,5.1,16,max_daily:10; max_weekly:60; max_monthly:100,N,10,CONFIRMED,COMPLIANT,N,,,0,,N,N,2.4,4,172,2026-01-19 22:38:00,N
RST-1042,CREW-1042,EY54200,POS-8,FLT-1005,EY25,1,Bangkok Typhoon + Critical MEL Aircraft,A6-EYF,Hiroshi,Yamamoto,Flight Attendant,Flight Attendant,Junior,8,CABIN,SIN,Cabin,2026-01-09,2027-08-27,B787-10,FLIGHT,2026-01-19T12:13:00Z,2026-01-19T23:08:00Z,10.4,8.4,5.1,16,max_daily:10; max_weekly:60; max_monthly:100,N,10,CONFIRMED,COMPLIANT,N,,,0,,N,N,2.4,4,52,2026-01-19 22:38:00,N
RST-1043,CREW-1043,EY35000,POS-9,FLT-1005,EY25,1,Bangkok Typhoon + Critical MEL Aircraft,A6-EYF,David,Ferrari,Flight Attendant,Flight Attendant,Senior,9,CABIN,JFK,Cabin,2027-03-16,2027-07-20,B787-10,FLIGHT,2026-01-19T12:13:00Z,2026-01-19T23:08:00Z,10.4,8.4,5.1,16,max_daily:10; max_weekly:60; max_monthly:100,N,10,CONFIRMED,COMPLIANT,N,,,0,,N,N,2.4,4,187,2026-01-19 22:38:00,N
RST-1044,CREW-1044,EY22501,POS-10,FLT-1005,EY25,1,Bangkok Typhoon + Critical MEL Aircraft,A6-EYF,Priya,Garcia,Flight Attendant,Flight Attendant,Junior,10,CABIN,JFK,Cabin,2028-06-04,2026-11-27,B787-10,FLIGHT,2026-01-19T12:13:00Z,2026-01-19T23:08:00Z,10.4,8.4,5.1,16,max_daily:10; max_weekly:60; max_monthly:100,N,10,CONFIRMED,COMPLIANT,N,,,0,,N,N,2.4,4,195,2026-01-19 22:38:00,N
RST-1045,CREW-1045,EY96243,POS-1,FLT-1006,EY101,1,Bangkok Typhoon + Critical MEL Aircraft,A6-EYB,Robert,Schmidt,Captain,Captain,Senior,1,COCKPIT,SYD,ATPL,2027-08-13,2026-12-04,A380,FLIGHT,2026-01-19T14:46:00Z,2026-01-20T03:56:00Z,12.7,10.7,0.8,14,max_daily:10; max_weekly:60; max_monthly:100,N,10,CONFIRMED,COMPLIANT,N,,,0,,N,Y,4.7,4,163,2026-01-20 03:26:00,N
RST-1046,CREW-1046,EY48466,POS-2,FLT-1006,EY101,1,Bangkok Typhoon + Critical MEL Aircraft,A6-EYB,Arjun,Wang,First Officer,First Officer,Junior,2,COCKPIT,JFK,ATPL,2026-04-12,2027-10-05,A380,FLIGHT,2026-01-19T14:46:00Z,2026-01-20T03:56:00Z,12.7,10.7,0.8,14,max_daily:10; max_weekly:60; max_monthly:100,N,10,CONFIRMED,COMPLIANT,N,,,0,,N,Y,4.7,4,118,2026-01-20 03:26:00,N
RST-1047,CREW-1047,EY28593,POS-3,FLT-1006,EY101,1,Bangkok Typhoon + Critical MEL Aircraft,A6-EYB,Mei,Williams,Purser,Purser,Junior,3,CABIN,SIN,Cabin,2026-03-26,2026-12-23,A380,FLIGHT,2026-01-19T14:46:00Z,2026-01-20T03:56:00Z,12.7,10.7,2.8,16,max_daily:10; max_weekly:60; max_monthly:100,N,10,CONFIRMED,COMPLIANT,N,,,0,,N,Y,4.7,4,147,2026-01-20 03:26:00,N
RST-1048,CREW-1048,EY18943,POS-4,FLT-1006,EY101,1,Bangkok Typhoon + Critical MEL Aircraft,A6-EYB,Raj,Yamamoto,Flight Attendant,Flight Attendant,Senior,4,CABIN,SYD,Cabin,2027-12-12,2027-05-19,A380,FLIGHT,2026-01-19T14:46:00Z,2026-01-20T03:56:00Z,12.7,10.7,2.8,16,max_daily:10; max_weekly:60; max_monthly:100,N,10,CONFIRMED,COMPLIANT,N,,,0,,N,Y,4.7,4,127,2026-01-20 03:26:00,N
RST-1049,CREW-1049,EY65371,POS-5,FLT-1006,EY101,1,Bangkok Typhoon + Critical MEL Aircraft,A6-EYB,Mei,Ferrari,Flight Attendant,Flight Attendant,Junior,5,CABIN,SYD,Cabin,2028-04-21,2027-07-12,A380,FLIGHT,2026-01-19T14:46:00Z,2026-01-20T03:56:00Z,12.7,10.7,2.8,16,max_daily:10; max_weekly:60; max_monthly:100,N,10,CONFIRMED,COMPLIANT,N,,,0,,N,Y,4.7,4,83,2026-01-20 03:26:00,N
RST-1050,CREW-1050,EY47318,POS-6,FLT-1006,EY101,1,Bangkok Typhoon + Critical MEL Aircraft,A6-EYB,Raj,Singh,Flight Attendant,Flight Attendant,Senior,6,CABIN,LHR,Cabin,2027-06-20,2027-05-24,A380,FLIGHT,2026-01-19T14:46:00Z,2026-01-20T03:56:00Z,12.7,10.7,2.8,16,max_daily:10; max_weekly:60; max_monthly:100,N,10,CONFIRMED,COMPLIANT,N,,,0,,N,Y,4.7,4,85,2026-01-20 03:26:00,N
RST-1051,CREW-1051,EY81676,POS-7,FLT-1006,EY101,1,Bangkok Typhoon + Critical MEL Aircraft,A6-EYB,James,Patel,Flight Attendant,Flight Attendant,Junior,7,CABIN,SIN,Cabin,2026-02-15,2027-01-06,A380,FLIGHT,2026-01-19T14:46:00Z,2026-01-20T03:56:00Z,12.7,10.7,2.8,16,max_daily:10; max_weekly:60; max_monthly:100,N,10,CONFIRMED,COMPLIANT,N,,,0,,N,Y,4.7,4,82,2026-01-20 03:26:00,N
RST-1052,CREW-1052,EY64096,POS-8,FLT-1006,EY101,1,Bangkok Typhoon + Critical MEL Aircraft,A6-EYB,Mohammed,Wang,Flight Attendant,Flight Attendant,Junior,8,CABIN,LHR,Cabin,2027-02-22,2026-06-09,A380,FLIGHT,2026-01-19T14:46:00Z,2026-01-20T03:56:00Z,12.7,10.7,2.8,16,max_daily:10; max_weekly:60; max_monthly:100,N,10,CONFIRMED,COMPLIANT,N,,,0,,N,Y,4.7,4,54,2026-01-20 03:26:00,N
RST-1053,CREW-1053,EY58598,POS-9,FLT-1006,EY101,1,Bangkok Typhoon + Critical MEL Aircraft,A6-EYB,Priya,Ferrari,Flight Attendant,Flight Attendant,Senior,9,CABIN,SIN,Cabin,2028-08-13,2027-06-01,A380,FLIGHT,2026-01-19T14:46:00Z,2026-01-20T03:56:00Z,12.7,10.7,2.8,16,max_daily:10; max_weekly:60; max_monthly:100,N,10,CONFIRMED,COMPLIANT,N,,,0,,N,Y,4.7,4,56,2026-01-20 03:26:00,N
RST-1054,CREW-1054,EY17566,POS-10,FLT-1006,EY101,1,Bangkok Typhoon + Critical MEL Aircraft,A6-EYB,Raj,Mueller,Flight Attendant,Flight Attendant,Junior,10,CABIN,SIN,Cabin,2027-07-23,2027-06-08,A380,FLIGHT,2026-01-19T14:46:00Z,2026-01-20T03:56:00Z,12.7,10.7,2.8,16,max_daily:10; max_weekly:60; max_monthly:100,N,10,CONFIRMED,COMPLIANT,N,,,0,,N,Y,4.7,4,181,2026-01-20 03:26:00,N
RST-1055,CREW-1055,EY35251,POS-11,FLT-1006,EY101,1,Bangkok Typhoon + Critical MEL Aircraft,A6-EYB,Layla,Smith,Flight Attendant,Flight Attendant,Junior,11,CABIN,LHR,Cabin,2028-09-28,2027-04-04,A380,FLIGHT,2026-01-19T14:46:00Z,2026-01-20T03:56:00Z,12.7,10.7,2.8,16,max_daily:10; max_weekly:60; max_monthly:100,N,10,CONFIRMED,COMPLIANT,N,,,0,,N,Y,4.7,4,50,2026-01-20 03:26:00,N
RST-1056,CREW-1056,EY83418,POS-12,FLT-1006,EY101,1,Bangkok Typhoon + Critical MEL Aircraft,A6-EYB,Maryam,Martinez,Flight Attendant,Flight Attendant,Senior,12,CABIN,JFK,Cabin,2027-07-14,2026-03-17,A380,FLIGHT,2026-01-19T14:46:00Z,2026-01-20T03:56:00Z,12.7,10.7,2.8,16,max_daily:10; max_weekly:60; max_monthly:100,N,10,CONFIRMED,COMPLIANT,N,,,0,,N,Y,4.7,4,88,2026-01-20 03:26:00,N
RST-1057,CREW-1057,EY64920,POS-13,FLT-1006,EY101,1,Bangkok Typhoon + Critical MEL Aircraft,A6-EYB,Mohammed,Smith,Flight Attendant,Flight Attendant,Senior,13,CABIN,SIN,Cabin,2026-12-22,2026-02-08,A380,FLIGHT,2026-01-19T14:46:00Z,2026-01-20T03:56:00Z,12.7,10.7,2.8,16,max_daily:10; max_weekly:60; max_monthly:100,N,10,CONFIRMED,COMPLIANT,N,,,0,,N,Y,4.7,4,113,2026-01-20 03:26:00,N
RST-1058,CREW-1058,EY89084,POS-14,FLT-1006,EY101,1,Bangkok Typhoon + Critical MEL Aircraft,A6-EYB,Arjun,Al-Rashid,Flight Attendant,Flight Attendant,Junior,14,CABIN,LHR,Cabin,2026-11-15,2026-08-19,A380,FLIGHT,2026-01-19T14:46:00Z,2026-01-20T03:56:00Z,12.7,10.7,2.8,16,max_daily:10; max_weekly:60; max_monthly:100,N,10,CONFIRMED,COMPLIANT,N,,,0,,N,Y,4.7,4,175,2026-01-20 03:26:00,N
RST-1059,CREW-1059,EY41428,POS-15,FLT-1006,EY101,1,Bangkok Typhoon + Critical MEL Aircraft,A6-EYB,Arjun,Lee,Flight Attendant,Flight Attendant,Senior,15,CABIN,SYD,Cabin,2026-12-03,2027-04-10,A380,FLIGHT,2026-01-19T14:46:00Z,2026-01-20T03:56:00Z,12.7,10.7,2.8,16,max_daily:10; max_weekly:60; max_monthly:100,N,10,CONFIRMED,COMPLIANT,N,,,0,,N,Y,4.7,4,114,2026-01-20 03:26:00,N
RST-1060,CREW-1060,EY44091,POS-16,FLT-1006,EY101,1,Bangkok Typhoon + Critical MEL Aircraft,A6-EYB,John,Singh,Flight Attendant,Flight Attendant,Senior,16,CABIN,SIN,Cabin,2028-01-08,2027-06-17,A380,FLIGHT,2026-01-19T14:46:00Z,2026-01-20T03:56:00Z,12.7,10.7,2.8,16,max_daily:10; max_weekly:60; max_monthly:100,N,10,CONFIRMED,COMPLIANT,N,,,0,,N,Y,4.7,4,97,2026-01-20 03:26:00,N
RST-1061,CREW-1061,EY72633,POS-1,FLT-1007,EY170,1,Bangkok Typhoon + Critical MEL Aircraft,A6-EYQ,Sophia,Al-Rashid,Captain,Captain,Junior,1,COCKPIT,AUH,ATPL,2027-03-22,2026-07-08,A320,FLIGHT,2026-01-19T16:18:00Z,2026-01-20T08:08:00Z,15.3,13.3,-1.8,14,max_daily:10; max_weekly:60; max_monthly:100,Y,12,CONFIRMED,WARNING,N,,,0,,N,Y,7.3,4,95,2026-01-20 07:38:00,N
RST-1062,CREW-1062,EY68180,POS-2,FLT-1007,EY170,1,Bangkok Typhoon + Critical MEL Aircraft,A6-EYQ,Yuki,Wang,First Officer,First Officer,Junior,2,COCKPIT,LHR,ATPL,2027-05-18,2027-12-18,A320,FLIGHT,2026-01-19T16:18:00Z,2026-01-20T08:08:00Z,15.3,13.3,-1.8,14,max_daily:10; max_weekly:60; max_monthly:100,Y,12,CONFIRMED,WARNING,N,,,0,,N,Y,7.3,4,182,2026-01-20 07:38:00,N
RST-1063,CREW-1063,EY63121,POS-3,FLT-1007,EY170,1,Bangkok Typhoon + Critical MEL Aircraft,A6-EYQ,John,Johnson,Purser,Purser,Junior,3,CABIN,SYD,Cabin,2026-08-02,2026-01-05,A320,FLIGHT,2026-01-19T16:18:00Z,2026-01-20T08:08:00Z,15.3,13.3,0.2,16,max_daily:10; max_weekly:60; max_monthly:100,N,10,CONFIRMED,COMPLIANT,N,,,0,,N,Y,7.3,4,58,2026-01-20 07:38:00,N
RST-1064,CREW-1064,EY96140,POS-4,FLT-1007,EY170,1,Bangkok Typhoon + Critical MEL Aircraft,A6-EYQ,Arjun,Yamamoto,Flight Attendant,Flight Attendant,Junior,4,CABIN,AUH,Cabin,2028-11-17,2026-07-13,A320,FLIGHT,2026-01-19T16:18:00Z,2026-01-20T08:08:00Z,15.3,13.3,0.2,16,max_daily:10; max_weekly:60; max_monthly:100,N,10,CONFIRMED,COMPLIANT,N,,,0,,N,Y,7.3,4,155,2026-01-20 07:38:00,N
RST-1065,CREW-1065,EY30035,POS-1,FLT-1008,EY472,1,Bangkok Typhoon + Critical MEL Aircraft,A6-EYH,Sara,Lee,Captain,Captain,Junior,1,COCKPIT,SYD,ATPL,2027-11-19,2026-09-27,B787-10,FLIGHT,2026-01-19T18:45:00Z,2026-01-20T01:50:00Z,6.6,4.6,6.9,14,max_daily:10; max_weekly:60; max_monthly:100,N,10,CONFIRMED,COMPLIANT,N,,,0,,N,N,0.0,4,65,2026-01-20 01:20:00,N
RST-1066,CREW-1066,EY35468,POS-2,FLT-1008,EY472,1,Bangkok Typhoon + Critical MEL Aircraft,A6-EYH,Sophia,Singh,First Officer,First Officer,Senior,2,COCKPIT,LHR,ATPL,2026-10-18,2026-07-02,B787-10,FLIGHT,2026-01-19T18:45:00Z,2026-01-20T01:50:00Z,6.6,4.6,6.9,14,max_daily:10; max_weekly:60; max_monthly:100,N,10,CONFIRMED,COMPLIANT,N,,,0,,N,N,0.0,4,79,2026-01-20 01:20:00,N
RST-1067,CREW-1067,EY33905,POS-3,FLT-1008,EY472,1,Bangkok Typhoon + Critical MEL Aircraft,A6-EYH,Raj,Ferrari,Purser,Purser,Junior,3,CABIN,SYD,Cabin,2027-04-21,2026-11-08,B787-10,FLIGHT,2026-01-19T18:45:00Z,2026-01-20T01:50:00Z,6.6,4.6,8.9,16,max_daily:10; max_weekly:60; max_monthly:100,N,10,CONFIRMED,COMPLIANT,N,,,0,,N,N,0.0,4,80,2026-01-20 01:20:00,N
RST-1068,CREW-1068,EY92192,POS-4,FLT-1008,EY472,1,Bangkok Typhoon + Critical MEL Aircraft,A6-EYH,Aisha,Martinez,Flight Attendant,Flight Attendant,Junior,4,CABIN,AUH,Cabin,2027-12-10,2026-12-26,B787-10,FLIGHT,2026-01-19T18:45:00Z,2026-01-20T01:50:00Z,6.6,4.6,8.9,16,max_daily:10; max_weekly:60; max_monthly:100,N,10,CONFIRMED,COMPLIANT,N,,,0,,N,N,0.0,4,102,2026-01-20 01:20:00,N
RST-1069,CREW-1069,EY88747,POS-5,FLT-1008,EY472,1,Bangkok Typhoon + Critical MEL Aircraft,A6-EYH,Carlos,Tanaka,Flight Attendant,Flight Attendant,Senior,5,CABIN,JFK,Cabin,2026-05-12,2027-03-24,B787-10,FLIGHT,2026-01-19T18:45:00Z,2026-01-20T01:50:00Z,6.6,4.6,8.9,16,max_daily:10; max_weekly:60; max_monthly:100,N,10,CONFIRMED,COMPLIANT,N,,,0,,N,N,0.0,4,147,2026-01-20 01:20:00,N
RST-1070,CREW-1070,EY65944,POS-6,FLT-1008,EY472,1,Bangkok Typhoon + Critical MEL Aircraft,A6-EYH,Mia,Rossi,Flight Attendant,Flight Attendant,Junior,6,CABIN,AUH,Cabin,2026-03-08,2027-04-22,B787-10,FLIGHT,2026-01-19T18:45:00Z,2026-01-20T01:50:00Z,6.6,4.6,8.9,16,max_daily:10; max_weekly:60; max_monthly:100,N,10,CONFIRMED,COMPLIANT,N,,,0,,N,N,0.0,4,198,2026-01-20 01:20:00,N
RST-1071,CREW-1071,EY74135,POS-7,FLT-1008,EY472,1,Bangkok Typhoon + Critical MEL Aircraft,A6-EYH,Raj,Al-Rashid,Flight Attendant,Flight Attendant,Junior,7,CABIN,JFK,Cabin,2027-01-17,2026-03-21,B787-10,FLIGHT,2026-01-19T18:45:00Z,2026-01-20T01:50:00Z,6.6,4.6,8.9,16,max_daily:10; max_weekly:60; max_monthly:100,N,10,CONFIRMED,COMPLIANT,N,,,0,,N,N,0.0,4,141,2026-01-20 01:20:00,N
RST-1072,CREW-1072,EY93851,POS-8,FLT-1008,EY472,1,Bangkok Typhoon + Critical MEL Aircraft,A6-EYH,Hassan,Williams,Flight Attendant,Flight Attendant,Senior,8,CABIN,SIN,Cabin,2028-06-18,2026-09-05,B787-10,FLIGHT,2026-01-19T18:45:00Z,2026-01-20T01:50:00Z,6.6,4.6,8.9,16,max_daily:10; max_weekly:60; max_monthly:100,N,10,CONFIRMED,COMPLIANT,N,,,0,,N,N,0.0,4,126,2026-01-20 01:20:00,N
RST-1073,CREW-1073,EY64887,POS-9,FLT-1008,EY472,1,Bangkok Typhoon + Critical MEL Aircraft,A6-EYH,James,Garcia,Flight Attendant,Flight Attendant,Junior,9,CABIN,JFK,Cabin,2026-10-24,2026-09-03,B787-10,FLIGHT,2026-01-19T18:45:00Z,2026-01-20T01:50:00Z,6.6,4.6,8.9,16,max_daily:10; max_weekly:60; max_monthly:100,N,10,CONFIRMED,COMPLIANT,N,,,0,,N,N,0.0,4,156,2026-01-20 01:20:00,N
RST-1074,CREW-1074,EY92650,POS-10,FLT-1008,EY472,1,Bangkok Typhoon + Critical MEL Aircraft,A6-EYH,Priya,Kim,Flight Attendant,Flight Attendant,Junior,10,CABIN,JFK,Cabin,2026-01-22,2027-07-03,B787-10,FLIGHT,2026-01-19T18:45:00Z,2026-01-20T01:50:00Z,6.6,4.6,8.9,16,max_daily:10; max_weekly:60; max_monthly:100,N,10,CONFIRMED,COMPLIANT,N,,,0,,N,N,0.0,4,101,2026-01-20 01:20:00,N
RST-1075,CREW-1075,EY57408,POS-1,FLT-1009,EY313,1,Bangkok Typhoon + Critical MEL Aircraft,A6-EYN,Raj,Rossi,Captain,Captain,Junior,1,COCKPIT,JFK,ATPL,2026-03-26,2027-11-19,A321LR,FLIGHT,2026-01-19T20:17:00Z,2026-01-20T09:02:00Z,12.2,10.2,1.2,14,max_daily:10; max_weekly:60; max_monthly:100,N,10,CONFIRMED,COMPLIANT,N,,,0,,N,Y,4.2,4,186,2026-01-20 08:32:00,N
RST-1076,CREW-1076,EY81828,POS-2,FLT-1009,EY313,1,Bangkok Typhoon + Critical MEL Aircraft,A6-EYN,Yuki,Schmidt,First Officer,First Officer,Junior,2,COCKPIT,SIN,ATPL,2028-12-03,2026-06-22,A321LR,FLIGHT,2026-01-19T20:17:00Z,2026-01-20T09:02:00Z,12.2,10.2,1.2,14,max_daily:10; max_weekly:60; max_monthly:100,N,10,CONFIRMED,COMPLIANT,N,,,0,,N,Y,4.2,4,60,2026-01-20 08:32:00,N
RST-1077,CREW-1077,EY30528,POS-3,FLT-1009,EY313,1,Bangkok Typhoon + Critical MEL Aircraft,A6-EYN,Michael,Mueller,Purser,Purser,Junior,3,CABIN,SYD,Cabin,2026-09-22,2026-12-10,A321LR,FLIGHT,2026-01-19T20:17:00Z,2026-01-20T09:02:00Z,12.2,10.2,3.2,16,max_daily:10; max_weekly:60; max_monthly:100,N,10,CONFIRMED,COMPLIANT,N,,,0,,N,Y,4.2,4,82,2026-01-20 08:32:00,N
RST-1078,CREW-1078,EY45297,POS-4,FLT-1009,EY313,1,Bangkok Typhoon + Critical MEL Aircraft,A6-EYN,Michael,Ferrari,Flight Attendant,Flight Attendant,Junior,4,CABIN,SYD,Cabin,2026-01-26,2027-05-15,A321LR,FLIGHT,2026-01-19T20:17:00Z,2026-01-20T09:02:00Z,12.2,10.2,3.2,16,max_daily:10; max_weekly:60; max_monthly:100,N,10,CONFIRMED,COMPLIANT,N,,,0,,N,Y,4.2,4,93,2026-01-20 08:32:00,N
RST-1079,CREW-1079,EY83809,POS-5,FLT-1009,EY313,1,Bangkok Typhoon + Critical MEL Aircraft,A6-EYN,Ananya,Smith,Flight Attendant,Flight Attendant,Junior,5,CABIN,SIN,Cabin,2026-11-08,2026-12-21,A321LR,FLIGHT,2026-01-19T20:17:00Z,2026-01-20T09:02:00Z,12.2,10.2,3.2,16,max_daily:10; max_weekly:60; max_monthly:100,N,10,CONFIRMED,COMPLIANT,N,,,0,,N,Y,4.2,4,189,2026-01-20 08:32:00,N
RST-1080,CREW-1080,EY55784,POS-6,FLT-1009,EY313,1,Bangkok Typhoon + Critical MEL Aircraft,A6-EYN,Sara,Yamamoto,Flight Attendant,Flight Attendant,Junior,6,CABIN,AUH,Cabin,2027-05-13,2027-04-24,A321LR,FLIGHT,2026-01-19T20:17:00Z,2026-01-20T09:02:00Z,12.2,10.2,3.2,16,max_daily:10; max_weekly:60; max_monthly:100,N,10,CONFIRMED,COMPLIANT,N,,,0,,N,Y,4.2,4,121,2026-01-20 08:32:00,N
RST-1081,CREW-1081,EY44124,POS-1,FLT-1010,EY424,1,Bangkok Typhoon + Critical MEL Aircraft,A6-EYO,Ananya,Kim,Captain,Captain,Junior,1,COCKPIT,SIN,ATPL,2028-09-13,2026-03-11,A321LR,FLIGHT,2026-01-19T04:22:00Z,2026-01-19T13:22:00Z,8.5,6.5,5.0,14,max_daily:10; max_weekly:60; max_monthly:100,N,10,CONFIRMED,COMPLIANT,N,,,0,,N,N,0.5,4,150,2026-01-19 12:52:00,N
RST-1082,CREW-1082,EY53673,POS-2,FLT-1010,EY424,1,Bangkok Typhoon + Critical MEL Aircraft,A6-EYO,Olivia,Kim,First Officer,First Officer,Junior,2,COCKPIT,SIN,ATPL,2028-10-02,2027-05-09,A321LR,FLIGHT,2026-01-19T04:22:00Z,2026-01-19T13:22:00Z,8.5,6.5,5.0,14,max_daily:10; max_weekly:60; max_monthly:100,N,10,CONFIRMED,COMPLIANT,N,,,0,,N,N,0.5,4,156,2026-01-19 12:52:00,N
RST-1083,CREW-1083,EY56379,POS-3,FLT-1010,EY424,1,Bangkok Typhoon + Critical MEL Aircraft,A6-EYO,Hiroshi,Johnson,Purser,Purser,Senior,3,CABIN,SIN,Cabin,2026-05-18,2027-04-10,A321LR,FLIGHT,2026-01-19T04:22:00Z,2026-01-19T13:22:00Z,8.5,6.5,7.0,16,max_daily:10; max_weekly:60; max_monthly:100,N,10,CONFIRMED,COMPLIANT,N,,,0,,N,N,0.5,4,152,2026-01-19 12:52:00,N
RST-1084,CREW-1084,EY68024,POS-4,FLT-1010,EY424,1,Bangkok Typhoon + Critical MEL Aircraft,A6-EYO,Sophia,Brown,Flight Attendant,Flight Attendant,Junior,4,CABIN,AUH,Cabin,2026-02-18,2026-04-08,A321LR,FLIGHT,2026-01-19T04:22:00Z,2026-01-19T13:22:00Z,8.5,6.5,7.0,16,max_daily:10; max_weekly:60; max_monthly:100,N,10,CONFIRMED,COMPLIANT,N,,,0,,N,N,0.5,4,127,2026-01-19 12:52:00,N
RST-1085,CREW-1085,EY67236,POS-5,FLT-1010,EY424,1,Bangkok Typhoon + Critical MEL Aircraft,A6-EYO,Robert,Martinez,Flight Attendant,Flight Attendant,Senior,5,CABIN,AUH,Cabin,2027-04-03,2026-10-11,A321LR,FLIGHT,2026-01-19T04:22:00Z,2026-01-19T13:22:00Z,8.5,6.5,7.0,16,max_daily:10; max_weekly:60; max_monthly:100,N,10,CONFIRMED,COMPLIANT,N,,,0,,N,N,0.5,4,56,2026-01-19 12:52:00,N
RST-1086,CREW-1086,EY27236,POS-6,FLT-1010,EY424,1,Bangkok Typhoon + Critical MEL Aircraft,A6-EYO,Mia,Johnson,Flight Attendant,Flight Attendant,Junior,6,CABIN,JFK,Cabin,2026-05-02,2026-05-18,A321LR,FLIGHT,2026-01-19T04:22:00Z,2026-01-19T13:22:00Z,8.5,6.5,7.0,16,max_daily:10; max_weekly:60; max_monthly:100,N,10,CONFIRMED,COMPLIANT,N,,,0,,N,N,0.5,4,56,2026-01-19 12:52:00,N
RST-1087,CREW-1087,EY43035,POS-1,FLT-1011,EY8184,2,London Fog + Multiple Aircraft AOG,A6-EYK,Layla,Khan,Captain,Captain,Junior,1,COCKPIT,SIN,ATPL,2028-02-24,2027-01-07,A350,FLIGHT,2026-01-20T04:41:00Z,2026-01-20T19:11:00Z,14.0,12.0,-0.5,14,max_daily:10; max_weekly:60; max_monthly:100,Y,12,CONFIRMED,WARNING,N,,,0,,N,Y,6.0,4,84,2026-01-20 18:41:00,N
RST-1088,CREW-1088,EY45914,POS-2,FLT-1011,EY8184,2,London Fog + Multiple Aircraft AOG,A6-EYK,Arjun,Yamamoto,First Officer,First Officer,Junior,2,COCKPIT,JFK,ATPL,2027-11-09,2026-11-01,A350,FLIGHT,2026-01-20T04:41:00Z,2026-01-20T19:11:00Z,14.0,12.0,-0.5,14,max_daily:10; max_weekly:60; max_monthly:100,Y,12,CONFIRMED,WARNING,N,,,0,,N,Y,6.0,4,105,2026-01-20 18:41:00,N
RST-1089,CREW-1089,EY36846,POS-3,FLT-1011,EY8184,2,London Fog + Multiple Aircraft AOG,A6-EYK,David,Mueller,Purser,Purser,Junior,3,CABIN,LHR,Cabin,2026-02-10,2026-01-13,A350,FLIGHT,2026-01-20T04:41:00Z,2026-01-20T19:11:00Z,14.0,12.0,1.5,16,max_daily:10; max_weekly:60; max_monthly:100,N,10,CONFIRMED,COMPLIANT,N,,,0,,N,Y,6.0,4,57,2026-01-20 18:41:00,N
RST-1090,CREW-1090,EY57851,POS-4,FLT-1011,EY8184,2,London Fog + Multiple Aircraft AOG,A6-EYK,Arjun,Kim,Flight Attendant,Flight Attendant,Senior,4,CABIN,SYD,Cabin,2027-12-12,2027-09-27,A350,FLIGHT,2026-01-20T04:41:00Z,2026-01-20T19:11:00Z,14.0,12.0,1.5,16,max_daily:10; max_weekly:60; max_monthly:100,N,10,CONFIRMED,COMPLIANT,N,,,0,,N,Y,6.0,4,64,2026-01-20 18:41:00,N
RST-1091,CREW-1091,EY89984,POS-5,FLT-1011,EY8184,2,London Fog + Multiple Aircraft AOG,A6-EYK,Maria,Ferrari,Flight Attendant,Flight Attendant,Junior,5,CABIN,AUH,Cabin,2026-11-09,2026-12-02,A350,FLIGHT,2026-01-20T04:41:00Z,2026-01-20T19:11:00Z,14.0,12.0,1.5,16,max_daily:10; max_weekly:60; max_monthly:100,N,10,CONFIRMED,COMPLIANT,N,,,0,,N,Y,6.0,4,97,2026-01-20 18:41:00,N
RST-1092,CREW-1092,EY19414,POS-6,FLT-1011,EY8184,2,London Fog + Multiple Aircraft AOG,A6-EYK,Mia,Khan,Flight Attendant,Flight Attendant,Junior,6,CABIN,JFK,Cabin,2026-10-10,2026-11-21,A350,FLIGHT,2026-01-20T04:41:00Z,2026-01-20T19:11:00Z,14.0,12.0,1.5,16,max_daily:10; max_weekly:60; max_monthly:100,N,10,CONFIRMED,COMPLIANT,N,,,0,,N,Y,6.0,4,164,2026-01-20 18:41:00,N
RST-1093,CREW-1093,EY78986,POS-7,FLT-1011,EY8184,2,London Fog + Multiple Aircraft AOG,A6-EYK,Raj,Lee,Flight Attendant,Flight Attendant,Junior,7,CABIN,SYD,Cabin,2026-05-16,2027-11-03,A350,FLIGHT,2026-01-20T04:41:00Z,2026-01-20T19:11:00Z,14.0,12.0,1.5,16,max_daily:10; max_weekly:60; max_monthly:100,N,10,CONFIRMED,COMPLIANT,N,,,0,,N,Y,6.0,4,122,2026-01-20 18:41:00,N
RST-1094,CREW-1094,EY60654,POS-8,FLT-1011,EY8184,2,London Fog + Multiple Aircraft AOG,A6-EYK,Priya,Wang,Flight Attendant,Flight Attendant,Senior,8,CABIN,SIN,Cabin,2026-12-18,2026-03-08,A350,FLIGHT,2026-01-20T04:41:00Z,2026-01-20T19:11:00Z,14.0,12.0,1.5,16,max_daily:10; max_weekly:60; max_monthly:100,N,10,CONFIRMED,COMPLIANT,N,,,0,,N,Y,6.0,4,179,2026-01-20 18:41:00,N
RST-1095,CREW-1095,EY88707,POS-9,FLT-1011,EY8184,2,London Fog + Multiple Aircraft AOG,A6-EYK,Arjun,Smith,Flight Attendant,Flight Attendant,Junior,9,CABIN,JFK,Cabin,2026-09-23,2027-02-17,A350,FLIGHT,2026-01-20T04:41:00Z,2026-01-20T19:11:00Z,14.0,12.0,1.5,16,max_daily:10; max_weekly:60; max_monthly:100,N,10,CONFIRMED,COMPLIANT,N,,,0,,N,Y,6.0,4,187,2026-01-20 18:41:00,N
RST-1096,CREW-1096,EY56325,POS-10,FLT-1011,EY8184,2,London Fog + Multiple Aircraft AOG,A6-EYK,Aisha,Patel,Flight Attendant,Flight Attendant,Junior,10,CABIN,JFK,Cabin,2026-12-13,2027-01-12,A350,FLIGHT,2026-01-20T04:41:00Z,2026-01-20T19:11:00Z,14.0,12.0,1.5,16,max_daily:10; max_weekly:60; max_monthly:100,N,10,CONFIRMED,COMPLIANT,N,,,0,,N,Y,6.0,4,63,2026-01-20 18:41:00,N
RST-1097,CREW-1097,EY85718,POS-11,FLT-1011,EY8184,2,London Fog + Multiple Aircraft AOG,A6-EYK,Raj,Garcia,Flight Attendant,Flight Attendant,Senior,11,CABIN,AUH,Cabin,2028-07-22,2027-11-02,A350,FLIGHT,2026-01-20T04:41:00Z,2026-01-20T19:11:00Z,14.0,12.0,1.5,16,max_daily:10; max_weekly:60; max_monthly:100,N,10,CONFIRMED,COMPLIANT,N,,,0,,N,Y,6.0,4,128,2026-01-20 18:41:00,N
RST-1098,CREW-1098,EY35284,POS-12,FLT-1011,EY8184,2,London Fog + Multiple Aircraft AOG,A6-EYK,Aisha,Al-Rashid,Flight Attendant,Flight Attendant,Junior,12,CABIN,AUH,Cabin,2027-12-22,2027-01-05,A350,FLIGHT,2026-01-20T04:41:00Z,2026-01-20T19:11:00Z,14.0,12.0,1.5,16,max_daily:10; max_weekly:60; max_monthly:100,N,10,CONFIRMED,COMPLIANT,N,,,0,,N,Y,6.0,4,67,2026-01-20 18:41:00,N
RST-1099,CREW-1099,EY40810,POS-1,FLT-1012,EY6268,2,London Fog + Multiple Aircraft AOG,A6-EYL,Hiroshi,Chen,Captain,Captain,Junior,1,COCKPIT,JFK,ATPL,2028-10-26,2027-11-11,A350,FLIGHT,2026-01-20T06:08:00Z,2026-01-20T17:38:00Z,11.0,9.0,2.5,14,max_daily:10; max_weekly:60; max_monthly:100,N,10,CONFIRMED,COMPLIANT,N,,,0,,N,N,3.0,4,174,2026-01-20 17:08:00,Y
RST-1100,CREW-1100,EY44213,POS-2,FLT-1012,EY6268,2,London Fog + Multiple Aircraft AOG,A6-EYL,Raj,Yamamoto,First Officer,First Officer,Junior,2,COCKPIT,LHR,ATPL,2026-03-19,2027-12-21,A350,FLIGHT,2026-01-20T06:08:00Z,2026-01-20T17:38:00Z,11.0,9.0,2.5,14,max_daily:10; max_weekly:60; max_monthly:100,N,10,CONFIRMED,COMPLIANT,N,,,0,,N,N,3.0,4,139,2026-01-20 17:08:00,Y
RST-1101,CREW-1101,EY33043,POS-3,FLT-1012,EY6268,2,London Fog + Multiple Aircraft AOG,A6-EYL,Layla,Wang,Purser,Purser,Junior,3,CABIN,SYD,Cabin,2026-09-23,2027-12-07,A350,FLIGHT,2026-01-20T06:08:00Z,2026-01-20T17:38:00Z,11.0,9.0,4.5,16,max_daily:10; max_weekly:60; max_monthly:100,N,10,CONFIRMED,COMPLIANT,N,,,0,,N,N,3.0,4,138,2026-01-20 17:08:00,Y
RST-1102,CREW-1102,EY89541,POS-4,FLT-1012,EY6268,2,London Fog + Multiple Aircraft AOG,A6-EYL,Yuki,Al-Rashid,Flight Attendant,Flight Attendant,Junior,4,CABIN,LHR,Cabin,2027-10-22,2026-11-15,A350,FLIGHT,2026-01-20T06:08:00Z,2026-01-20T17:38:00Z,11.0,9.0,4.5,16,max_daily:10; max_weekly:60; max_monthly:100,N,10,CONFIRMED,COMPLIANT,N,,,0,,N,N,3.0,4,174,2026-01-20 17:08:00,Y
RST-1103,CREW-1103,EY47128,POS-5,FLT-1012,EY6268,2,London Fog + Multiple Aircraft AOG,A6-EYL,Mia,Smith,Flight Attendant,Flight Attendant,Senior,5,CABIN,SIN,Cabin,2028-07-06,2027-06-28,A350,FLIGHT,2026-01-20T06:08:00Z,2026-01-20T17:38:00Z,11.0,9.0,4.5,16,max_daily:10; max_weekly:60; max_monthly:100,N,10,CONFIRMED,COMPLIANT,N,,,0,,N,N,3.0,4,196,2026-01-20 17:08:00,Y
RST-1104,CREW-1104,EY43276,POS-6,FLT-1012,EY6268,2,London Fog + Multiple Aircraft AOG,A6-EYL,Olivia,Tanaka,Flight Attendant,Flight Attendant,Junior,6,CABIN,AUH,Cabin,2027-12-24,2027-04-20,A350,FLIGHT,2026-01-20T06:08:00Z,2026-01-20T17:38:00Z,11.0,9.0,4.5,16,max_daily:10; max_weekly:60; max_monthly:100,N,10,CONFIRMED,COMPLIANT,N,,,0,,N,N,3.0,4,90,2026-01-20 17:08:00,Y
RST-1105,CREW-1105,EY96671,POS-7,FLT-1012,EY6268,2,London Fog + Multiple Aircraft AOG,A6-EYL,Hiroshi,Al-Rashid,Flight Attendant,Flight Attendant,Senior,7,CABIN,SYD,Cabin,2027-07-14,2026-06-09,A350,FLIGHT,2026-01-20T06:08:00Z,2026-01-20T17:38:00Z,11.0,9.0,4.5,16,max_daily:10; max_weekly:60; max_monthly:100,N,10,CONFIRMED,COMPLIANT,N,,,0,,N,N,3.0,4,172,2026-01-20 17:08:00,Y
RST-1106,CREW-1106,EY82963,POS-8,FLT-1012,EY6268,2,London Fog + Multiple Aircraft AOG,A6-EYL,Maryam,Mueller,Flight Attendant,Flight Attendant,Junior,8,CABIN,SYD,Cabin,2028-10-09,2027-04-15,A350,FLIGHT,2026-01-20T06:08:00Z,2026-01-20T17:38:00Z,11.0,9.0,4.5,16,max_daily:10; max_weekly:60; max_monthly:100,N,10,CONFIRMED,COMPLIANT,N,,,0,,N,N,3.0,4,110,2026-01-20 17:08:00,Y
RST-1107,CREW-1107,EY38678,POS-9,FLT-1012,EY6268,2,London Fog + Multiple Aircraft AOG,A6-EYL,David,Rossi,Flight Attendant,Flight Attendant,Junior,9,CABIN,AUH,Cabin,2028-01-17,2027-07-05,A350,FLIGHT,2026-01-20T06:08:00Z,2026-01-20T17:38:00Z,11.0,9.0,4.5,16,max_daily:10; max_weekly:60; max_monthly:100,N,10,CONFIRMED,COMPLIANT,N,,,0,,N,N,3.0,4,156,2026-01-20 17:08:00,Y
RST-1108,CREW-1108,EY94879,POS-10,FLT-1012,EY6268,2,London Fog + Multiple Aircraft AOG,A6-EYL,Sophia,Khan,Flight Attendant,Flight Attendant,Senior,10,CABIN,JFK,Cabin,2028-08-14,2027-11-10,A350,FLIGHT,2026-01-20T06:08:00Z,2026-01-20T17:38:00Z,11.0,9.0,4.5,16,max_daily:10; max_weekly:60; max_monthly:100,N,10,CONFIRMED,COMPLIANT,N,,,0,,N,N,3.0,4,120,2026-01-20 17:08:00,Y
RST-1109,CREW-1109,EY83520,POS-11,FLT-1012,EY6268,2,London Fog + Multiple Aircraft AOG,A6-EYL,Aisha,Wang,Flight Attendant,Flight Attendant,Junior,11,CABIN,LHR,Cabin,2027-09-09,2027-04-20,A350,FLIGHT,2026-01-20T06:08:00Z,2026-01-20T17:38:00Z,11.0,9.0,4.5,16,max_daily:10; max_weekly:60; max_monthly:100,N,10,CONFIRMED,COMPLIANT,N,,,0,,N,N,3.0,4,124,2026-01-20 17:08:00,Y
RST-1110,CREW-1110,EY71980,POS-12,FLT-1012,EY6268,2,London Fog + Multiple Aircraft AOG,A6-EYL,Olivia,Mueller,Flight Attendant,Flight Attendant,Senior,12,CABIN,LHR,Cabin,2026-11-09,2027-08-20,A350,FLIGHT,2026-01-20T06:08:00Z,2026-01-20T17:38:00Z,11.0,9.0,4.5,16,max_daily:10; max_weekly:60; max_monthly:100,N,10,CONFIRMED,COMPLIANT,N,,,0,,N,N,3.0,4,58,2026-01-20 17:08:00,Y
RST-1111,CREW-1111,EY73624,POS-1,FLT-1013,EY25,2,London Fog + Multiple Aircraft AOG,A6-EYF,Sara,Smith,Captain,Captain,Junior,1,COCKPIT,LHR,ATPL,2027-06-07,2027-03-03,B787-10,FLIGHT,2026-01-20T08:27:00Z,2026-01-21T02:57:00Z,18.0,16.0,-4.5,14,max_daily:10; max_weekly:60; max_monthly:100,Y,12,CONFIRMED,WARNING,N,,,0,,N,Y,10.0,4,112,2026-01-21 02:27:00,Y
RST-1112,CREW-1112,EY47802,POS-2,FLT-1013,EY25,2,London Fog + Multiple Aircraft AOG,A6-EYF,Mia,Al-Rashid,First Officer,First Officer,Senior,2,COCKPIT,LHR,ATPL,2028-09-01,2026-09-20,B787-10,FLIGHT,2026-01-20T08:27:00Z,2026-01-21T02:57:00Z,18.0,16.0,-4.5,14,max_daily:10; max_weekly:60; max_monthly:100,Y,12,CONFIRMED,WARNING,N,,,0,,N,Y,10.0,4,200,2026-01-21 02:27:00,Y
RST-1113,CREW-1113,EY72844,POS-3,FLT-1013,EY25,2,London Fog + Multiple Aircraft AOG,A6-EYF,Maryam,Wang,Purser,Purser,Junior,3,CABIN,LHR,Cabin,2027-05-13,2027-03-23,B787-10,FLIGHT,2026-01-20T08:27:00Z,2026-01-21T02:57:00Z,18.0,16.0,-2.5,16,max_daily:10; max_weekly:60; max_monthly:100,Y,12,CONFIRMED,WARNING,N,,,0,,N,Y,10.0,4,172,2026-01-21 02:27:00,Y
RST-1114,CREW-1114,EY96033,POS-4,FLT-1013,EY25,2,London Fog + Multiple Aircraft AOG,A6-EYF,Yuki,Johnson,Flight Attendant,Flight Attendant,Junior,4,CABIN,LHR,Cabin,2027-11-16,2027-09-22,B787-10,FLIGHT,2026-01-20T08:27:00Z,2026-01-21T02:57:00Z,18.0,16.0,-2.5,16,max_daily:10; max_weekly:60; max_monthly:100,Y,12,CONFIRMED,WARNING,N,,,0,,N,Y,10.0,4,130,2026-01-21 02:27:00,Y
RST-1115,CREW-1115,EY61444,POS-5,FLT-1013,EY25,2,London Fog + Multiple Aircraft AOG,A6-EYF,Fatima,Khan,Flight Attendant,Flight Attendant,Junior,5,CABIN,SYD,Cabin,2026-01-21,2027-02-16,B787-10,FLIGHT,2026-01-20T08:27:00Z,2026-01-21T02:57:00Z,18.0,16.0,-2.5,16,max_daily:10; max_weekly:60; max_monthly:100,Y,12,CONFIRMED,WARNING,N,,,0,,N,Y,10.0,4,158,2026-01-21 02:27:00,Y
RST-1116,CREW-1116,EY12029,POS-6,FLT-1013,EY25,2,London Fog + Multiple Aircraft AOG,A6-EYF,Mohammed,Schmidt,Flight Attendant,Flight Attendant,Junior,6,CABIN,AUH,Cabin,2027-10-28,2027-12-21,B787-10,FLIGHT,2026-01-20T08:27:00Z,2026-01-21T02:57:00Z,18.0,16.0,-2.5,16,max_daily:10; max_weekly:60; max_monthly:100,Y,12,CONFIRMED,WARNING,N,,,0,,N,Y,10.0,4,159,2026-01-21 02:27:00,Y
RST-1117,CREW-1117,EY29811,POS-7,FLT-1013,EY25,2,London Fog + Multiple Aircraft AOG,A6-EYF,Yusuf,Johnson,Flight Attendant,Flight Attendant,Senior,7,CABIN,JFK,Cabin,2027-04-23,2027-08-08,B787-10,FLIGHT,2026-01-20T08:27:00Z,2026-01-21T02:57:00Z,18.0,16.0,-2.5,16,max_daily:10; max_weekly:60; max_monthly:100,Y,12,CONFIRMED,WARNING,N,,,0,,N,Y,10.0,4,104,2026-01-21 02:27:00,Y
RST-1118,CREW-1118,EY64170,POS-8,FLT-1013,EY25,2,London Fog + Multiple Aircraft AOG,A6-EYF,Mia,Garcia,Flight Attendant,Flight Attendant,Junior,8,CABIN,SYD,Cabin,2026-03-12,2027-06-12,B787-10,FLIGHT,2026-01-20T08:27:00Z,2026-01-21T02:57:00Z,18.0,16.0,-2.5,16,max_daily:10; max_weekly:60; max_monthly:100,Y,12,CONFIRMED,WARNING,N,,,0,,N,Y,10.0,4,129,2026-01-21 02:27:00,Y
RST-1119,CREW-1119,EY47539,POS-9,FLT-1013,EY25,2,London Fog + Multiple Aircraft AOG,A6-EYF,Yusuf,Brown,Flight Attendant,Flight Attendant,Junior,9,CABIN,AUH,Cabin,2027-12-21,2027-07-21,B787-10,FLIGHT,2026-01-20T08:27:00Z,2026-01-21T02:57:00Z,18.0,16.0,-2.5,16,max_daily:10; max_weekly:60; max_monthly:100,Y,12,CONFIRMED,WARNING,N,,,0,,N,Y,10.0,4,173,2026-01-21 02:27:00,Y
RST-1120,CREW-1120,EY40369,POS-10,FLT-1013,EY25,2,London Fog + Multiple Aircraft AOG,A6-EYF,Omar,Mueller,Flight Attendant,Flight Attendant,Junior,10,CABIN,LHR,Cabin,2027-03-12,2027-02-27,B787-10,FLIGHT,2026-01-20T08:27:00Z,2026-01-21T02:57:00Z,18.0,16.0,-2.5,16,max_daily:10; max_weekly:60; max_monthly:100,Y,12,CONFIRMED,WARNING,N,,,0,,N,Y,10.0,4,70,2026-01-21 02:27:00,Y
RST-1121,CREW-1121,EY77120,POS-1,FLT-1014,EY19,2,London Fog + Multiple Aircraft AOG,A6-EYG,Layla,Brown,Captain,Captain,Junior,1,COCKPIT,JFK,ATPL,2027-02-15,2027-05-06,B787-10,FLIGHT,2026-01-20T10:31:00Z,2026-01-20T22:01:00Z,11.0,9.0,2.5,14,max_daily:10; max_weekly:60; max_monthly:100,N,10,CONFIRMED,COMPLIANT,N,,,0,,N,N,3.0,4,79,2026-01-20 21:31:00,Y
RST-1122,CREW-1122,EY46749,POS-2,FLT-1014,EY19,2,London Fog + Multiple Aircraft AOG,A6-EYG,Isabella,Al-Rashid,First Officer,First Officer,Senior,2,COCKPIT,SYD,ATPL,2027-08-15,2026-10-03,B787-10,FLIGHT,2026-01-20T10:31:00Z,2026-01-20T22:01:00Z,11.0,9.0,2.5,14,max_daily:10; max_weekly:60; max_monthly:100,N,10,CONFIRMED,COMPLIANT,N,,,0,,N,N,3.0,4,126,2026-01-20 21:31:00,Y
RST-1123,CREW-1123,EY42558,POS-3,FLT-1014,EY19,2,London Fog + Multiple Aircraft AOG,A6-EYG,Priya,Kim,Purser,Purser,Junior,3,CABIN,LHR,Cabin,2027-08-02,2026-03-02,B787-10,FLIGHT,2026-01-20T10:31:00Z,2026-01-20T22:01:00Z,11.0,9.0,4.5,16,max_daily:10; max_weekly:60; max_monthly:100,N,10,CONFIRMED,COMPLIANT,N,,,0,,N,N,3.0,4,139,2026-01-20 21:31:00,Y
RST-1124,CREW-1124,EY13733,POS-4,FLT-1014,EY19,2,London Fog + Multiple Aircraft AOG,A6-EYG,Olivia,Williams,Flight Attendant,Flight Attendant,Senior,4,CABIN,SIN,Cabin,2028-12-26,2027-02-11,B787-10,FLIGHT,2026-01-20T10:31:00Z,2026-01-20T22:01:00Z,11.0,9.0,4.5,16,max_daily:10; max_weekly:60; max_monthly:100,N,10,CONFIRMED,COMPLIANT,N,,,0,,N,N,3.0,4,181,2026-01-20 21:31:00,Y
RST-1125,CREW-1125,EY92312,POS-5,FLT-1014,EY19,2,London Fog + Multiple Aircraft AOG,A6-EYG,Arjun,Johnson,Flight Attendant,Flight Attendant,Junior,5,CABIN,LHR,Cabin,2027-08-11,2026-05-05,B787-10,FLIGHT,2026-01-20T10:31:00Z,2026-01-20T22:01:00Z,11.0,9.0,4.5,16,max_daily:10; max_weekly:60; max_monthly:100,N,10,CONFIRMED,COMPLIANT,N,,,0,,N,N,3.0,4,126,2026-01-20 21:31:00,Y
RST-1126,CREW-1126,EY51593,POS-6,FLT-1014,EY19,2,London Fog + Multiple Aircraft AOG,A6-EYG,Mei,Al-Rashid,Flight Attendant,Flight Attendant,Junior,6,CABIN,SIN,Cabin,2027-07-08,2026-06-25,B787-10,FLIGHT,2026-01-20T10:31:00Z,2026-01-20T22:01:00Z,11.0,9.0,4.5,16,max_daily:10; max_weekly:60; max_monthly:100,N,10,CONFIRMED,COMPLIANT,N,,,0,,N,N,3.0,4,175,2026-01-20 21:31:00,Y
RST-1127,CREW-1127,EY45345,POS-7,FLT-1014,EY19,2,London Fog + Multiple Aircraft AOG,A6-EYG,John,Smith,Flight Attendant,Flight Attendant,Junior,7,CABIN,LHR,Cabin,2027-07-14,2026-11-06,B787-10,FLIGHT,2026-01-20T10:31:00Z,2026-01-20T22:01:00Z,11.0,9.0,4.5,16,max_daily:10; max_weekly:60; max_monthly:100,N,10,CONFIRMED,COMPLIANT,N,,,0,,N,N,3.0,4,50,2026-01-20 21:31:00,Y
RST-1128,CREW-1128,EY95251,POS-8,FLT-1014,EY19,2,London Fog + Multiple Aircraft AOG,A6-EYG,Robert,Martinez,Flight Attendant,Flight Attendant,Junior,8,CABIN,SIN,Cabin,2028-03-27,2027-06-02,B787-10,FLIGHT,2026-01-20T10:31:00Z,2026-01-20T22:01:00Z,11.0,9.0,4.5,16,max_daily:10; max_weekly:60; max_monthly:100,N,10,CONFIRMED,COMPLIANT,N,,,0,,N,N,3.0,4,171,2026-01-20 21:31:00,Y
RST-1129,CREW-1129,EY63899,POS-9,FLT-1014,EY19,2,London Fog + Multiple Aircraft AOG,A6-EYG,Emma,Schmidt,Flight Attendant,Flight Attendant,Junior,9,CABIN,SIN,Cabin,2027-04-09,2026-09-07,B787-10,FLIGHT,2026-01-20T10:31:00Z,2026-01-20T22:01:00Z,11.0,9.0,4.5,16,max_daily:10; max_weekly:60; max_monthly:100,N,10,CONFIRMED,COMPLIANT,N,,,0,,N,N,3.0,4,189,2026-01-20 21:31:00,Y
RST-1130,CREW-1130,EY55620,POS-10,FLT-1014,EY19,2,London Fog + Multiple Aircraft AOG,A6-EYG,Isabella,Al-Rashid,Flight Attendant,Flight Attendant,Junior,10,CABIN,AUH,Cabin,2026-06-18,2027-04-14,B787-10,FLIGHT,2026-01-20T10:31:00Z,2026-01-20T22:01:00Z,11.0,9.0,4.5,16,max_daily:10; max_weekly:60; max_monthly:100,N,10,CONFIRMED,COMPLIANT,N,,,0,,N,N,3.0,4,147,2026-01-20 21:31:00,Y
RST-1131,CREW-1131,EY95193,POS-1,FLT-1015,EY11,2,London Fog + Multiple Aircraft AOG,A6-EYH,Raj,Kim,Captain,Captain,Junior,1,COCKPIT,LHR,ATPL,2026-01-08,2027-04-23,B787-10,FLIGHT,2026-01-20T12:10:00Z,2026-01-21T09:40:00Z,21.0,19.0,-7.5,14,max_daily:10; max_weekly:60; max_monthly:100,Y,12,CONFIRMED,WARNING,N,,,0,,N,Y,13.0,4,68,2026-01-21 09:10:00,Y
RST-1132,CREW-1132,EY19551,POS-2,FLT-1015,EY11,2,London Fog + Multiple Aircraft AOG,A6-EYH,Olivia,Kim,First Officer,First Officer,Junior,2,COCKPIT,SIN,ATPL,2028-11-03,2026-08-08,B787-10,FLIGHT,2026-01-20T12:10:00Z,2026-01-21T09:40:00Z,21.0,19.0,-7.5,14,max_daily:10; max_weekly:60; max_monthly:100,Y,12,CONFIRMED,WARNING,N,,,0,,N,Y,13.0,4,97,2026-01-21 09:10:00,Y
RST-1133,CREW-1133,EY89054,POS-3,FLT-1015,EY11,2,London Fog + Multiple Aircraft AOG,A6-EYH,Robert,Al-Rashid,Purser,Purser,Junior,3,CABIN,LHR,Cabin,2027-09-15,2027-12-12,B787-10,FLIGHT,2026-01-20T12:10:00Z,2026-01-21T09:40:00Z,21.0,19.0,-5.5,16,max_daily:10; max_weekly:60; max_monthly:100,Y,12,CONFIRMED,WARNING,N,,,0,,N,Y,13.0,4,103,2026-01-21 09:10:00,Y
RST-1134,CREW-1134,EY26516,POS-4,FLT-1015,EY11,2,London Fog + Multiple Aircraft AOG,A6-EYH,Sophia,Kim,Flight Attendant,Flight Attendant,Junior,4,CABIN,JFK,Cabin,2027-06-04,2027-07-10,B787-10,FLIGHT,2026-01-20T12:10:00Z,2026-01-21T09:40:00Z,21.0,19.0,-5.5,16,max_daily:10; max_weekly:60; max_monthly:100,Y,12,CONFIRMED,WARNING,N,,,0,,N,Y,13.0,4,126,2026-01-21 09:10:00,Y
RST-1135,CREW-1135,EY82942,POS-5,FLT-1015,EY11,2,London Fog + Multiple Aircraft AOG,A6-EYH,Yusuf,Patel,Flight Attendant,Flight Attendant,Senior,5,CABIN,SYD,Cabin,2026-11-14,2026-05-08,B787-10,FLIGHT,2026-01-20T12:10:00Z,2026-01-21T09:40:00Z,21.0,19.0,-5.5,16,max_daily:10; max_weekly:60; max_monthly:100,Y,12,CONFIRMED,WARNING,N,,,0,,N,Y,13.0,4,129,2026-01-21 09:10:00,Y
RST-1136,CREW-1136,EY32767,POS-6,FLT-1015,EY11,2,London Fog + Multiple Aircraft AOG,A6-EYH,Priya,Lee,Flight Attendant,Flight Attendant,Junior,6,CABIN,SYD,Cabin,2026-05-11,2027-08-04,B787-10,FLIGHT,2026-01-20T12:10:00Z,2026-01-21T09:40:00Z,21.0,19.0,-5.5,16,max_daily:10; max_weekly:60; max_monthly:100,Y,12,CONFIRMED,WARNING,N,,,0,,N,Y,13.0,4,59,2026-01-21 09:10:00,Y
RST-1137,CREW-1137,EY46998,POS-7,FLT-1015,EY11,2,London Fog + Multiple Aircraft AOG,A6-EYH,Yuki,Kim,Flight Attendant,Flight Attendant,Junior,7,CABIN,AUH,Cabin,2027-07-02,2026-07-17,B787-10,FLIGHT,2026-01-20T12:10:00Z,2026-01-21T09:40:00Z,21.0,19.0,-5.5,16,max_daily:10; max_weekly:60; max_monthly:100,Y,12,CONFIRMED,WARNING,N,,,0,,N,Y,13.0,4,90,2026-01-21 09:10:00,Y
RST-1138,CREW-1138,EY13313,POS-8,FLT-1015,EY11,2,London Fog + Multiple Aircraft AOG,A6-EYH,Fatima,Al-Rashid,Flight Attendant,Flight Attendant,Junior,8,CABIN,JFK,Cabin,2026-04-03,2026-06-11,B787-10,FLIGHT,2026-01-20T12:10:00Z,2026-01-21T09:40:00Z,21.0,19.0,-5.5,16,max_daily:10; max_weekly:60; max_monthly:100,Y,12,CONFIRMED,WARNING,N,,,0,,N,Y,13.0,4,175,2026-01-21 09:10:00,Y
RST-1139,CREW-1139,EY81308,POS-9,FLT-1015,EY11,2,London Fog + Multiple Aircraft AOG,A6-EYH,Isabella,Williams,Flight Attendant,Flight Attendant,Senior,9,CABIN,AUH,Cabin,2028-12-01,2026-12-26,B787-10,FLIGHT,2026-01-20T12:10:00Z,2026-01-21T09:40:00Z,21.0,19.0,-5.5,16,max_daily:10; max_weekly:60; max_monthly:100,Y,12,CONFIRMED,WARNING,N,,,0,,N,Y,13.0,4,126,2026-01-21 09:10:00,Y
RST-1140,CREW-1140,EY19290,POS-10,FLT-1015,EY11,2,London Fog + Multiple Aircraft AOG,A6-EYH,Aisha,Williams,Flight Attendant,Flight Attendant,Junior,10,CABIN,SIN,Cabin,2026-03-02,2026-01-20,B787-10,FLIGHT,2026-01-20T12:10:00Z,2026-01-21T09:40:00Z,21.0,19.0,-5.5,16,max_daily:10; max_weekly:60; max_monthly:100,Y,12,CONFIRMED,WARNING,N,,,0,,N,Y,13.0,4,129,2026-01-21 09:10:00,Y
RST-1141,CREW-1141,EY27794,POS-1,FLT-1016,EY26,2,London Fog + Multiple Aircraft AOG,A6-EYF,Mia,Khan,Captain,Captain,Junior,1,COCKPIT,SYD,ATPL,2028-05-09,2027-04-28,B787-10,FLIGHT,2026-01-20T14:38:00Z,2026-01-21T07:08:00Z,16.0,14.0,-2.5,14,max_daily:10; max_weekly:60; max_monthly:100,Y,12,CONFIRMED,WARNING,N,,,0,,N,Y,8.0,4,163,2026-01-21 06:38:00,Y
RST-1142,CREW-1142,EY93048,POS-2,FLT-1016,EY26,2,London Fog + Multiple Aircraft AOG,A6-EYF,Raj,Ferrari,First Officer,First Officer,Junior,2,COCKPIT,AUH,ATPL,2026-04-12,2027-04-08,B787-10,FLIGHT,2026-01-20T14:38:00Z,2026-01-21T07:08:00Z,16.0,14.0,-2.5,14,max_daily:10; max_weekly:60; max_monthly:100,Y,12,CONFIRMED,WARNING,N,,,0,,N,Y,8.0,4,112,2026-01-21 06:38:00,Y
RST-1143,CREW-1143,EY27414,POS-3,FLT-1016,EY26,2,London Fog + Multiple Aircraft AOG,A6-EYF,Mei,Mueller,Purser,Purser,Junior,3,CABIN,AUH,Cabin,2026-06-21,2026-06-15,B787-10,FLIGHT,2026-01-20T14:38:00Z,2026-01-21T07:08:00Z,16.0,14.0,-0.5,16,max_daily:10; max_weekly:60; max_monthly:100,Y,12,CONFIRMED,WARNING,N,,,0,,N,Y,8.0,4,196,2026-01-21 06:38:00,Y
RST-1144,CREW-1144,EY54611,POS-4,FLT-1016,EY26,2,London Fog + Multiple Aircraft AOG,A6-EYF,Sophia,Smith,Flight Attendant,Flight Attendant,Junior,4,CABIN,LHR,Cabin,2028-06-27,2026-02-16,B787-10,FLIGHT,2026-01-20T14:38:00Z,2026-01-21T07:08:00Z,16.0,14.0,-0.5,16,max_daily:10; max_weekly:60; max_monthly:100,Y,12,CONFIRMED,WARNING,N,,,0,,N,Y,8.0,4,84,2026-01-21 06:38:00,Y
RST-1145,CREW-1145,EY13595,POS-5,FLT-1016,EY26,2,London Fog + Multiple Aircraft AOG,A6-EYF,Aisha,Mueller,Flight Attendant,Flight Attendant,Junior,5,CABIN,AUH,Cabin,2027-10-25,2027-04-11,B787-10,FLIGHT,2026-01-20T14:38:00Z,2026-01-21T07:08:00Z,16.0,14.0,-0.5,16,max_daily:10; max_weekly:60; max_monthly:100,Y,12,CONFIRMED,WARNING,N,,,0,,N,Y,8.0,4,171,2026-01-21 06:38:00,Y
RST-1146,CREW-1146,EY26244,POS-6,FLT-1016,EY26,2,London Fog + Multiple Aircraft AOG,A6-EYF,Raj,Mueller,Flight Attendant,Flight Attendant,Junior,6,CABIN,AUH,Cabin,2028-09-16,2026-08-25,B787-10,FLIGHT,2026-01-20T14:38:00Z,2026-01-21T07:08:00Z,16.0,14.0,-0.5,16,max_daily:10; max_weekly:60; max_monthly:100,Y,12,CONFIRMED,WARNING,N,,,0,,N,Y,8.0,4,91,2026-01-21 06:38:00,Y
RST-1147,CREW-1147,EY56534,POS-7,FLT-1016,EY26,2,London Fog + Multiple Aircraft AOG,A6-EYF,Ahmed,Ferrari,Flight Attendant,Flight Attendant,Junior,7,CABIN,SIN,Cabin,2026-03-22,2027-07-15,B787-10,FLIGHT,2026-01-20T14:38:00Z,2026-01-21T07:08:00Z,16.0,14.0,-0.5,16,max_daily:10; max_weekly:60; max_monthly:100,Y,12,CONFIRMED,WARNING,N,,,0,,N,Y,8.0,4,89,2026-01-21 06:38:00,Y
RST-1148,CREW-1148,EY62335,POS-8,FLT-1016,EY26,2,London Fog + Multiple Aircraft AOG,A6-EYF,Hassan,Rossi,Flight Attendant,Flight Attendant,Senior,8,CABIN,SYD,Cabin,2027-10-06,2026-08-15,B787-10,FLIGHT,2026-01-20T14:38:00Z,2026-01-21T07:08:00Z,16.0,14.0,-0.5,16,max_daily:10; max_weekly:60; max_monthly:100,Y,12,CONFIRMED,WARNING,N,,,0,,N,Y,8.0,4,154,2026-01-21 06:38:00,Y
RST-1149,CREW-1149,EY11041,POS-9,FLT-1016,EY26,2,London Fog + Multiple Aircraft AOG,A6-EYF,Ahmed,Schmidt,Flight Attendant,Flight Attendant,Junior,9,CABIN,SIN,Cabin,2026-02-11,2026-04-11,B787-10,FLIGHT,2026-01-20T14:38:00Z,2026-01-21T07:08:00Z,16.0,14.0,-0.5,16,max_daily:10; max_weekly:60; max_monthly:100,Y,12,CONFIRMED,WARNING,N,,,0,,N,Y,8.0,4,95,2026-01-21 06:38:00,Y
RST-1150,CREW-1150,EY80319,POS-10,FLT-1016,EY26,2,London Fog + Multiple Aircraft AOG,A6-EYF,Carlos,Chen,Flight Attendant,Flight Attendant,Senior,10,CABIN,LHR,Cabin,2026-06-28,2027-09-11,B787-10,FLIGHT,2026-01-20T14:38:00Z,2026-01-21T07:08:00Z,16.0,14.0,-0.5,16,max_daily:10; max_weekly:60; max_monthly:100,Y,12,CONFIRMED,WARNING,N,,,0,,N,Y,8.0,4,181,2026-01-21 06:38:00,Y
RST-1151,CREW-1151,EY67185,POS-1,FLT-1017,EY20,2,London Fog + Multiple Aircraft AOG,A6-EYG,Hassan,Mueller,Captain,Captain,Junior,1,COCKPIT,JFK,ATPL,2027-02-11,2026-08-11,B787-10,FLIGHT,2026-01-20T16:07:00Z,2026-01-21T12:37:00Z,20.0,18.0,-6.5,14,max_daily:10; max_weekly:60; max_monthly:100,Y,12,CONFIRMED,WARNING,N,,,0,,N,Y,12.0,4,128,2026-01-21 12:07:00,Y
RST-1152,CREW-1152,EY21809,POS-2,FLT-1017,EY20,2,London Fog + Multiple Aircraft AOG,A6-EYG,Sara,Johnson,First Officer,First Officer,Junior,2,COCKPIT,LHR,ATPL,2027-12-18,2026-02-13,B787-10,FLIGHT,2026-01-20T16:07:00Z,2026-01-21T12:37:00Z,20.0,18.0,-6.5,14,max_daily:10; max_weekly:60; max_monthly:100,Y,12,CONFIRMED,WARNING,N,,,0,,N,Y,12.0,4,102,2026-01-21 12:07:00,Y
RST-1153,CREW-1153,EY58479,POS-3,FLT-1017,EY20,2,London Fog + Multiple Aircraft AOG,A6-EYG,Mohammed,Brown,Purser,Purser,Junior,3,CABIN,LHR,Cabin,2027-03-22,2027-12-06,B787-10,FLIGHT,2026-01-20T16:07:00Z,2026-01-21T12:37:00Z,20.0,18.0,-4.5,16,max_daily:10; max_weekly:60; max_monthly:100,Y,12,CONFIRMED,WARNING,N,,,0,,N,Y,12.0,4,177,2026-01-21 12:07:00,Y
RST-1154,CREW-1154,EY56242,POS-4,FLT-1017,EY20,2,London Fog + Multiple Aircraft AOG,A6-EYG,Omar,Tanaka,Flight Attendant,Flight Attendant,Junior,4,CABIN,LHR,Cabin,2028-04-11,2027-04-21,B787-10,FLIGHT,2026-01-20T16:07:00Z,2026-01-21T12:37:00Z,20.0,18.0,-4.5,16,max_daily:10; max_weekly:60; max_monthly:100,Y,12,CONFIRMED,WARNING,N,,,0,,N,Y,12.0,4,84,2026-01-21 12:07:00,Y
RST-1155,CREW-1155,EY56852,POS-5,FLT-1017,EY20,2,London Fog + Multiple Aircraft AOG,A6-EYG,Michael,Johnson,Flight Attendant,Flight Attendant,Junior,5,CABIN,LHR,Cabin,2026-05-23,2026-06-19,B787-10,FLIGHT,2026-01-20T16:07:00Z,2026-01-21T12:37:00Z,20.0,18.0,-4.5,16,max_daily:10; max_weekly:60; max_monthly:100,Y,12,CONFIRMED,WARNING,N,,,0,,N,Y,12.0,4,50,2026-01-21 12:07:00,Y
RST-1156,CREW-1156,EY60928,POS-6,FLT-1017,EY20,2,London Fog + Multiple Aircraft AOG,A6-EYG,Priya,Ferrari,Flight Attendant,Flight Attendant,Senior,6,CABIN,JFK,Cabin,2027-02-12,2026-01-23,B787-10,FLIGHT,2026-01-20T16:07:00Z,2026-01-21T12:37:00Z,20.0,18.0,-4.5,16,max_daily:10; max_weekly:60; max_monthly:100,Y,12,CONFIRMED,WARNING,N,,,0,,N,Y,12.0,4,165,2026-01-21 12:07:00,Y
RST-1157,CREW-1157,EY73855,POS-7,FLT-1017,EY20,2,London Fog + Multiple Aircraft AOG,A6-EYG,Emma,Johnson,Flight Attendant,Flight Attendant,Junior,7,CABIN,JFK,Cabin,2026-12-18,2027-02-07,B787-10,FLIGHT,2026-01-20T16:07:00Z,2026-01-21T12:37:00Z,20.0,18.0,-4.5,16,max_daily:10; max_weekly:60; max_monthly:100,Y,12,CONFIRMED,WARNING,N,,,0,,N,Y,12.0,4,183,2026-01-21 12:07:00,Y
RST-1158,CREW-1158,EY98181,POS-8,FLT-1017,EY20,2,London Fog + Multiple Aircraft AOG,A6-EYG,Ananya,Rossi,Flight Attendant,Flight Attendant,Senior,8,CABIN,JFK,Cabin,2026-09-25,2026-01-04,B787-10,FLIGHT,2026-01-20T16:07:00Z,2026-01-21T12:37:00Z,20.0,18.0,-4.5,16,max_daily:10; max_weekly:60; max_monthly:100,Y,12,CONFIRMED,WARNING,N,,,0,,N,Y,12.0,4,91,2026-01-21 12:07:00,Y
RST-1159,CREW-1159,EY81763,POS-9,FLT-1017,EY20,2,London Fog + Multiple Aircraft AOG,A6-EYG,Omar,Khan,Flight Attendant,Flight Attendant,Senior,9,CABIN,SIN,Cabin,2028-09-04,2026-12-21,B787-10,FLIGHT,2026-01-20T16:07:00Z,2026-01-21T12:37:00Z,20.0,18.0,-4.5,16,max_daily:10; max_weekly:60; max_monthly:100,Y,12,CONFIRMED,WARNING,N,,,0,,N,Y,12.0,4,159,2026-01-21 12:07:00,Y
RST-1160,CREW-1160,EY93506,POS-10,FLT-1017,EY20,2,London Fog + Multiple Aircraft AOG,A6-EYG,Fatima,Martinez,Flight Attendant,Flight Attendant,Junior,10,CABIN,JFK,Cabin,2026-01-16,2026-01-14,B787-10,FLIGHT,2026-01-20T16:07:00Z,2026-01-21T12:37:00Z,20.0,18.0,-4.5,16,max_daily:10; max_weekly:60; max_monthly:100,Y,12,CONFIRMED,WARNING,N,,,0,,N,Y,12.0,4,93,2026-01-21 12:07:00,Y
RST-1161,CREW-1161,EY32389,POS-1,FLT-1018,EY12,2,London Fog + Multiple Aircraft AOG,A6-EYH,Ahmed,Chen,Captain,Captain,Junior,1,COCKPIT,JFK,ATPL,2026-04-27,2027-04-16,B787-10,FLIGHT,2026-01-20T18:21:00Z,2026-01-21T06:51:00Z,12.0,10.0,1.5,14,max_daily:10; max_weekly:60; max_monthly:100,N,10,CONFIRMED,COMPLIANT,N,,,0,,N,N,4.0,4,169,2026-01-21 06:21:00,Y
RST-1162,CREW-1162,EY86341,POS-2,FLT-1018,EY12,2,London Fog + Multiple Aircraft AOG,A6-EYH,Yusuf,Garcia,First Officer,First Officer,Junior,2,COCKPIT,LHR,ATPL,2028-09-27,2027-08-09,B787-10,FLIGHT,2026-01-20T18:21:00Z,2026-01-21T06:51:00Z,12.0,10.0,1.5,14,max_daily:10; max_weekly:60; max_monthly:100,N,10,CONFIRMED,COMPLIANT,N,,,0,,N,N,4.0,4,199,2026-01-21 06:21:00,Y
RST-1163,CREW-1163,EY96303,POS-3,FLT-1018,EY12,2,London Fog + Multiple Aircraft AOG,A6-EYH,Olivia,Ferrari,Purser,Purser,Senior,3,CABIN,SYD,Cabin,2028-08-14,2027-07-05,B787-10,FLIGHT,2026-01-20T18:21:00Z,2026-01-21T06:51:00Z,12.0,10.0,3.5,16,max_daily:10; max_weekly:60; max_monthly:100,N,10,CONFIRMED,COMPLIANT,N,,,0,,N,N,4.0,4,148,2026-01-21 06:21:00,Y
RST-1164,CREW-1164,EY31153,POS-4,FLT-1018,EY12,2,London Fog + Multiple Aircraft AOG,A6-EYH,Carlos,Martinez,Flight Attendant,Flight Attendant,Senior,4,CABIN,JFK,Cabin,2028-09-17,2026-03-24,B787-10,FLIGHT,2026-01-20T18:21:00Z,2026-01-21T06:51:00Z,12.0,10.0,3.5,16,max_daily:10; max_weekly:60; max_monthly:100,N,10,CONFIRMED,COMPLIANT,N,,,0,,N,N,4.0,4,65,2026-01-21 06:21:00,Y
RST-1165,CREW-1165,EY27661,POS-5,FLT-1018,EY12,2,London Fog + Multiple Aircraft AOG,A6-EYH,Arjun,Khan,Flight Attendant,Flight Attendant,Junior,5,CABIN,JFK,Cabin,2028-09-14,2027-01-26,B787-10,FLIGHT,2026-01-20T18:21:00Z,2026-01-21T06:51:00Z,12.0,10.0,3.5,16,max_daily:10; max_weekly:60; max_monthly:100,N,10,CONFIRMED,COMPLIANT,N,,,0,,N,N,4.0,4,74,2026-01-21 06:21:00,Y
RST-1166,CREW-1166,EY96025,POS-6,FLT-1018,EY12,2,London Fog + Multiple Aircraft AOG,A6-EYH,Fatima,Brown,Flight Attendant,Flight Attendant,Senior,6,CABIN,SYD,Cabin,2027-12-26,2026-11-25,B787-10,FLIGHT,2026-01-20T18:21:00Z,2026-01-21T06:51:00Z,12.0,10.0,3.5,16,max_daily:10; max_weekly:60; max_monthly:100,N,10,CONFIRMED,COMPLIANT,N,,,0,,N,N,4.0,4,195,2026-01-21 06:21:00,Y
RST-1167,CREW-1167,EY39600,POS-7,FLT-1018,EY12,2,London Fog + Multiple Aircraft AOG,A6-EYH,Hassan,Singh,Flight Attendant,Flight Attendant,Junior,7,CABIN,SIN,Cabin,2028-03-16,2027-06-22,B787-10,FLIGHT,2026-01-20T18:21:00Z,2026-01-21T06:51:00Z,12.0,10.0,3.5,16,max_daily:10; max_weekly:60; max_monthly:100,N,10,CONFIRMED,COMPLIANT,N,,,0,,N,N,4.0,4,150,2026-01-21 06:21:00,Y
RST-1168,CREW-1168,EY68989,POS-8,FLT-1018,EY12,2,London Fog + Multiple Aircraft AOG,A6-EYH,Mia,Chen,Flight Attendant,Flight Attendant,Senior,8,CABIN,AUH,Cabin,2027-03-24,2026-11-21,B787-10,FLIGHT,2026-01-20T18:21:00Z,2026-01-21T06:51:00Z,12.0,10.0,3.5,16,max_daily:10; max_weekly:60; max_monthly:100,N,10,CONFIRMED,COMPLIANT,N,,,0,,N,N,4.0,4,179,2026-01-21 06:21:00,Y
RST-1169,CREW-1169,EY36020,POS-9,FLT-1018,EY12,2,London Fog + Multiple Aircraft AOG,A6-EYH,Ahmed,Martinez,Flight Attendant,Flight Attendant,Senior,9,CABIN,SIN,Cabin,2027-01-02,2027-04-13,B787-10,FLIGHT,2026-01-20T18:21:00Z,2026-01-21T06:51:00Z,12.0,10.0,3.5,16,max_daily:10; max_weekly:60; max_monthly:100,N,10,CONFIRMED,COMPLIANT,N,,,0,,N,N,4.0,4,107,2026-01-21 06:21:00,Y
RST-1170,CREW-1170,EY83073,POS-10,FLT-1018,EY12,2,London Fog + Multiple Aircraft AOG,A6-EYH,Hiroshi,Mueller,Flight Attendant,Flight Attendant,Junior,10,CABIN,SIN,Cabin,2028-11-11,2027-07-05,B787-10,FLIGHT,2026-01-20T18:21:00Z,2026-01-21T06:51:00Z,12.0,10.0,3.5,16,max_daily:10; max_weekly:60; max_monthly:100,N,10,CONFIRMED,COMPLIANT,N,,,0,,N,N,4.0,4,145,2026-01-21 06:21:00,Y
RST-1171,CREW-1171,EY81306,POS-1,FLT-1019,EY334,2,London Fog + Multiple Aircraft AOG,A6-EYI,Robert,Khan,Captain,Captain,Junior,1,COCKPIT,SYD,ATPL,2026-11-17,2027-09-06,B787-10,FLIGHT,2026-01-20T20:46:00Z,2026-01-21T14:16:00Z,17.0,15.0,-3.5,14,max_daily:10; max_weekly:60; max_monthly:100,Y,12,CONFIRMED,WARNING,N,,,0,,N,Y,9.0,4,55,2026-01-21 13:46:00,N
RST-1172,CREW-1172,EY73884,POS-2,FLT-1019,EY334,2,London Fog + Multiple Aircraft AOG,A6-EYI,Maria,Schmidt,First Officer,First Officer,Junior,2,COCKPIT,LHR,ATPL,2027-06-19,2026-03-14,B787-10,FLIGHT,2026-01-20T20:46:00Z,2026-01-21T14:16:00Z,17.0,15.0,-3.5,14,max_daily:10; max_weekly:60; max_monthly:100,Y,12,CONFIRMED,WARNING,N,,,0,,N,Y,9.0,4,84,2026-01-21 13:46:00,N
RST-1173,CREW-1173,EY58972,POS-3,FLT-1019,EY334,2,London Fog + Multiple Aircraft AOG,A6-EYI,Hassan,Ferrari,Purser,Purser,Junior,3,CABIN,JFK,Cabin,2028-09-09,2027-05-23,B787-10,FLIGHT,2026-01-20T20:46:00Z,2026-01-21T14:16:00Z,17.0,15.0,-1.5,16,max_daily:10; max_weekly:60; max_monthly:100,Y,12,CONFIRMED,WARNING,N,,,0,,N,Y,9.0,4,86,2026-01-21 13:46:00,N
RST-1174,CREW-1174,EY50340,POS-4,FLT-1019,EY334,2,London Fog + Multiple Aircraft AOG,A6-EYI,Carlos,Singh,Flight Attendant,Flight Attendant,Junior,4,CABIN,SIN,Cabin,2027-01-26,2026-03-08,B787-10,FLIGHT,2026-01-20T20:46:00Z,2026-01-21T14:16:00Z,17.0,15.0,-1.5,16,max_daily:10; max_weekly:60; max_monthly:100,Y,12,CONFIRMED,WARNING,N,,,0,,N,Y,9.0,4,51,2026-01-21 13:46:00,N
RST-1175,CREW-1175,EY68901,POS-5,FLT-1019,EY334,2,London Fog + Multiple Aircraft AOG,A6-EYI,Olivia,Khan,Flight Attendant,Flight Attendant,Junior,5,CABIN,SYD,Cabin,2026-09-24,2026-09-19,B787-10,FLIGHT,2026-01-20T20:46:00Z,2026-01-21T14:16:00Z,17.0,15.0,-1.5,16,max_daily:10; max_weekly:60; max_monthly:100,Y,12,CONFIRMED,WARNING,N,,,0,,N,Y,9.0,4,152,2026-01-21 13:46:00,N
RST-1176,CREW-1176,EY32650,POS-6,FLT-1019,EY334,2,London Fog + Multiple Aircraft AOG,A6-EYI,David,Brown,Flight Attendant,Flight Attendant,Junior,6,CABIN,JFK,Cabin,2027-04-05,2027-04-06,B787-10,FLIGHT,2026-01-20T20:46:00Z,2026-01-21T14:16:00Z,17.0,15.0,-1.5,16,max_daily:10; max_weekly:60; max_monthly:100,Y,12,CONFIRMED,WARNING,N,,,0,,N,Y,9.0,4,77,2026-01-21 13:46:00,N
RST-1177,CREW-1177,EY49214,POS-7,FLT-1019,EY334,2,London Fog + Multiple Aircraft AOG,A6-EYI,Sara,Wang,Flight Attendant,Flight Attendant,Junior,7,CABIN,LHR,Cabin,2026-02-09,2026-04-26,B787-10,FLIGHT,2026-01-20T20:46:00Z,2026-01-21T14:16:00Z,17.0,15.0,-1.5,16,max_daily:10; max_weekly:60; max_monthly:100,Y,12,CONFIRMED,WARNING,N,,,0,,N,Y,9.0,4,101,2026-01-21 13:46:00,N
RST-1178,CREW-1178,EY89818,POS-8,FLT-1019,EY334,2,London Fog + Multiple Aircraft AOG,A6-EYI,Michael,Kim,Flight Attendant,Flight Attendant,Junior,8,CABIN,SIN,Cabin,2027-06-12,2027-01-12,B787-10,FLIGHT,2026-01-20T20:46:00Z,2026-01-21T14:16:00Z,17.0,15.0,-1.5,16,max_daily:10; max_weekly:60; max_monthly:100,Y,12,CONFIRMED,WARNING,N,,,0,,N,Y,9.0,4,161,2026-01-21 13:46:00,N
RST-1179,CREW-1179,EY70504,POS-9,FLT-1019,EY334,2,London Fog + Multiple Aircraft AOG,A6-EYI,Mia,Patel,Flight Attendant,Flight Attendant,Junior,9,CABIN,SIN,Cabin,2027-04-22,2027-08-25,B787-10,FLIGHT,2026-01-20T20:46:00Z,2026-01-21T14:16:00Z,17.0,15.0,-1.5,16,max_daily:10; max_weekly:60; max_monthly:100,Y,12,CONFIRMED,WARNING,N,,,0,,N,Y,9.0,4,182,2026-01-21 13:46:00,N
RST-1180,CREW-1180,EY68788,POS-10,FLT-1019,EY334,2,London Fog + Multiple Aircraft AOG,A6-EYI,Raj,Rossi,Flight Attendant,Flight Attendant,Senior,10,CABIN,LHR,Cabin,2027-03-10,2026-06-21,B787-10,FLIGHT,2026-01-20T20:46:00Z,2026-01-21T14:16:00Z,17.0,15.0,-1.5,16,max_daily:10; max_weekly:60; max_monthly:100,Y,12,CONFIRMED,WARNING,N,,,0,,N,Y,9.0,4,133,2026-01-21 13:46:00,N
RST-1181,CREW-1181,EY16834,POS-1,FLT-1020,EY1202,2,London Fog + Multiple Aircraft AOG,A6-EYJ,Wei,Wang,Captain,Captain,Junior,1,COCKPIT,SYD,ATPL,2026-08-23,2027-10-24,B787-10,FLIGHT,2026-01-20T04:55:00Z,2026-01-20T21:10:00Z,15.8,13.8,-2.2,14,max_daily:10; max_weekly:60; max_monthly:100,Y,12,CONFIRMED,WARNING,N,,,0,,N,Y,7.8,4,134,2026-01-20 20:40:00,N
RST-1182,CREW-1182,EY70044,POS-2,FLT-1020,EY1202,2,London Fog + Multiple Aircraft AOG,A6-EYJ,David,Singh,First Officer,First Officer,Junior,2,COCKPIT,SYD,ATPL,2028-10-23,2027-12-06,B787-10,FLIGHT,2026-01-20T04:55:00Z,2026-01-20T21:10:00Z,15.8,13.8,-2.2,14,max_daily:10; max_weekly:60; max_monthly:100,Y,12,CONFIRMED,WARNING,N,,,0,,N,Y,7.8,4,74,2026-01-20 20:40:00,N
RST-1183,CREW-1183,EY57781,POS-3,FLT-1020,EY1202,2,London Fog + Multiple Aircraft AOG,A6-EYJ,Layla,Williams,Purser,Purser,Junior,3,CABIN,AUH,Cabin,2026-08-22,2026-03-07,B787-10,FLIGHT,2026-01-20T04:55:00Z,2026-01-20T21:10:00Z,15.8,13.8,-0.2,16,max_daily:10; max_weekly:60; max_monthly:100,Y,12,CONFIRMED,WARNING,N,,,0,,N,Y,7.8,4,130,2026-01-20 20:40:00,N
RST-1184,CREW-1184,EY95093,POS-4,FLT-1020,EY1202,2,London Fog + Multiple Aircraft AOG,A6-EYJ,Mei,Ferrari,Flight Attendant,Flight Attendant,Senior,4,CABIN,LHR,Cabin,2026-04-22,2027-04-13,B787-10,FLIGHT,2026-01-20T04:55:00Z,2026-01-20T21:10:00Z,15.8,13.8,-0.2,16,max_daily:10; max_weekly:60; max_monthly:100,Y,12,CONFIRMED,WARNING,N,,,0,,N,Y,7.8,4,62,2026-01-20 20:40:00,N
RST-1185,CREW-1185,EY98310,POS-5,FLT-1020,EY1202,2,London Fog + Multiple Aircraft AOG,A6-EYJ,John,Chen,Flight Attendant,Flight Attendant,Junior,5,CABIN,LHR,Cabin,2028-04-13,2027-09-08,B787-10,FLIGHT,2026-01-20T04:55:00Z,2026-01-20T21:10:00Z,15.8,13.8,-0.2,16,max_daily:10; max_weekly:60; max_monthly:100,Y,12,CONFIRMED,WARNING,N,,,0,,N,Y,7.8,4,154,2026-01-20 20:40:00,N
RST-1186,CREW-1186,EY87441,POS-6,FLT-1020,EY1202,2,London Fog + Multiple Aircraft AOG,A6-EYJ,Carlos,Garcia,Flight Attendant,Flight Attendant,Senior,6,CABIN,SIN,Cabin,2028-06-08,2026-08-06,B787-10,FLIGHT,2026-01-20T04:55:00Z,2026-01-20T21:10:00Z,15.8,13.8,-0.2,16,max_daily:10; max_weekly:60; max_monthly:100,Y,12,CONFIRMED,WARNING,N,,,0,,N,Y,7.8,4,177,2026-01-20 20:40:00,N
RST-1187,CREW-1187,EY17661,POS-7,FLT-1020,EY1202,2,London Fog + Multiple Aircraft AOG,A6-EYJ,Arjun,Rossi,Flight Attendant,Flight Attendant,Senior,7,CABIN,LHR,Cabin,2026-08-05,2026-01-27,B787-10,FLIGHT,2026-01-20T04:55:00Z,2026-01-20T21:10:00Z,15.8,13.8,-0.2,16,max_daily:10; max_weekly:60; max_monthly:100,Y,12,CONFIRMED,WARNING,N,,,0,,N,Y,7.8,4,120,2026-01-20 20:40:00,N
RST-1188,CREW-1188,EY98989,POS-8,FLT-1020,EY1202,2,London Fog + Multiple Aircraft AOG,A6-EYJ,Carlos,Singh,Flight Attendant,Flight Attendant,Senior,8,CABIN,AUH,Cabin,2027-04-09,2027-12-16,B787-10,FLIGHT,2026-01-20T04:55:00Z,2026-01-20T21:10:00Z,15.8,13.8,-0.2,16,max_daily:10; max_weekly:60; max_monthly:100,Y,12,CONFIRMED,WARNING,N,,,0,,N,Y,7.8,4,85,2026-01-20 20:40:00,N
RST-1189,CREW-1189,EY62187,POS-9,FLT-1020,EY1202,2,London Fog + Multiple Aircraft AOG,A6-EYJ,Fatima,Garcia,Flight Attendant,Flight Attendant,Junior,9,CABIN,JFK,Cabin,2026-06-08,2026-10-11,B787-10,FLIGHT,2026-01-20T04:55:00Z,2026-01-20T21:10:00Z,15.8,13.8,-0.2,16,max_daily:10; max_weekly:60; max_monthly:100,Y,12,CONFIRMED,WARNING,N,,,0,,N,Y,7.8,4,163,2026-01-20 20:40:00,N
RST-1190,CREW-1190,EY57979,POS-10,FLT-1020,EY1202,2,London Fog + Multiple Aircraft AOG,A6-EYJ,Robert,Brown,Flight Attendant,Flight Attendant,Junior,10,CABIN,JFK,Cabin,2027-12-22,2027-12-14,B787-10,FLIGHT,2026-01-20T04:55:00Z,2026-01-20T21:10:00Z,15.8,13.8,-0.2,16,max_daily:10; max_weekly:60; max_monthly:100,Y,12,CONFIRMED,WARNING,N,,,0,,N,Y,7.8,4,63,2026-01-20 20:40:00,N
RST-1191,CREW-1191,EY77488,POS-1,FLT-1021,EY639,2,London Fog + Multiple Aircraft AOG,A6-EYA,James,Chen,Captain,Captain,Junior,1,COCKPIT,LHR,ATPL,2026-07-13,2026-12-21,A380,FLIGHT,2026-01-20T06:48:00Z,2026-01-20T15:48:00Z,8.5,6.5,5.0,14,max_daily:10; max_weekly:60; max_monthly:100,N,10,CONFIRMED,COMPLIANT,N,,,0,,N,N,0.5,4,177,2026-01-20 15:18:00,N
RST-1192,CREW-1192,EY19340,POS-2,FLT-1021,EY639,2,London Fog + Multiple Aircraft AOG,A6-EYA,Wei,Smith,First Officer,First Officer,Junior,2,COCKPIT,AUH,ATPL,2027-07-18,2027-09-24,A380,FLIGHT,2026-01-20T06:48:00Z,2026-01-20T15:48:00Z,8.5,6.5,5.0,14,max_daily:10; max_weekly:60; max_monthly:100,N,10,CONFIRMED,COMPLIANT,N,,,0,,N,N,0.5,4,126,2026-01-20 15:18:00,N
RST-1193,CREW-1193,EY27639,POS-3,FLT-1021,EY639,2,London Fog + Multiple Aircraft AOG,A6-EYA,Yusuf,Kim,Purser,Purser,Junior,3,CABIN,AUH,Cabin,2027-08-25,2027-10-10,A380,FLIGHT,2026-01-20T06:48:00Z,2026-01-20T15:48:00Z,8.5,6.5,7.0,16,max_daily:10; max_weekly:60; max_monthly:100,N,10,CONFIRMED,COMPLIANT,N,,,0,,N,N,0.5,4,120,2026-01-20 15:18:00,N
RST-1194,CREW-1194,EY75227,POS-4,FLT-1021,EY639,2,London Fog + Multiple Aircraft AOG,A6-EYA,Ananya,Mueller,Flight Attendant,Flight Attendant,Junior,4,CABIN,LHR,Cabin,2028-06-27,2026-01-07,A380,FLIGHT,2026-01-20T06:48:00Z,2026-01-20T15:48:00Z,8.5,6.5,7.0,16,max_daily:10; max_weekly:60; max_monthly:100,N,10,CONFIRMED,COMPLIANT,N,,,0,,N,N,0.5,4,96,2026-01-20 15:18:00,N
RST-1195,CREW-1195,EY82346,POS-5,FLT-1021,EY639,2,London Fog + Multiple Aircraft AOG,A6-EYA,Arjun,Smith,Flight Attendant,Flight Attendant,Junior,5,CABIN,SYD,Cabin,2028-03-02,2027-01-23,A380,FLIGHT,2026-01-20T06:48:00Z,2026-01-20T15:48:00Z,8.5,6.5,7.0,16,max_daily:10; max_weekly:60; max_monthly:100,N,10,CONFIRMED,COMPLIANT,N,,,0,,N,N,0.5,4,125,2026-01-20 15:18:00,N
RST-1196,CREW-1196,EY43475,POS-6,FLT-1021,EY639,2,London Fog + Multiple Aircraft AOG,A6-EYA,Isabella,Martinez,Flight Attendant,Flight Attendant,Junior,6,CABIN,SYD,Cabin,2028-11-26,2026-06-05,A380,FLIGHT,2026-01-20T06:48:00Z,2026-01-20T15:48:00Z,8.5,6.5,7.0,16,max_daily:10; max_weekly:60; max_monthly:100,N,10,CONFIRMED,COMPLIANT,N,,,0,,N,N,0.5,4,76,2026-01-20 15:18:00,N
RST-1197,CREW-1197,EY96567,POS-7,FLT-1021,EY639,2,London Fog + Multiple Aircraft AOG,A6-EYA,Mohammed,Mueller,Flight Attendant,Flight Attendant,Junior,7,CABIN,AUH,Cabin,2027-02-21,2027-11-15,A380,FLIGHT,2026-01-20T06:48:00Z,2026-01-20T15:48:00Z,8.5,6.5,7.0,16,max_daily:10; max_weekly:60; max_monthly:100,N,10,CONFIRMED,COMPLIANT,N,,,0,,N,N,0.5,4,176,2026-01-20 15:18:00,N
RST-1198,CREW-1198,EY79474,POS-8,FLT-1021,EY639,2,London Fog + Multiple Aircraft AOG,A6-EYA,Mia,Chen,Flight Attendant,Flight Attendant,Junior,8,CABIN,AUH,Cabin,2026-01-15,2027-12-04,A380,FLIGHT,2026-01-20T06:48:00Z,2026-01-20T15:48:00Z,8.5,6.5,7.0,16,max_daily:10; max_weekly:60; max_monthly:100,N,10,CONFIRMED,COMPLIANT,N,,,0,,N,N,0.5,4,133,2026-01-20 15:18:00,N
RST-1199,CREW-1199,EY61681,POS-9,FLT-1021,EY639,2,London Fog + Multiple Aircraft AOG,A6-EYA,Robert,Rossi,Flight Attendant,Flight Attendant,Senior,9,CABIN,SYD,Cabin,2027-04-20,2027-04-03,A380,FLIGHT,2026-01-20T06:48:00Z,2026-01-20T15:48:00Z,8.5,6.5,7.0,16,max_daily:10; max_weekly:60; max_monthly:100,N,10,CONFIRMED,COMPLIANT,N,,,0,,N,N,0.5,4,90,2026-01-20 15:18:00,N
RST-1200,CREW-1200,EY43215,POS-10,FLT-1021,EY639,2,London Fog + Multiple Aircraft AOG,A6-EYA,James,Williams,Flight Attendant,Flight Attendant,Junior,10,CABIN,LHR,Cabin,2027-04-11,2026-08-02,A380,FLIGHT,2026-01-20T06:48:00Z,2026-01-20T15:48:00Z,8.5,6.5,7.0,16,max_daily:10; max_weekly:60; max_monthly:100,N,10,CONFIRMED,COMPLIANT,N,,,0,,N,N,0.5,4,184,2026-01-20 15:18:00,N
RST-1201,CREW-1201,EY60126,POS-11,FLT-1021,EY639,2,London Fog + Multiple Aircraft AOG,A6-EYA,Hiroshi,Yamamoto,Flight Attendant,Flight Attendant,Junior,11,CABIN,LHR,Cabin,2027-10-05,2026-01-05,A380,FLIGHT,2026-01-20T06:48:00Z,2026-01-20T15:48:00Z,8.5,6.5,7.0,16,max_daily:10; max_weekly:60; max_monthly:100,N,10,CONFIRMED,COMPLIANT,N,,,0,,N,N,0.5,4,184,2026-01-20 15:18:00,N
RST-1202,CREW-1202,EY99489,POS-12,FLT-1021,EY639,2,London Fog + Multiple Aircraft AOG,A6-EYA,Wei,Williams,Flight Attendant,Flight Attendant,Senior,12,CABIN,JFK,Cabin,2028-08-28,2027-03-04,A380,FLIGHT,2026-01-20T06:48:00Z,2026-01-20T15:48:00Z,8.5,6.5,7.0,16,max_daily:10; max_weekly:60; max_monthly:100,N,10,CONFIRMED,COMPLIANT,N,,,0,,N,N,0.5,4,81,2026-01-20 15:18:00,N
RST-1203,CREW-1203,EY18063,POS-13,FLT-1021,EY639,2,London Fog + Multiple Aircraft AOG,A6-EYA,Mohammed,Chen,Flight Attendant,Flight Attendant,Junior,13,CABIN,JFK,Cabin,2027-01-02,2026-04-28,A380,FLIGHT,2026-01-20T06:48:00Z,2026-01-20T15:48:00Z,8.5,6.5,7.0,16,max_daily:10; max_weekly:60; max_monthly:100,N,10,CONFIRMED,COMPLIANT,N,,,0,,N,N,0.5,4,169,2026-01-20 15:18:00,N
RST-1204,CREW-1204,EY84395,POS-14,FLT-1021,EY639,2,London Fog + Multiple Aircraft AOG,A6-EYA,Mia,Rossi,Flight Attendant,Flight Attendant,Junior,14,CABIN,JFK,Cabin,2027-04-05,2026-02-03,A380,FLIGHT,2026-01-20T06:48:00Z,2026-01-20T15:48:00Z,8.5,6.5,7.0,16,max_daily:10; max_weekly:60; max_monthly:100,N,10,CONFIRMED,COMPLIANT,N,,,0,,N,N,0.5,4,102,2026-01-20 15:18:00,N
RST-1205,CREW-1205,EY51676,POS-15,FLT-1021,EY639,2,London Fog + Multiple Aircraft AOG,A6-EYA,Yuki,Schmidt,Flight Attendant,Flight Attendant,Junior,15,CABIN,AUH,Cabin,2028-07-03,2027-10-06,A380,FLIGHT,2026-01-20T06:48:00Z,2026-01-20T15:48:00Z,8.5,6.5,7.0,16,max_daily:10; max_weekly:60; max_monthly:100,N,10,CONFIRMED,COMPLIANT,N,,,0,,N,N,0.5,4,108,2026-01-20 15:18:00,N
RST-1206,CREW-1206,EY86731,POS-16,FLT-1021,EY639,2,London Fog + Multiple Aircraft AOG,A6-EYA,Yusuf,Johnson,Flight Attendant,Flight Attendant,Junior,16,CABIN,SYD,Cabin,2027-10-09,2026-05-23,A380,FLIGHT,2026-01-20T06:48:00Z,2026-01-20T15:48:00Z,8.5,6.5,7.0,16,max_daily:10; max_weekly:60; max_monthly:100,N,10,CONFIRMED,COMPLIANT,N,,,0,,N,N,0.5,4,68,2026-01-20 15:18:00,N
RST-1207,CREW-1207,EY68915,POS-1,FLT-1022,EY454,2,London Fog + Multiple Aircraft AOG,A6-EYB,Sophia,Singh,Captain,Captain,Senior,1,COCKPIT,LHR,ATPL,2027-04-14,2027-12-20,A380,FLIGHT,2026-01-20T08:31:00Z,2026-01-20T15:16:00Z,6.2,4.2,7.2,14,max_daily:10; max_weekly:60; max_monthly:100,N,10,CONFIRMED,COMPLIANT,N,,,0,,N,N,0.0,4,157,2026-01-20 14:46:00,N
RST-1208,CREW-1208,EY22485,POS-2,FLT-1022,EY454,2,London Fog + Multiple Aircraft AOG,A6-EYB,Sara,Patel,First Officer,First Officer,Junior,2,COCKPIT,LHR,ATPL,2028-04-15,2026-11-09,A380,FLIGHT,2026-01-20T08:31:00Z,2026-01-20T15:16:00Z,6.2,4.2,7.2,14,max_daily:10; max_weekly:60; max_monthly:100,N,10,CONFIRMED,COMPLIANT,N,,,0,,N,N,0.0,4,173,2026-01-20 14:46:00,N
RST-1209,CREW-1209,EY79496,POS-3,FLT-1022,EY454,2,London Fog + Multiple Aircraft AOG,A6-EYB,Mohammed,Johnson,Purser,Purser,Junior,3,CABIN,LHR,Cabin,2026-05-21,2026-09-22,A380,FLIGHT,2026-01-20T08:31:00Z,2026-01-20T15:16:00Z,6.2,4.2,9.2,16,max_daily:10; max_weekly:60; max_monthly:100,N,10,CONFIRMED,COMPLIANT,N,,,0,,N,N,0.0,4,177,2026-01-20 14:46:00,N
RST-1210,CREW-1210,EY91771,POS-4,FLT-1022,EY454,2,London Fog + Multiple Aircraft AOG,A6-EYB,Aisha,Khan,Flight Attendant,Flight Attendant,Junior,4,CABIN,SIN,Cabin,2026-09-27,2027-03-02,A380,FLIGHT,2026-01-20T08:31:00Z,2026-01-20T15:16:00Z,6.2,4.2,9.2,16,max_daily:10; max_weekly:60; max_monthly:100,N,10,CONFIRMED,COMPLIANT,N,,,0,,N,N,0.0,4,166,2026-01-20 14:46:00,N
RST-1211,CREW-1211,EY73935,POS-5,FLT-1022,EY454,2,London Fog + Multiple Aircraft AOG,A6-EYB,James,Rossi,Flight Attendant,Flight Attendant,Junior,5,CABIN,AUH,Cabin,2028-07-24,2027-02-03,A380,FLIGHT,2026-01-20T08:31:00Z,2026-01-20T15:16:00Z,6.2,4.2,9.2,16,max_daily:10; max_weekly:60; max_monthly:100,N,10,CONFIRMED,COMPLIANT,N,,,0,,N,N,0.0,4,122,2026-01-20 14:46:00,N
RST-1212,CREW-1212,EY21322,POS-6,FLT-1022,EY454,2,London Fog + Multiple Aircraft AOG,A6-EYB,Mei,Johnson,Flight Attendant,Flight Attendant,Junior,6,CABIN,SIN,Cabin,2028-07-17,2026-01-20,A380,FLIGHT,2026-01-20T08:31:00Z,2026-01-20T15:16:00Z,6.2,4.2,9.2,16,max_daily:10; max_weekly:60; max_monthly:100,N,10,CONFIRMED,COMPLIANT,N,,,0,,N,N,0.0,4,90,2026-01-20 14:46:00,N
RST-1213,CREW-1213,EY79057,POS-7,FLT-1022,EY454,2,London Fog + Multiple Aircraft AOG,A6-EYB,Emma,Lee,Flight Attendant,Flight Attendant,Junior,7,CABIN,JFK,Cabin,2028-06-23,2026-10-27,A380,FLIGHT,2026-01-20T08:31:00Z,2026-01-20T15:16:00Z,6.2,4.2,9.2,16,max_daily:10; max_weekly:60; max_monthly:100,N,10,CONFIRMED,COMPLIANT,N,,,0,,N,N,0.0,4,173,2026-01-20 14:46:00,N
RST-1214,CREW-1214,EY41824,POS-8,FLT-1022,EY454,2,London Fog + Multiple Aircraft AOG,A6-EYB,Ahmed,Al-Rashid,Flight Attendant,Flight Attendant,Junior,8,CABIN,AUH,Cabin,2026-12-20,2026-10-25,A380,FLIGHT,2026-01-20T08:31:00Z,2026-01-20T15:16:00Z,6.2,4.2,9.2,16,max_daily:10; max_weekly:60; max_monthly:100,N,10,CONFIRMED,COMPLIANT,N,,,0,,N,N,0.0,4,153,2026-01-20 14:46:00,N
RST-1215,CREW-1215,EY32162,POS-9,FLT-1022,EY454,2,London Fog + Multiple Aircraft AOG,A6-EYB,Ahmed,Tanaka,Flight Attendant,Flight Attendant,Junior,9,CABIN,AUH,Cabin,2026-04-28,2026-09-13,A380,FLIGHT,2026-01-20T08:31:00Z,2026-01-20T15:16:00Z,6.2,4.2,9.2,16,max_daily:10; max_weekly:60; max_monthly:100,N,10,CONFIRMED,COMPLIANT,N,,,0,,N,N,0.0,4,164,2026-01-20 14:46:00,N
RST-1216,CREW-1216,EY43828,POS-10,FLT-1022,EY454,2,London Fog + Multiple Aircraft AOG,A6-EYB,Wei,Singh,Flight Attendant,Flight Attendant,Junior,10,CABIN,JFK,Cabin,2026-07-26,2027-02-12,A380,FLIGHT,2026-01-20T08:31:00Z,2026-01-20T15:16:00Z,6.2,4.2,9.2,16,max_daily:10; max_weekly:60; max_monthly:100,N,10,CONFIRMED,COMPLIANT,N,,,0,,N,N,0.0,4,142,2026-01-20 14:46:00,N
RST-1217,CREW-1217,EY48660,POS-11,FLT-1022,EY454,2,London Fog + Multiple Aircraft AOG,A6-EYB,Mei,Kim,Flight Attendant,Flight Attendant,Senior,11,CABIN,LHR,Cabin,2028-07-15,2027-02-07,A380,FLIGHT,2026-01-20T08:31:00Z,2026-01-20T15:16:00Z,6.2,4.2,9.2,16,max_daily:10; max_weekly:60; max_monthly:100,N,10,CONFIRMED,COMPLIANT,N,,,0,,N,N,0.0,4,94,2026-01-20 14:46:00,N
RST-1218,CREW-1218,EY83774,POS-12,FLT-1022,EY454,2,London Fog + Multiple Aircraft AOG,A6-EYB,Priya,Johnson,Flight Attendant,Flight Attendant,Senior,12,CABIN,AUH,Cabin,2027-09-01,2027-05-17,A380,FLIGHT,2026-01-20T08:31:00Z,2026-01-20T15:16:00Z,6.2,4.2,9.2,16,max_daily:10; max_weekly:60; max_monthly:100,N,10,CONFIRMED,COMPLIANT,N,,,0,,N,N,0.0,4,197,2026-01-20 14:46:00,N
RST-1219,CREW-1219,EY76632,POS-13,FLT-1022,EY454,2,London Fog + Multiple Aircraft AOG,A6-EYB,Hiroshi,Lee,Flight Attendant,Flight Attendant,Junior,13,CABIN,AUH,Cabin,2027-03-26,2026-07-24,A380,FLIGHT,2026-01-20T08:31:00Z,2026-01-20T15:16:00Z,6.2,4.2,9.2,16,max_daily:10; max_weekly:60; max_monthly:100,N,10,CONFIRMED,COMPLIANT,N,,,0,,N,N,0.0,4,75,2026-01-20 14:46:00,N
RST-1220,CREW-1220,EY41161,POS-14,FLT-1022,EY454,2,London Fog + Multiple Aircraft AOG,A6-EYB,Ahmed,Ferrari,Flight Attendant,Flight Attendant,Junior,14,CABIN,SIN,Cabin,2026-02-27,2027-10-25,A380,FLIGHT,2026-01-20T08:31:00Z,2026-01-20T15:16:00Z,6.2,4.2,9.2,16,max_daily:10; max_weekly:60; max_monthly:100,N,10,CONFIRMED,COMPLIANT,N,,,0,,N,N,0.0,4,75,2026-01-20 14:46:00,N
RST-1221,CREW-1221,EY26965,POS-15,FLT-1022,EY454,2,London Fog + Multiple Aircraft AOG,A6-EYB,Raj,Smith,Flight Attendant,Flight Attendant,Junior,15,CABIN,SYD,Cabin,2026-03-03,2026-06-17,A380,FLIGHT,2026-01-20T08:31:00Z,2026-01-20T15:16:00Z,6.2,4.2,9.2,16,max_daily:10; max_weekly:60; max_monthly:100,N,10,CONFIRMED,COMPLIANT,N,,,0,,N,N,0.0,4,59,2026-01-20 14:46:00,N
RST-1222,CREW-1222,EY10604,POS-16,FLT-1022,EY454,2,London Fog + Multiple Aircraft AOG,A6-EYB,Omar,Garcia,Flight Attendant,Flight Attendant,Junior,16,CABIN,SIN,Cabin,2028-11-11,2027-07-20,A380,FLIGHT,2026-01-20T08:31:00Z,2026-01-20T15:16:00Z,6.2,4.2,9.2,16,max_daily:10; max_weekly:60; max_monthly:100,N,10,CONFIRMED,COMPLIANT,N,,,0,,N,N,0.0,4,121,2026-01-20 14:46:00,N
RST-1223,CREW-1223,EY30145,POS-1,FLT-1023,EY3105,3,Singapore Thunderstorms + MEL Expiry Cascade,A6-EYM,Mohammed,Patel,Captain,Captain,Senior,1,COCKPIT,JFK,ATPL,2028-09-03,2026-01-05,A350,FLIGHT,2026-01-21T04:15:00Z,2026-01-21T14:15:00Z,9.5,7.5,4.0,14,max_daily:10; max_weekly:60; max_monthly:100,N,10,CONFIRMED,COMPLIANT,N,,,0,,N,N,1.5,4,126,2026-01-21 13:45:00,N
RST-1224,CREW-1224,EY88192,POS-2,FLT-1023,EY3105,3,Singapore Thunderstorms + MEL Expiry Cascade,A6-EYM,Wei,Rossi,First Officer,First Officer,Junior,2,COCKPIT,AUH,ATPL,2026-12-22,2026-09-10,A350,FLIGHT,2026-01-21T04:15:00Z,2026-01-21T14:15:00Z,9.5,7.5,4.0,14,max_daily:10; max_weekly:60; max_monthly:100,N,10,CONFIRMED,COMPLIANT,N,,,0,,N,N,1.5,4,61,2026-01-21 13:45:00,N
RST-1225,CREW-1225,EY22646,POS-3,FLT-1023,EY3105,3,Singapore Thunderstorms + MEL Expiry Cascade,A6-EYM,James,Mueller,Purser,Purser,Senior,3,CABIN,AUH,Cabin,2028-01-07,2027-01-14,A350,FLIGHT,2026-01-21T04:15:00Z,2026-01-21T14:15:00Z,9.5,7.5,6.0,16,max_daily:10; max_weekly:60; max_monthly:100,N,10,CONFIRMED,COMPLIANT,N,,,0,,N,N,1.5,4,141,2026-01-21 13:45:00,N
RST-1226,CREW-1226,EY46893,POS-4,FLT-1023,EY3105,3,Singapore Thunderstorms + MEL Expiry Cascade,A6-EYM,David,Mueller,Flight Attendant,Flight Attendant,Junior,4,CABIN,SIN,Cabin,2028-08-07,2026-01-24,A350,FLIGHT,2026-01-21T04:15:00Z,2026-01-21T14:15:00Z,9.5,7.5,6.0,16,max_daily:10; max_weekly:60; max_monthly:100,N,10,CONFIRMED,COMPLIANT,N,,,0,,N,N,1.5,4,104,2026-01-21 13:45:00,N
RST-1227,CREW-1227,EY27290,POS-5,FLT-1023,EY3105,3,Singapore Thunderstorms + MEL Expiry Cascade,A6-EYM,Yusuf,Kim,Flight Attendant,Flight Attendant,Junior,5,CABIN,AUH,Cabin,2026-04-05,2027-04-15,A350,FLIGHT,2026-01-21T04:15:00Z,2026-01-21T14:15:00Z,9.5,7.5,6.0,16,max_daily:10; max_weekly:60; max_monthly:100,N,10,CONFIRMED,COMPLIANT,N,,,0,,N,N,1.5,4,158,2026-01-21 13:45:00,N
RST-1228,CREW-1228,EY75542,POS-6,FLT-1023,EY3105,3,Singapore Thunderstorms + MEL Expiry Cascade,A6-EYM,Hassan,Smith,Flight Attendant,Flight Attendant,Senior,6,CABIN,AUH,Cabin,2028-10-20,2026-07-09,A350,FLIGHT,2026-01-21T04:15:00Z,2026-01-21T14:15:00Z,9.5,7.5,6.0,16,max_daily:10; max_weekly:60; max_monthly:100,N,10,CONFIRMED,COMPLIANT,N,,,0,,N,N,1.5,4,84,2026-01-21 13:45:00,N
RST-1229,CREW-1229,EY26134,POS-7,FLT-1023,EY3105,3,Singapore Thunderstorms + MEL Expiry Cascade,A6-EYM,Carlos,Kim,Flight Attendant,Flight Attendant,Junior,7,CABIN,LHR,Cabin,2028-01-23,2026-10-25,A350,FLIGHT,2026-01-21T04:15:00Z,2026-01-21T14:15:00Z,9.5,7.5,6.0,16,max_daily:10; max_weekly:60; max_monthly:100,N,10,CONFIRMED,COMPLIANT,N,,,0,,N,N,1.5,4,175,2026-01-21 13:45:00,N
RST-1230,CREW-1230,EY47878,POS-8,FLT-1023,EY3105,3,Singapore Thunderstorms + MEL Expiry Cascade,A6-EYM,Maryam,Williams,Flight Attendant,Flight Attendant,Junior,8,CABIN,SYD,Cabin,2028-07-13,2026-05-28,A350,FLIGHT,2026-01-21T04:15:00Z,2026-01-21T14:15:00Z,9.5,7.5,6.0,16,max_daily:10; max_weekly:60; max_monthly:100,N,10,CONFIRMED,COMPLIANT,N,,,0,,N,N,1.5,4,119,2026-01-21 13:45:00,N
RST-1231,CREW-1231,EY85032,POS-9,FLT-1023,EY3105,3,Singapore Thunderstorms + MEL Expiry Cascade,A6-EYM,Ananya,Yamamoto,Flight Attendant,Flight Attendant,Junior,9,CABIN,JFK,Cabin,2027-01-16,2026-04-24,A350,FLIGHT,2026-01-21T04:15:00Z,2026-01-21T14:15:00Z,9.5,7.5,6.0,16,max_daily:10; max_weekly:60; max_monthly:100,N,10,CONFIRMED,COMPLIANT,N,,,0,,N,N,1.5,4,147,2026-01-21 13:45:00,N
RST-1232,CREW-1232,EY46934,POS-10,FLT-1023,EY3105,3,Singapore Thunderstorms + MEL Expiry Cascade,A6-EYM,Sophia,Johnson,Flight Attendant,Flight Attendant,Senior,10,CABIN,AUH,Cabin,2027-05-21,2026-02-04,A350,FLIGHT,2026-01-21T04:15:00Z,2026-01-21T14:15:00Z,9.5,7.5,6.0,16,max_daily:10; max_weekly:60; max_monthly:100,N,10,CONFIRMED,COMPLIANT,N,,,0,,N,N,1.5,4,200,2026-01-21 13:45:00,N
RST-1233,CREW-1233,EY36632,POS-11,FLT-1023,EY3105,3,Singapore Thunderstorms + MEL Expiry Cascade,A6-EYM,Sophia,Khan,Flight Attendant,Flight Attendant,Junior,11,CABIN,JFK,Cabin,2027-03-20,2026-04-11,A350,FLIGHT,2026-01-21T04:15:00Z,2026-01-21T14:15:00Z,9.5,7.5,6.0,16,max_daily:10; max_weekly:60; max_monthly:100,N,10,CONFIRMED,COMPLIANT,N,,,0,,N,N,1.5,4,143,2026-01-21 13:45:00,N
RST-1234,CREW-1234,EY61293,POS-12,FLT-1023,EY3105,3,Singapore Thunderstorms + MEL Expiry Cascade,A6-EYM,Raj,Williams,Flight Attendant,Flight Attendant,Senior,12,CABIN,LHR,Cabin,2027-01-12,2027-11-17,A350,FLIGHT,2026-01-21T04:15:00Z,2026-01-21T14:15:00Z,9.5,7.5,6.0,16,max_daily:10; max_weekly:60; max_monthly:100,N,10,CONFIRMED,COMPLIANT,N,,,0,,N,N,1.5,4,150,2026-01-21 13:45:00,N
RST-1235,CREW-1235,EY66194,POS-1,FLT-1024,EY472,3,Singapore Thunderstorms + MEL Expiry Cascade,A6-EYH,Maria,Chen,Captain,Captain,Senior,1,COCKPIT,LHR,ATPL,2026-05-17,2027-01-04,B787-10,FLIGHT,2026-01-21T06:14:00Z,2026-01-21T14:44:00Z,8.0,6.0,5.5,14,max_daily:10; max_weekly:60; max_monthly:100,N,10,CONFIRMED,COMPLIANT,N,,,0,,N,N,0.0,4,57,2026-01-21 14:14:00,N
RST-1236,CREW-1236,EY40071,POS-2,FLT-1024,EY472,3,Singapore Thunderstorms + MEL Expiry Cascade,A6-EYH,Raj,Chen,First Officer,First Officer,Senior,2,COCKPIT,SIN,ATPL,2026-03-18,2026-09-03,B787-10,FLIGHT,2026-01-21T06:14:00Z,2026-01-21T14:44:00Z,8.0,6.0,5.5,14,max_daily:10; max_weekly:60; max_monthly:100,N,10,CONFIRMED,COMPLIANT,N,,,0,,N,N,0.0,4,186,2026-01-21 14:14:00,N
RST-1237,CREW-1237,EY90101,POS-3,FLT-1024,EY472,3,Singapore Thunderstorms + MEL Expiry Cascade,A6-EYH,Yusuf,Williams,Purser,Purser,Junior,3,CABIN,AUH,Cabin,2027-11-26,2027-10-05,B787-10,FLIGHT,2026-01-21T06:14:00Z,2026-01-21T14:44:00Z,8.0,6.0,7.5,16,max_daily:10; max_weekly:60; max_monthly:100,N,10,CONFIRMED,COMPLIANT,N,,,0,,N,N,0.0,4,52,2026-01-21 14:14:00,N
RST-1238,CREW-1238,EY12083,POS-4,FLT-1024,EY472,3,Singapore Thunderstorms + MEL Expiry Cascade,A6-EYH,Omar,Wang,Flight Attendant,Flight Attendant,Junior,4,CABIN,JFK,Cabin,2026-12-19,2027-12-01,B787-10,FLIGHT,2026-01-21T06:14:00Z,2026-01-21T14:44:00Z,8.0,6.0,7.5,16,max_daily:10; max_weekly:60; max_monthly:100,N,10,CONFIRMED,COMPLIANT,N,,,0,,N,N,0.0,4,120,2026-01-21 14:14:00,N
RST-1239,CREW-1239,EY53786,POS-5,FLT-1024,EY472,3,Singapore Thunderstorms + MEL Expiry Cascade,A6-EYH,Raj,Williams,Flight Attendant,Flight Attendant,Junior,5,CABIN,LHR,Cabin,2028-02-19,2027-08-10,B787-10,FLIGHT,2026-01-21T06:14:00Z,2026-01-21T14:44:00Z,8.0,6.0,7.5,16,max_daily:10; max_weekly:60; max_monthly:100,N,10,CONFIRMED,COMPLIANT,N,,,0,,N,N,0.0,4,183,2026-01-21 14:14:00,N
RST-1240,CREW-1240,EY72292,POS-6,FLT-1024,EY472,3,Singapore Thunderstorms + MEL Expiry Cascade,A6-EYH,Arjun,Chen,Flight Attendant,Flight Attendant,Junior,6,CABIN,JFK,Cabin,2027-08-21,2026-01-11,B787-10,FLIGHT,2026-01-21T06:14:00Z,2026-01-21T14:44:00Z,8.0,6.0,7.5,16,max_daily:10; max_weekly:60; max_monthly:100,N,10,CONFIRMED,COMPLIANT,N,,,0,,N,N,0.0,4,85,2026-01-21 14:14:00,N
RST-1241,CREW-1241,EY50221,POS-7,FLT-1024,EY472,3,Singapore Thunderstorms + MEL Expiry Cascade,A6-EYH,Priya,Wang,Flight Attendant,Flight Attendant,Junior,7,CABIN,LHR,Cabin,2028-10-24,2027-12-16,B787-10,FLIGHT,2026-01-21T06:14:00Z,2026-01-21T14:44:00Z,8.0,6.0,7.5,16,max_daily:10; max_weekly:60; max_monthly:100,N,10,CONFIRMED,COMPLIANT,N,,,0,,N,N,0.0,4,68,2026-01-21 14:14:00,N
RST-1242,CREW-1242,EY89915,POS-8,FLT-1024,EY472,3,Singapore Thunderstorms + MEL Expiry Cascade,A6-EYH,Raj,Khan,Flight Attendant,Flight Attendant,Junior,8,CABIN,SIN,Cabin,2028-03-23,2027-10-13,B787-10,FLIGHT,2026-01-21T06:14:00Z,2026-01-21T14:44:00Z,8.0,6.0,7.5,16,max_daily:10; max_weekly:60; max_monthly:100,N,10,CONFIRMED,COMPLIANT,N,,,0,,N,N,0.0,4,181,2026-01-21 14:14:00,N
RST-1243,CREW-1243,EY84055,POS-9,FLT-1024,EY472,3,Singapore Thunderstorms + MEL Expiry Cascade,A6-EYH,Omar,Wang,Flight Attendant,Flight Attendant,Senior,9,CABIN,SYD,Cabin,2026-04-26,2027-09-14,B787-10,FLIGHT,2026-01-21T06:14:00Z,2026-01-21T14:44:00Z,8.0,6.0,7.5,16,max_daily:10; max_weekly:60; max_monthly:100,N,10,CONFIRMED,COMPLIANT,N,,,0,,N,N,0.0,4,196,2026-01-21 14:14:00,N
RST-1244,CREW-1244,EY21979,POS-10,FLT-1024,EY472,3,Singapore Thunderstorms + MEL Expiry Cascade,A6-EYH,Maria,Johnson,Flight Attendant,Flight Attendant,Junior,10,CABIN,SYD,Cabin,2027-04-27,2027-09-08,B787-10,FLIGHT,2026-01-21T06:14:00Z,2026-01-21T14:44:00Z,8.0,6.0,7.5,16,max_daily:10; max_weekly:60; max_monthly:100,N,10,CONFIRMED,COMPLIANT,N,,,0,,N,N,0.0,4,161,2026-01-21 14:14:00,N
RST-1245,CREW-1245,EY20913,POS-1,FLT-1025,EY424,3,Singapore Thunderstorms + MEL Expiry Cascade,A6-EYN,Wei,Mueller,Captain,Captain,Junior,1,COCKPIT,AUH,ATPL,2027-02-26,2026-05-09,A321LR,FLIGHT,2026-01-21T08:15:00Z,2026-01-21T20:45:00Z,12.0,10.0,1.5,14,max_daily:10; max_weekly:60; max_monthly:100,N,10,CONFIRMED,COMPLIANT,N,,,0,,N,N,4.0,4,153,2026-01-21 20:15:00,Y
RST-1246,CREW-1246,EY17908,POS-2,FLT-1025,EY424,3,Singapore Thunderstorms + MEL Expiry Cascade,A6-EYN,Mei,Ferrari,First Officer,First Officer,Junior,2,COCKPIT,SYD,ATPL,2026-01-25,2026-02-13,A321LR,FLIGHT,2026-01-21T08:15:00Z,2026-01-21T20:45:00Z,12.0,10.0,1.5,14,max_daily:10; max_weekly:60; max_monthly:100,N,10,CONFIRMED,COMPLIANT,N,,,0,,N,N,4.0,4,127,2026-01-21 20:15:00,Y
RST-1247,CREW-1247,EY29643,POS-3,FLT-1025,EY424,3,Singapore Thunderstorms + MEL Expiry Cascade,A6-EYN,Fatima,Chen,Purser,Purser,Junior,3,CABIN,LHR,Cabin,2028-10-28,2027-04-01,A321LR,FLIGHT,2026-01-21T08:15:00Z,2026-01-21T20:45:00Z,12.0,10.0,3.5,16,max_daily:10; max_weekly:60; max_monthly:100,N,10,CONFIRMED,COMPLIANT,N,,,0,,N,N,4.0,4,140,2026-01-21 20:15:00,Y
RST-1248,CREW-1248,EY64045,POS-4,FLT-1025,EY424,3,Singapore Thunderstorms + MEL Expiry Cascade,A6-EYN,Yuki,Khan,Flight Attendant,Flight Attendant,Junior,4,CABIN,LHR,Cabin,2027-06-26,2027-03-22,A321LR,FLIGHT,2026-01-21T08:15:00Z,2026-01-21T20:45:00Z,12.0,10.0,3.5,16,max_daily:10; max_weekly:60; max_monthly:100,N,10,CONFIRMED,COMPLIANT,N,,,0,,N,N,4.0,4,81,2026-01-21 20:15:00,Y
RST-1249,CREW-1249,EY68076,POS-5,FLT-1025,EY424,3,Singapore Thunderstorms + MEL Expiry Cascade,A6-EYN,Mei,Khan,Flight Attendant,Flight Attendant,Junior,5,CABIN,SIN,Cabin,2026-02-07,2027-01-06,A321LR,FLIGHT,2026-01-21T08:15:00Z,2026-01-21T20:45:00Z,12.0,10.0,3.5,16,max_daily:10; max_weekly:60; max_monthly:100,N,10,CONFIRMED,COMPLIANT,N,,,0,,N,N,4.0,4,160,2026-01-21 20:15:00,Y
RST-1250,CREW-1250,EY19757,POS-6,FLT-1025,EY424,3,Singapore Thunderstorms + MEL Expiry Cascade,A6-EYN,James,Yamamoto,Flight Attendant,Flight Attendant,Junior,6,CABIN,JFK,Cabin,2027-11-19,2026-01-22,A321LR,FLIGHT,2026-01-21T08:15:00Z,2026-01-21T20:45:00Z,12.0,10.0,3.5,16,max_daily:10; max_weekly:60; max_monthly:100,N,10,CONFIRMED,COMPLIANT,N,,,0,,N,N,4.0,4,161,2026-01-21 20:15:00,Y
RST-1251,CREW-1251,EY13786,POS-1,FLT-1026,EY868,3,Singapore Thunderstorms + MEL Expiry Cascade,A6-EYO,Wei,Khan,Captain,Captain,Junior,1,COCKPIT,JFK,ATPL,2026-04-24,2026-02-02,A321LR,FLIGHT,2026-01-21T10:46:00Z,2026-01-22T04:16:00Z,17.0,15.0,-3.5,14,max_daily:10; max_weekly:60; max_monthly:100,Y,12,CONFIRMED,WARNING,N,,,0,,N,Y,9.0,4,128,2026-01-22 03:46:00,Y
RST-1252,CREW-1252,EY14326,POS-2,FLT-1026,EY868,3,Singapore Thunderstorms + MEL Expiry Cascade,A6-EYO,Raj,Tanaka,First Officer,First Officer,Junior,2,COCKPIT,SYD,ATPL,2028-10-09,2027-06-05,A321LR,FLIGHT,2026-01-21T10:46:00Z,2026-01-22T04:16:00Z,17.0,15.0,-3.5,14,max_daily:10; max_weekly:60; max_monthly:100,Y,12,CONFIRMED,WARNING,N,,,0,,N,Y,9.0,4,138,2026-01-22 03:46:00,Y
RST-1253,CREW-1253,EY10112,POS-3,FLT-1026,EY868,3,Singapore Thunderstorms + MEL Expiry Cascade,A6-EYO,Priya,Tanaka,Purser,Purser,Junior,3,CABIN,SYD,Cabin,2027-12-24,2026-10-23,A321LR,FLIGHT,2026-01-21T10:46:00Z,2026-01-22T04:16:00Z,17.0,15.0,-1.5,16,max_daily:10; max_weekly:60; max_monthly:100,Y,12,CONFIRMED,WARNING,N,,,0,,N,Y,9.0,4,81,2026-01-22 03:46:00,Y
RST-1254,CREW-1254,EY79109,POS-4,FLT-1026,EY868,3,Singapore Thunderstorms + MEL Expiry Cascade,A6-EYO,Michael,Wang,Flight Attendant,Flight Attendant,Junior,4,CABIN,SIN,Cabin,2028-05-03,2027-03-25,A321LR,FLIGHT,2026-01-21T10:46:00Z,2026-01-22T04:16:00Z,17.0,15.0,-1.5,16,max_daily:10; max_weekly:60; max_monthly:100,Y,12,CONFIRMED,WARNING,N,,,0,,N,Y,9.0,4,78,2026-01-22 03:46:00,Y
RST-1255,CREW-1255,EY74263,POS-5,FLT-1026,EY868,3,Singapore Thunderstorms + MEL Expiry Cascade,A6-EYO,Yusuf,Garcia,Flight Attendant,Flight Attendant,Junior,5,CABIN,JFK,Cabin,2026-06-03,2026-05-18,A321LR,FLIGHT,2026-01-21T10:46:00Z,2026-01-22T04:16:00Z,17.0,15.0,-1.5,16,max_daily:10; max_weekly:60; max_monthly:100,Y,12,CONFIRMED,WARNING,N,,,0,,N,Y,9.0,4,158,2026-01-22 03:46:00,Y
RST-1256,CREW-1256,EY84775,POS-6,FLT-1026,EY868,3,Singapore Thunderstorms + MEL Expiry Cascade,A6-EYO,John,Singh,Flight Attendant,Flight Attendant,Junior,6,CABIN,JFK,Cabin,2027-05-22,2026-06-11,A321LR,FLIGHT,2026-01-21T10:46:00Z,2026-01-22T04:16:00Z,17.0,15.0,-1.5,16,max_daily:10; max_weekly:60; max_monthly:100,Y,12,CONFIRMED,WARNING,N,,,0,,N,Y,9.0,4,198,2026-01-22 03:46:00,Y
RST-1257,CREW-1257,EY98446,POS-1,FLT-1027,EY473,3,Singapore Thunderstorms + MEL Expiry Cascade,A6-EYH,Arjun,Tanaka,Captain,Captain,Senior,1,COCKPIT,LHR,ATPL,2026-07-22,2026-08-27,B787-10,FLIGHT,2026-01-21T12:51:00Z,2026-01-22T02:21:00Z,13.0,11.0,0.5,14,max_daily:10; max_weekly:60; max_monthly:100,N,10,CONFIRMED,COMPLIANT,N,,,0,,N,Y,5.0,4,104,2026-01-22 01:51:00,N
RST-1258,CREW-1258,EY93119,POS-2,FLT-1027,EY473,3,Singapore Thunderstorms + MEL Expiry Cascade,A6-EYH,Fatima,Chen,First Officer,First Officer,Junior,2,COCKPIT,LHR,ATPL,2028-11-03,2027-01-20,B787-10,FLIGHT,2026-01-21T12:51:00Z,2026-01-22T02:21:00Z,13.0,11.0,0.5,14,max_daily:10; max_weekly:60; max_monthly:100,N,10,CONFIRMED,COMPLIANT,N,,,0,,N,Y,5.0,4,161,2026-01-22 01:51:00,N
RST-1259,CREW-1259,EY27044,POS-3,FLT-1027,EY473,3,Singapore Thunderstorms + MEL Expiry Cascade,A6-EYH,John,Singh,Purser,Purser,Senior,3,CABIN,AUH,Cabin,2027-01-16,2027-12-28,B787-10,FLIGHT,2026-01-21T12:51:00Z,2026-01-22T02:21:00Z,13.0,11.0,2.5,16,max_daily:10; max_weekly:60; max_monthly:100,N,10,CONFIRMED,COMPLIANT,N,,,0,,N,Y,5.0,4,144,2026-01-22 01:51:00,N
RST-1260,CREW-1260,EY87317,POS-4,FLT-1027,EY473,3,Singapore Thunderstorms + MEL Expiry Cascade,A6-EYH,Sara,Garcia,Flight Attendant,Flight Attendant,Junior,4,CABIN,SYD,Cabin,2027-10-11,2027-05-09,B787-10,FLIGHT,2026-01-21T12:51:00Z,2026-01-22T02:21:00Z,13.0,11.0,2.5,16,max_daily:10; max_weekly:60; max_monthly:100,N,10,CONFIRMED,COMPLIANT,N,,,0,,N,Y,5.0,4,159,2026-01-22 01:51:00,N
RST-1261,CREW-1261,EY83415,POS-5,FLT-1027,EY473,3,Singapore Thunderstorms + MEL Expiry Cascade,A6-EYH,David,Johnson,Flight Attendant,Flight Attendant,Junior,5,CABIN,JFK,Cabin,2026-07-08,2027-11-28,B787-10,FLIGHT,2026-01-21T12:51:00Z,2026-01-22T02:21:00Z,13.0,11.0,2.5,16,max_daily:10; max_weekly:60; max_monthly:100,N,10,CONFIRMED,COMPLIANT,N,,,0,,N,Y,5.0,4,161,2026-01-22 01:51:00,N
RST-1262,CREW-1262,EY68276,POS-6,FLT-1027,EY473,3,Singapore Thunderstorms + MEL Expiry Cascade,A6-EYH,John,Khan,Flight Attendant,Flight Attendant,Junior,6,CABIN,AUH,Cabin,2027-06-25,2026-06-20,B787-10,FLIGHT,2026-01-21T12:51:00Z,2026-01-22T02:21:00Z,13.0,11.0,2.5,16,max_daily:10; max_weekly:60; max_monthly:100,N,10,CONFIRMED,COMPLIANT,N,,,0,,N,Y,5.0,4,134,2026-01-22 01:51:00,N
RST-1263,CREW-1263,EY53353,POS-7,FLT-1027,EY473,3,Singapore Thunderstorms + MEL Expiry Cascade,A6-EYH,Raj,Garcia,Flight Attendant,Flight Attendant,Junior,7,CABIN,SYD,Cabin,2026-02-23,2027-07-19,B787-10,FLIGHT,2026-01-21T12:51:00Z,2026-01-22T02:21:00Z,13.0,11.0,2.5,16,max_daily:10; max_weekly:60; max_monthly:100,N,10,CONFIRMED,COMPLIANT,N,,,0,,N,Y,5.0,4,90,2026-01-22 01:51:00,N
RST-1264,CREW-1264,EY62395,POS-8,FLT-1027,EY473,3,Singapore Thunderstorms + MEL Expiry Cascade,A6-EYH,Olivia,Schmidt,Flight Attendant,Flight Attendant,Junior,8,CABIN,SIN,Cabin,2026-08-23,2026-05-18,B787-10,FLIGHT,2026-01-21T12:51:00Z,2026-01-22T02:21:00Z,13.0,11.0,2.5,16,max_daily:10; max_weekly:60; max_monthly:100,N,10,CONFIRMED,COMPLIANT,N,,,0,,N,Y,5.0,4,86,2026-01-22 01:51:00,N
RST-1265,CREW-1265,EY23379,POS-9,FLT-1027,EY473,3,Singapore Thunderstorms + MEL Expiry Cascade,A6-EYH,Sophia,Mueller,Flight Attendant,Flight Attendant,Senior,9,CABIN,LHR,Cabin,2026-08-02,2026-09-05,B787-10,FLIGHT,2026-01-21T12:51:00Z,2026-01-22T02:21:00Z,13.0,11.0,2.5,16,max_daily:10; max_weekly:60; max_monthly:100,N,10,CONFIRMED,COMPLIANT,N,,,0,,N,Y,5.0,4,154,2026-01-22 01:51:00,N
RST-1266,CREW-1266,EY51289,POS-10,FLT-1027,EY473,3,Singapore Thunderstorms + MEL Expiry Cascade,A6-EYH,Sophia,Ferrari,Flight Attendant,Flight Attendant,Junior,10,CABIN,JFK,Cabin,2026-12-14,2027-10-17,B787-10,FLIGHT,2026-01-21T12:51:00Z,2026-01-22T02:21:00Z,13.0,11.0,2.5,16,max_daily:10; max_weekly:60; max_monthly:100,N,10,CONFIRMED,COMPLIANT,N,,,0,,N,Y,5.0,4,52,2026-01-22 01:51:00,N
RST-1267,CREW-1267,EY93310,POS-1,FLT-1028,EY425,3,Singapore Thunderstorms + MEL Expiry Cascade,A6-EYN,Michael,Al-Rashid,Captain,Captain,Senior,1,COCKPIT,LHR,ATPL,2027-06-06,2026-03-25,A321LR,FLIGHT,2026-01-21T14:03:00Z,2026-01-22T04:33:00Z,14.0,12.0,-0.5,14,max_daily:10; max_weekly:60; max_monthly:100,Y,12,CONFIRMED,WARNING,N,,,0,,N,Y,6.0,4,146,2026-01-22 04:03:00,Y
RST-1268,CREW-1268,EY25739,POS-2,FLT-1028,EY425,3,Singapore Thunderstorms + MEL Expiry Cascade,A6-EYN,Emma,Tanaka,First Officer,First Officer,Junior,2,COCKPIT,AUH,ATPL,2026-09-20,2027-12-06,A321LR,FLIGHT,2026-01-21T14:03:00Z,2026-01-22T04:33:00Z,14.0,12.0,-0.5,14,max_daily:10; max_weekly:60; max_monthly:100,Y,12,CONFIRMED,WARNING,N,,,0,,N,Y,6.0,4,69,2026-01-22 04:03:00,Y
RST-1269,CREW-1269,EY92069,POS-3,FLT-1028,EY425,3,Singapore Thunderstorms + MEL Expiry Cascade,A6-EYN,Layla,Schmidt,Purser,Purser,Junior,3,CABIN,SIN,Cabin,2028-03-06,2027-05-05,A321LR,FLIGHT,2026-01-21T14:03:00Z,2026-01-22T04:33:00Z,14.0,12.0,1.5,16,max_daily:10; max_weekly:60; max_monthly:100,N,10,CONFIRMED,COMPLIANT,N,,,0,,N,Y,6.0,4,156,2026-01-22 04:03:00,Y
RST-1270,CREW-1270,EY79801,POS-4,FLT-1028,EY425,3,Singapore Thunderstorms + MEL Expiry Cascade,A6-EYN,Mia,Brown,Flight Attendant,Flight Attendant,Senior,4,CABIN,SYD,Cabin,2026-03-02,2026-07-21,A321LR,FLIGHT,2026-01-21T14:03:00Z,2026-01-22T04:33:00Z,14.0,12.0,1.5,16,max_daily:10; max_weekly:60; max_monthly:100,N,10,CONFIRMED,COMPLIANT,N,,,0,,N,Y,6.0,4,126,2026-01-22 04:03:00,Y
RST-1271,CREW-1271,EY71863,POS-5,FLT-1028,EY425,3,Singapore Thunderstorms + MEL Expiry Cascade,A6-EYN,Yusuf,Ferrari,Flight Attendant,Flight Attendant,Junior,5,CABIN,SYD,Cabin,2026-12-03,2027-01-04,A321LR,FLIGHT,2026-01-21T14:03:00Z,2026-01-22T04:33:00Z,14.0,12.0,1.5,16,max_daily:10; max_weekly:60; max_monthly:100,N,10,CONFIRMED,COMPLIANT,N,,,0,,N,Y,6.0,4,79,2026-01-22 04:03:00,Y
RST-1272,CREW-1272,EY57008,POS-6,FLT-1028,EY425,3,Singapore Thunderstorms + MEL Expiry Cascade,A6-EYN,Omar,Singh,Flight Attendant,Flight Attendant,Junior,6,CABIN,JFK,Cabin,2028-11-10,2027-10-08,A321LR,FLIGHT,2026-01-21T14:03:00Z,2026-01-22T04:33:00Z,14.0,12.0,1.5,16,max_daily:10; max_weekly:60; max_monthly:100,N,10,CONFIRMED,COMPLIANT,N,,,0,,N,Y,6.0,4,193,2026-01-22 04:03:00,Y
RST-1273,CREW-1273,EY47521,POS-1,FLT-1029,EY869,3,Singapore Thunderstorms + MEL Expiry Cascade,A6-EYO,Mia,Martinez,Captain,Captain,Senior,1,COCKPIT,LHR,ATPL,2026-09-04,2026-05-25,A321LR,FLIGHT,2026-01-21T16:12:00Z,2026-01-22T08:42:00Z,16.0,14.0,-2.5,14,max_daily:10; max_weekly:60; max_monthly:100,Y,12,CONFIRMED,WARNING,N,,,0,,N,Y,8.0,4,52,2026-01-22 08:12:00,Y
RST-1274,CREW-1274,EY11520,POS-2,FLT-1029,EY869,3,Singapore Thunderstorms + MEL Expiry Cascade,A6-EYO,Mohammed,Tanaka,First Officer,First Officer,Senior,2,COCKPIT,LHR,ATPL,2026-09-20,2027-07-18,A321LR,FLIGHT,2026-01-21T16:12:00Z,2026-01-22T08:42:00Z,16.0,14.0,-2.5,14,max_daily:10; max_weekly:60; max_monthly:100,Y,12,CONFIRMED,WARNING,N,,,0,,N,Y,8.0,4,135,2026-01-22 08:12:00,Y
RST-1275,CREW-1275,EY88418,POS-3,FLT-1029,EY869,3,Singapore Thunderstorms + MEL Expiry Cascade,A6-EYO,Arjun,Ferrari,Purser,Purser,Junior,3,CABIN,AUH,Cabin,2028-11-04,2027-04-12,A321LR,FLIGHT,2026-01-21T16:12:00Z,2026-01-22T08:42:00Z,16.0,14.0,-0.5,16,max_daily:10; max_weekly:60; max_monthly:100,Y,12,CONFIRMED,WARNING,N,,,0,,N,Y,8.0,4,111,2026-01-22 08:12:00,Y
RST-1276,CREW-1276,EY74678,POS-4,FLT-1029,EY869,3,Singapore Thunderstorms + MEL Expiry Cascade,A6-EYO,Wei,Singh,Flight Attendant,Flight Attendant,Junior,4,CABIN,AUH,Cabin,2026-03-18,2027-11-02,A321LR,FLIGHT,2026-01-21T16:12:00Z,2026-01-22T08:42:00Z,16.0,14.0,-0.5,16,max_daily:10; max_weekly:60; max_monthly:100,Y,12,CONFIRMED,WARNING,N,,,0,,N,Y,8.0,4,55,2026-01-22 08:12:00,Y
RST-1277,CREW-1277,EY31207,POS-5,FLT-1029,EY869,3,Singapore Thunderstorms + MEL Expiry Cascade,A6-EYO,Mia,Wang,Flight Attendant,Flight Attendant,Junior,5,CABIN,JFK,Cabin,2026-07-08,2026-10-06,A321LR,FLIGHT,2026-01-21T16:12:00Z,2026-01-22T08:42:00Z,16.0,14.0,-0.5,16,max_daily:10; max_weekly:60; max_monthly:100,Y,12,CONFIRMED,WARNING,N,,,0,,N,Y,8.0,4,161,2026-01-22 08:12:00,Y
RST-1278,CREW-1278,EY76821,POS-6,FLT-1029,EY869,3,Singapore Thunderstorms + MEL Expiry Cascade,A6-EYO,Ahmed,Mueller,Flight Attendant,Flight Attendant,Junior,6,CABIN,JFK,Cabin,2028-05-04,2027-12-01,A321LR,FLIGHT,2026-01-21T16:12:00Z,2026-01-22T08:42:00Z,16.0,14.0,-0.5,16,max_daily:10; max_weekly:60; max_monthly:100,Y,12,CONFIRMED,WARNING,N,,,0,,N,Y,8.0,4,130,2026-01-22 08:12:00,Y
RST-1279,CREW-1279,EY17361,POS-1,FLT-1030,EY334,3,Singapore Thunderstorms + MEL Expiry Cascade,A6-EYJ,Hiroshi,Schmidt,Captain,Captain,Senior,1,COCKPIT,AUH,ATPL,2027-03-07,2026-01-04,B787-10,FLIGHT,2026-01-21T18:29:00Z,2026-01-22T03:44:00Z,8.8,6.8,4.8,14,max_daily:10; max_weekly:60; max_monthly:100,N,10,CONFIRMED,COMPLIANT,N,,,0,,N,N,0.8,4,190,2026-01-22 03:14:00,N
RST-1280,CREW-1280,EY14198,POS-2,FLT-1030,EY334,3,Singapore Thunderstorms + MEL Expiry Cascade,A6-EYJ,James,Garcia,First Officer,First Officer,Junior,2,COCKPIT,AUH,ATPL,2028-10-02,2027-03-07,B787-10,FLIGHT,2026-01-21T18:29:00Z,2026-01-22T03:44:00Z,8.8,6.8,4.8,14,max_daily:10; max_weekly:60; max_monthly:100,N,10,CONFIRMED,COMPLIANT,N,,,0,,N,N,0.8,4,152,2026-01-22 03:14:00,N
RST-1281,CREW-1281,EY15315,POS-3,FLT-1030,EY334,3,Singapore Thunderstorms + MEL Expiry Cascade,A6-EYJ,Wei,Martinez,Purser,Purser,Junior,3,CABIN,LHR,Cabin,2028-11-13,2027-07-25,B787-10,FLIGHT,2026-01-21T18:29:00Z,2026-01-22T03:44:00Z,8.8,6.8,6.8,16,max_daily:10; max_weekly:60; max_monthly:100,N,10,CONFIRMED,COMPLIANT,N,,,0,,N,N,0.8,4,189,2026-01-22 03:14:00,N
RST-1282,CREW-1282,EY31884,POS-4,FLT-1030,EY334,3,Singapore Thunderstorms + MEL Expiry Cascade,A6-EYJ,James,Brown,Flight Attendant,Flight Attendant,Junior,4,CABIN,LHR,Cabin,2028-04-17,2026-04-22,B787-10,FLIGHT,2026-01-21T18:29:00Z,2026-01-22T03:44:00Z,8.8,6.8,6.8,16,max_daily:10; max_weekly:60; max_monthly:100,N,10,CONFIRMED,COMPLIANT,N,,,0,,N,N,0.8,4,80,2026-01-22 03:14:00,N
RST-1283,CREW-1283,EY22429,POS-5,FLT-1030,EY334,3,Singapore Thunderstorms + MEL Expiry Cascade,A6-EYJ,Yuki,Chen,Flight Attendant,Flight Attendant,Junior,5,CABIN,LHR,Cabin,2027-06-05,2027-07-26,B787-10,FLIGHT,2026-01-21T18:29:00Z,2026-01-22T03:44:00Z,8.8,6.8,6.8,16,max_daily:10; max_weekly:60; max_monthly:100,N,10,CONFIRMED,COMPLIANT,N,,,0,,N,N,0.8,4,79,2026-01-22 03:14:00,N
RST-1284,CREW-1284,EY64892,POS-6,FLT-1030,EY334,3,Singapore Thunderstorms + MEL Expiry Cascade,A6-EYJ,James,Mueller,Flight Attendant,Flight Attendant,Junior,6,CABIN,SIN,Cabin,2027-12-16,2026-09-18,B787-10,FLIGHT,2026-01-21T18:29:00Z,2026-01-22T03:44:00Z,8.8,6.8,6.8,16,max_daily:10; max_weekly:60; max_monthly:100,N,10,CONFIRMED,COMPLIANT,N,,,0,,N,N,0.8,4,145,2026-01-22 03:14:00,N
RST-1285,CREW-1285,EY18140,POS-7,FLT-1030,EY334,3,Singapore Thunderstorms + MEL Expiry Cascade,A6-EYJ,Hiroshi,Williams,Flight Attendant,Flight Attendant,Junior,7,CABIN,SIN,Cabin,2027-03-07,2027-03-19,B787-10,FLIGHT,2026-01-21T18:29:00Z,2026-01-22T03:44:00Z,8.8,6.8,6.8,16,max_daily:10; max_weekly:60; max_monthly:100,N,10,CONFIRMED,COMPLIANT,N,,,0,,N,N,0.8,4,128,2026-01-22 03:14:00,N
RST-1286,CREW-1286,EY88829,POS-8,FLT-1030,EY334,3,Singapore Thunderstorms + MEL Expiry Cascade,A6-EYJ,Mia,Singh,Flight Attendant,Flight Attendant,Junior,8,CABIN,SYD,Cabin,2027-03-27,2026-12-01,B787-10,FLIGHT,2026-01-21T18:29:00Z,2026-01-22T03:44:00Z,8.8,6.8,6.8,16,max_daily:10; max_weekly:60; max_monthly:100,N,10,CONFIRMED,COMPLIANT,N,,,0,,N,N,0.8,4,143,2026-01-22 03:14:00,N
RST-1287,CREW-1287,EY99545,POS-9,FLT-1030,EY334,3,Singapore Thunderstorms + MEL Expiry Cascade,A6-EYJ,David,Schmidt,Flight Attendant,Flight Attendant,Junior,9,CABIN,SYD,Cabin,2027-04-05,2026-11-28,B787-10,FLIGHT,2026-01-21T18:29:00Z,2026-01-22T03:44:00Z,8.8,6.8,6.8,16,max_daily:10; max_weekly:60; max_monthly:100,N,10,CONFIRMED,COMPLIANT,N,,,0,,N,N,0.8,4,57,2026-01-22 03:14:00,N
RST-1288,CREW-1288,EY31503,POS-10,FLT-1030,EY334,3,Singapore Thunderstorms + MEL Expiry Cascade,A6-EYJ,Yusuf,Wang,Flight Attendant,Flight Attendant,Junior,10,CABIN,SIN,Cabin,2027-05-16,2026-04-16,B787-10,FLIGHT,2026-01-21T18:29:00Z,2026-01-22T03:44:00Z,8.8,6.8,6.8,16,max_daily:10; max_weekly:60; max_monthly:100,N,10,CONFIRMED,COMPLIANT,N,,,0,,N,N,0.8,4,161,2026-01-22 03:14:00,N
RST-1289,CREW-1289,EY54016,POS-1,FLT-1031,EY2796,4,Paris Winter Storm + Temperature-Controlled Cargo Crisis,A6-EYI,Fatima,Yamamoto,Captain,Captain,Junior,1,COCKPIT,SIN,ATPL,2026-04-26,2026-02-16,B787-10,FLIGHT,2026-01-22T04:10:00Z,2026-01-22T19:40:00Z,15.0,13.0,-1.5,14,max_daily:10; max_weekly:60; max_monthly:100,Y,12,CONFIRMED,WARNING,N,,,0,,N,Y,7.0,4,152,2026-01-22 19:10:00,Y
RST-1290,CREW-1290,EY58868,POS-2,FLT-1031,EY2796,4,Paris Winter Storm + Temperature-Controlled Cargo Crisis,A6-EYI,Isabella,Ferrari,First Officer,First Officer,Senior,2,COCKPIT,AUH,ATPL,2027-05-05,2027-07-07,B787-10,FLIGHT,2026-01-22T04:10:00Z,2026-01-22T19:40:00Z,15.0,13.0,-1.5,14,max_daily:10; max_weekly:60; max_monthly:100,Y,12,CONFIRMED,WARNING,N,,,0,,N,Y,7.0,4,62,2026-01-22 19:10:00,Y
RST-1291,CREW-1291,EY20471,POS-3,FLT-1031,EY2796,4,Paris Winter Storm + Temperature-Controlled Cargo Crisis,A6-EYI,Fatima,Garcia,Purser,Purser,Senior,3,CABIN,SIN,Cabin,2026-01-25,2027-05-21,B787-10,FLIGHT,2026-01-22T04:10:00Z,2026-01-22T19:40:00Z,15.0,13.0,0.5,16,max_daily:10; max_weekly:60; max_monthly:100,N,10,CONFIRMED,COMPLIANT,N,,,0,,N,Y,7.0,4,92,2026-01-22 19:10:00,Y
RST-1292,CREW-1292,EY39349,POS-4,FLT-1031,EY2796,4,Paris Winter Storm + Temperature-Controlled Cargo Crisis,A6-EYI,Hassan,Al-Rashid,Flight Attendant,Flight Attendant,Junior,4,CABIN,LHR,Cabin,2026-07-10,2026-12-22,B787-10,FLIGHT,2026-01-22T04:10:00Z,2026-01-22T19:40:00Z,15.0,13.0,0.5,16,max_daily:10; max_weekly:60; max_monthly:100,N,10,CONFIRMED,COMPLIANT,N,,,0,,N,Y,7.0,4,106,2026-01-22 19:10:00,Y
RST-1293,CREW-1293,EY67501,POS-5,FLT-1031,EY2796,4,Paris Winter Storm + Temperature-Controlled Cargo Crisis,A6-EYI,Maria,Wang,Flight Attendant,Flight Attendant,Senior,5,CABIN,LHR,Cabin,2027-05-05,2027-01-04,B787-10,FLIGHT,2026-01-22T04:10:00Z,2026-01-22T19:40:00Z,15.0,13.0,0.5,16,max_daily:10; max_weekly:60; max_monthly:100,N,10,CONFIRMED,COMPLIANT,N,,,0,,N,Y,7.0,4,71,2026-01-22 19:10:00,Y
RST-1294,CREW-1294,EY48527,POS-6,FLT-1031,EY2796,4,Paris Winter Storm + Temperature-Controlled Cargo Crisis,A6-EYI,David,Yamamoto,Flight Attendant,Flight Attendant,Junior,6,CABIN,SIN,Cabin,2026-04-18,2026-07-21,B787-10,FLIGHT,2026-01-22T04:10:00Z,2026-01-22T19:40:00Z,15.0,13.0,0.5,16,max_daily:10; max_weekly:60; max_monthly:100,N,10,CONFIRMED,COMPLIANT,N,,,0,,N,Y,7.0,4,148,2026-01-22 19:10:00,Y
RST-1295,CREW-1295,EY65711,POS-7,FLT-1031,EY2796,4,Paris Winter Storm + Temperature-Controlled Cargo Crisis,A6-EYI,Mohammed,Brown,Flight Attendant,Flight Attendant,Senior,7,CABIN,AUH,Cabin,2026-01-05,2027-05-25,B787-10,FLIGHT,2026-01-22T04:10:00Z,2026-01-22T19:40:00Z,15.0,13.0,0.5,16,max_daily:10; max_weekly:60; max_monthly:100,N,10,CONFIRMED,COMPLIANT,N,,,0,,N,Y,7.0,4,139,2026-01-22 19:10:00,Y
RST-1296,CREW-1296,EY79423,POS-8,FLT-1031,EY2796,4,Paris Winter Storm + Temperature-Controlled Cargo Crisis,A6-EYI,Michael,Patel,Flight Attendant,Flight Attendant,Junior,8,CABIN,LHR,Cabin,2026-07-05,2026-02-07,B787-10,FLIGHT,2026-01-22T04:10:00Z,2026-01-22T19:40:00Z,15.0,13.0,0.5,16,max_daily:10; max_weekly:60; max_monthly:100,N,10,CONFIRMED,COMPLIANT,N,,,0,,N,Y,7.0,4,95,2026-01-22 19:10:00,Y
RST-1297,CREW-1297,EY35486,POS-9,FLT-1031,EY2796,4,Paris Winter Storm + Temperature-Controlled Cargo Crisis,A6-EYI,Mia,Smith,Flight Attendant,Flight Attendant,Senior,9,CABIN,JFK,Cabin,2028-10-21,2027-05-13,B787-10,FLIGHT,2026-01-22T04:10:00Z,2026-01-22T19:40:00Z,15.0,13.0,0.5,16,max_daily:10; max_weekly:60; max_monthly:100,N,10,CONFIRMED,COMPLIANT,N,,,0,,N,Y,7.0,4,171,2026-01-22 19:10:00,Y
RST-1298,CREW-1298,EY12871,POS-10,FLT-1031,EY2796,4,Paris Winter Storm + Temperature-Controlled Cargo Crisis,A6-EYI,Carlos,Singh,Flight Attendant,Flight Attendant,Senior,10,CABIN,AUH,Cabin,2028-09-23,2026-07-26,B787-10,FLIGHT,2026-01-22T04:10:00Z,2026-01-22T19:40:00Z,15.0,13.0,0.5,16,max_daily:10; max_weekly:60; max_monthly:100,N,10,CONFIRMED,COMPLIANT,N,,,0,,N,Y,7.0,4,173,2026-01-22 19:10:00,Y
RST-1299,CREW-1299,EY92829,POS-1,FLT-1032,EY334,4,Paris Winter Storm + Temperature-Controlled Cargo Crisis,A6-EYJ,Maryam,Mueller,Captain,Captain,Junior,1,COCKPIT,LHR,ATPL,2026-12-20,2027-03-07,B787-10,FLIGHT,2026-01-22T06:12:00Z,2026-01-22T20:42:00Z,14.0,12.0,-0.5,14,max_daily:10; max_weekly:60; max_monthly:100,Y,12,CONFIRMED,WARNING,N,,,0,,N,Y,6.0,4,172,2026-01-22 20:12:00,Y
RST-1300,CREW-1300,EY32002,POS-2,FLT-1032,EY334,4,Paris Winter Storm + Temperature-Controlled Cargo Crisis,A6-EYJ,Maryam,Mueller,First Officer,First Officer,Junior,2,COCKPIT,SYD,ATPL,2027-04-03,2027-02-08,B787-10,FLIGHT,2026-01-22T06:12:00Z,2026-01-22T20:42:00Z,14.0,12.0,-0.5,14,max_daily:10; max_weekly:60; max_monthly:100,Y,12,CONFIRMED,WARNING,N,,,0,,N,Y,6.0,4,93,2026-01-22 20:12:00,Y
RST-1301,CREW-1301,EY68595,POS-3,FLT-1032,EY334,4,Paris Winter Storm + Temperature-Controlled Cargo Crisis,A6-EYJ,Hassan,Yamamoto,Purser,Purser,Junior,3,CABIN,AUH,Cabin,2026-04-16,2027-11-02,B787-10,FLIGHT,2026-01-22T06:12:00Z,2026-01-22T20:42:00Z,14.0,12.0,1.5,16,max_daily:10; max_weekly:60; max_monthly:100,N,10,CONFIRMED,COMPLIANT,N,,,0,,N,Y,6.0,4,108,2026-01-22 20:12:00,Y
RST-1302,CREW-1302,EY96915,POS-4,FLT-1032,EY334,4,Paris Winter Storm + Temperature-Controlled Cargo Crisis,A6-EYJ,Sara,Schmidt,Flight Attendant,Flight Attendant,Junior,4,CABIN,SIN,Cabin,2027-10-08,2026-03-24,B787-10,FLIGHT,2026-01-22T06:12:00Z,2026-01-22T20:42:00Z,14.0,12.0,1.5,16,max_daily:10; max_weekly:60; max_monthly:100,N,10,CONFIRMED,COMPLIANT,N,,,0,,N,Y,6.0,4,101,2026-01-22 20:12:00,Y
RST-1303,CREW-1303,EY39214,POS-5,FLT-1032,EY334,4,Paris Winter Storm + Temperature-Controlled Cargo Crisis,A6-EYJ,Hassan,Ferrari,Flight Attendant,Flight Attendant,Junior,5,CABIN,SYD,Cabin,2026-06-05,2026-06-01,B787-10,FLIGHT,2026-01-22T06:12:00Z,2026-01-22T20:42:00Z,14.0,12.0,1.5,16,max_daily:10; max_weekly:60; max_monthly:100,N,10,CONFIRMED,COMPLIANT,N,,,0,,N,Y,6.0,4,197,2026-01-22 20:12:00,Y
RST-1304,CREW-1304,EY39740,POS-6,FLT-1032,EY334,4,Paris Winter Storm + Temperature-Controlled Cargo Crisis,A6-EYJ,Priya,Al-Rashid,Flight Attendant,Flight Attendant,Junior,6,CABIN,LHR,Cabin,2026-07-21,2027-01-10,B787-10,FLIGHT,2026-01-22T06:12:00Z,2026-01-22T20:42:00Z,14.0,12.0,1.5,16,max_daily:10; max_weekly:60; max_monthly:100,N,10,CONFIRMED,COMPLIANT,N,,,0,,N,Y,6.0,4,122,2026-01-22 20:12:00,Y
RST-1305,CREW-1305,EY71735,POS-7,FLT-1032,EY334,4,Paris Winter Storm + Temperature-Controlled Cargo Crisis,A6-EYJ,Yuki,Brown,Flight Attendant,Flight Attendant,Junior,7,CABIN,JFK,Cabin,2028-10-22,2027-08-12,B787-10,FLIGHT,2026-01-22T06:12:00Z,2026-01-22T20:42:00Z,14.0,12.0,1.5,16,max_daily:10; max_weekly:60; max_monthly:100,N,10,CONFIRMED,COMPLIANT,N,,,0,,N,Y,6.0,4,117,2026-01-22 20:12:00,Y
RST-1306,CREW-1306,EY54837,POS-8,FLT-1032,EY334,4,Paris Winter Storm + Temperature-Controlled Cargo Crisis,A6-EYJ,Layla,Rossi,Flight Attendant,Flight Attendant,Junior,8,CABIN,JFK,Cabin,2027-07-22,2027-09-03,B787-10,FLIGHT,2026-01-22T06:12:00Z,2026-01-22T20:42:00Z,14.0,12.0,1.5,16,max_daily:10; max_weekly:60; max_monthly:100,N,10,CONFIRMED,COMPLIANT,N,,,0,,N,Y,6.0,4,66,2026-01-22 20:12:00,Y
RST-1307,CREW-1307,EY88956,POS-9,FLT-1032,EY334,4,Paris Winter Storm + Temperature-Controlled Cargo Crisis,A6-EYJ,Carlos,Khan,Flight Attendant,Flight Attendant,Junior,9,CABIN,LHR,Cabin,2028-11-14,2026-10-26,B787-10,FLIGHT,2026-01-22T06:12:00Z,2026-01-22T20:42:00Z,14.0,12.0,1.5,16,max_daily:10; max_weekly:60; max_monthly:100,N,10,CONFIRMED,COMPLIANT,N,,,0,,N,Y,6.0,4,132,2026-01-22 20:12:00,Y
RST-1308,CREW-1308,EY68352,POS-10,FLT-1032,EY334,4,Paris Winter Storm + Temperature-Controlled Cargo Crisis,A6-EYJ,Mei,Williams,Flight Attendant,Flight Attendant,Junior,10,CABIN,JFK,Cabin,2027-09-14,2027-10-03,B787-10,FLIGHT,2026-01-22T06:12:00Z,2026-01-22T20:42:00Z,14.0,12.0,1.5,16,max_daily:10; max_weekly:60; max_monthly:100,N,10,CONFIRMED,COMPLIANT,N,,,0,,N,Y,6.0,4,100,2026-01-22 20:12:00,Y
RST-1309,CREW-1309,EY73959,POS-1,FLT-1033,EY1677,4,Paris Winter Storm + Temperature-Controlled Cargo Crisis,A6-EYK,Yusuf,Johnson,Captain,Captain,Junior,1,COCKPIT,AUH,ATPL,2027-02-15,2026-07-20,A350,FLIGHT,2026-01-22T08:34:00Z,2026-01-22T20:04:00Z,11.0,9.0,2.5,14,max_daily:10; max_weekly:60; max_monthly:100,N,10,CONFIRMED,COMPLIANT,N,,,0,,N,N,3.0,4,104,2026-01-22 19:34:00,Y
RST-1310,CREW-1310,EY41540,POS-2,FLT-1033,EY1677,4,Paris Winter Storm + Temperature-Controlled Cargo Crisis,A6-EYK,Carlos,Al-Rashid,First Officer,First Officer,Junior,2,COCKPIT,JFK,ATPL,2026-05-25,2026-05-06,A350,FLIGHT,2026-01-22T08:34:00Z,2026-01-22T20:04:00Z,11.0,9.0,2.5,14,max_daily:10; max_weekly:60; max_monthly:100,N,10,CONFIRMED,COMPLIANT,N,,,0,,N,N,3.0,4,121,2026-01-22 19:34:00,Y
RST-1311,CREW-1311,EY34049,POS-3,FLT-1033,EY1677,4,Paris Winter Storm + Temperature-Controlled Cargo Crisis,A6-EYK,Yusuf,Patel,Purser,Purser,Junior,3,CABIN,AUH,Cabin,2028-11-15,2027-04-16,A350,FLIGHT,2026-01-22T08:34:00Z,2026-01-22T20:04:00Z,11.0,9.0,4.5,16,max_daily:10; max_weekly:60; max_monthly:100,N,10,CONFIRMED,COMPLIANT,N,,,0,,N,N,3.0,4,136,2026-01-22 19:34:00,Y
RST-1312,CREW-1312,EY78441,POS-4,FLT-1033,EY1677,4,Paris Winter Storm + Temperature-Controlled Cargo Crisis,A6-EYK,John,Rossi,Flight Attendant,Flight Attendant,Senior,4,CABIN,JFK,Cabin,2026-01-02,2027-08-23,A350,FLIGHT,2026-01-22T08:34:00Z,2026-01-22T20:04:00Z,11.0,9.0,4.5,16,max_daily:10; max_weekly:60; max_monthly:100,N,10,CONFIRMED,COMPLIANT,N,,,0,,N,N,3.0,4,169,2026-01-22 19:34:00,Y
RST-1313,CREW-1313,EY74932,POS-5,FLT-1033,EY1677,4,Paris Winter Storm + Temperature-Controlled Cargo Crisis,A6-EYK,Ananya,Garcia,Flight Attendant,Flight Attendant,Junior,5,CABIN,SYD,Cabin,2027-09-27,2027-03-07,A350,FLIGHT,2026-01-22T08:34:00Z,2026-01-22T20:04:00Z,11.0,9.0,4.5,16,max_daily:10; max_weekly:60; max_monthly:100,N,10,CONFIRMED,COMPLIANT,N,,,0,,N,N,3.0,4,136,2026-01-22 19:34:00,Y
RST-1314,CREW-1314,EY96366,POS-6,FLT-1033,EY1677,4,Paris Winter Storm + Temperature-Controlled Cargo Crisis,A6-EYK,Carlos,Martinez,Flight Attendant,Flight Attendant,Junior,6,CABIN,AUH,Cabin,2026-03-21,2026-08-23,A350,FLIGHT,2026-01-22T08:34:00Z,2026-01-22T20:04:00Z,11.0,9.0,4.5,16,max_daily:10; max_weekly:60; max_monthly:100,N,10,CONFIRMED,COMPLIANT,N,,,0,,N,N,3.0,4,71,2026-01-22 19:34:00,Y
RST-1315,CREW-1315,EY46015,POS-7,FLT-1033,EY1677,4,Paris Winter Storm + Temperature-Controlled Cargo Crisis,A6-EYK,John,Tanaka,Flight Attendant,Flight Attendant,Junior,7,CABIN,LHR,Cabin,2027-01-19,2026-12-15,A350,FLIGHT,2026-01-22T08:34:00Z,2026-01-22T20:04:00Z,11.0,9.0,4.5,16,max_daily:10; max_weekly:60; max_monthly:100,N,10,CONFIRMED,COMPLIANT,N,,,0,,N,N,3.0,4,129,2026-01-22 19:34:00,Y
RST-1316,CREW-1316,EY99864,POS-8,FLT-1033,EY1677,4,Paris Winter Storm + Temperature-Controlled Cargo Crisis,A6-EYK,Hiroshi,Chen,Flight Attendant,Flight Attendant,Junior,8,CABIN,AUH,Cabin,2026-09-25,2026-01-09,A350,FLIGHT,2026-01-22T08:34:00Z,2026-01-22T20:04:00Z,11.0,9.0,4.5,16,max_daily:10; max_weekly:60; max_monthly:100,N,10,CONFIRMED,COMPLIANT,N,,,0,,N,N,3.0,4,171,2026-01-22 19:34:00,Y
RST-1317,CREW-1317,EY41808,POS-9,FLT-1033,EY1677,4,Paris Winter Storm + Temperature-Controlled Cargo Crisis,A6-EYK,Michael,Brown,Flight Attendant,Flight Attendant,Senior,9,CABIN,SYD,Cabin,2027-10-20,2027-06-24,A350,FLIGHT,2026-01-22T08:34:00Z,2026-01-22T20:04:00Z,11.0,9.0,4.5,16,max_daily:10; max_weekly:60; max_monthly:100,N,10,CONFIRMED,COMPLIANT,N,,,0,,N,N,3.0,4,115,2026-01-22 19:34:00,Y
RST-1318,CREW-1318,EY62504,POS-10,FLT-1033,EY1677,4,Paris Winter Storm + Temperature-Controlled Cargo Crisis,A6-EYK,Hiroshi,Rossi,Flight Attendant,Flight Attendant,Junior,10,CABIN,LHR,Cabin,2026-11-04,2027-10-15,A350,FLIGHT,2026-01-22T08:34:00Z,2026-01-22T20:04:00Z,11.0,9.0,4.5,16,max_daily:10; max_weekly:60; max_monthly:100,N,10,CONFIRMED,COMPLIANT,N,,,0,,N,N,3.0,4,194,2026-01-22 19:34:00,Y
RST-1319,CREW-1319,EY25296,POS-11,FLT-1033,EY1677,4,Paris Winter Storm + Temperature-Controlled Cargo Crisis,A6-EYK,Ananya,Williams,Flight Attendant,Flight Attendant,Junior,11,CABIN,JFK,Cabin,2028-06-28,2026-03-26,A350,FLIGHT,2026-01-22T08:34:00Z,2026-01-22T20:04:00Z,11.0,9.0,4.5,16,max_daily:10; max_weekly:60; max_monthly:100,N,10,CONFIRMED,COMPLIANT,N,,,0,,N,N,3.0,4,193,2026-01-22 19:34:00,Y
RST-1320,CREW-1320,EY77903,POS-12,FLT-1033,EY1677,4,Paris Winter Storm + Temperature-Controlled Cargo Crisis,A6-EYK,Arjun,Johnson,Flight Attendant,Flight Attendant,Senior,12,CABIN,JFK,Cabin,2027-06-13,2027-06-20,A350,FLIGHT,2026-01-22T08:34:00Z,2026-01-22T20:04:00Z,11.0,9.0,4.5,16,max_daily:10; max_weekly:60; max_monthly:100,N,10,CONFIRMED,COMPLIANT,N,,,0,,N,N,3.0,4,68,2026-01-22 19:34:00,Y
RST-1321,CREW-1321,EY55513,POS-1,FLT-1034,EY462,4,Paris Winter Storm + Temperature-Controlled Cargo Crisis,A6-EYL,Sara,Kim,Captain,Captain,Junior,1,COCKPIT,LHR,ATPL,2026-06-11,2027-03-19,A350,FLIGHT,2026-01-22T10:30:00Z,2026-01-23T03:00:00Z,16.0,14.0,-2.5,14,max_daily:10; max_weekly:60; max_monthly:100,Y,12,CONFIRMED,WARNING,N,,,0,,N,Y,8.0,4,52,2026-01-23 02:30:00,Y
RST-1322,CREW-1322,EY19373,POS-2,FLT-1034,EY462,4,Paris Winter Storm + Temperature-Controlled Cargo Crisis,A6-EYL,Sara,Martinez,First Officer,First Officer,Junior,2,COCKPIT,JFK,ATPL,2027-03-24,2027-11-24,A350,FLIGHT,2026-01-22T10:30:00Z,2026-01-23T03:00:00Z,16.0,14.0,-2.5,14,max_daily:10; max_weekly:60; max_monthly:100,Y,12,CONFIRMED,WARNING,N,,,0,,N,Y,8.0,4,110,2026-01-23 02:30:00,Y
RST-1323,CREW-1323,EY21300,POS-3,FLT-1034,EY462,4,Paris Winter Storm + Temperature-Controlled Cargo Crisis,A6-EYL,David,Garcia,Purser,Purser,Junior,3,CABIN,AUH,Cabin,2026-12-25,2026-02-23,A350,FLIGHT,2026-01-22T10:30:00Z,2026-01-23T03:00:00Z,16.0,14.0,-0.5,16,max_daily:10; max_weekly:60; max_monthly:100,Y,12,CONFIRMED,WARNING,N,,,0,,N,Y,8.0,4,102,2026-01-23 02:30:00,Y
RST-1324,CREW-1324,EY83955,POS-4,FLT-1034,EY462,4,Paris Winter Storm + Temperature-Controlled Cargo Crisis,A6-EYL,Arjun,Rossi,Flight Attendant,Flight Attendant,Junior,4,CABIN,JFK,Cabin,2028-10-16,2027-03-17,A350,FLIGHT,2026-01-22T10:30:00Z,2026-01-23T03:00:00Z,16.0,14.0,-0.5,16,max_daily:10; max_weekly:60; max_monthly:100,Y,12,CONFIRMED,WARNING,N,,,0,,N,Y,8.0,4,150,2026-01-23 02:30:00,Y
RST-1325,CREW-1325,EY94086,POS-5,FLT-1034,EY462,4,Paris Winter Storm + Temperature-Controlled Cargo Crisis,A6-EYL,Carlos,Smith,Flight Attendant,Flight Attendant,Junior,5,CABIN,AUH,Cabin,2026-06-22,2026-12-01,A350,FLIGHT,2026-01-22T10:30:00Z,2026-01-23T03:00:00Z,16.0,14.0,-0.5,16,max_daily:10; max_weekly:60; max_monthly:100,Y,12,CONFIRMED,WARNING,N,,,0,,N,Y,8.0,4,149,2026-01-23 02:30:00,Y
RST-1326,CREW-1326,EY62337,POS-6,FLT-1034,EY462,4,Paris Winter Storm + Temperature-Controlled Cargo Crisis,A6-EYL,Yusuf,Al-Rashid,Flight Attendant,Flight Attendant,Junior,6,CABIN,SIN,Cabin,2028-11-24,2026-02-02,A350,FLIGHT,2026-01-22T10:30:00Z,2026-01-23T03:00:00Z,16.0,14.0,-0.5,16,max_daily:10; max_weekly:60; max_monthly:100,Y,12,CONFIRMED,WARNING,N,,,0,,N,Y,8.0,4,170,2026-01-23 02:30:00,Y
RST-1327,CREW-1327,EY67138,POS-7,FLT-1034,EY462,4,Paris Winter Storm + Temperature-Controlled Cargo Crisis,A6-EYL,Raj,Khan,Flight Attendant,Flight Attendant,Senior,7,CABIN,LHR,Cabin,2026-12-17,2027-02-18,A350,FLIGHT,2026-01-22T10:30:00Z,2026-01-23T03:00:00Z,16.0,14.0,-0.5,16,max_daily:10; max_weekly:60; max_monthly:100,Y,12,CONFIRMED,WARNING,N,,,0,,N,Y,8.0,4,126,2026-01-23 02:30:00,Y
RST-1328,CREW-1328,EY32665,POS-8,FLT-1034,EY462,4,Paris Winter Storm + Temperature-Controlled Cargo Crisis,A6-EYL,Wei,Khan,Flight Attendant,Flight Attendant,Junior,8,CABIN,AUH,Cabin,2026-09-16,2027-09-18,A350,FLIGHT,2026-01-22T10:30:00Z,2026-01-23T03:00:00Z,16.0,14.0,-0.5,16,max_daily:10; max_weekly:60; max_monthly:100,Y,12,CONFIRMED,WARNING,N,,,0,,N,Y,8.0,4,174,2026-01-23 02:30:00,Y
RST-1329,CREW-1329,EY74089,POS-9,FLT-1034,EY462,4,Paris Winter Storm + Temperature-Controlled Cargo Crisis,A6-EYL,Raj,Al-Rashid,Flight Attendant,Flight Attendant,Junior,9,CABIN,SIN,Cabin,2026-08-18,2027-09-08,A350,FLIGHT,2026-01-22T10:30:00Z,2026-01-23T03:00:00Z,16.0,14.0,-0.5,16,max_daily:10; max_weekly:60; max_monthly:100,Y,12,CONFIRMED,WARNING,N,,,0,,N,Y,8.0,4,169,2026-01-23 02:30:00,Y
RST-1330,CREW-1330,EY62386,POS-10,FLT-1034,EY462,4,Paris Winter Storm + Temperature-Controlled Cargo Crisis,A6-EYL,Mohammed,Khan,Flight Attendant,Flight Attendant,Junior,10,CABIN,SIN,Cabin,2027-11-18,2027-02-03,A350,FLIGHT,2026-01-22T10:30:00Z,2026-01-23T03:00:00Z,16.0,14.0,-0.5,16,max_daily:10; max_weekly:60; max_monthly:100,Y,12,CONFIRMED,WARNING,N,,,0,,N,Y,8.0,4,138,2026-01-23 02:30:00,Y
RST-1331,CREW-1331,EY62470,POS-11,FLT-1034,EY462,4,Paris Winter Storm + Temperature-Controlled Cargo Crisis,A6-EYL,Priya,Al-Rashid,Flight Attendant,Flight Attendant,Junior,11,CABIN,LHR,Cabin,2028-08-27,2026-03-03,A350,FLIGHT,2026-01-22T10:30:00Z,2026-01-23T03:00:00Z,16.0,14.0,-0.5,16,max_daily:10; max_weekly:60; max_monthly:100,Y,12,CONFIRMED,WARNING,N,,,0,,N,Y,8.0,4,76,2026-01-23 02:30:00,Y
RST-1332,CREW-1332,EY12927,POS-12,FLT-1034,EY462,4,Paris Winter Storm + Temperature-Controlled Cargo Crisis,A6-EYL,Raj,Yamamoto,Flight Attendant,Flight Attendant,Junior,12,CABIN,SYD,Cabin,2028-11-11,2027-06-26,A350,FLIGHT,2026-01-22T10:30:00Z,2026-01-23T03:00:00Z,16.0,14.0,-0.5,16,max_daily:10; max_weekly:60; max_monthly:100,Y,12,CONFIRMED,WARNING,N,,,0,,N,Y,8.0,4,158,2026-01-23 02:30:00,Y
RST-1333,CREW-1333,EY36366,POS-1,FLT-1035,EY2797,4,Paris Winter Storm + Temperature-Controlled Cargo Crisis,A6-EYI,Wei,Brown,Captain,Captain,Senior,1,COCKPIT,SIN,ATPL,2026-05-26,2027-04-08,B787-10,FLIGHT,2026-01-22T12:05:00Z,2026-01-22T23:35:00Z,11.0,9.0,2.5,14,max_daily:10; max_weekly:60; max_monthly:100,N,10,CONFIRMED,COMPLIANT,N,,,0,,N,N,3.0,4,119,2026-01-22 23:05:00,Y
RST-1334,CREW-1334,EY19658,POS-2,FLT-1035,EY2797,4,Paris Winter Storm + Temperature-Controlled Cargo Crisis,A6-EYI,Raj,Tanaka,First Officer,First Officer,Senior,2,COCKPIT,JFK,ATPL,2028-12-22,2027-03-16,B787-10,FLIGHT,2026-01-22T12:05:00Z,2026-01-22T23:35:00Z,11.0,9.0,2.5,14,max_daily:10; max_weekly:60; max_monthly:100,N,10,CONFIRMED,COMPLIANT,N,,,0,,N,N,3.0,4,72,2026-01-22 23:05:00,Y
RST-1335,CREW-1335,EY56090,POS-3,FLT-1035,EY2797,4,Paris Winter Storm + Temperature-Controlled Cargo Crisis,A6-EYI,Carlos,Brown,Purser,Purser,Junior,3,CABIN,AUH,Cabin,2027-05-22,2027-07-01,B787-10,FLIGHT,2026-01-22T12:05:00Z,2026-01-22T23:35:00Z,11.0,9.0,4.5,16,max_daily:10; max_weekly:60; max_monthly:100,N,10,CONFIRMED,COMPLIANT,N,,,0,,N,N,3.0,4,94,2026-01-22 23:05:00,Y
RST-1336,CREW-1336,EY53583,POS-4,FLT-1035,EY2797,4,Paris Winter Storm + Temperature-Controlled Cargo Crisis,A6-EYI,Mei,Lee,Flight Attendant,Flight Attendant,Junior,4,CABIN,SYD,Cabin,2026-03-02,2026-05-05,B787-10,FLIGHT,2026-01-22T12:05:00Z,2026-01-22T23:35:00Z,11.0,9.0,4.5,16,max_daily:10; max_weekly:60; max_monthly:100,N,10,CONFIRMED,COMPLIANT,N,,,0,,N,N,3.0,4,104,2026-01-22 23:05:00,Y
RST-1337,CREW-1337,EY15544,POS-5,FLT-1035,EY2797,4,Paris Winter Storm + Temperature-Controlled Cargo Crisis,A6-EYI,Fatima,Garcia,Flight Attendant,Flight Attendant,Junior,5,CABIN,SYD,Cabin,2026-08-03,2026-07-28,B787-10,FLIGHT,2026-01-22T12:05:00Z,2026-01-22T23:35:00Z,11.0,9.0,4.5,16,max_daily:10; max_weekly:60; max_monthly:100,N,10,CONFIRMED,COMPLIANT,N,,,0,,N,N,3.0,4,133,2026-01-22 23:05:00,Y
RST-1338,CREW-1338,EY77757,POS-6,FLT-1035,EY2797,4,Paris Winter Storm + Temperature-Controlled Cargo Crisis,A6-EYI,Michael,Kim,Flight Attendant,Flight Attendant,Junior,6,CABIN,LHR,Cabin,2026-11-24,2027-09-05,B787-10,FLIGHT,2026-01-22T12:05:00Z,2026-01-22T23:35:00Z,11.0,9.0,4.5,16,max_daily:10; max_weekly:60; max_monthly:100,N,10,CONFIRMED,COMPLIANT,N,,,0,,N,N,3.0,4,83,2026-01-22 23:05:00,Y
RST-1339,CREW-1339,EY39003,POS-7,FLT-1035,EY2797,4,Paris Winter Storm + Temperature-Controlled Cargo Crisis,A6-EYI,Raj,Patel,Flight Attendant,Flight Attendant,Junior,7,CABIN,SIN,Cabin,2028-12-11,2027-09-12,B787-10,FLIGHT,2026-01-22T12:05:00Z,2026-01-22T23:35:00Z,11.0,9.0,4.5,16,max_daily:10; max_weekly:60; max_monthly:100,N,10,CONFIRMED,COMPLIANT,N,,,0,,N,N,3.0,4,155,2026-01-22 23:05:00,Y
RST-1340,CREW-1340,EY41554,POS-8,FLT-1035,EY2797,4,Paris Winter Storm + Temperature-Controlled Cargo Crisis,A6-EYI,Mia,Tanaka,Flight Attendant,Flight Attendant,Junior,8,CABIN,SIN,Cabin,2027-12-26,2026-06-14,B787-10,FLIGHT,2026-01-22T12:05:00Z,2026-01-22T23:35:00Z,11.0,9.0,4.5,16,max_daily:10; max_weekly:60; max_monthly:100,N,10,CONFIRMED,COMPLIANT,N,,,0,,N,N,3.0,4,109,2026-01-22 23:05:00,Y
RST-1341,CREW-1341,EY40795,POS-9,FLT-1035,EY2797,4,Paris Winter Storm + Temperature-Controlled Cargo Crisis,A6-EYI,Robert,Garcia,Flight Attendant,Flight Attendant,Senior,9,CABIN,SIN,Cabin,2026-09-19,2026-03-13,B787-10,FLIGHT,2026-01-22T12:05:00Z,2026-01-22T23:35:00Z,11.0,9.0,4.5,16,max_daily:10; max_weekly:60; max_monthly:100,N,10,CONFIRMED,COMPLIANT,N,,,0,,N,N,3.0,4,170,2026-01-22 23:05:00,Y
RST-1342,CREW-1342,EY49443,POS-10,FLT-1035,EY2797,4,Paris Winter Storm + Temperature-Controlled Cargo Crisis,A6-EYI,Fatima,Lee,Flight Attendant,Flight Attendant,Senior,10,CABIN,LHR,Cabin,2028-09-05,2027-04-21,B787-10,FLIGHT,2026-01-22T12:05:00Z,2026-01-22T23:35:00Z,11.0,9.0,4.5,16,max_daily:10; max_weekly:60; max_monthly:100,N,10,CONFIRMED,COMPLIANT,N,,,0,,N,N,3.0,4,103,2026-01-22 23:05:00,Y
RST-1343,CREW-1343,EY28395,POS-1,FLT-1036,EY335,4,Paris Winter Storm + Temperature-Controlled Cargo Crisis,A6-EYJ,Michael,Mueller,Captain,Captain,Junior,1,COCKPIT,AUH,ATPL,2026-02-06,2027-06-09,B787-10,FLIGHT,2026-01-22T14:05:00Z,2026-01-23T06:35:00Z,16.0,14.0,-2.5,14,max_daily:10; max_weekly:60; max_monthly:100,Y,12,CONFIRMED,WARNING,N,,,0,,N,Y,8.0,4,137,2026-01-23 06:05:00,Y
RST-1344,CREW-1344,EY34551,POS-2,FLT-1036,EY335,4,Paris Winter Storm + Temperature-Controlled Cargo Crisis,A6-EYJ,Raj,Mueller,First Officer,First Officer,Junior,2,COCKPIT,JFK,ATPL,2027-04-08,2026-12-14,B787-10,FLIGHT,2026-01-22T14:05:00Z,2026-01-23T06:35:00Z,16.0,14.0,-2.5,14,max_daily:10; max_weekly:60; max_monthly:100,Y,12,CONFIRMED,WARNING,N,,,0,,N,Y,8.0,4,148,2026-01-23 06:05:00,Y
RST-1345,CREW-1345,EY76571,POS-3,FLT-1036,EY335,4,Paris Winter Storm + Temperature-Controlled Cargo Crisis,A6-EYJ,Robert,Khan,Purser,Purser,Junior,3,CABIN,JFK,Cabin,2027-10-15,2027-09-18,B787-10,FLIGHT,2026-01-22T14:05:00Z,2026-01-23T06:35:00Z,16.0,14.0,-0.5,16,max_daily:10; max_weekly:60; max_monthly:100,Y,12,CONFIRMED,WARNING,N,,,0,,N,Y,8.0,4,175,2026-01-23 06:05:00,Y
RST-1346,CREW-1346,EY22544,POS-4,FLT-1036,EY335,4,Paris Winter Storm + Temperature-Controlled Cargo Crisis,A6-EYJ,James,Smith,Flight Attendant,Flight Attendant,Senior,4,CABIN,JFK,Cabin,2028-03-18,2026-03-02,B787-10,FLIGHT,2026-01-22T14:05:00Z,2026-01-23T06:35:00Z,16.0,14.0,-0.5,16,max_daily:10; max_weekly:60; max_monthly:100,Y,12,CONFIRMED,WARNING,N,,,0,,N,Y,8.0,4,150,2026-01-23 06:05:00,Y
RST-1347,CREW-1347,EY77253,POS-5,FLT-1036,EY335,4,Paris Winter Storm + Temperature-Controlled Cargo Crisis,A6-EYJ,David,Johnson,Flight Attendant,Flight Attendant,Junior,5,CABIN,LHR,Cabin,2028-02-22,2026-05-28,B787-10,FLIGHT,2026-01-22T14:05:00Z,2026-01-23T06:35:00Z,16.0,14.0,-0.5,16,max_daily:10; max_weekly:60; max_monthly:100,Y,12,CONFIRMED,WARNING,N,,,0,,N,Y,8.0,4,155,2026-01-23 06:05:00,Y
RST-1348,CREW-1348,EY35628,POS-6,FLT-1036,EY335,4,Paris Winter Storm + Temperature-Controlled Cargo Crisis,A6-EYJ,Olivia,Garcia,Flight Attendant,Flight Attendant,Junior,6,CABIN,LHR,Cabin,2026-07-01,2027-05-03,B787-10,FLIGHT,2026-01-22T14:05:00Z,2026-01-23T06:35:00Z,16.0,14.0,-0.5,16,max_daily:10; max_weekly:60; max_monthly:100,Y,12,CONFIRMED,WARNING,N,,,0,,N,Y,8.0,4,196,2026-01-23 06:05:00,Y
RST-1349,CREW-1349,EY70145,POS-7,FLT-1036,EY335,4,Paris Winter Storm + Temperature-Controlled Cargo Crisis,A6-EYJ,David,Yamamoto,Flight Attendant,Flight Attendant,Senior,7,CABIN,JFK,Cabin,2028-09-23,2026-08-04,B787-10,FLIGHT,2026-01-22T14:05:00Z,2026-01-23T06:35:00Z,16.0,14.0,-0.5,16,max_daily:10; max_weekly:60; max_monthly:100,Y,12,CONFIRMED,WARNING,N,,,0,,N,Y,8.0,4,181,2026-01-23 06:05:00,Y
RST-1350,CREW-1350,EY96987,POS-8,FLT-1036,EY335,4,Paris Winter Storm + Temperature-Controlled Cargo Crisis,A6-EYJ,Robert,Johnson,Flight Attendant,Flight Attendant,Senior,8,CABIN,JFK,Cabin,2027-03-28,2027-12-09,B787-10,FLIGHT,2026-01-22T14:05:00Z,2026-01-23T06:35:00Z,16.0,14.0,-0.5,16,max_daily:10; max_weekly:60; max_monthly:100,Y,12,CONFIRMED,WARNING,N,,,0,,N,Y,8.0,4,198,2026-01-23 06:05:00,Y
RST-1351,CREW-1351,EY68112,POS-9,FLT-1036,EY335,4,Paris Winter Storm + Temperature-Controlled Cargo Crisis,A6-EYJ,Raj,Singh,Flight Attendant,Flight Attendant,Junior,9,CABIN,SIN,Cabin,2027-03-06,2027-11-20,B787-10,FLIGHT,2026-01-22T14:05:00Z,2026-01-23T06:35:00Z,16.0,14.0,-0.5,16,max_daily:10; max_weekly:60; max_monthly:100,Y,12,CONFIRMED,WARNING,N,,,0,,N,Y,8.0,4,129,2026-01-23 06:05:00,Y
RST-1352,CREW-1352,EY18893,POS-10,FLT-1036,EY335,4,Paris Winter Storm + Temperature-Controlled Cargo Crisis,A6-EYJ,Olivia,Wang,Flight Attendant,Flight Attendant,Senior,10,CABIN,SYD,Cabin,2026-08-07,2026-01-18,B787-10,FLIGHT,2026-01-22T14:05:00Z,2026-01-23T06:35:00Z,16.0,14.0,-0.5,16,max_daily:10; max_weekly:60; max_monthly:100,Y,12,CONFIRMED,WARNING,N,,,0,,N,Y,8.0,4,142,2026-01-23 06:05:00,Y
RST-1353,CREW-1353,EY15208,POS-1,FLT-1037,EY1678,4,Paris Winter Storm + Temperature-Controlled Cargo Crisis,A6-EYK,Emma,Al-Rashid,Captain,Captain,Junior,1,COCKPIT,JFK,ATPL,2027-10-22,2027-08-19,A350,FLIGHT,2026-01-22T16:13:00Z,2026-01-23T13:43:00Z,21.0,19.0,-7.5,14,max_daily:10; max_weekly:60; max_monthly:100,Y,12,CONFIRMED,WARNING,N,,,0,,N,Y,13.0,4,181,2026-01-23 13:13:00,Y
RST-1354,CREW-1354,EY96854,POS-2,FLT-1037,EY1678,4,Paris Winter Storm + Temperature-Controlled Cargo Crisis,A6-EYK,John,Smith,First Officer,First Officer,Junior,2,COCKPIT,SYD,ATPL,2028-05-13,2027-08-06,A350,FLIGHT,2026-01-22T16:13:00Z,2026-01-23T13:43:00Z,21.0,19.0,-7.5,14,max_daily:10; max_weekly:60; max_monthly:100,Y,12,CONFIRMED,WARNING,N,,,0,,N,Y,13.0,4,57,2026-01-23 13:13:00,Y
RST-1355,CREW-1355,EY97263,POS-3,FLT-1037,EY1678,4,Paris Winter Storm + Temperature-Controlled Cargo Crisis,A6-EYK,Michael,Singh,Purser,Purser,Junior,3,CABIN,SYD,Cabin,2027-04-27,2027-05-09,A350,FLIGHT,2026-01-22T16:13:00Z,2026-01-23T13:43:00Z,21.0,19.0,-5.5,16,max_daily:10; max_weekly:60; max_monthly:100,Y,12,CONFIRMED,WARNING,N,,,0,,N,Y,13.0,4,156,2026-01-23 13:13:00,Y
RST-1356,CREW-1356,EY85415,POS-4,FLT-1037,EY1678,4,Paris Winter Storm + Temperature-Controlled Cargo Crisis,A6-EYK,Aisha,Lee,Flight Attendant,Flight Attendant,Junior,4,CABIN,JFK,Cabin,2027-08-18,2026-02-01,A350,FLIGHT,2026-01-22T16:13:00Z,2026-01-23T13:43:00Z,21.0,19.0,-5.5,16,max_daily:10; max_weekly:60; max_monthly:100,Y,12,CONFIRMED,WARNING,N,,,0,,N,Y,13.0,4,167,2026-01-23 13:13:00,Y
RST-1357,CREW-1357,EY69464,POS-5,FLT-1037,EY1678,4,Paris Winter Storm + Temperature-Controlled Cargo Crisis,A6-EYK,Michael,Martinez,Flight Attendant,Flight Attendant,Junior,5,CABIN,SYD,Cabin,2028-06-19,2027-12-01,A350,FLIGHT,2026-01-22T16:13:00Z,2026-01-23T13:43:00Z,21.0,19.0,-5.5,16,max_daily:10; max_weekly:60; max_monthly:100,Y,12,CONFIRMED,WARNING,N,,,0,,N,Y,13.0,4,142,2026-01-23 13:13:00,Y
RST-1358,CREW-1358,EY71444,POS-6,FLT-1037,EY1678,4,Paris Winter Storm + Temperature-Controlled Cargo Crisis,A6-EYK,Mei,Wang,Flight Attendant,Flight Attendant,Junior,6,CABIN,LHR,Cabin,2026-05-21,2027-08-25,A350,FLIGHT,2026-01-22T16:13:00Z,2026-01-23T13:43:00Z,21.0,19.0,-5.5,16,max_daily:10; max_weekly:60; max_monthly:100,Y,12,CONFIRMED,WARNING,N,,,0,,N,Y,13.0,4,56,2026-01-23 13:13:00,Y
RST-1359,CREW-1359,EY57553,POS-7,FLT-1037,EY1678,4,Paris Winter Storm + Temperature-Controlled Cargo Crisis,A6-EYK,Hiroshi,Khan,Flight Attendant,Flight Attendant,Junior,7,CABIN,SYD,Cabin,2026-08-05,2026-09-07,A350,FLIGHT,2026-01-22T16:13:00Z,2026-01-23T13:43:00Z,21.0,19.0,-5.5,16,max_daily:10; max_weekly:60; max_monthly:100,Y,12,CONFIRMED,WARNING,N,,,0,,N,Y,13.0,4,169,2026-01-23 13:13:00,Y
RST-1360,CREW-1360,EY28224,POS-8,FLT-1037,EY1678,4,Paris Winter Storm + Temperature-Controlled Cargo Crisis,A6-EYK,Mei,Lee,Flight Attendant,Flight Attendant,Senior,8,CABIN,SIN,Cabin,2026-09-02,2026-05-17,A350,FLIGHT,2026-01-22T16:13:00Z,2026-01-23T13:43:00Z,21.0,19.0,-5.5,16,max_daily:10; max_weekly:60; max_monthly:100,Y,12,CONFIRMED,WARNING,N,,,0,,N,Y,13.0,4,162,2026-01-23 13:13:00,Y
RST-1361,CREW-1361,EY30694,POS-9,FLT-1037,EY1678,4,Paris Winter Storm + Temperature-Controlled Cargo Crisis,A6-EYK,Raj,Wang,Flight Attendant,Flight Attendant,Junior,9,CABIN,SYD,Cabin,2026-02-19,2027-07-05,A350,FLIGHT,2026-01-22T16:13:00Z,2026-01-23T13:43:00Z,21.0,19.0,-5.5,16,max_daily:10; max_weekly:60; max_monthly:100,Y,12,CONFIRMED,WARNING,N,,,0,,N,Y,13.0,4,65,2026-01-23 13:13:00,Y
RST-1362,CREW-1362,EY80729,POS-10,FLT-1037,EY1678,4,Paris Winter Storm + Temperature-Controlled Cargo Crisis,A6-EYK,Yuki,Al-Rashid,Flight Attendant,Flight Attendant,Junior,10,CABIN,SIN,Cabin,2026-06-08,2027-08-02,A350,FLIGHT,2026-01-22T16:13:00Z,2026-01-23T13:43:00Z,21.0,19.0,-5.5,16,max_daily:10; max_weekly:60; max_monthly:100,Y,12,CONFIRMED,WARNING,N,,,0,,N,Y,13.0,4,125,2026-01-23 13:13:00,Y
RST-1363,CREW-1363,EY32863,POS-11,FLT-1037,EY1678,4,Paris Winter Storm + Temperature-Controlled Cargo Crisis,A6-EYK,Robert,Lee,Flight Attendant,Flight Attendant,Junior,11,CABIN,JFK,Cabin,2028-09-04,2027-12-18,A350,FLIGHT,2026-01-22T16:13:00Z,2026-01-23T13:43:00Z,21.0,19.0,-5.5,16,max_daily:10; max_weekly:60; max_monthly:100,Y,12,CONFIRMED,WARNING,N,,,0,,N,Y,13.0,4,74,2026-01-23 13:13:00,Y
RST-1364,CREW-1364,EY58949,POS-12,FLT-1037,EY1678,4,Paris Winter Storm + Temperature-Controlled Cargo Crisis,A6-EYK,Mohammed,Patel,Flight Attendant,Flight Attendant,Junior,12,CABIN,SIN,Cabin,2028-11-06,2026-01-11,A350,FLIGHT,2026-01-22T16:13:00Z,2026-01-23T13:43:00Z,21.0,19.0,-5.5,16,max_daily:10; max_weekly:60; max_monthly:100,Y,12,CONFIRMED,WARNING,N,,,0,,N,Y,13.0,4,95,2026-01-23 13:13:00,Y
RST-1365,CREW-1365,EY92069,POS-1,FLT-1038,EY463,4,Paris Winter Storm + Temperature-Controlled Cargo Crisis,A6-EYL,Mia,Kim,Captain,Captain,Senior,1,COCKPIT,SIN,ATPL,2026-01-01,2026-12-26,A350,FLIGHT,2026-01-22T18:08:00Z,2026-01-23T12:38:00Z,18.0,16.0,-4.5,14,max_daily:10; max_weekly:60; max_monthly:100,Y,12,CONFIRMED,WARNING,N,,,0,,N,Y,10.0,4,144,2026-01-23 12:08:00,Y
RST-1366,CREW-1366,EY31014,POS-2,FLT-1038,EY463,4,Paris Winter Storm + Temperature-Controlled Cargo Crisis,A6-EYL,Omar,Smith,First Officer,First Officer,Senior,2,COCKPIT,LHR,ATPL,2027-09-04,2026-01-27,A350,FLIGHT,2026-01-22T18:08:00Z,2026-01-23T12:38:00Z,18.0,16.0,-4.5,14,max_daily:10; max_weekly:60; max_monthly:100,Y,12,CONFIRMED,WARNING,N,,,0,,N,Y,10.0,4,199,2026-01-23 12:08:00,Y
RST-1367,CREW-1367,EY36548,POS-3,FLT-1038,EY463,4,Paris Winter Storm + Temperature-Controlled Cargo Crisis,A6-EYL,Arjun,Yamamoto,Purser,Purser,Junior,3,CABIN,LHR,Cabin,2026-12-12,2027-10-03,A350,FLIGHT,2026-01-22T18:08:00Z,2026-01-23T12:38:00Z,18.0,16.0,-2.5,16,max_daily:10; max_weekly:60; max_monthly:100,Y,12,CONFIRMED,WARNING,N,,,0,,N,Y,10.0,4,163,2026-01-23 12:08:00,Y
RST-1368,CREW-1368,EY24970,POS-4,FLT-1038,EY463,4,Paris Winter Storm + Temperature-Controlled Cargo Crisis,A6-EYL,James,Johnson,Flight Attendant,Flight Attendant,Junior,4,CABIN,JFK,Cabin,2026-11-26,2026-02-01,A350,FLIGHT,2026-01-22T18:08:00Z,2026-01-23T12:38:00Z,18.0,16.0,-2.5,16,max_daily:10; max_weekly:60; max_monthly:100,Y,12,CONFIRMED,WARNING,N,,,0,,N,Y,10.0,4,147,2026-01-23 12:08:00,Y
RST-1369,CREW-1369,EY38781,POS-5,FLT-1038,EY463,4,Paris Winter Storm + Temperature-Controlled Cargo Crisis,A6-EYL,James,Smith,Flight Attendant,Flight Attendant,Senior,5,CABIN,AUH,Cabin,2027-01-18,2026-12-05,A350,FLIGHT,2026-01-22T18:08:00Z,2026-01-23T12:38:00Z,18.0,16.0,-2.5,16,max_daily:10; max_weekly:60; max_monthly:100,Y,12,CONFIRMED,WARNING,N,,,0,,N,Y,10.0,4,78,2026-01-23 12:08:00,Y
RST-1370,CREW-1370,EY61201,POS-6,FLT-1038,EY463,4,Paris Winter Storm + Temperature-Controlled Cargo Crisis,A6-EYL,Ananya,Lee,Flight Attendant,Flight Attendant,Junior,6,CABIN,SYD,Cabin,2026-03-03,2027-12-15,A350,FLIGHT,2026-01-22T18:08:00Z,2026-01-23T12:38:00Z,18.0,16.0,-2.5,16,max_daily:10; max_weekly:60; max_monthly:100,Y,12,CONFIRMED,WARNING,N,,,0,,N,Y,10.0,4,177,2026-01-23 12:08:00,Y
RST-1371,CREW-1371,EY87111,POS-7,FLT-1038,EY463,4,Paris Winter Storm + Temperature-Controlled Cargo Crisis,A6-EYL,Ananya,Rossi,Flight Attendant,Flight Attendant,Junior,7,CABIN,LHR,Cabin,2027-11-23,2026-01-26,A350,FLIGHT,2026-01-22T18:08:00Z,2026-01-23T12:38:00Z,18.0,16.0,-2.5,16,max_daily:10; max_weekly:60; max_monthly:100,Y,12,CONFIRMED,WARNING,N,,,0,,N,Y,10.0,4,155,2026-01-23 12:08:00,Y
RST-1372,CREW-1372,EY56921,POS-8,FLT-1038,EY463,4,Paris Winter Storm + Temperature-Controlled Cargo Crisis,A6-EYL,Hiroshi,Rossi,Flight Attendant,Flight Attendant,Junior,8,CABIN,SYD,Cabin,2028-02-22,2027-08-07,A350,FLIGHT,2026-01-22T18:08:00Z,2026-01-23T12:38:00Z,18.0,16.0,-2.5,16,max_daily:10; max_weekly:60; max_monthly:100,Y,12,CONFIRMED,WARNING,N,,,0,,N,Y,10.0,4,106,2026-01-23 12:08:00,Y
RST-1373,CREW-1373,EY63914,POS-9,FLT-1038,EY463,4,Paris Winter Storm + Temperature-Controlled Cargo Crisis,A6-EYL,Priya,Brown,Flight Attendant,Flight Attendant,Junior,9,CABIN,LHR,Cabin,2028-03-08,2027-03-24,A350,FLIGHT,2026-01-22T18:08:00Z,2026-01-23T12:38:00Z,18.0,16.0,-2.5,16,max_daily:10; max_weekly:60; max_monthly:100,Y,12,CONFIRMED,WARNING,N,,,0,,N,Y,10.0,4,192,2026-01-23 12:08:00,Y
RST-1374,CREW-1374,EY84155,POS-10,FLT-1038,EY463,4,Paris Winter Storm + Temperature-Controlled Cargo Crisis,A6-EYL,Sara,Johnson,Flight Attendant,Flight Attendant,Junior,10,CABIN,LHR,Cabin,2026-03-23,2026-09-14,A350,FLIGHT,2026-01-22T18:08:00Z,2026-01-23T12:38:00Z,18.0,16.0,-2.5,16,max_daily:10; max_weekly:60; max_monthly:100,Y,12,CONFIRMED,WARNING,N,,,0,,N,Y,10.0,4,103,2026-01-23 12:08:00,Y
RST-1375,CREW-1375,EY24743,POS-11,FLT-1038,EY463,4,Paris Winter Storm + Temperature-Controlled Cargo Crisis,A6-EYL,Carlos,Johnson,Flight Attendant,Flight Attendant,Junior,11,CABIN,AUH,Cabin,2028-06-09,2027-05-16,A350,FLIGHT,2026-01-22T18:08:00Z,2026-01-23T12:38:00Z,18.0,16.0,-2.5,16,max_daily:10; max_weekly:60; max_monthly:100,Y,12,CONFIRMED,WARNING,N,,,0,,N,Y,10.0,4,164,2026-01-23 12:08:00,Y
RST-1376,CREW-1376,EY61279,POS-12,FLT-1038,EY463,4,Paris Winter Storm + Temperature-Controlled Cargo Crisis,A6-EYL,Robert,Chen,Flight Attendant,Flight Attendant,Junior,12,CABIN,SIN,Cabin,2028-12-25,2027-02-24,A350,FLIGHT,2026-01-22T18:08:00Z,2026-01-23T12:38:00Z,18.0,16.0,-2.5,16,max_daily:10; max_weekly:60; max_monthly:100,Y,12,CONFIRMED,WARNING,N,,,0,,N,Y,10.0,4,111,2026-01-23 12:08:00,Y
RST-1377,CREW-1377,EY10874,POS-1,FLT-1039,EY8396,5,Dubai Sandstorm + Hub Congestion + Multiple MEL Aircraft,A6-EYM,Omar,Rossi,Captain,Captain,Junior,1,COCKPIT,SIN,ATPL,2027-08-25,2026-01-27,A350,FLIGHT,2026-01-23T04:53:00Z,2026-01-23T20:23:00Z,15.0,13.0,-1.5,14,max_daily:10; max_weekly:60; max_monthly:100,Y,12,CONFIRMED,WARNING,N,,,0,,N,Y,7.0,4,102,2026-01-23 19:53:00,N
RST-1378,CREW-1378,EY97691,POS-2,FLT-1039,EY8396,5,Dubai Sandstorm + Hub Congestion + Multiple MEL Aircraft,A6-EYM,Fatima,Schmidt,First Officer,First Officer,Junior,2,COCKPIT,AUH,ATPL,2027-06-10,2027-10-19,A350,FLIGHT,2026-01-23T04:53:00Z,2026-01-23T20:23:00Z,15.0,13.0,-1.5,14,max_daily:10; max_weekly:60; max_monthly:100,Y,12,CONFIRMED,WARNING,N,,,0,,N,Y,7.0,4,116,2026-01-23 19:53:00,N
RST-1379,CREW-1379,EY76283,POS-3,FLT-1039,EY8396,5,Dubai Sandstorm + Hub Congestion + Multiple MEL Aircraft,A6-EYM,Priya,Johnson,Purser,Purser,Junior,3,CABIN,SIN,Cabin,2028-03-02,2026-07-14,A350,FLIGHT,2026-01-23T04:53:00Z,2026-01-23T20:23:00Z,15.0,13.0,0.5,16,max_daily:10; max_weekly:60; max_monthly:100,N,10,CONFIRMED,COMPLIANT,N,,,0,,N,Y,7.0,4,80,2026-01-23 19:53:00,N
RST-1380,CREW-1380,EY47229,POS-4,FLT-1039,EY8396,5,Dubai Sandstorm + Hub Congestion + Multiple MEL Aircraft,A6-EYM,Priya,Williams,Flight Attendant,Flight Attendant,Junior,4,CABIN,SIN,Cabin,2027-10-13,2026-09-28,A350,FLIGHT,2026-01-23T04:53:00Z,2026-01-23T20:23:00Z,15.0,13.0,0.5,16,max_daily:10; max_weekly:60; max_monthly:100,N,10,CONFIRMED,COMPLIANT,N,,,0,,N,Y,7.0,4,92,2026-01-23 19:53:00,N
RST-1381,CREW-1381,EY88398,POS-5,FLT-1039,EY8396,5,Dubai Sandstorm + Hub Congestion + Multiple MEL Aircraft,A6-EYM,Omar,Patel,Flight Attendant,Flight Attendant,Senior,5,CABIN,SYD,Cabin,2027-11-20,2027-07-25,A350,FLIGHT,2026-01-23T04:53:00Z,2026-01-23T20:23:00Z,15.0,13.0,0.5,16,max_daily:10; max_weekly:60; max_monthly:100,N,10,CONFIRMED,COMPLIANT,N,,,0,,N,Y,7.0,4,200,2026-01-23 19:53:00,N
RST-1382,CREW-1382,EY73633,POS-6,FLT-1039,EY8396,5,Dubai Sandstorm + Hub Congestion + Multiple MEL Aircraft,A6-EYM,Wei,Ferrari,Flight Attendant,Flight Attendant,Junior,6,CABIN,SIN,Cabin,2026-03-07,2026-03-19,A350,FLIGHT,2026-01-23T04:53:00Z,2026-01-23T20:23:00Z,15.0,13.0,0.5,16,max_daily:10; max_weekly:60; max_monthly:100,N,10,CONFIRMED,COMPLIANT,N,,,0,,N,Y,7.0,4,50,2026-01-23 19:53:00,N
RST-1383,CREW-1383,EY19195,POS-7,FLT-1039,EY8396,5,Dubai Sandstorm + Hub Congestion + Multiple MEL Aircraft,A6-EYM,Sophia,Brown,Flight Attendant,Flight Attendant,Junior,7,CABIN,SIN,Cabin,2027-02-24,2026-05-13,A350,FLIGHT,2026-01-23T04:53:00Z,2026-01-23T20:23:00Z,15.0,13.0,0.5,16,max_daily:10; max_weekly:60; max_monthly:100,N,10,CONFIRMED,COMPLIANT,N,,,0,,N,Y,7.0,4,58,2026-01-23 19:53:00,N
RST-1384,CREW-1384,EY89138,POS-8,FLT-1039,EY8396,5,Dubai Sandstorm + Hub Congestion + Multiple MEL Aircraft,A6-EYM,Wei,Patel,Flight Attendant,Flight Attendant,Senior,8,CABIN,AUH,Cabin,2026-06-24,2026-08-23,A350,FLIGHT,2026-01-23T04:53:00Z,2026-01-23T20:23:00Z,15.0,13.0,0.5,16,max_daily:10; max_weekly:60; max_monthly:100,N,10,CONFIRMED,COMPLIANT,N,,,0,,N,Y,7.0,4,66,2026-01-23 19:53:00,N
RST-1385,CREW-1385,EY59110,POS-9,FLT-1039,EY8396,5,Dubai Sandstorm + Hub Congestion + Multiple MEL Aircraft,A6-EYM,Yusuf,Lee,Flight Attendant,Flight Attendant,Junior,9,CABIN,SYD,Cabin,2028-10-24,2026-06-23,A350,FLIGHT,2026-01-23T04:53:00Z,2026-01-23T20:23:00Z,15.0,13.0,0.5,16,max_daily:10; max_weekly:60; max_monthly:100,N,10,CONFIRMED,COMPLIANT,N,,,0,,N,Y,7.0,4,105,2026-01-23 19:53:00,N
RST-1386,CREW-1386,EY66383,POS-10,FLT-1039,EY8396,5,Dubai Sandstorm + Hub Congestion + Multiple MEL Aircraft,A6-EYM,James,Mueller,Flight Attendant,Flight Attendant,Senior,10,CABIN,JFK,Cabin,2026-03-24,2027-07-05,A350,FLIGHT,2026-01-23T04:53:00Z,2026-01-23T20:23:00Z,15.0,13.0,0.5,16,max_daily:10; max_weekly:60; max_monthly:100,N,10,CONFIRMED,COMPLIANT,N,,,0,,N,Y,7.0,4,174,2026-01-23 19:53:00,N
RST-1387,CREW-1387,EY44403,POS-11,FLT-1039,EY8396,5,Dubai Sandstorm + Hub Congestion + Multiple MEL Aircraft,A6-EYM,Olivia,Patel,Flight Attendant,Flight Attendant,Junior,11,CABIN,JFK,Cabin,2028-07-11,2026-02-06,A350,FLIGHT,2026-01-23T04:53:00Z,2026-01-23T20:23:00Z,15.0,13.0,0.5,16,max_daily:10; max_weekly:60; max_monthly:100,N,10,CONFIRMED,COMPLIANT,N,,,0,,N,Y,7.0,4,80,2026-01-23 19:53:00,N
RST-1388,CREW-1388,EY51431,POS-12,FLT-1039,EY8396,5,Dubai Sandstorm + Hub Congestion + Multiple MEL Aircraft,A6-EYM,Sophia,Patel,Flight Attendant,Flight Attendant,Junior,12,CABIN,JFK,Cabin,2028-03-14,2027-05-25,A350,FLIGHT,2026-01-23T04:53:00Z,2026-01-23T20:23:00Z,15.0,13.0,0.5,16,max_daily:10; max_weekly:60; max_monthly:100,N,10,CONFIRMED,COMPLIANT,N,,,0,,N,Y,7.0,4,195,2026-01-23 19:53:00,N
RST-1389,CREW-1389,EY60200,POS-1,FLT-1040,EY4943,5,Dubai Sandstorm + Hub Congestion + Multiple MEL Aircraft,A6-EYN,Michael,Mueller,Captain,Captain,Senior,1,COCKPIT,JFK,ATPL,2026-03-16,2026-09-09,A321LR,FLIGHT,2026-01-23T06:19:00Z,2026-01-23T23:19:00Z,16.5,14.5,-3.0,14,max_daily:10; max_weekly:60; max_monthly:100,Y,12,CONFIRMED,WARNING,N,,,0,,N,Y,8.5,4,188,2026-01-23 22:49:00,N
RST-1390,CREW-1390,EY49606,POS-2,FLT-1040,EY4943,5,Dubai Sandstorm + Hub Congestion + Multiple MEL Aircraft,A6-EYN,Omar,Garcia,First Officer,First Officer,Junior,2,COCKPIT,SYD,ATPL,2027-05-04,2027-11-24,A321LR,FLIGHT,2026-01-23T06:19:00Z,2026-01-23T23:19:00Z,16.5,14.5,-3.0,14,max_daily:10; max_weekly:60; max_monthly:100,Y,12,CONFIRMED,WARNING,N,,,0,,N,Y,8.5,4,190,2026-01-23 22:49:00,N
RST-1391,CREW-1391,EY78347,POS-3,FLT-1040,EY4943,5,Dubai Sandstorm + Hub Congestion + Multiple MEL Aircraft,A6-EYN,Wei,Martinez,Purser,Purser,Senior,3,CABIN,SYD,Cabin,2028-03-16,2027-05-09,A321LR,FLIGHT,2026-01-23T06:19:00Z,2026-01-23T23:19:00Z,16.5,14.5,-1.0,16,max_daily:10; max_weekly:60; max_monthly:100,Y,12,CONFIRMED,WARNING,N,,,0,,N,Y,8.5,4,193,2026-01-23 22:49:00,N
RST-1392,CREW-1392,EY15536,POS-4,FLT-1040,EY4943,5,Dubai Sandstorm + Hub Congestion + Multiple MEL Aircraft,A6-EYN,Ananya,Tanaka,Flight Attendant,Flight Attendant,Junior,4,CABIN,SYD,Cabin,2028-07-26,2026-09-21,A321LR,FLIGHT,2026-01-23T06:19:00Z,2026-01-23T23:19:00Z,16.5,14.5,-1.0,16,max_daily:10; max_weekly:60; max_monthly:100,Y,12,CONFIRMED,WARNING,N,,,0,,N,Y,8.5,4,71,2026-01-23 22:49:00,N
RST-1393,CREW-1393,EY24123,POS-5,FLT-1040,EY4943,5,Dubai Sandstorm + Hub Congestion + Multiple MEL Aircraft,A6-EYN,Sophia,Kim,Flight Attendant,Flight Attendant,Junior,5,CABIN,SYD,Cabin,2026-10-12,2027-11-22,A321LR,FLIGHT,2026-01-23T06:19:00Z,2026-01-23T23:19:00Z,16.5,14.5,-1.0,16,max_daily:10; max_weekly:60; max_monthly:100,Y,12,CONFIRMED,WARNING,N,,,0,,N,Y,8.5,4,95,2026-01-23 22:49:00,N
RST-1394,CREW-1394,EY74989,POS-6,FLT-1040,EY4943,5,Dubai Sandstorm + Hub Congestion + Multiple MEL Aircraft,A6-EYN,Mei,Patel,Flight Attendant,Flight Attendant,Junior,6,CABIN,JFK,Cabin,2027-12-04,2027-06-16,A321LR,FLIGHT,2026-01-23T06:19:00Z,2026-01-23T23:19:00Z,16.5,14.5,-1.0,16,max_daily:10; max_weekly:60; max_monthly:100,Y,12,CONFIRMED,WARNING,N,,,0,,N,Y,8.5,4,187,2026-01-23 22:49:00,N
RST-1395,CREW-1395,EY29495,POS-1,FLT-1041,EY912,5,Dubai Sandstorm + Hub Congestion + Multiple MEL Aircraft,A6-EYA,Mia,Mueller,Captain,Captain,Junior,1,COCKPIT,SIN,ATPL,2027-07-23,2026-04-19,A380,FLIGHT,2026-01-23T08:18:00Z,2026-01-24T01:48:00Z,17.0,15.0,-3.5,14,max_daily:10; max_weekly:60; max_monthly:100,Y,12,CONFIRMED,WARNING,N,,,0,,N,Y,9.0,4,66,2026-01-24 01:18:00,Y
RST-1396,CREW-1396,EY37488,POS-2,FLT-1041,EY912,5,Dubai Sandstorm + Hub Congestion + Multiple MEL Aircraft,A6-EYA,Sara,Singh,First Officer,First Officer,Senior,2,COCKPIT,AUH,ATPL,2028-11-03,2027-06-06,A380,FLIGHT,2026-01-23T08:18:00Z,2026-01-24T01:48:00Z,17.0,15.0,-3.5,14,max_daily:10; max_weekly:60; max_monthly:100,Y,12,CONFIRMED,WARNING,N,,,0,,N,Y,9.0,4,55,2026-01-24 01:18:00,Y
RST-1397,CREW-1397,EY90324,POS-3,FLT-1041,EY912,5,Dubai Sandstorm + Hub Congestion + Multiple MEL Aircraft,A6-EYA,Isabella,Khan,Purser,Purser,Junior,3,CABIN,JFK,Cabin,2028-04-23,2027-04-27,A380,FLIGHT,2026-01-23T08:18:00Z,2026-01-24T01:48:00Z,17.0,15.0,-1.5,16,max_daily:10; max_weekly:60; max_monthly:100,Y,12,CONFIRMED,WARNING,N,,,0,,N,Y,9.0,4,125,2026-01-24 01:18:00,Y
RST-1398,CREW-1398,EY99908,POS-4,FLT-1041,EY912,5,Dubai Sandstorm + Hub Congestion + Multiple MEL Aircraft,A6-EYA,Maria,Chen,Flight Attendant,Flight Attendant,Senior,4,CABIN,LHR,Cabin,2027-08-22,2026-02-01,A380,FLIGHT,2026-01-23T08:18:00Z,2026-01-24T01:48:00Z,17.0,15.0,-1.5,16,max_daily:10; max_weekly:60; max_monthly:100,Y,12,CONFIRMED,WARNING,N,,,0,,N,Y,9.0,4,70,2026-01-24 01:18:00,Y
RST-1399,CREW-1399,EY93658,POS-5,FLT-1041,EY912,5,Dubai Sandstorm + Hub Congestion + Multiple MEL Aircraft,A6-EYA,Sara,Johnson,Flight Attendant,Flight Attendant,Senior,5,CABIN,AUH,Cabin,2028-06-09,2026-04-17,A380,FLIGHT,2026-01-23T08:18:00Z,2026-01-24T01:48:00Z,17.0,15.0,-1.5,16,max_daily:10; max_weekly:60; max_monthly:100,Y,12,CONFIRMED,WARNING,N,,,0,,N,Y,9.0,4,135,2026-01-24 01:18:00,Y
RST-1400,CREW-1400,EY26371,POS-6,FLT-1041,EY912,5,Dubai Sandstorm + Hub Congestion + Multiple MEL Aircraft,A6-EYA,Ananya,Martinez,Flight Attendant,Flight Attendant,Junior,6,CABIN,SYD,Cabin,2027-04-21,2026-11-15,A380,FLIGHT,2026-01-23T08:18:00Z,2026-01-24T01:48:00Z,17.0,15.0,-1.5,16,max_daily:10; max_weekly:60; max_monthly:100,Y,12,CONFIRMED,WARNING,N,,,0,,N,Y,9.0,4,116,2026-01-24 01:18:00,Y
RST-1401,CREW-1401,EY46150,POS-7,FLT-1041,EY912,5,Dubai Sandstorm + Hub Congestion + Multiple MEL Aircraft,A6-EYA,Yuki,Mueller,Flight Attendant,Flight Attendant,Junior,7,CABIN,JFK,Cabin,2027-09-14,2027-04-07,A380,FLIGHT,2026-01-23T08:18:00Z,2026-01-24T01:48:00Z,17.0,15.0,-1.5,16,max_daily:10; max_weekly:60; max_monthly:100,Y,12,CONFIRMED,WARNING,N,,,0,,N,Y,9.0,4,198,2026-01-24 01:18:00,Y
RST-1402,CREW-1402,EY21032,POS-8,FLT-1041,EY912,5,Dubai Sandstorm + Hub Congestion + Multiple MEL Aircraft,A6-EYA,Omar,Chen,Flight Attendant,Flight Attendant,Junior,8,CABIN,LHR,Cabin,2027-05-04,2026-12-05,A380,FLIGHT,2026-01-23T08:18:00Z,2026-01-24T01:48:00Z,17.0,15.0,-1.5,16,max_daily:10; max_weekly:60; max_monthly:100,Y,12,CONFIRMED,WARNING,N,,,0,,N,Y,9.0,4,100,2026-01-24 01:18:00,Y
RST-1403,CREW-1403,EY61887,POS-9,FLT-1041,EY912,5,Dubai Sandstorm + Hub Congestion + Multiple MEL Aircraft,A6-EYA,Ahmed,Lee,Flight Attendant,Flight Attendant,Junior,9,CABIN,AUH,Cabin,2027-11-09,2026-11-01,A380,FLIGHT,2026-01-23T08:18:00Z,2026-01-24T01:48:00Z,17.0,15.0,-1.5,16,max_daily:10; max_weekly:60; max_monthly:100,Y,12,CONFIRMED,WARNING,N,,,0,,N,Y,9.0,4,101,2026-01-24 01:18:00,Y
RST-1404,CREW-1404,EY89380,POS-10,FLT-1041,EY912,5,Dubai Sandstorm + Hub Congestion + Multiple MEL Aircraft,A6-EYA,Emma,Rossi,Flight Attendant,Flight Attendant,Senior,10,CABIN,SYD,Cabin,2028-03-13,2027-10-13,A380,FLIGHT,2026-01-23T08:18:00Z,2026-01-24T01:48:00Z,17.0,15.0,-1.5,16,max_daily:10; max_weekly:60; max_monthly:100,Y,12,CONFIRMED,WARNING,N,,,0,,N,Y,9.0,4,111,2026-01-24 01:18:00,Y
RST-1405,CREW-1405,EY22884,POS-11,FLT-1041,EY912,5,Dubai Sandstorm + Hub Congestion + Multiple MEL Aircraft,A6-EYA,Yuki,Martinez,Flight Attendant,Flight Attendant,Senior,11,CABIN,SIN,Cabin,2027-05-15,2027-12-23,A380,FLIGHT,2026-01-23T08:18:00Z,2026-01-24T01:48:00Z,17.0,15.0,-1.5,16,max_daily:10; max_weekly:60; max_monthly:100,Y,12,CONFIRMED,WARNING,N,,,0,,N,Y,9.0,4,75,2026-01-24 01:18:00,Y
RST-1406,CREW-1406,EY88168,POS-12,FLT-1041,EY912,5,Dubai Sandstorm + Hub Congestion + Multiple MEL Aircraft,A6-EYA,Raj,Martinez,Flight Attendant,Flight Attendant,Junior,12,CABIN,SYD,Cabin,2026-03-03,2027-03-15,A380,FLIGHT,2026-01-23T08:18:00Z,2026-01-24T01:48:00Z,17.0,15.0,-1.5,16,max_daily:10; max_weekly:60; max_monthly:100,Y,12,CONFIRMED,WARNING,N,,,0,,N,Y,9.0,4,76,2026-01-24 01:18:00,Y
RST-1407,CREW-1407,EY58998,POS-13,FLT-1041,EY912,5,Dubai Sandstorm + Hub Congestion + Multiple MEL Aircraft,A6-EYA,Carlos,Khan,Flight Attendant,Flight Attendant,Senior,13,CABIN,AUH,Cabin,2027-07-27,2026-01-11,A380,FLIGHT,2026-01-23T08:18:00Z,2026-01-24T01:48:00Z,17.0,15.0,-1.5,16,max_daily:10; max_weekly:60; max_monthly:100,Y,12,CONFIRMED,WARNING,N,,,0,,N,Y,9.0,4,130,2026-01-24 01:18:00,Y
RST-1408,CREW-1408,EY28603,POS-14,FLT-1041,EY912,5,Dubai Sandstorm + Hub Congestion + Multiple MEL Aircraft,A6-EYA,Fatima,Garcia,Flight Attendant,Flight Attendant,Senior,14,CABIN,LHR,Cabin,2027-01-01,2026-04-19,A380,FLIGHT,2026-01-23T08:18:00Z,2026-01-24T01:48:00Z,17.0,15.0,-1.5,16,max_daily:10; max_weekly:60; max_monthly:100,Y,12,CONFIRMED,WARNING,N,,,0,,N,Y,9.0,4,197,2026-01-24 01:18:00,Y
RST-1409,CREW-1409,EY24851,POS-15,FLT-1041,EY912,5,Dubai Sandstorm + Hub Congestion + Multiple MEL Aircraft,A6-EYA,Mei,Yamamoto,Flight Attendant,Flight Attendant,Junior,15,CABIN,JFK,Cabin,2026-02-16,2027-01-01,A380,FLIGHT,2026-01-23T08:18:00Z,2026-01-24T01:48:00Z,17.0,15.0,-1.5,16,max_daily:10; max_weekly:60; max_monthly:100,Y,12,CONFIRMED,WARNING,N,,,0,,N,Y,9.0,4,142,2026-01-24 01:18:00,Y
RST-1410,CREW-1410,EY74700,POS-16,FLT-1041,EY912,5,Dubai Sandstorm + Hub Congestion + Multiple MEL Aircraft,A6-EYA,James,Kim,Flight Attendant,Flight Attendant,Junior,16,CABIN,AUH,Cabin,2028-06-05,2027-11-06,A380,FLIGHT,2026-01-23T08:18:00Z,2026-01-24T01:48:00Z,17.0,15.0,-1.5,16,max_daily:10; max_weekly:60; max_monthly:100,Y,12,CONFIRMED,WARNING,N,,,0,,N,Y,9.0,4,125,2026-01-24 01:18:00,Y
RST-1411,CREW-1411,EY77962,POS-1,FLT-1042,EY639,5,Dubai Sandstorm + Hub Congestion + Multiple MEL Aircraft,A6-EYB,Fatima,Johnson,Captain,Captain,Junior,1,COCKPIT,SYD,ATPL,2028-09-26,2027-10-26,A380,FLIGHT,2026-01-23T10:40:00Z,2026-01-24T00:10:00Z,13.0,11.0,0.5,14,max_daily:10; max_weekly:60; max_monthly:100,N,10,CONFIRMED,COMPLIANT,N,,,0,,N,Y,5.0,4,98,2026-01-23 23:40:00,Y
RST-1412,CREW-1412,EY68108,POS-2,FLT-1042,EY639,5,Dubai Sandstorm + Hub Congestion + Multiple MEL Aircraft,A6-EYB,James,Khan,First Officer,First Officer,Senior,2,COCKPIT,SIN,ATPL,2027-11-13,2026-12-16,A380,FLIGHT,2026-01-23T10:40:00Z,2026-01-24T00:10:00Z,13.0,11.0,0.5,14,max_daily:10; max_weekly:60; max_monthly:100,N,10,CONFIRMED,COMPLIANT,N,,,0,,N,Y,5.0,4,115,2026-01-23 23:40:00,Y
RST-1413,CREW-1413,EY16048,POS-3,FLT-1042,EY639,5,Dubai Sandstorm + Hub Congestion + Multiple MEL Aircraft,A6-EYB,Robert,Williams,Purser,Purser,Junior,3,CABIN,SYD,Cabin,2026-11-16,2027-12-27,A380,FLIGHT,2026-01-23T10:40:00Z,2026-01-24T00:10:00Z,13.0,11.0,2.5,16,max_daily:10; max_weekly:60; max_monthly:100,N,10,CONFIRMED,COMPLIANT,N,,,0,,N,Y,5.0,4,156,2026-01-23 23:40:00,Y
RST-1414,CREW-1414,EY22941,POS-4,FLT-1042,EY639,5,Dubai Sandstorm + Hub Congestion + Multiple MEL Aircraft,A6-EYB,David,Khan,Flight Attendant,Flight Attendant,Senior,4,CABIN,SIN,Cabin,2026-06-07,2027-01-18,A380,FLIGHT,2026-01-23T10:40:00Z,2026-01-24T00:10:00Z,13.0,11.0,2.5,16,max_daily:10; max_weekly:60; max_monthly:100,N,10,CONFIRMED,COMPLIANT,N,,,0,,N,Y,5.0,4,119,2026-01-23 23:40:00,Y
RST-1415,CREW-1415,EY91943,POS-5,FLT-1042,EY639,5,Dubai Sandstorm + Hub Congestion + Multiple MEL Aircraft,A6-EYB,Aisha,Yamamoto,Flight Attendant,Flight Attendant,Junior,5,CABIN,SYD,Cabin,2026-09-03,2026-11-09,A380,FLIGHT,2026-01-23T10:40:00Z,2026-01-24T00:10:00Z,13.0,11.0,2.5,16,max_daily:10; max_weekly:60; max_monthly:100,N,10,CONFIRMED,COMPLIANT,N,,,0,,N,Y,5.0,4,175,2026-01-23 23:40:00,Y
RST-1416,CREW-1416,EY33923,POS-6,FLT-1042,EY639,5,Dubai Sandstorm + Hub Congestion + Multiple MEL Aircraft,A6-EYB,Wei,Smith,Flight Attendant,Flight Attendant,Junior,6,CABIN,SIN,Cabin,2028-10-09,2027-09-20,A380,FLIGHT,2026-01-23T10:40:00Z,2026-01-24T00:10:00Z,13.0,11.0,2.5,16,max_daily:10; max_weekly:60; max_monthly:100,N,10,CONFIRMED,COMPLIANT,N,,,0,,N,Y,5.0,4,162,2026-01-23 23:40:00,Y
RST-1417,CREW-1417,EY13528,POS-7,FLT-1042,EY639,5,Dubai Sandstorm + Hub Congestion + Multiple MEL Aircraft,A6-EYB,Robert,Tanaka,Flight Attendant,Flight Attendant,Junior,7,CABIN,LHR,Cabin,2027-08-06,2026-01-25,A380,FLIGHT,2026-01-23T10:40:00Z,2026-01-24T00:10:00Z,13.0,11.0,2.5,16,max_daily:10; max_weekly:60; max_monthly:100,N,10,CONFIRMED,COMPLIANT,N,,,0,,N,Y,5.0,4,134,2026-01-23 23:40:00,Y
RST-1418,CREW-1418,EY99118,POS-8,FLT-1042,EY639,5,Dubai Sandstorm + Hub Congestion + Multiple MEL Aircraft,A6-EYB,Maryam,Johnson,Flight Attendant,Flight Attendant,Junior,8,CABIN,LHR,Cabin,2026-06-07,2027-11-27,A380,FLIGHT,2026-01-23T10:40:00Z,2026-01-24T00:10:00Z,13.0,11.0,2.5,16,max_daily:10; max_weekly:60; max_monthly:100,N,10,CONFIRMED,COMPLIANT,N,,,0,,N,Y,5.0,4,78,2026-01-23 23:40:00,Y
RST-1419,CREW-1419,EY22896,POS-9,FLT-1042,EY639,5,Dubai Sandstorm + Hub Congestion + Multiple MEL Aircraft,A6-EYB,Yuki,Ferrari,Flight Attendant,Flight Attendant,Senior,9,CABIN,SYD,Cabin,2028-01-23,2026-10-17,A380,FLIGHT,2026-01-23T10:40:00Z,2026-01-24T00:10:00Z,13.0,11.0,2.5,16,max_daily:10; max_weekly:60; max_monthly:100,N,10,CONFIRMED,COMPLIANT,N,,,0,,N,Y,5.0,4,172,2026-01-23 23:40:00,Y
RST-1420,CREW-1420,EY71848,POS-10,FLT-1042,EY639,5,Dubai Sandstorm + Hub Congestion + Multiple MEL Aircraft,A6-EYB,Robert,Schmidt,Flight Attendant,Flight Attendant,Junior,10,CABIN,SIN,Cabin,2028-09-02,2027-08-17,A380,FLIGHT,2026-01-23T10:40:00Z,2026-01-24T00:10:00Z,13.0,11.0,2.5,16,max_daily:10; max_weekly:60; max_monthly:100,N,10,CONFIRMED,COMPLIANT,N,,,0,,N,Y,5.0,4,72,2026-01-23 23:40:00,Y
RST-1421,CREW-1421,EY31332,POS-11,FLT-1042,EY639,5,Dubai Sandstorm + Hub Congestion + Multiple MEL Aircraft,A6-EYB,Sophia,Chen,Flight Attendant,Flight Attendant,Senior,11,CABIN,SIN,Cabin,2027-05-06,2026-04-22,A380,FLIGHT,2026-01-23T10:40:00Z,2026-01-24T00:10:00Z,13.0,11.0,2.5,16,max_daily:10; max_weekly:60; max_monthly:100,N,10,CONFIRMED,COMPLIANT,N,,,0,,N,Y,5.0,4,105,2026-01-23 23:40:00,Y
RST-1422,CREW-1422,EY67946,POS-12,FLT-1042,EY639,5,Dubai Sandstorm + Hub Congestion + Multiple MEL Aircraft,A6-EYB,Raj,Wang,Flight Attendant,Flight Attendant,Junior,12,CABIN,SIN,Cabin,2026-06-22,2027-09-12,A380,FLIGHT,2026-01-23T10:40:00Z,2026-01-24T00:10:00Z,13.0,11.0,2.5,16,max_daily:10; max_weekly:60; max_monthly:100,N,10,CONFIRMED,COMPLIANT,N,,,0,,N,Y,5.0,4,57,2026-01-23 23:40:00,Y
RST-1423,CREW-1423,EY30899,POS-13,FLT-1042,EY639,5,Dubai Sandstorm + Hub Congestion + Multiple MEL Aircraft,A6-EYB,Priya,Brown,Flight Attendant,Flight Attendant,Senior,13,CABIN,SIN,Cabin,2027-08-10,2027-06-15,A380,FLIGHT,2026-01-23T10:40:00Z,2026-01-24T00:10:00Z,13.0,11.0,2.5,16,max_daily:10; max_weekly:60; max_monthly:100,N,10,CONFIRMED,COMPLIANT,N,,,0,,N,Y,5.0,4,142,2026-01-23 23:40:00,Y
RST-1424,CREW-1424,EY10081,POS-14,FLT-1042,EY639,5,Dubai Sandstorm + Hub Congestion + Multiple MEL Aircraft,A6-EYB,Robert,Brown,Flight Attendant,Flight Attendant,Junior,14,CABIN,JFK,Cabin,2027-04-07,2026-09-01,A380,FLIGHT,2026-01-23T10:40:00Z,2026-01-24T00:10:00Z,13.0,11.0,2.5,16,max_daily:10; max_weekly:60; max_monthly:100,N,10,CONFIRMED,COMPLIANT,N,,,0,,N,Y,5.0,4,138,2026-01-23 23:40:00,Y
RST-1425,CREW-1425,EY23772,POS-15,FLT-1042,EY639,5,Dubai Sandstorm + Hub Congestion + Multiple MEL Aircraft,A6-EYB,Ahmed,Rossi,Flight Attendant,Flight Attendant,Junior,15,CABIN,SIN,Cabin,2028-08-25,2027-05-09,A380,FLIGHT,2026-01-23T10:40:00Z,2026-01-24T00:10:00Z,13.0,11.0,2.5,16,max_daily:10; max_weekly:60; max_monthly:100,N,10,CONFIRMED,COMPLIANT,N,,,0,,N,Y,5.0,4,197,2026-01-23 23:40:00,Y
RST-1426,CREW-1426,EY17979,POS-16,FLT-1042,EY639,5,Dubai Sandstorm + Hub Congestion + Multiple MEL Aircraft,A6-EYB,Wei,Patel,Flight Attendant,Flight Attendant,Junior,16,CABIN,LHR,Cabin,2026-08-01,2026-04-08,A380,FLIGHT,2026-01-23T10:40:00Z,2026-01-24T00:10:00Z,13.0,11.0,2.5,16,max_daily:10; max_weekly:60; max_monthly:100,N,10,CONFIRMED,COMPLIANT,N,,,0,,N,Y,5.0,4,186,2026-01-23 23:40:00,Y
RST-1427,CREW-1427,EY61829,POS-1,FLT-1043,EY432,5,Dubai Sandstorm + Hub Congestion + Multiple MEL Aircraft,A6-EYF,Raj,Yamamoto,Captain,Captain,Junior,1,COCKPIT,JFK,ATPL,2027-11-06,2027-09-01,B787-10,FLIGHT,2026-01-23T12:05:00Z,2026-01-24T06:05:00Z,17.5,15.5,-4.0,14,max_daily:10; max_weekly:60; max_monthly:100,Y,12,CONFIRMED,WARNING,N,,,0,,N,Y,9.5,4,125,2026-01-24 05:35:00,Y
RST-1428,CREW-1428,EY91588,POS-2,FLT-1043,EY432,5,Dubai Sandstorm + Hub Congestion + Multiple MEL Aircraft,A6-EYF,Wei,Singh,First Officer,First Officer,Junior,2,COCKPIT,SIN,ATPL,2027-09-27,2027-12-18,B787-10,FLIGHT,2026-01-23T12:05:00Z,2026-01-24T06:05:00Z,17.5,15.5,-4.0,14,max_daily:10; max_weekly:60; max_monthly:100,Y,12,CONFIRMED,WARNING,N,,,0,,N,Y,9.5,4,93,2026-01-24 05:35:00,Y
RST-1429,CREW-1429,EY18015,POS-3,FLT-1043,EY432,5,Dubai Sandstorm + Hub Congestion + Multiple MEL Aircraft,A6-EYF,Emma,Tanaka,Purser,Purser,Junior,3,CABIN,SIN,Cabin,2027-06-27,2027-10-08,B787-10,FLIGHT,2026-01-23T12:05:00Z,2026-01-24T06:05:00Z,17.5,15.5,-2.0,16,max_daily:10; max_weekly:60; max_monthly:100,Y,12,CONFIRMED,WARNING,N,,,0,,N,Y,9.5,4,139,2026-01-24 05:35:00,Y
RST-1430,CREW-1430,EY12727,POS-4,FLT-1043,EY432,5,Dubai Sandstorm + Hub Congestion + Multiple MEL Aircraft,A6-EYF,John,Kim,Flight Attendant,Flight Attendant,Junior,4,CABIN,JFK,Cabin,2028-01-19,2027-05-09,B787-10,FLIGHT,2026-01-23T12:05:00Z,2026-01-24T06:05:00Z,17.5,15.5,-2.0,16,max_daily:10; max_weekly:60; max_monthly:100,Y,12,CONFIRMED,WARNING,N,,,0,,N,Y,9.5,4,76,2026-01-24 05:35:00,Y
RST-1431,CREW-1431,EY21025,POS-5,FLT-1043,EY432,5,Dubai Sandstorm + Hub Congestion + Multiple MEL Aircraft,A6-EYF,Mohammed,Tanaka,Flight Attendant,Flight Attendant,Senior,5,CABIN,SIN,Cabin,2028-08-14,2026-07-17,B787-10,FLIGHT,2026-01-23T12:05:00Z,2026-01-24T06:05:00Z,17.5,15.5,-2.0,16,max_daily:10; max_weekly:60; max_monthly:100,Y,12,CONFIRMED,WARNING,N,,,0,,N,Y,9.5,4,91,2026-01-24 05:35:00,Y
RST-1432,CREW-1432,EY19407,POS-6,FLT-1043,EY432,5,Dubai Sandstorm + Hub Congestion + Multiple MEL Aircraft,A6-EYF,Hiroshi,Mueller,Flight Attendant,Flight Attendant,Senior,6,CABIN,SIN,Cabin,2027-08-05,2026-10-26,B787-10,FLIGHT,2026-01-23T12:05:00Z,2026-01-24T06:05:00Z,17.5,15.5,-2.0,16,max_daily:10; max_weekly:60; max_monthly:100,Y,12,CONFIRMED,WARNING,N,,,0,,N,Y,9.5,4,194,2026-01-24 05:35:00,Y
RST-1433,CREW-1433,EY32975,POS-7,FLT-1043,EY432,5,Dubai Sandstorm + Hub Congestion + Multiple MEL Aircraft,A6-EYF,Isabella,Schmidt,Flight Attendant,Flight Attendant,Senior,7,CABIN,AUH,Cabin,2026-05-08,2027-03-09,B787-10,FLIGHT,2026-01-23T12:05:00Z,2026-01-24T06:05:00Z,17.5,15.5,-2.0,16,max_daily:10; max_weekly:60; max_monthly:100,Y,12,CONFIRMED,WARNING,N,,,0,,N,Y,9.5,4,150,2026-01-24 05:35:00,Y
RST-1434,CREW-1434,EY19125,POS-8,FLT-1043,EY432,5,Dubai Sandstorm + Hub Congestion + Multiple MEL Aircraft,A6-EYF,Mei,Williams,Flight Attendant,Flight Attendant,Junior,8,CABIN,SYD,Cabin,2028-01-20,2027-09-04,B787-10,FLIGHT,2026-01-23T12:05:00Z,2026-01-24T06:05:00Z,17.5,15.5,-2.0,16,max_daily:10; max_weekly:60; max_monthly:100,Y,12,CONFIRMED,WARNING,N,,,0,,N,Y,9.5,4,113,2026-01-24 05:35:00,Y
RST-1435,CREW-1435,EY63206,POS-9,FLT-1043,EY432,5,Dubai Sandstorm + Hub Congestion + Multiple MEL Aircraft,A6-EYF,David,Mueller,Flight Attendant,Flight Attendant,Senior,9,CABIN,LHR,Cabin,2028-11-18,2027-12-05,B787-10,FLIGHT,2026-01-23T12:05:00Z,2026-01-24T06:05:00Z,17.5,15.5,-2.0,16,max_daily:10; max_weekly:60; max_monthly:100,Y,12,CONFIRMED,WARNING,N,,,0,,N,Y,9.5,4,72,2026-01-24 05:35:00,Y
RST-1436,CREW-1436,EY39866,POS-10,FLT-1043,EY432,5,Dubai Sandstorm + Hub Congestion + Multiple MEL Aircraft,A6-EYF,Mei,Williams,Flight Attendant,Flight Attendant,Junior,10,CABIN,SYD,Cabin,2026-03-07,2027-06-07,B787-10,FLIGHT,2026-01-23T12:05:00Z,2026-01-24T06:05:00Z,17.5,15.5,-2.0,16,max_daily:10; max_weekly:60; max_monthly:100,Y,12,CONFIRMED,WARNING,N,,,0,,N,Y,9.5,4,132,2026-01-24 05:35:00,Y
RST-1437,CREW-1437,EY70558,POS-1,FLT-1044,EY8184,5,Dubai Sandstorm + Hub Congestion + Multiple MEL Aircraft,A6-EYG,Ahmed,Kim,Captain,Captain,Junior,1,COCKPIT,AUH,ATPL,2027-10-26,2026-06-17,B787-10,FLIGHT,2026-01-23T14:21:00Z,2026-01-23T23:21:00Z,8.5,6.5,5.0,14,max_daily:10; max_weekly:60; max_monthly:100,N,10,CONFIRMED,COMPLIANT,N,,,0,,N,N,0.5,4,95,2026-01-23 22:51:00,N
RST-1438,CREW-1438,EY82776,POS-2,FLT-1044,EY8184,5,Dubai Sandstorm + Hub Congestion + Multiple MEL Aircraft,A6-EYG,Yusuf,Smith,First Officer,First Officer,Junior,2,COCKPIT,AUH,ATPL,2028-07-03,2026-05-12,B787-10,FLIGHT,2026-01-23T14:21:00Z,2026-01-23T23:21:00Z,8.5,6.5,5.0,14,max_daily:10; max_weekly:60; max_monthly:100,N,10,CONFIRMED,COMPLIANT,N,,,0,,N,N,0.5,4,151,2026-01-23 22:51:00,N
RST-1439,CREW-1439,EY92264,POS-3,FLT-1044,EY8184,5,Dubai Sandstorm + Hub Congestion + Multiple MEL Aircraft,A6-EYG,Olivia,Garcia,Purser,Purser,Junior,3,CABIN,LHR,Cabin,2026-05-20,2027-04-24,B787-10,FLIGHT,2026-01-23T14:21:00Z,2026-01-23T23:21:00Z,8.5,6.5,7.0,16,max_daily:10; max_weekly:60; max_monthly:100,N,10,CONFIRMED,COMPLIANT,N,,,0,,N,N,0.5,4,169,2026-01-23 22:51:00,N
RST-1440,CREW-1440,EY38144,POS-4,FLT-1044,EY8184,5,Dubai Sandstorm + Hub Congestion + Multiple MEL Aircraft,A6-EYG,Raj,Chen,Flight Attendant,Flight Attendant,Junior,4,CABIN,AUH,Cabin,2028-02-13,2027-11-21,B787-10,FLIGHT,2026-01-23T14:21:00Z,2026-01-23T23:21:00Z,8.5,6.5,7.0,16,max_daily:10; max_weekly:60; max_monthly:100,N,10,CONFIRMED,COMPLIANT,N,,,0,,N,N,0.5,4,90,2026-01-23 22:51:00,N
RST-1441,CREW-1441,EY78463,POS-5,FLT-1044,EY8184,5,Dubai Sandstorm + Hub Congestion + Multiple MEL Aircraft,A6-EYG,Mia,Brown,Flight Attendant,Flight Attendant,Junior,5,CABIN,SIN,Cabin,2028-11-04,2026-03-08,B787-10,FLIGHT,2026-01-23T14:21:00Z,2026-01-23T23:21:00Z,8.5,6.5,7.0,16,max_daily:10; max_weekly:60; max_monthly:100,N,10,CONFIRMED,COMPLIANT,N,,,0,,N,N,0.5,4,59,2026-01-23 22:51:00,N
RST-1442,CREW-1442,EY56564,POS-6,FLT-1044,EY8184,5,Dubai Sandstorm + Hub Congestion + Multiple MEL Aircraft,A6-EYG,Yusuf,Williams,Flight Attendant,Flight Attendant,Junior,6,CABIN,SYD,Cabin,2026-03-27,2026-02-18,B787-10,FLIGHT,2026-01-23T14:21:00Z,2026-01-23T23:21:00Z,8.5,6.5,7.0,16,max_daily:10; max_weekly:60; max_monthly:100,N,10,CONFIRMED,COMPLIANT,N,,,0,,N,N,0.5,4,75,2026-01-23 22:51:00,N
RST-1443,CREW-1443,EY74065,POS-7,FLT-1044,EY8184,5,Dubai Sandstorm + Hub Congestion + Multiple MEL Aircraft,A6-EYG,Isabella,Garcia,Flight Attendant,Flight Attendant,Junior,7,CABIN,SIN,Cabin,2028-06-20,2026-10-13,B787-10,FLIGHT,2026-01-23T14:21:00Z,2026-01-23T23:21:00Z,8.5,6.5,7.0,16,max_daily:10; max_weekly:60; max_monthly:100,N,10,CONFIRMED,COMPLIANT,N,,,0,,N,N,0.5,4,155,2026-01-23 22:51:00,N
RST-1444,CREW-1444,EY47316,POS-8,FLT-1044,EY8184,5,Dubai Sandstorm + Hub Congestion + Multiple MEL Aircraft,A6-EYG,Priya,Khan,Flight Attendant,Flight Attendant,Junior,8,CABIN,SIN,Cabin,2026-09-25,2026-04-09,B787-10,FLIGHT,2026-01-23T14:21:00Z,2026-01-23T23:21:00Z,8.5,6.5,7.0,16,max_daily:10; max_weekly:60; max_monthly:100,N,10,CONFIRMED,COMPLIANT,N,,,0,,N,N,0.5,4,190,2026-01-23 22:51:00,N
RST-1445,CREW-1445,EY23493,POS-9,FLT-1044,EY8184,5,Dubai Sandstorm + Hub Congestion + Multiple MEL Aircraft,A6-EYG,John,Ferrari,Flight Attendant,Flight Attendant,Junior,9,CABIN,LHR,Cabin,2027-02-17,2026-04-16,B787-10,FLIGHT,2026-01-23T14:21:00Z,2026-01-23T23:21:00Z,8.5,6.5,7.0,16,max_daily:10; max_weekly:60; max_monthly:100,N,10,CONFIRMED,COMPLIANT,N,,,0,,N,N,0.5,4,171,2026-01-23 22:51:00,N
RST-1446,CREW-1446,EY20146,POS-10,FLT-1044,EY8184,5,Dubai Sandstorm + Hub Congestion + Multiple MEL Aircraft,A6-EYG,Wei,Wang,Flight Attendant,Flight Attendant,Junior,10,CABIN,LHR,Cabin,2028-06-27,2026-06-25,B787-10,FLIGHT,2026-01-23T14:21:00Z,2026-01-23T23:21:00Z,8.5,6.5,7.0,16,max_daily:10; max_weekly:60; max_monthly:100,N,10,CONFIRMED,COMPLIANT,N,,,0,,N,N,0.5,4,104,2026-01-23 22:51:00,N
RST-1447,CREW-1447,EY82094,POS-1,FLT-1045,EY1202,5,Dubai Sandstorm + Hub Congestion + Multiple MEL Aircraft,A6-EYH,Olivia,Rossi,Captain,Captain,Junior,1,COCKPIT,AUH,ATPL,2027-05-08,2026-01-08,B787-10,FLIGHT,2026-01-23T16:28:00Z,2026-01-24T08:58:00Z,16.0,14.0,-2.5,14,max_daily:10; max_weekly:60; max_monthly:100,Y,12,CONFIRMED,WARNING,N,,,0,,N,Y,8.0,4,170,2026-01-24 08:28:00,Y
RST-1448,CREW-1448,EY42227,POS-2,FLT-1045,EY1202,5,Dubai Sandstorm + Hub Congestion + Multiple MEL Aircraft,A6-EYH,James,Kim,First Officer,First Officer,Junior,2,COCKPIT,SYD,ATPL,2027-09-20,2026-04-13,B787-10,FLIGHT,2026-01-23T16:28:00Z,2026-01-24T08:58:00Z,16.0,14.0,-2.5,14,max_daily:10; max_weekly:60; max_monthly:100,Y,12,CONFIRMED,WARNING,N,,,0,,N,Y,8.0,4,50,2026-01-24 08:28:00,Y
RST-1449,CREW-1449,EY18385,POS-3,FLT-1045,EY1202,5,Dubai Sandstorm + Hub Congestion + Multiple MEL Aircraft,A6-EYH,Layla,Williams,Purser,Purser,Junior,3,CABIN,SYD,Cabin,2026-06-16,2026-02-05,B787-10,FLIGHT,2026-01-23T16:28:00Z,2026-01-24T08:58:00Z,16.0,14.0,-0.5,16,max_daily:10; max_weekly:60; max_monthly:100,Y,12,CONFIRMED,WARNING,N,,,0,,N,Y,8.0,4,116,2026-01-24 08:28:00,Y
RST-1450,CREW-1450,EY94777,POS-4,FLT-1045,EY1202,5,Dubai Sandstorm + Hub Congestion + Multiple MEL Aircraft,A6-EYH,John,Brown,Flight Attendant,Flight Attendant,Junior,4,CABIN,SIN,Cabin,2026-08-07,2026-07-20,B787-10,FLIGHT,2026-01-23T16:28:00Z,2026-01-24T08:58:00Z,16.0,14.0,-0.5,16,max_daily:10; max_weekly:60; max_monthly:100,Y,12,CONFIRMED,WARNING,N,,,0,,N,Y,8.0,4,107,2026-01-24 08:28:00,Y
RST-1451,CREW-1451,EY52714,POS-5,FLT-1045,EY1202,5,Dubai Sandstorm + Hub Congestion + Multiple MEL Aircraft,A6-EYH,Michael,Brown,Flight Attendant,Flight Attendant,Junior,5,CABIN,LHR,Cabin,2027-11-12,2027-07-16,B787-10,FLIGHT,2026-01-23T16:28:00Z,2026-01-24T08:58:00Z,16.0,14.0,-0.5,16,max_daily:10; max_weekly:60; max_monthly:100,Y,12,CONFIRMED,WARNING,N,,,0,,N,Y,8.0,4,190,2026-01-24 08:28:00,Y
RST-1452,CREW-1452,EY22920,POS-6,FLT-1045,EY1202,5,Dubai Sandstorm + Hub Congestion + Multiple MEL Aircraft,A6-EYH,Hiroshi,Schmidt,Flight Attendant,Flight Attendant,Senior,6,CABIN,SYD,Cabin,2028-08-16,2027-10-25,B787-10,FLIGHT,2026-01-23T16:28:00Z,2026-01-24T08:58:00Z,16.0,14.0,-0.5,16,max_daily:10; max_weekly:60; max_monthly:100,Y,12,CONFIRMED,WARNING,N,,,0,,N,Y,8.0,4,167,2026-01-24 08:28:00,Y
RST-1453,CREW-1453,EY51446,POS-7,FLT-1045,EY1202,5,Dubai Sandstorm + Hub Congestion + Multiple MEL Aircraft,A6-EYH,Wei,Schmidt,Flight Attendant,Flight Attendant,Junior,7,CABIN,JFK,Cabin,2028-06-22,2026-07-16,B787-10,FLIGHT,2026-01-23T16:28:00Z,2026-01-24T08:58:00Z,16.0,14.0,-0.5,16,max_daily:10; max_weekly:60; max_monthly:100,Y,12,CONFIRMED,WARNING,N,,,0,,N,Y,8.0,4,88,2026-01-24 08:28:00,Y
RST-1454,CREW-1454,EY66552,POS-8,FLT-1045,EY1202,5,Dubai Sandstorm + Hub Congestion + Multiple MEL Aircraft,A6-EYH,Yusuf,Rossi,Flight Attendant,Flight Attendant,Junior,8,CABIN,LHR,Cabin,2027-10-12,2027-08-10,B787-10,FLIGHT,2026-01-23T16:28:00Z,2026-01-24T08:58:00Z,16.0,14.0,-0.5,16,max_daily:10; max_weekly:60; max_monthly:100,Y,12,CONFIRMED,WARNING,N,,,0,,N,Y,8.0,4,158,2026-01-24 08:28:00,Y
RST-1455,CREW-1455,EY28261,POS-9,FLT-1045,EY1202,5,Dubai Sandstorm + Hub Congestion + Multiple MEL Aircraft,A6-EYH,Ahmed,Garcia,Flight Attendant,Flight Attendant,Senior,9,CABIN,SYD,Cabin,2026-09-10,2027-10-23,B787-10,FLIGHT,2026-01-23T16:28:00Z,2026-01-24T08:58:00Z,16.0,14.0,-0.5,16,max_daily:10; max_weekly:60; max_monthly:100,Y,12,CONFIRMED,WARNING,N,,,0,,N,Y,8.0,4,126,2026-01-24 08:28:00,Y
RST-1456,CREW-1456,EY81500,POS-10,FLT-1045,EY1202,5,Dubai Sandstorm + Hub Congestion + Multiple MEL Aircraft,A6-EYH,Priya,Smith,Flight Attendant,Flight Attendant,Junior,10,CABIN,LHR,Cabin,2028-12-26,2026-09-07,B787-10,FLIGHT,2026-01-23T16:28:00Z,2026-01-24T08:58:00Z,16.0,14.0,-0.5,16,max_daily:10; max_weekly:60; max_monthly:100,Y,12,CONFIRMED,WARNING,N,,,0,,N,Y,8.0,4,180,2026-01-24 08:28:00,Y
RST-1457,CREW-1457,EY32738,POS-1,FLT-1046,EY170,5,Dubai Sandstorm + Hub Congestion + Multiple MEL Aircraft,A6-EYQ,Yuki,Rossi,Captain,Captain,Junior,1,COCKPIT,SYD,ATPL,2028-11-27,2027-01-11,A320,FLIGHT,2026-01-23T18:56:00Z,2026-01-24T13:26:00Z,18.0,16.0,-4.5,14,max_daily:10; max_weekly:60; max_monthly:100,Y,12,CONFIRMED,WARNING,N,,,0,,N,Y,10.0,4,151,2026-01-24 12:56:00,N
RST-1458,CREW-1458,EY95906,POS-2,FLT-1046,EY170,5,Dubai Sandstorm + Hub Congestion + Multiple MEL Aircraft,A6-EYQ,Emma,Singh,First Officer,First Officer,Senior,2,COCKPIT,SYD,ATPL,2028-09-06,2027-09-01,A320,FLIGHT,2026-01-23T18:56:00Z,2026-01-24T13:26:00Z,18.0,16.0,-4.5,14,max_daily:10; max_weekly:60; max_monthly:100,Y,12,CONFIRMED,WARNING,N,,,0,,N,Y,10.0,4,149,2026-01-24 12:56:00,N
RST-1459,CREW-1459,EY98108,POS-3,FLT-1046,EY170,5,Dubai Sandstorm + Hub Congestion + Multiple MEL Aircraft,A6-EYQ,Priya,Mueller,Purser,Purser,Junior,3,CABIN,SIN,Cabin,2028-11-06,2027-05-08,A320,FLIGHT,2026-01-23T18:56:00Z,2026-01-24T13:26:00Z,18.0,16.0,-2.5,16,max_daily:10; max_weekly:60; max_monthly:100,Y,12,CONFIRMED,WARNING,N,,,0,,N,Y,10.0,4,176,2026-01-24 12:56:00,N
RST-1460,CREW-1460,EY89476,POS-4,FLT-1046,EY170,5,Dubai Sandstorm + Hub Congestion + Multiple MEL Aircraft,A6-EYQ,Robert,Wang,Flight Attendant,Flight Attendant,Senior,4,CABIN,AUH,Cabin,2026-06-04,2027-06-02,A320,FLIGHT,2026-01-23T18:56:00Z,2026-01-24T13:26:00Z,18.0,16.0,-2.5,16,max_daily:10; max_weekly:60; max_monthly:100,Y,12,CONFIRMED,WARNING,N,,,0,,N,Y,10.0,4,115,2026-01-24 12:56:00,N
RST-1461,CREW-1461,EY85342,POS-1,FLT-1047,EY8397,5,Dubai Sandstorm + Hub Congestion + Multiple MEL Aircraft,A6-EYM,Yuki,Patel,Captain,Captain,Junior,1,COCKPIT,LHR,ATPL,2027-12-05,2027-06-08,A350,FLIGHT,2026-01-23T20:37:00Z,2026-01-24T12:07:00Z,15.0,13.0,-1.5,14,max_daily:10; max_weekly:60; max_monthly:100,Y,12,CONFIRMED,WARNING,N,,,0,,N,Y,7.0,4,121,2026-01-24 11:37:00,N
RST-1462,CREW-1462,EY75093,POS-2,FLT-1047,EY8397,5,Dubai Sandstorm + Hub Congestion + Multiple MEL Aircraft,A6-EYM,Layla,Schmidt,First Officer,First Officer,Senior,2,COCKPIT,JFK,ATPL,2028-02-04,2027-07-07,A350,FLIGHT,2026-01-23T20:37:00Z,2026-01-24T12:07:00Z,15.0,13.0,-1.5,14,max_daily:10; max_weekly:60; max_monthly:100,Y,12,CONFIRMED,WARNING,N,,,0,,N,Y,7.0,4,60,2026-01-24 11:37:00,N
RST-1463,CREW-1463,EY51977,POS-3,FLT-1047,EY8397,5,Dubai Sandstorm + Hub Congestion + Multiple MEL Aircraft,A6-EYM,John,Khan,Purser,Purser,Senior,3,CABIN,SIN,Cabin,2028-10-03,2027-11-02,A350,FLIGHT,2026-01-23T20:37:00Z,2026-01-24T12:07:00Z,15.0,13.0,0.5,16,max_daily:10; max_weekly:60; max_monthly:100,N,10,CONFIRMED,COMPLIANT,N,,,0,,N,Y,7.0,4,95,2026-01-24 11:37:00,N
RST-1464,CREW-1464,EY60259,POS-4,FLT-1047,EY8397,5,Dubai Sandstorm + Hub Congestion + Multiple MEL Aircraft,A6-EYM,Mohammed,Rossi,Flight Attendant,Flight Attendant,Senior,4,CABIN,JFK,Cabin,2026-01-08,2027-03-12,A350,FLIGHT,2026-01-23T20:37:00Z,2026-01-24T12:07:00Z,15.0,13.0,0.5,16,max_daily:10; max_weekly:60; max_monthly:100,N,10,CONFIRMED,COMPLIANT,N,,,0,,N,Y,7.0,4,194,2026-01-24 11:37:00,N
RST-1465,CREW-1465,EY76721,POS-5,FLT-1047,EY8397,5,Dubai Sandstorm + Hub Congestion + Multiple MEL Aircraft,A6-EYM,Priya,Wang,Flight Attendant,Flight Attendant,Junior,5,CABIN,SYD,Cabin,2027-01-14,2027-05-25,A350,FLIGHT,2026-01-23T20:37:00Z,2026-01-24T12:07:00Z,15.0,13.0,0.5,16,max_daily:10; max_weekly:60; max_monthly:100,N,10,CONFIRMED,COMPLIANT,N,,,0,,N,Y,7.0,4,105,2026-01-24 11:37:00,N
RST-1466,CREW-1466,EY94470,POS-6,FLT-1047,EY8397,5,Dubai Sandstorm + Hub Congestion + Multiple MEL Aircraft,A6-EYM,Isabella,Singh,Flight Attendant,Flight Attendant,Junior,6,CABIN,SYD,Cabin,2027-06-09,2027-10-19,A350,FLIGHT,2026-01-23T20:37:00Z,2026-01-24T12:07:00Z,15.0,13.0,0.5,16,max_daily:10; max_weekly:60; max_monthly:100,N,10,CONFIRMED,COMPLIANT,N,,,0,,N,Y,7.0,4,128,2026-01-24 11:37:00,N
RST-1467,CREW-1467,EY18407,POS-7,FLT-1047,EY8397,5,Dubai Sandstorm + Hub Congestion + Multiple MEL Aircraft,A6-EYM,Robert,Williams,Flight Attendant,Flight Attendant,Senior,7,CABIN,SIN,Cabin,2026-02-19,2026-07-14,A350,FLIGHT,2026-01-23T20:37:00Z,2026-01-24T12:07:00Z,15.0,13.0,0.5,16,max_daily:10; max_weekly:60; max_monthly:100,N,10,CONFIRMED,COMPLIANT,N,,,0,,N,Y,7.0,4,141,2026-01-24 11:37:00,N
RST-1468,CREW-1468,EY37584,POS-8,FLT-1047,EY8397,5,Dubai Sandstorm + Hub Congestion + Multiple MEL Aircraft,A6-EYM,Mohammed,Smith,Flight Attendant,Flight Attendant,Junior,8,CABIN,SIN,Cabin,2028-12-08,2026-01-23,A350,FLIGHT,2026-01-23T20:37:00Z,2026-01-24T12:07:00Z,15.0,13.0,0.5,16,max_daily:10; max_weekly:60; max_monthly:100,N,10,CONFIRMED,COMPLIANT,N,,,0,,N,Y,7.0,4,56,2026-01-24 11:37:00,N
RST-1469,CREW-1469,EY41589,POS-9,FLT-1047,EY8397,5,Dubai Sandstorm + Hub Congestion + Multiple MEL Aircraft,A6-EYM,Olivia,Khan,Flight Attendant,Flight Attendant,Junior,9,CABIN,JFK,Cabin,2026-09-25,2026-08-21,A350,FLIGHT,2026-01-23T20:37:00Z,2026-01-24T12:07:00Z,15.0,13.0,0.5,16,max_daily:10; max_weekly:60; max_monthly:100,N,10,CONFIRMED,COMPLIANT,N,,,0,,N,Y,7.0,4,109,2026-01-24 11:37:00,N
RST-1470,CREW-1470,EY69306,POS-10,FLT-1047,EY8397,5,Dubai Sandstorm + Hub Congestion + Multiple MEL Aircraft,A6-EYM,Raj,Garcia,Flight Attendant,Flight Attendant,Junior,10,CABIN,SIN,Cabin,2026-05-23,2026-06-25,A350,FLIGHT,2026-01-23T20:37:00Z,2026-01-24T12:07:00Z,15.0,13.0,0.5,16,max_daily:10; max_weekly:60; max_monthly:100,N,10,CONFIRMED,COMPLIANT,N,,,0,,N,Y,7.0,4,197,2026-01-24 11:37:00,N
RST-1471,CREW-1471,EY72936,POS-11,FLT-1047,EY8397,5,Dubai Sandstorm + Hub Congestion + Multiple MEL Aircraft,A6-EYM,Ahmed,Tanaka,Flight Attendant,Flight Attendant,Junior,11,CABIN,AUH,Cabin,2026-08-17,2026-08-04,A350,FLIGHT,2026-01-23T20:37:00Z,2026-01-24T12:07:00Z,15.0,13.0,0.5,16,max_daily:10; max_weekly:60; max_monthly:100,N,10,CONFIRMED,COMPLIANT,N,,,0,,N,Y,7.0,4,111,2026-01-24 11:37:00,N
RST-1472,CREW-1472,EY15073,POS-12,FLT-1047,EY8397,5,Dubai Sandstorm + Hub Congestion + Multiple MEL Aircraft,A6-EYM,Robert,Mueller,Flight Attendant,Flight Attendant,Junior,12,CABIN,LHR,Cabin,2028-10-15,2026-09-01,A350,FLIGHT,2026-01-23T20:37:00Z,2026-01-24T12:07:00Z,15.0,13.0,0.5,16,max_daily:10; max_weekly:60; max_monthly:100,N,10,CONFIRMED,COMPLIANT,N,,,0,,N,Y,7.0,4,157,2026-01-24 11:37:00,N
RST-1473,CREW-1473,EY33011,POS-1,FLT-1048,EY4944,5,Dubai Sandstorm + Hub Congestion + Multiple MEL Aircraft,A6-EYN,Hassan,Kim,Captain,Captain,Junior,1,COCKPIT,AUH,ATPL,2028-08-26,2026-07-22,A321LR,FLIGHT,2026-01-23T04:42:00Z,2026-01-23T12:42:00Z,7.5,5.5,6.0,14,max_daily:10; max_weekly:60; max_monthly:100,N,10,CONFIRMED,COMPLIANT,N,,,0,,N,N,0.0,4,78,2026-01-23 12:12:00,N
RST-1474,CREW-1474,EY73244,POS-2,FLT-1048,EY4944,5,Dubai Sandstorm + Hub Congestion + Multiple MEL Aircraft,A6-EYN,Hiroshi,Brown,First Officer,First Officer,Junior,2,COCKPIT,SYD,ATPL,2028-04-25,2027-04-28,A321LR,FLIGHT,2026-01-23T04:42:00Z,2026-01-23T12:42:00Z,7.5,5.5,6.0,14,max_daily:10; max_weekly:60; max_monthly:100,N,10,CONFIRMED,COMPLIANT,N,,,0,,N,N,0.0,4,148,2026-01-23 12:12:00,N
RST-1475,CREW-1475,EY58498,POS-3,FLT-1048,EY4944,5,Dubai Sandstorm + Hub Congestion + Multiple MEL Aircraft,A6-EYN,Arjun,Garcia,Purser,Purser,Senior,3,CABIN,SYD,Cabin,2026-03-06,2027-07-01,A321LR,FLIGHT,2026-01-23T04:42:00Z,2026-01-23T12:42:00Z,7.5,5.5,8.0,16,max_daily:10; max_weekly:60; max_monthly:100,N,10,CONFIRMED,COMPLIANT,N,,,0,,N,N,0.0,4,105,2026-01-23 12:12:00,N
RST-1476,CREW-1476,EY42752,POS-4,FLT-1048,EY4944,5,Dubai Sandstorm + Hub Congestion + Multiple MEL Aircraft,A6-EYN,John,Singh,Flight Attendant,Flight Attendant,Junior,4,CABIN,LHR,Cabin,2026-04-03,2026-09-04,A321LR,FLIGHT,2026-01-23T04:42:00Z,2026-01-23T12:42:00Z,7.5,5.5,8.0,16,max_daily:10; max_weekly:60; max_monthly:100,N,10,CONFIRMED,COMPLIANT,N,,,0,,N,N,0.0,4,151,2026-01-23 12:12:00,N
RST-1477,CREW-1477,EY55495,POS-5,FLT-1048,EY4944,5,Dubai Sandstorm + Hub Congestion + Multiple MEL Aircraft,A6-EYN,Emma,Williams,Flight Attendant,Flight Attendant,Junior,5,CABIN,JFK,Cabin,2028-10-12,2026-10-07,A321LR,FLIGHT,2026-01-23T04:42:00Z,2026-01-23T12:42:00Z,7.5,5.5,8.0,16,max_daily:10; max_weekly:60; max_monthly:100,N,10,CONFIRMED,COMPLIANT,N,,,0,,N,N,0.0,4,110,2026-01-23 12:12:00,N
RST-1478,CREW-1478,EY17842,POS-6,FLT-1048,EY4944,5,Dubai Sandstorm + Hub Congestion + Multiple MEL Aircraft,A6-EYN,Arjun,Ferrari,Flight Attendant,Flight Attendant,Junior,6,CABIN,AUH,Cabin,2027-11-23,2027-10-17,A321LR,FLIGHT,2026-01-23T04:42:00Z,2026-01-23T12:42:00Z,7.5,5.5,8.0,16,max_daily:10; max_weekly:60; max_monthly:100,N,10,CONFIRMED,COMPLIANT,N,,,0,,N,N,0.0,4,165,2026-01-23 12:12:00,N
RST-1479,CREW-1479,EY55176,POS-1,FLT-1049,EY913,5,Dubai Sandstorm + Hub Congestion + Multiple MEL Aircraft,A6-EYA,Robert,Tanaka,Captain,Captain,Junior,1,COCKPIT,AUH,ATPL,2027-06-11,2027-04-13,A380,FLIGHT,2026-01-23T06:09:00Z,2026-01-23T17:39:00Z,11.0,9.0,2.5,14,max_daily:10; max_weekly:60; max_monthly:100,N,10,CONFIRMED,COMPLIANT,N,,,0,,N,N,3.0,4,64,2026-01-23 17:09:00,Y
RST-1480,CREW-1480,EY17779,POS-2,FLT-1049,EY913,5,Dubai Sandstorm + Hub Congestion + Multiple MEL Aircraft,A6-EYA,David,Mueller,First Officer,First Officer,Senior,2,COCKPIT,AUH,ATPL,2026-01-02,2027-12-24,A380,FLIGHT,2026-01-23T06:09:00Z,2026-01-23T17:39:00Z,11.0,9.0,2.5,14,max_daily:10; max_weekly:60; max_monthly:100,N,10,CONFIRMED,COMPLIANT,N,,,0,,N,N,3.0,4,165,2026-01-23 17:09:00,Y
RST-1481,CREW-1481,EY28972,POS-3,FLT-1049,EY913,5,Dubai Sandstorm + Hub Congestion + Multiple MEL Aircraft,A6-EYA,Ahmed,Garcia,Purser,Purser,Junior,3,CABIN,SIN,Cabin,2028-11-24,2026-08-26,A380,FLIGHT,2026-01-23T06:09:00Z,2026-01-23T17:39:00Z,11.0,9.0,4.5,16,max_daily:10; max_weekly:60; max_monthly:100,N,10,CONFIRMED,COMPLIANT,N,,,0,,N,N,3.0,4,152,2026-01-23 17:09:00,Y
RST-1482,CREW-1482,EY17953,POS-4,FLT-1049,EY913,5,Dubai Sandstorm + Hub Congestion + Multiple MEL Aircraft,A6-EYA,Olivia,Williams,Flight Attendant,Flight Attendant,Junior,4,CABIN,SYD,Cabin,2028-05-13,2027-07-01,A380,FLIGHT,2026-01-23T06:09:00Z,2026-01-23T17:39:00Z,11.0,9.0,4.5,16,max_daily:10; max_weekly:60; max_monthly:100,N,10,CONFIRMED,COMPLIANT,N,,,0,,N,N,3.0,4,180,2026-01-23 17:09:00,Y
RST-1483,CREW-1483,EY85756,POS-5,FLT-1049,EY913,5,Dubai Sandstorm + Hub Congestion + Multiple MEL Aircraft,A6-EYA,Mei,Chen,Flight Attendant,Flight Attendant,Junior,5,CABIN,SIN,Cabin,2026-04-10,2027-11-18,A380,FLIGHT,2026-01-23T06:09:00Z,2026-01-23T17:39:00Z,11.0,9.0,4.5,16,max_daily:10; max_weekly:60; max_monthly:100,N,10,CONFIRMED,COMPLIANT,N,,,0,,N,N,3.0,4,159,2026-01-23 17:09:00,Y
RST-1484,CREW-1484,EY87762,POS-6,FLT-1049,EY913,5,Dubai Sandstorm + Hub Congestion + Multiple MEL Aircraft,A6-EYA,Fatima,Williams,Flight Attendant,Flight Attendant,Junior,6,CABIN,JFK,Cabin,2028-03-01,2026-11-14,A380,FLIGHT,2026-01-23T06:09:00Z,2026-01-23T17:39:00Z,11.0,9.0,4.5,16,max_daily:10; max_weekly:60; max_monthly:100,N,10,CONFIRMED,COMPLIANT,N,,,0,,N,N,3.0,4,190,2026-01-23 17:09:00,Y
RST-1485,CREW-1485,EY79779,POS-7,FLT-1049,EY913,5,Dubai Sandstorm + Hub Congestion + Multiple MEL Aircraft,A6-EYA,Maria,Mueller,Flight Attendant,Flight Attendant,Junior,7,CABIN,SYD,Cabin,2026-09-16,2027-04-27,A380,FLIGHT,2026-01-23T06:09:00Z,2026-01-23T17:39:00Z,11.0,9.0,4.5,16,max_daily:10; max_weekly:60; max_monthly:100,N,10,CONFIRMED,COMPLIANT,N,,,0,,N,N,3.0,4,55,2026-01-23 17:09:00,Y
RST-1486,CREW-1486,EY11881,POS-8,FLT-1049,EY913,5,Dubai Sandstorm + Hub Congestion + Multiple MEL Aircraft,A6-EYA,Yuki,Lee,Flight Attendant,Flight Attendant,Senior,8,CABIN,LHR,Cabin,2028-08-21,2026-07-11,A380,FLIGHT,2026-01-23T06:09:00Z,2026-01-23T17:39:00Z,11.0,9.0,4.5,16,max_daily:10; max_weekly:60; max_monthly:100,N,10,CONFIRMED,COMPLIANT,N,,,0,,N,N,3.0,4,60,2026-01-23 17:09:00,Y
RST-1487,CREW-1487,EY12661,POS-9,FLT-1049,EY913,5,Dubai Sandstorm + Hub Congestion + Multiple MEL Aircraft,A6-EYA,Mei,Kim,Flight Attendant,Flight Attendant,Senior,9,CABIN,LHR,Cabin,2026-09-16,2026-07-21,A380,FLIGHT,2026-01-23T06:09:00Z,2026-01-23T17:39:00Z,11.0,9.0,4.5,16,max_daily:10; max_weekly:60; max_monthly:100,N,10,CONFIRMED,COMPLIANT,N,,,0,,N,N,3.0,4,85,2026-01-23 17:09:00,Y
RST-1488,CREW-1488,EY13206,POS-10,FLT-1049,EY913,5,Dubai Sandstorm + Hub Congestion + Multiple MEL Aircraft,A6-EYA,Mohammed,Patel,Flight Attendant,Flight Attendant,Senior,10,CABIN,SYD,Cabin,2027-02-05,2026-08-22,A380,FLIGHT,2026-01-23T06:09:00Z,2026-01-23T17:39:00Z,11.0,9.0,4.5,16,max_daily:10; max_weekly:60; max_monthly:100,N,10,CONFIRMED,COMPLIANT,N,,,0,,N,N,3.0,4,119,2026-01-23 17:09:00,Y
RST-1489,CREW-1489,EY48105,POS-11,FLT-1049,EY913,5,Dubai Sandstorm + Hub Congestion + Multiple MEL Aircraft,A6-EYA,Hassan,Lee,Flight Attendant,Flight Attendant,Junior,11,CABIN,SIN,Cabin,2028-07-27,2026-07-21,A380,FLIGHT,2026-01-23T06:09:00Z,2026-01-23T17:39:00Z,11.0,9.0,4.5,16,max_daily:10; max_weekly:60; max_monthly:100,N,10,CONFIRMED,COMPLIANT,N,,,0,,N,N,3.0,4,63,2026-01-23 17:09:00,Y
RST-1490,CREW-1490,EY37249,POS-12,FLT-1049,EY913,5,Dubai Sandstorm + Hub Congestion + Multiple MEL Aircraft,A6-EYA,Isabella,Al-Rashid,Flight Attendant,Flight Attendant,Junior,12,CABIN,LHR,Cabin,2026-06-06,2027-11-27,A380,FLIGHT,2026-01-23T06:09:00Z,2026-01-23T17:39:00Z,11.0,9.0,4.5,16,max_daily:10; max_weekly:60; max_monthly:100,N,10,CONFIRMED,COMPLIANT,N,,,0,,N,N,3.0,4,190,2026-01-23 17:09:00,Y
RST-1491,CREW-1491,EY67631,POS-13,FLT-1049,EY913,5,Dubai Sandstorm + Hub Congestion + Multiple MEL Aircraft,A6-EYA,John,Rossi,Flight Attendant,Flight Attendant,Senior,13,CABIN,JFK,Cabin,2027-05-15,2026-02-22,A380,FLIGHT,2026-01-23T06:09:00Z,2026-01-23T17:39:00Z,11.0,9.0,4.5,16,max_daily:10; max_weekly:60; max_monthly:100,N,10,CONFIRMED,COMPLIANT,N,,,0,,N,N,3.0,4,195,2026-01-23 17:09:00,Y
RST-1492,CREW-1492,EY71616,POS-14,FLT-1049,EY913,5,Dubai Sandstorm + Hub Congestion + Multiple MEL Aircraft,A6-EYA,Olivia,Tanaka,Flight Attendant,Flight Attendant,Junior,14,CABIN,JFK,Cabin,2026-04-05,2027-12-22,A380,FLIGHT,2026-01-23T06:09:00Z,2026-01-23T17:39:00Z,11.0,9.0,4.5,16,max_daily:10; max_weekly:60; max_monthly:100,N,10,CONFIRMED,COMPLIANT,N,,,0,,N,N,3.0,4,78,2026-01-23 17:09:00,Y
RST-1493,CREW-1493,EY18126,POS-15,FLT-1049,EY913,5,Dubai Sandstorm + Hub Congestion + Multiple MEL Aircraft,A6-EYA,Ananya,Ferrari,Flight Attendant,Flight Attendant,Senior,15,CABIN,AUH,Cabin,2027-11-12,2027-09-20,A380,FLIGHT,2026-01-23T06:09:00Z,2026-01-23T17:39:00Z,11.0,9.0,4.5,16,max_daily:10; max_weekly:60; max_monthly:100,N,10,CONFIRMED,COMPLIANT,N,,,0,,N,N,3.0,4,68,2026-01-23 17:09:00,Y
RST-1494,CREW-1494,EY47914,POS-16,FLT-1049,EY913,5,Dubai Sandstorm + Hub Congestion + Multiple MEL Aircraft,A6-EYA,Yuki,Schmidt,Flight Attendant,Flight Attendant,Junior,16,CABIN,SYD,Cabin,2026-05-04,2027-04-21,A380,FLIGHT,2026-01-23T06:09:00Z,2026-01-23T17:39:00Z,11.0,9.0,4.5,16,max_daily:10; max_weekly:60; max_monthly:100,N,10,CONFIRMED,COMPLIANT,N,,,0,,N,N,3.0,4,59,2026-01-23 17:09:00,Y
RST-1495,CREW-1495,EY65476,POS-1,FLT-1050,EY433,5,Dubai Sandstorm + Hub Congestion + Multiple MEL Aircraft,A6-EYF,James,Smith,Captain,Captain,Junior,1,COCKPIT,JFK,ATPL,2027-11-04,2026-11-21,B787-10,FLIGHT,2026-01-23T08:01:00Z,2026-01-23T18:01:00Z,9.5,7.5,4.0,14,max_daily:10; max_weekly:60; max_monthly:100,N,10,CONFIRMED,COMPLIANT,N,,,0,,N,N,1.5,4,190,2026-01-23 17:31:00,Y
RST-1496,CREW-1496,EY38072,POS-2,FLT-1050,EY433,5,Dubai Sandstorm + Hub Congestion + Multiple MEL Aircraft,A6-EYF,Maryam,Williams,First Officer,First Officer,Junior,2,COCKPIT,SYD,ATPL,2028-08-10,2026-10-20,B787-10,FLIGHT,2026-01-23T08:01:00Z,2026-01-23T18:01:00Z,9.5,7.5,4.0,14,max_daily:10; max_weekly:60; max_monthly:100,N,10,CONFIRMED,COMPLIANT,N,,,0,,N,N,1.5,4,59,2026-01-23 17:31:00,Y
RST-1497,CREW-1497,EY98149,POS-3,FLT-1050,EY433,5,Dubai Sandstorm + Hub Congestion + Multiple MEL Aircraft,A6-EYF,Aisha,Tanaka,Purser,Purser,Junior,3,CABIN,LHR,Cabin,2027-12-14,2027-11-21,B787-10,FLIGHT,2026-01-23T08:01:00Z,2026-01-23T18:01:00Z,9.5,7.5,6.0,16,max_daily:10; max_weekly:60; max_monthly:100,N,10,CONFIRMED,COMPLIANT,N,,,0,,N,N,1.5,4,70,2026-01-23 17:31:00,Y
RST-1498,CREW-1498,EY41205,POS-4,FLT-1050,EY433,5,Dubai Sandstorm + Hub Congestion + Multiple MEL Aircraft,A6-EYF,Michael,Khan,Flight Attendant,Flight Attendant,Senior,4,CABIN,SIN,Cabin,2026-05-10,2027-04-19,B787-10,FLIGHT,2026-01-23T08:01:00Z,2026-01-23T18:01:00Z,9.5,7.5,6.0,16,max_daily:10; max_weekly:60; max_monthly:100,N,10,CONFIRMED,COMPLIANT,N,,,0,,N,N,1.5,4,160,2026-01-23 17:31:00,Y
RST-1499,CREW-1499,EY71180,POS-5,FLT-1050,EY433,5,Dubai Sandstorm + Hub Congestion + Multiple MEL Aircraft,A6-EYF,Aisha,Williams,Flight Attendant,Flight Attendant,Junior,5,CABIN,AUH,Cabin,2026-02-28,2026-06-09,B787-10,FLIGHT,2026-01-23T08:01:00Z,2026-01-23T18:01:00Z,9.5,7.5,6.0,16,max_daily:10; max_weekly:60; max_monthly:100,N,10,CONFIRMED,COMPLIANT,N,,,0,,N,N,1.5,4,165,2026-01-23 17:31:00,Y
RST-1500,CREW-1500,EY71534,POS-6,FLT-1050,EY433,5,Dubai Sandstorm + Hub Congestion + Multiple MEL Aircraft,A6-EYF,Yuki,Johnson,Flight Attendant,Flight Attendant,Junior,6,CABIN,SYD,Cabin,2028-06-20,2027-06-16,B787-10,FLIGHT,2026-01-23T08:01:00Z,2026-01-23T18:01:00Z,9.5,7.5,6.0,16,max_daily:10; max_weekly:60; max_monthly:100,N,10,CONFIRMED,COMPLIANT,N,,,0,,N,N,1.5,4,97,2026-01-23 17:31:00,Y
RST-1501,CREW-1501,EY72035,POS-7,FLT-1050,EY433,5,Dubai Sandstorm + Hub Congestion + Multiple MEL Aircraft,A6-EYF,Sophia,Brown,Flight Attendant,Flight Attendant,Junior,7,CABIN,SYD,Cabin,2028-05-09,2027-03-24,B787-10,FLIGHT,2026-01-23T08:01:00Z,2026-01-23T18:01:00Z,9.5,7.5,6.0,16,max_daily:10; max_weekly:60; max_monthly:100,N,10,CONFIRMED,COMPLIANT,N,,,0,,N,N,1.5,4,133,2026-01-23 17:31:00,Y
RST-1502,CREW-1502,EY94568,POS-8,FLT-1050,EY433,5,Dubai Sandstorm + Hub Congestion + Multiple MEL Aircraft,A6-EYF,James,Al-Rashid,Flight Attendant,Flight Attendant,Junior,8,CABIN,SIN,Cabin,2028-09-19,2027-03-21,B787-10,FLIGHT,2026-01-23T08:01:00Z,2026-01-23T18:01:00Z,9.5,7.5,6.0,16,max_daily:10; max_weekly:60; max_monthly:100,N,10,CONFIRMED,COMPLIANT,N,,,0,,N,N,1.5,4,108,2026-01-23 17:31:00,Y
RST-1503,CREW-1503,EY70300,POS-9,FLT-1050,EY433,5,Dubai Sandstorm + Hub Congestion + Multiple MEL Aircraft,A6-EYF,Robert,Smith,Flight Attendant,Flight Attendant,Junior,9,CABIN,LHR,Cabin,2026-02-08,2027-08-28,B787-10,FLIGHT,2026-01-23T08:01:00Z,2026-01-23T18:01:00Z,9.5,7.5,6.0,16,max_daily:10; max_weekly:60; max_monthly:100,N,10,CONFIRMED,COMPLIANT,N,,,0,,N,N,1.5,4,51,2026-01-23 17:31:00,Y
RST-1504,CREW-1504,EY51088,POS-10,FLT-1050,EY433,5,Dubai Sandstorm + Hub Congestion + Multiple MEL Aircraft,A6-EYF,Michael,Rossi,Flight Attendant,Flight Attendant,Junior,10,CABIN,SIN,Cabin,2028-03-01,2027-05-02,B787-10,FLIGHT,2026-01-23T08:01:00Z,2026-01-23T18:01:00Z,9.5,7.5,6.0,16,max_daily:10; max_weekly:60; max_monthly:100,N,10,CONFIRMED,COMPLIANT,N,,,0,,N,N,1.5,4,110,2026-01-23 17:31:00,Y
RST-1505,CREW-1505,EY39289,POS-1,FLT-1051,EY1203,5,Dubai Sandstorm + Hub Congestion + Multiple MEL Aircraft,A6-EYH,Sophia,Ferrari,Captain,Captain,Junior,1,COCKPIT,SYD,ATPL,2027-06-09,2026-10-15,B787-10,FLIGHT,2026-01-23T10:51:00Z,2026-01-24T05:21:00Z,18.0,16.0,-4.5,14,max_daily:10; max_weekly:60; max_monthly:100,Y,12,CONFIRMED,WARNING,N,,,0,,N,Y,10.0,4,50,2026-01-24 04:51:00,Y
RST-1506,CREW-1506,EY57365,POS-2,FLT-1051,EY1203,5,Dubai Sandstorm + Hub Congestion + Multiple MEL Aircraft,A6-EYH,Arjun,Yamamoto,First Officer,First Officer,Junior,2,COCKPIT,SIN,ATPL,2026-11-16,2026-03-15,B787-10,FLIGHT,2026-01-23T10:51:00Z,2026-01-24T05:21:00Z,18.0,16.0,-4.5,14,max_daily:10; max_weekly:60; max_monthly:100,Y,12,CONFIRMED,WARNING,N,,,0,,N,Y,10.0,4,125,2026-01-24 04:51:00,Y
RST-1507,CREW-1507,EY77827,POS-3,FLT-1051,EY1203,5,Dubai Sandstorm + Hub Congestion + Multiple MEL Aircraft,A6-EYH,Omar,Kim,Purser,Purser,Senior,3,CABIN,LHR,Cabin,2027-10-27,2027-06-16,B787-10,FLIGHT,2026-01-23T10:51:00Z,2026-01-24T05:21:00Z,18.0,16.0,-2.5,16,max_daily:10; max_weekly:60; max_monthly:100,Y,12,CONFIRMED,WARNING,N,,,0,,N,Y,10.0,4,106,2026-01-24 04:51:00,Y
RST-1508,CREW-1508,EY84217,POS-4,FLT-1051,EY1203,5,Dubai Sandstorm + Hub Congestion + Multiple MEL Aircraft,A6-EYH,Sara,Schmidt,Flight Attendant,Flight Attendant,Junior,4,CABIN,AUH,Cabin,2028-11-12,2027-01-19,B787-10,FLIGHT,2026-01-23T10:51:00Z,2026-01-24T05:21:00Z,18.0,16.0,-2.5,16,max_daily:10; max_weekly:60; max_monthly:100,Y,12,CONFIRMED,WARNING,N,,,0,,N,Y,10.0,4,78,2026-01-24 04:51:00,Y
RST-1509,CREW-1509,EY85531,POS-5,FLT-1051,EY1203,5,Dubai Sandstorm + Hub Congestion + Multiple MEL Aircraft,A6-EYH,Ananya,Brown,Flight Attendant,Flight Attendant,Junior,5,CABIN,JFK,Cabin,2027-05-10,2026-04-02,B787-10,FLIGHT,2026-01-23T10:51:00Z,2026-01-24T05:21:00Z,18.0,16.0,-2.5,16,max_daily:10; max_weekly:60; max_monthly:100,Y,12,CONFIRMED,WARNING,N,,,0,,N,Y,10.0,4,172,2026-01-24 04:51:00,Y
RST-1510,CREW-1510,EY39896,POS-6,FLT-1051,EY1203,5,Dubai Sandstorm + Hub Congestion + Multiple MEL Aircraft,A6-EYH,Isabella,Ferrari,Flight Attendant,Flight Attendant,Junior,6,CABIN,LHR,Cabin,2027-11-24,2027-12-24,B787-10,FLIGHT,2026-01-23T10:51:00Z,2026-01-24T05:21:00Z,18.0,16.0,-2.5,16,max_daily:10; max_weekly:60; max_monthly:100,Y,12,CONFIRMED,WARNING,N,,,0,,N,Y,10.0,4,135,2026-01-24 04:51:00,Y
RST-1511,CREW-1511,EY27592,POS-7,FLT-1051,EY1203,5,Dubai Sandstorm + Hub Congestion + Multiple MEL Aircraft,A6-EYH,Robert,Martinez,Flight Attendant,Flight Attendant,Junior,7,CABIN,JFK,Cabin,2027-07-25,2027-06-16,B787-10,FLIGHT,2026-01-23T10:51:00Z,2026-01-24T05:21:00Z,18.0,16.0,-2.5,16,max_daily:10; max_weekly:60; max_monthly:100,Y,12,CONFIRMED,WARNING,N,,,0,,N,Y,10.0,4,86,2026-01-24 04:51:00,Y
RST-1512,CREW-1512,EY61168,POS-8,FLT-1051,EY1203,5,Dubai Sandstorm + Hub Congestion + Multiple MEL Aircraft,A6-EYH,Mei,Chen,Flight Attendant,Flight Attendant,Junior,8,CABIN,AUH,Cabin,2026-05-09,2026-10-06,B787-10,FLIGHT,2026-01-23T10:51:00Z,2026-01-24T05:21:00Z,18.0,16.0,-2.5,16,max_daily:10; max_weekly:60; max_monthly:100,Y,12,CONFIRMED,WARNING,N,,,0,,N,Y,10.0,4,153,2026-01-24 04:51:00,Y
RST-1513,CREW-1513,EY29695,POS-9,FLT-1051,EY1203,5,Dubai Sandstorm + Hub Congestion + Multiple MEL Aircraft,A6-EYH,Mei,Brown,Flight Attendant,Flight Attendant,Senior,9,CABIN,SYD,Cabin,2027-11-02,2026-05-24,B787-10,FLIGHT,2026-01-23T10:51:00Z,2026-01-24T05:21:00Z,18.0,16.0,-2.5,16,max_daily:10; max_weekly:60; max_monthly:100,Y,12,CONFIRMED,WARNING,N,,,0,,N,Y,10.0,4,104,2026-01-24 04:51:00,Y
RST-1514,CREW-1514,EY66395,POS-10,FLT-1051,EY1203,5,Dubai Sandstorm + Hub Congestion + Multiple MEL Aircraft,A6-EYH,Robert,Lee,Flight Attendant,Flight Attendant,Junior,10,CABIN,LHR,Cabin,2026-06-05,2027-10-16,B787-10,FLIGHT,2026-01-23T10:51:00Z,2026-01-24T05:21:00Z,18.0,16.0,-2.5,16,max_daily:10; max_weekly:60; max_monthly:100,Y,12,CONFIRMED,WARNING,N,,,0,,N,Y,10.0,4,68,2026-01-24 04:51:00,Y
RST-1515,CREW-1515,EY22303,POS-1,FLT-1052,EY171,5,Dubai Sandstorm + Hub Congestion + Multiple MEL Aircraft,A6-EYQ,Hassan,Smith,Captain,Captain,Junior,1,COCKPIT,JFK,ATPL,2026-01-07,2027-05-09,A320,FLIGHT,2026-01-23T12:50:00Z,2026-01-24T07:20:00Z,18.0,16.0,-4.5,14,max_daily:10; max_weekly:60; max_monthly:100,Y,12,CONFIRMED,WARNING,N,,,0,,N,Y,10.0,4,168,2026-01-24 06:50:00,N
RST-1516,CREW-1516,EY68788,POS-2,FLT-1052,EY171,5,Dubai Sandstorm + Hub Congestion + Multiple MEL Aircraft,A6-EYQ,Aisha,Kim,First Officer,First Officer,Junior,2,COCKPIT,JFK,ATPL,2028-07-02,2026-09-14,A320,FLIGHT,2026-01-23T12:50:00Z,2026-01-24T07:20:00Z,18.0,16.0,-4.5,14,max_daily:10; max_weekly:60; max_monthly:100,Y,12,CONFIRMED,WARNING,N,,,0,,N,Y,10.0,4,171,2026-01-24 06:50:00,N
RST-1517,CREW-1517,EY52521,POS-3,FLT-1052,EY171,5,Dubai Sandstorm + Hub Congestion + Multiple MEL Aircraft,A6-EYQ,Yuki,Rossi,Purser,Purser,Junior,3,CABIN,AUH,Cabin,2026-09-13,2026-05-01,A320,FLIGHT,2026-01-23T12:50:00Z,2026-01-24T07:20:00Z,18.0,16.0,-2.5,16,max_daily:10; max_weekly:60; max_monthly:100,Y,12,CONFIRMED,WARNING,N,,,0,,N,Y,10.0,4,81,2026-01-24 06:50:00,N
RST-1518,CREW-1518,EY14897,POS-4,FLT-1052,EY171,5,Dubai Sandstorm + Hub Congestion + Multiple MEL Aircraft,A6-EYQ,Wei,Brown,Flight Attendant,Flight Attendant,Junior,4,CABIN,JFK,Cabin,2027-01-23,2027-05-25,A320,FLIGHT,2026-01-23T12:50:00Z,2026-01-24T07:20:00Z,18.0,16.0,-2.5,16,max_daily:10; max_weekly:60; max_monthly:100,Y,12,CONFIRMED,WARNING,N,,,0,,N,Y,10.0,4,164,2026-01-24 06:50:00,N
RST-1519,CREW-1519,EY24446,POS-1,FLT-1053,EY7151,6,Multiple Aircraft AOG + Engine Failure Cascade,A6-EYD,Priya,Khan,Captain,Captain,Junior,1,COCKPIT,AUH,ATPL,2027-02-26,2027-11-07,B777X,FLIGHT,2026-01-24T04:46:00Z,2026-01-24T23:16:00Z,18.0,16.0,-4.5,14,max_daily:10; max_weekly:60; max_monthly:100,Y,12,CONFIRMED,WARNING,N,,,0,,N,Y,10.0,4,112,2026-01-24 22:46:00,Y
RST-1520,CREW-1520,EY95455,POS-2,FLT-1053,EY7151,6,Multiple Aircraft AOG + Engine Failure Cascade,A6-EYD,Hassan,Kim,First Officer,First Officer,Senior,2,COCKPIT,SYD,ATPL,2027-08-08,2026-01-27,B777X,FLIGHT,2026-01-24T04:46:00Z,2026-01-24T23:16:00Z,18.0,16.0,-4.5,14,max_daily:10; max_weekly:60; max_monthly:100,Y,12,CONFIRMED,WARNING,N,,,0,,N,Y,10.0,4,135,2026-01-24 22:46:00,Y
RST-1521,CREW-1521,EY88091,POS-3,FLT-1053,EY7151,6,Multiple Aircraft AOG + Engine Failure Cascade,A6-EYD,Maria,Smith,Purser,Purser,Junior,3,CABIN,LHR,Cabin,2026-03-11,2027-03-13,B777X,FLIGHT,2026-01-24T04:46:00Z,2026-01-24T23:16:00Z,18.0,16.0,-2.5,16,max_daily:10; max_weekly:60; max_monthly:100,Y,12,CONFIRMED,WARNING,N,,,0,,N,Y,10.0,4,188,2026-01-24 22:46:00,Y
RST-1522,CREW-1522,EY18221,POS-4,FLT-1053,EY7151,6,Multiple Aircraft AOG + Engine Failure Cascade,A6-EYD,Isabella,Mueller,Flight Attendant,Flight Attendant,Senior,4,CABIN,SYD,Cabin,2028-06-10,2027-05-20,B777X,FLIGHT,2026-01-24T04:46:00Z,2026-01-24T23:16:00Z,18.0,16.0,-2.5,16,max_daily:10; max_weekly:60; max_monthly:100,Y,12,CONFIRMED,WARNING,N,,,0,,N,Y,10.0,4,87,2026-01-24 22:46:00,Y
RST-1523,CREW-1523,EY71396,POS-5,FLT-1053,EY7151,6,Multiple Aircraft AOG + Engine Failure Cascade,A6-EYD,Maria,Wang,Flight Attendant,Flight Attendant,Junior,5,CABIN,SIN,Cabin,2026-12-01,2026-01-03,B777X,FLIGHT,2026-01-24T04:46:00Z,2026-01-24T23:16:00Z,18.0,16.0,-2.5,16,max_daily:10; max_weekly:60; max_monthly:100,Y,12,CONFIRMED,WARNING,N,,,0,,N,Y,10.0,4,140,2026-01-24 22:46:00,Y
RST-1524,CREW-1524,EY40357,POS-6,FLT-1053,EY7151,6,Multiple Aircraft AOG + Engine Failure Cascade,A6-EYD,Maria,Wang,Flight Attendant,Flight Attendant,Junior,6,CABIN,SYD,Cabin,2027-03-14,2026-08-24,B777X,FLIGHT,2026-01-24T04:46:00Z,2026-01-24T23:16:00Z,18.0,16.0,-2.5,16,max_daily:10; max_weekly:60; max_monthly:100,Y,12,CONFIRMED,WARNING,N,,,0,,N,Y,10.0,4,198,2026-01-24 22:46:00,Y
RST-1525,CREW-1525,EY73434,POS-7,FLT-1053,EY7151,6,Multiple Aircraft AOG + Engine Failure Cascade,A6-EYD,Mohammed,Williams,Flight Attendant,Flight Attendant,Junior,7,CABIN,SYD,Cabin,2028-05-24,2026-12-13,B777X,FLIGHT,2026-01-24T04:46:00Z,2026-01-24T23:16:00Z,18.0,16.0,-2.5,16,max_daily:10; max_weekly:60; max_monthly:100,Y,12,CONFIRMED,WARNING,N,,,0,,N,Y,10.0,4,149,2026-01-24 22:46:00,Y
RST-1526,CREW-1526,EY36523,POS-8,FLT-1053,EY7151,6,Multiple Aircraft AOG + Engine Failure Cascade,A6-EYD,Ahmed,Yamamoto,Flight Attendant,Flight Attendant,Junior,8,CABIN,SIN,Cabin,2027-04-10,2026-11-17,B777X,FLIGHT,2026-01-24T04:46:00Z,2026-01-24T23:16:00Z,18.0,16.0,-2.5,16,max_daily:10; max_weekly:60; max_monthly:100,Y,12,CONFIRMED,WARNING,N,,,0,,N,Y,10.0,4,83,2026-01-24 22:46:00,Y
RST-1527,CREW-1527,EY60595,POS-9,FLT-1053,EY7151,6,Multiple Aircraft AOG + Engine Failure Cascade,A6-EYD,Ahmed,Al-Rashid,Flight Attendant,Flight Attendant,Junior,9,CABIN,LHR,Cabin,2027-07-05,2027-09-27,B777X,FLIGHT,2026-01-24T04:46:00Z,2026-01-24T23:16:00Z,18.0,16.0,-2.5,16,max_daily:10; max_weekly:60; max_monthly:100,Y,12,CONFIRMED,WARNING,N,,,0,,N,Y,10.0,4,127,2026-01-24 22:46:00,Y
RST-1528,CREW-1528,EY92027,POS-10,FLT-1053,EY7151,6,Multiple Aircraft AOG + Engine Failure Cascade,A6-EYD,Carlos,Ferrari,Flight Attendant,Flight Attendant,Senior,10,CABIN,JFK,Cabin,2026-04-22,2027-12-19,B777X,FLIGHT,2026-01-24T04:46:00Z,2026-01-24T23:16:00Z,18.0,16.0,-2.5,16,max_daily:10; max_weekly:60; max_monthly:100,Y,12,CONFIRMED,WARNING,N,,,0,,N,Y,10.0,4,160,2026-01-24 22:46:00,Y
RST-1529,CREW-1529,EY40093,POS-11,FLT-1053,EY7151,6,Multiple Aircraft AOG + Engine Failure Cascade,A6-EYD,Emma,Singh,Flight Attendant,Flight Attendant,Senior,11,CABIN,SYD,Cabin,2027-01-24,2026-09-14,B777X,FLIGHT,2026-01-24T04:46:00Z,2026-01-24T23:16:00Z,18.0,16.0,-2.5,16,max_daily:10; max_weekly:60; max_monthly:100,Y,12,CONFIRMED,WARNING,N,,,0,,N,Y,10.0,4,144,2026-01-24 22:46:00,Y
RST-1530,CREW-1530,EY56572,POS-12,FLT-1053,EY7151,6,Multiple Aircraft AOG + Engine Failure Cascade,A6-EYD,Omar,Al-Rashid,Flight Attendant,Flight Attendant,Junior,12,CABIN,LHR,Cabin,2026-06-08,2026-09-16,B777X,FLIGHT,2026-01-24T04:46:00Z,2026-01-24T23:16:00Z,18.0,16.0,-2.5,16,max_daily:10; max_weekly:60; max_monthly:100,Y,12,CONFIRMED,WARNING,N,,,0,,N,Y,10.0,4,167,2026-01-24 22:46:00,Y
RST-1531,CREW-1531,EY79558,POS-13,FLT-1053,EY7151,6,Multiple Aircraft AOG + Engine Failure Cascade,A6-EYD,Hiroshi,Al-Rashid,Flight Attendant,Flight Attendant,Junior,13,CABIN,LHR,Cabin,2027-10-22,2026-07-01,B777X,FLIGHT,2026-01-24T04:46:00Z,2026-01-24T23:16:00Z,18.0,16.0,-2.5,16,max_daily:10; max_weekly:60; max_monthly:100,Y,12,CONFIRMED,WARNING,N,,,0,,N,Y,10.0,4,80,2026-01-24 22:46:00,Y
RST-1532,CREW-1532,EY95282,POS-14,FLT-1053,EY7151,6,Multiple Aircraft AOG + Engine Failure Cascade,A6-EYD,Layla,Lee,Flight Attendant,Flight Attendant,Junior,14,CABIN,LHR,Cabin,2026-02-06,2026-05-23,B777X,FLIGHT,2026-01-24T04:46:00Z,2026-01-24T23:16:00Z,18.0,16.0,-2.5,16,max_daily:10; max_weekly:60; max_monthly:100,Y,12,CONFIRMED,WARNING,N,,,0,,N,Y,10.0,4,162,2026-01-24 22:46:00,Y
RST-1533,CREW-1533,EY98610,POS-1,FLT-1054,EY3102,6,Multiple Aircraft AOG + Engine Failure Cascade,A6-EYE,Yuki,Rossi,Captain,Captain,Junior,1,COCKPIT,JFK,ATPL,2028-04-22,2027-09-25,B777X,FLIGHT,2026-01-24T06:12:00Z,2026-01-24T23:42:00Z,17.0,15.0,-3.5,14,max_daily:10; max_weekly:60; max_monthly:100,Y,12,CONFIRMED,WARNING,N,,,0,,N,Y,9.0,4,101,2026-01-24 23:12:00,Y
RST-1534,CREW-1534,EY97703,POS-2,FLT-1054,EY3102,6,Multiple Aircraft AOG + Engine Failure Cascade,A6-EYE,Sara,Khan,First Officer,First Officer,Junior,2,COCKPIT,JFK,ATPL,2027-10-06,2026-05-22,B777X,FLIGHT,2026-01-24T06:12:00Z,2026-01-24T23:42:00Z,17.0,15.0,-3.5,14,max_daily:10; max_weekly:60; max_monthly:100,Y,12,CONFIRMED,WARNING,N,,,0,,N,Y,9.0,4,165,2026-01-24 23:12:00,Y
RST-1535,CREW-1535,EY39582,POS-3,FLT-1054,EY3102,6,Multiple Aircraft AOG + Engine Failure Cascade,A6-EYE,Layla,Martinez,Purser,Purser,Junior,3,CABIN,SYD,Cabin,2028-08-15,2026-09-04,B777X,FLIGHT,2026-01-24T06:12:00Z,2026-01-24T23:42:00Z,17.0,15.0,-1.5,16,max_daily:10; max_weekly:60; max_monthly:100,Y,12,CONFIRMED,WARNING,N,,,0,,N,Y,9.0,4,100,2026-01-24 23:12:00,Y
RST-1536,CREW-1536,EY35945,POS-4,FLT-1054,EY3102,6,Multiple Aircraft AOG + Engine Failure Cascade,A6-EYE,Michael,Tanaka,Flight Attendant,Flight Attendant,Junior,4,CABIN,JFK,Cabin,2026-02-27,2026-12-07,B777X,FLIGHT,2026-01-24T06:12:00Z,2026-01-24T23:42:00Z,17.0,15.0,-1.5,16,max_daily:10; max_weekly:60; max_monthly:100,Y,12,CONFIRMED,WARNING,N,,,0,,N,Y,9.0,4,125,2026-01-24 23:12:00,Y
RST-1537,CREW-1537,EY72526,POS-5,FLT-1054,EY3102,6,Multiple Aircraft AOG + Engine Failure Cascade,A6-EYE,Robert,Yamamoto,Flight Attendant,Flight Attendant,Junior,5,CABIN,JFK,Cabin,2028-07-18,2026-01-15,B777X,FLIGHT,2026-01-24T06:12:00Z,2026-01-24T23:42:00Z,17.0,15.0,-1.5,16,max_daily:10; max_weekly:60; max_monthly:100,Y,12,CONFIRMED,WARNING,N,,,0,,N,Y,9.0,4,124,2026-01-24 23:12:00,Y
RST-1538,CREW-1538,EY34559,POS-6,FLT-1054,EY3102,6,Multiple Aircraft AOG + Engine Failure Cascade,A6-EYE,Aisha,Lee,Flight Attendant,Flight Attendant,Senior,6,CABIN,SIN,Cabin,2028-02-23,2027-03-05,B777X,FLIGHT,2026-01-24T06:12:00Z,2026-01-24T23:42:00Z,17.0,15.0,-1.5,16,max_daily:10; max_weekly:60; max_monthly:100,Y,12,CONFIRMED,WARNING,N,,,0,,N,Y,9.0,4,176,2026-01-24 23:12:00,Y
RST-1539,CREW-1539,EY46647,POS-7,FLT-1054,EY3102,6,Multiple Aircraft AOG + Engine Failure Cascade,A6-EYE,Aisha,Schmidt,Flight Attendant,Flight Attendant,Senior,7,CABIN,JFK,Cabin,2027-05-11,2027-09-06,B777X,FLIGHT,2026-01-24T06:12:00Z,2026-01-24T23:42:00Z,17.0,15.0,-1.5,16,max_daily:10; max_weekly:60; max_monthly:100,Y,12,CONFIRMED,WARNING,N,,,0,,N,Y,9.0,4,200,2026-01-24 23:12:00,Y
RST-1540,CREW-1540,EY43598,POS-8,FLT-1054,EY3102,6,Multiple Aircraft AOG + Engine Failure Cascade,A6-EYE,Hassan,Tanaka,Flight Attendant,Flight Attendant,Junior,8,CABIN,AUH,Cabin,2027-08-01,2027-02-07,B777X,FLIGHT,2026-01-24T06:12:00Z,2026-01-24T23:42:00Z,17.0,15.0,-1.5,16,max_daily:10; max_weekly:60; max_monthly:100,Y,12,CONFIRMED,WARNING,N,,,0,,N,Y,9.0,4,162,2026-01-24 23:12:00,Y
RST-1541,CREW-1541,EY42554,POS-9,FLT-1054,EY3102,6,Multiple Aircraft AOG + Engine Failure Cascade,A6-EYE,Ahmed,Al-Rashid,Flight Attendant,Flight Attendant,Junior,9,CABIN,SIN,Cabin,2027-08-23,2027-08-11,B777X,FLIGHT,2026-01-24T06:12:00Z,2026-01-24T23:42:00Z,17.0,15.0,-1.5,16,max_daily:10; max_weekly:60; max_monthly:100,Y,12,CONFIRMED,WARNING,N,,,0,,N,Y,9.0,4,72,2026-01-24 23:12:00,Y
RST-1542,CREW-1542,EY86231,POS-10,FLT-1054,EY3102,6,Multiple Aircraft AOG + Engine Failure Cascade,A6-EYE,Maryam,Chen,Flight Attendant,Flight Attendant,Junior,10,CABIN,LHR,Cabin,2027-01-05,2027-09-04,B777X,FLIGHT,2026-01-24T06:12:00Z,2026-01-24T23:42:00Z,17.0,15.0,-1.5,16,max_daily:10; max_weekly:60; max_monthly:100,Y,12,CONFIRMED,WARNING,N,,,0,,N,Y,9.0,4,142,2026-01-24 23:12:00,Y
RST-1543,CREW-1543,EY64949,POS-11,FLT-1054,EY3102,6,Multiple Aircraft AOG + Engine Failure Cascade,A6-EYE,Maryam,Schmidt,Flight Attendant,Flight Attendant,Senior,11,CABIN,AUH,Cabin,2026-10-24,2027-12-26,B777X,FLIGHT,2026-01-24T06:12:00Z,2026-01-24T23:42:00Z,17.0,15.0,-1.5,16,max_daily:10; max_weekly:60; max_monthly:100,Y,12,CONFIRMED,WARNING,N,,,0,,N,Y,9.0,4,140,2026-01-24 23:12:00,Y
RST-1544,CREW-1544,EY92151,POS-12,FLT-1054,EY3102,6,Multiple Aircraft AOG + Engine Failure Cascade,A6-EYE,Robert,Khan,Flight Attendant,Flight Attendant,Junior,12,CABIN,JFK,Cabin,2028-12-20,2026-11-10,B777X,FLIGHT,2026-01-24T06:12:00Z,2026-01-24T23:42:00Z,17.0,15.0,-1.5,16,max_daily:10; max_weekly:60; max_monthly:100,Y,12,CONFIRMED,WARNING,N,,,0,,N,Y,9.0,4,103,2026-01-24 23:12:00,Y
RST-1545,CREW-1545,EY23865,POS-13,FLT-1054,EY3102,6,Multiple Aircraft AOG + Engine Failure Cascade,A6-EYE,Mei,Rossi,Flight Attendant,Flight Attendant,Senior,13,CABIN,SYD,Cabin,2026-02-23,2027-07-27,B777X,FLIGHT,2026-01-24T06:12:00Z,2026-01-24T23:42:00Z,17.0,15.0,-1.5,16,max_daily:10; max_weekly:60; max_monthly:100,Y,12,CONFIRMED,WARNING,N,,,0,,N,Y,9.0,4,83,2026-01-24 23:12:00,Y
RST-1546,CREW-1546,EY50992,POS-14,FLT-1054,EY3102,6,Multiple Aircraft AOG + Engine Failure Cascade,A6-EYE,Emma,Singh,Flight Attendant,Flight Attendant,Senior,14,CABIN,SIN,Cabin,2028-04-09,2026-06-16,B777X,FLIGHT,2026-01-24T06:12:00Z,2026-01-24T23:42:00Z,17.0,15.0,-1.5,16,max_daily:10; max_weekly:60; max_monthly:100,Y,12,CONFIRMED,WARNING,N,,,0,,N,Y,9.0,4,58,2026-01-24 23:12:00,Y
RST-1547,CREW-1547,EY98763,POS-1,FLT-1055,EY003,6,Multiple Aircraft AOG + Engine Failure Cascade,A6-EYK,Hassan,Yamamoto,Captain,Captain,Junior,1,COCKPIT,LHR,ATPL,2028-03-22,2027-06-21,A350,FLIGHT,2026-01-24T08:20:00Z,2026-01-25T07:50:00Z,23.0,21.0,-9.5,14,max_daily:10; max_weekly:60; max_monthly:100,Y,12,CONFIRMED,WARNING,N,,,0,,N,Y,15.0,4,71,2026-01-25 07:20:00,Y
RST-1548,CREW-1548,EY23296,POS-2,FLT-1055,EY003,6,Multiple Aircraft AOG + Engine Failure Cascade,A6-EYK,Layla,Brown,First Officer,First Officer,Junior,2,COCKPIT,AUH,ATPL,2026-09-23,2027-09-21,A350,FLIGHT,2026-01-24T08:20:00Z,2026-01-25T07:50:00Z,23.0,21.0,-9.5,14,max_daily:10; max_weekly:60; max_monthly:100,Y,12,CONFIRMED,WARNING,N,,,0,,N,Y,15.0,4,77,2026-01-25 07:20:00,Y
RST-1549,CREW-1549,EY33625,POS-3,FLT-1055,EY003,6,Multiple Aircraft AOG + Engine Failure Cascade,A6-EYK,Layla,Tanaka,Purser,Purser,Junior,3,CABIN,JFK,Cabin,2026-12-11,2027-08-09,A350,FLIGHT,2026-01-24T08:20:00Z,2026-01-25T07:50:00Z,23.0,21.0,-7.5,16,max_daily:10; max_weekly:60; max_monthly:100,Y,12,CONFIRMED,WARNING,N,,,0,,N,Y,15.0,4,102,2026-01-25 07:20:00,Y
RST-1550,CREW-1550,EY41386,POS-4,FLT-1055,EY003,6,Multiple Aircraft AOG + Engine Failure Cascade,A6-EYK,Mohammed,Smith,Flight Attendant,Flight Attendant,Junior,4,CABIN,JFK,Cabin,2028-03-20,2027-11-17,A350,FLIGHT,2026-01-24T08:20:00Z,2026-01-25T07:50:00Z,23.0,21.0,-7.5,16,max_daily:10; max_weekly:60; max_monthly:100,Y,12,CONFIRMED,WARNING,N,,,0,,N,Y,15.0,4,128,2026-01-25 07:20:00,Y
RST-1551,CREW-1551,EY12714,POS-5,FLT-1055,EY003,6,Multiple Aircraft AOG + Engine Failure Cascade,A6-EYK,Sophia,Mueller,Flight Attendant,Flight Attendant,Junior,5,CABIN,LHR,Cabin,2028-01-04,2026-05-12,A350,FLIGHT,2026-01-24T08:20:00Z,2026-01-25T07:50:00Z,23.0,21.0,-7.5,16,max_daily:10; max_weekly:60; max_monthly:100,Y,12,CONFIRMED,WARNING,N,,,0,,N,Y,15.0,4,191,2026-01-25 07:20:00,Y
RST-1552,CREW-1552,EY67639,POS-6,FLT-1055,EY003,6,Multiple Aircraft AOG + Engine Failure Cascade,A6-EYK,Mohammed,Ferrari,Flight Attendant,Flight Attendant,Junior,6,CABIN,AUH,Cabin,2026-06-19,2026-01-25,A350,FLIGHT,2026-01-24T08:20:00Z,2026-01-25T07:50:00Z,23.0,21.0,-7.5,16,max_daily:10; max_weekly:60; max_monthly:100,Y,12,CONFIRMED,WARNING,N,,,0,,N,Y,15.0,4,113,2026-01-25 07:20:00,Y
RST-1553,CREW-1553,EY46673,POS-7,FLT-1055,EY003,6,Multiple Aircraft AOG + Engine Failure Cascade,A6-EYK,Hiroshi,Garcia,Flight Attendant,Flight Attendant,Senior,7,CABIN,JFK,Cabin,2027-11-19,2026-08-15,A350,FLIGHT,2026-01-24T08:20:00Z,2026-01-25T07:50:00Z,23.0,21.0,-7.5,16,max_daily:10; max_weekly:60; max_monthly:100,Y,12,CONFIRMED,WARNING,N,,,0,,N,Y,15.0,4,167,2026-01-25 07:20:00,Y
RST-1554,CREW-1554,EY85671,POS-8,FLT-1055,EY003,6,Multiple Aircraft AOG + Engine Failure Cascade,A6-EYK,Maria,Chen,Flight Attendant,Flight Attendant,Senior,8,CABIN,JFK,Cabin,2027-06-18,2027-11-20,A350,FLIGHT,2026-01-24T08:20:00Z,2026-01-25T07:50:00Z,23.0,21.0,-7.5,16,max_daily:10; max_weekly:60; max_monthly:100,Y,12,CONFIRMED,WARNING,N,,,0,,N,Y,15.0,4,76,2026-01-25 07:20:00,Y
RST-1555,CREW-1555,EY78931,POS-9,FLT-1055,EY003,6,Multiple Aircraft AOG + Engine Failure Cascade,A6-EYK,Mohammed,Khan,Flight Attendant,Flight Attendant,Senior,9,CABIN,SYD,Cabin,2026-09-04,2026-03-25,A350,FLIGHT,2026-01-24T08:20:00Z,2026-01-25T07:50:00Z,23.0,21.0,-7.5,16,max_daily:10; max_weekly:60; max_monthly:100,Y,12,CONFIRMED,WARNING,N,,,0,,N,Y,15.0,4,152,2026-01-25 07:20:00,Y
RST-1556,CREW-1556,EY34938,POS-10,FLT-1055,EY003,6,Multiple Aircraft AOG + Engine Failure Cascade,A6-EYK,Arjun,Yamamoto,Flight Attendant,Flight Attendant,Junior,10,CABIN,SYD,Cabin,2027-12-12,2026-03-16,A350,FLIGHT,2026-01-24T08:20:00Z,2026-01-25T07:50:00Z,23.0,21.0,-7.5,16,max_daily:10; max_weekly:60; max_monthly:100,Y,12,CONFIRMED,WARNING,N,,,0,,N,Y,15.0,4,146,2026-01-25 07:20:00,Y
RST-1557,CREW-1557,EY97331,POS-11,FLT-1055,EY003,6,Multiple Aircraft AOG + Engine Failure Cascade,A6-EYK,Raj,Al-Rashid,Flight Attendant,Flight Attendant,Junior,11,CABIN,LHR,Cabin,2028-07-25,2026-03-11,A350,FLIGHT,2026-01-24T08:20:00Z,2026-01-25T07:50:00Z,23.0,21.0,-7.5,16,max_daily:10; max_weekly:60; max_monthly:100,Y,12,CONFIRMED,WARNING,N,,,0,,N,Y,15.0,4,191,2026-01-25 07:20:00,Y
RST-1558,CREW-1558,EY30072,POS-12,FLT-1055,EY003,6,Multiple Aircraft AOG + Engine Failure Cascade,A6-EYK,Michael,Garcia,Flight Attendant,Flight Attendant,Junior,12,CABIN,JFK,Cabin,2026-02-14,2026-05-23,A350,FLIGHT,2026-01-24T08:20:00Z,2026-01-25T07:50:00Z,23.0,21.0,-7.5,16,max_daily:10; max_weekly:60; max_monthly:100,Y,12,CONFIRMED,WARNING,N,,,0,,N,Y,15.0,4,108,2026-01-25 07:20:00,Y
RST-1559,CREW-1559,EY96455,POS-1,FLT-1056,EY7152,6,Multiple Aircraft AOG + Engine Failure Cascade,A6-EYD,James,Williams,Captain,Captain,Senior,1,COCKPIT,AUH,ATPL,2027-05-03,2026-01-03,B777X,FLIGHT,2026-01-24T10:42:00Z,2026-01-25T06:12:00Z,19.0,17.0,-5.5,14,max_daily:10; max_weekly:60; max_monthly:100,Y,12,CONFIRMED,WARNING,N,,,0,,N,Y,11.0,4,134,2026-01-25 05:42:00,Y
RST-1560,CREW-1560,EY28781,POS-2,FLT-1056,EY7152,6,Multiple Aircraft AOG + Engine Failure Cascade,A6-EYD,Yusuf,Singh,First Officer,First Officer,Junior,2,COCKPIT,SYD,ATPL,2026-12-04,2026-05-27,B777X,FLIGHT,2026-01-24T10:42:00Z,2026-01-25T06:12:00Z,19.0,17.0,-5.5,14,max_daily:10; max_weekly:60; max_monthly:100,Y,12,CONFIRMED,WARNING,N,,,0,,N,Y,11.0,4,191,2026-01-25 05:42:00,Y
RST-1561,CREW-1561,EY38387,POS-3,FLT-1056,EY7152,6,Multiple Aircraft AOG + Engine Failure Cascade,A6-EYD,Ananya,Lee,Purser,Purser,Junior,3,CABIN,JFK,Cabin,2028-05-09,2027-06-26,B777X,FLIGHT,2026-01-24T10:42:00Z,2026-01-25T06:12:00Z,19.0,17.0,-3.5,16,max_daily:10; max_weekly:60; max_monthly:100,Y,12,CONFIRMED,WARNING,N,,,0,,N,Y,11.0,4,175,2026-01-25 05:42:00,Y
RST-1562,CREW-1562,EY84347,POS-4,FLT-1056,EY7152,6,Multiple Aircraft AOG + Engine Failure Cascade,A6-EYD,Yuki,Chen,Flight Attendant,Flight Attendant,Junior,4,CABIN,SYD,Cabin,2028-10-27,2026-02-28,B777X,FLIGHT,2026-01-24T10:42:00Z,2026-01-25T06:12:00Z,19.0,17.0,-3.5,16,max_daily:10; max_weekly:60; max_monthly:100,Y,12,CONFIRMED,WARNING,N,,,0,,N,Y,11.0,4,190,2026-01-25 05:42:00,Y
RST-1563,CREW-1563,EY99404,POS-5,FLT-1056,EY7152,6,Multiple Aircraft AOG + Engine Failure Cascade,A6-EYD,Hassan,Rossi,Flight Attendant,Flight Attendant,Junior,5,CABIN,LHR,Cabin,2028-03-18,2027-11-10,B777X,FLIGHT,2026-01-24T10:42:00Z,2026-01-25T06:12:00Z,19.0,17.0,-3.5,16,max_daily:10; max_weekly:60; max_monthly:100,Y,12,CONFIRMED,WARNING,N,,,0,,N,Y,11.0,4,163,2026-01-25 05:42:00,Y
RST-1564,CREW-1564,EY90144,POS-6,FLT-1056,EY7152,6,Multiple Aircraft AOG + Engine Failure Cascade,A6-EYD,Mia,Martinez,Flight Attendant,Flight Attendant,Senior,6,CABIN,AUH,Cabin,2026-12-03,2026-07-06,B777X,FLIGHT,2026-01-24T10:42:00Z,2026-01-25T06:12:00Z,19.0,17.0,-3.5,16,max_daily:10; max_weekly:60; max_monthly:100,Y,12,CONFIRMED,WARNING,N,,,0,,N,Y,11.0,4,158,2026-01-25 05:42:00,Y
RST-1565,CREW-1565,EY19392,POS-7,FLT-1056,EY7152,6,Multiple Aircraft AOG + Engine Failure Cascade,A6-EYD,Mohammed,Al-Rashid,Flight Attendant,Flight Attendant,Junior,7,CABIN,LHR,Cabin,2026-12-11,2027-04-26,B777X,FLIGHT,2026-01-24T10:42:00Z,2026-01-25T06:12:00Z,19.0,17.0,-3.5,16,max_daily:10; max_weekly:60; max_monthly:100,Y,12,CONFIRMED,WARNING,N,,,0,,N,Y,11.0,4,64,2026-01-25 05:42:00,Y
RST-1566,CREW-1566,EY92823,POS-8,FLT-1056,EY7152,6,Multiple Aircraft AOG + Engine Failure Cascade,A6-EYD,Priya,Wang,Flight Attendant,Flight Attendant,Junior,8,CABIN,SYD,Cabin,2026-05-26,2027-07-27,B777X,FLIGHT,2026-01-24T10:42:00Z,2026-01-25T06:12:00Z,19.0,17.0,-3.5,16,max_daily:10; max_weekly:60; max_monthly:100,Y,12,CONFIRMED,WARNING,N,,,0,,N,Y,11.0,4,182,2026-01-25 05:42:00,Y
RST-1567,CREW-1567,EY10887,POS-9,FLT-1056,EY7152,6,Multiple Aircraft AOG + Engine Failure Cascade,A6-EYD,Robert,Wang,Flight Attendant,Flight Attendant,Junior,9,CABIN,JFK,Cabin,2028-06-09,2027-04-24,B777X,FLIGHT,2026-01-24T10:42:00Z,2026-01-25T06:12:00Z,19.0,17.0,-3.5,16,max_daily:10; max_weekly:60; max_monthly:100,Y,12,CONFIRMED,WARNING,N,,,0,,N,Y,11.0,4,167,2026-01-25 05:42:00,Y
RST-1568,CREW-1568,EY62543,POS-10,FLT-1056,EY7152,6,Multiple Aircraft AOG + Engine Failure Cascade,A6-EYD,Emma,Williams,Flight Attendant,Flight Attendant,Junior,10,CABIN,AUH,Cabin,2026-09-04,2026-10-27,B777X,FLIGHT,2026-01-24T10:42:00Z,2026-01-25T06:12:00Z,19.0,17.0,-3.5,16,max_daily:10; max_weekly:60; max_monthly:100,Y,12,CONFIRMED,WARNING,N,,,0,,N,Y,11.0,4,59,2026-01-25 05:42:00,Y
RST-1569,CREW-1569,EY18872,POS-11,FLT-1056,EY7152,6,Multiple Aircraft AOG + Engine Failure Cascade,A6-EYD,Michael,Smith,Flight Attendant,Flight Attendant,Senior,11,CABIN,AUH,Cabin,2027-11-03,2026-06-18,B777X,FLIGHT,2026-01-24T10:42:00Z,2026-01-25T06:12:00Z,19.0,17.0,-3.5,16,max_daily:10; max_weekly:60; max_monthly:100,Y,12,CONFIRMED,WARNING,N,,,0,,N,Y,11.0,4,134,2026-01-25 05:42:00,Y
RST-1570,CREW-1570,EY26567,POS-12,FLT-1056,EY7152,6,Multiple Aircraft AOG + Engine Failure Cascade,A6-EYD,David,Johnson,Flight Attendant,Flight Attendant,Junior,12,CABIN,SIN,Cabin,2026-02-28,2026-02-15,B777X,FLIGHT,2026-01-24T10:42:00Z,2026-01-25T06:12:00Z,19.0,17.0,-3.5,16,max_daily:10; max_weekly:60; max_monthly:100,Y,12,CONFIRMED,WARNING,N,,,0,,N,Y,11.0,4,177,2026-01-25 05:42:00,Y
RST-1571,CREW-1571,EY25749,POS-13,FLT-1056,EY7152,6,Multiple Aircraft AOG + Engine Failure Cascade,A6-EYD,Omar,Mueller,Flight Attendant,Flight Attendant,Senior,13,CABIN,SIN,Cabin,2026-01-19,2026-03-19,B777X,FLIGHT,2026-01-24T10:42:00Z,2026-01-25T06:12:00Z,19.0,17.0,-3.5,16,max_daily:10; max_weekly:60; max_monthly:100,Y,12,CONFIRMED,WARNING,N,,,0,,N,Y,11.0,4,198,2026-01-25 05:42:00,Y
RST-1572,CREW-1572,EY20480,POS-14,FLT-1056,EY7152,6,Multiple Aircraft AOG + Engine Failure Cascade,A6-EYD,Isabella,Smith,Flight Attendant,Flight Attendant,Senior,14,CABIN,JFK,Cabin,2026-05-12,2027-11-12,B777X,FLIGHT,2026-01-24T10:42:00Z,2026-01-25T06:12:00Z,19.0,17.0,-3.5,16,max_daily:10; max_weekly:60; max_monthly:100,Y,12,CONFIRMED,WARNING,N,,,0,,N,Y,11.0,4,156,2026-01-25 05:42:00,Y
RST-1573,CREW-1573,EY20602,POS-1,FLT-1057,EY3103,6,Multiple Aircraft AOG + Engine Failure Cascade,A6-EYE,David,Singh,Captain,Captain,Senior,1,COCKPIT,JFK,ATPL,2027-07-11,2027-11-28,B777X,FLIGHT,2026-01-24T12:12:00Z,2026-01-25T07:42:00Z,19.0,17.0,-5.5,14,max_daily:10; max_weekly:60; max_monthly:100,Y,12,CONFIRMED,WARNING,N,,,0,,N,Y,11.0,4,138,2026-01-25 07:12:00,Y
RST-1574,CREW-1574,EY90385,POS-2,FLT-1057,EY3103,6,Multiple Aircraft AOG + Engine Failure Cascade,A6-EYE,Priya,Singh,First Officer,First Officer,Junior,2,COCKPIT,LHR,ATPL,2026-09-24,2026-10-04,B777X,FLIGHT,2026-01-24T12:12:00Z,2026-01-25T07:42:00Z,19.0,17.0,-5.5,14,max_daily:10; max_weekly:60; max_monthly:100,Y,12,CONFIRMED,WARNING,N,,,0,,N,Y,11.0,4,96,2026-01-25 07:12:00,Y
RST-1575,CREW-1575,EY65224,POS-3,FLT-1057,EY3103,6,Multiple Aircraft AOG + Engine Failure Cascade,A6-EYE,Yusuf,Chen,Purser,Purser,Senior,3,CABIN,SYD,Cabin,2026-03-24,2026-04-27,B777X,FLIGHT,2026-01-24T12:12:00Z,2026-01-25T07:42:00Z,19.0,17.0,-3.5,16,max_daily:10; max_weekly:60; max_monthly:100,Y,12,CONFIRMED,WARNING,N,,,0,,N,Y,11.0,4,50,2026-01-25 07:12:00,Y
RST-1576,CREW-1576,EY19472,POS-4,FLT-1057,EY3103,6,Multiple Aircraft AOG + Engine Failure Cascade,A6-EYE,Maria,Mueller,Flight Attendant,Flight Attendant,Junior,4,CABIN,JFK,Cabin,2027-03-14,2027-06-22,B777X,FLIGHT,2026-01-24T12:12:00Z,2026-01-25T07:42:00Z,19.0,17.0,-3.5,16,max_daily:10; max_weekly:60; max_monthly:100,Y,12,CONFIRMED,WARNING,N,,,0,,N,Y,11.0,4,132,2026-01-25 07:12:00,Y
RST-1577,CREW-1577,EY26650,POS-5,FLT-1057,EY3103,6,Multiple Aircraft AOG + Engine Failure Cascade,A6-EYE,Sophia,Schmidt,Flight Attendant,Flight Attendant,Junior,5,CABIN,SIN,Cabin,2026-01-21,2027-12-04,B777X,FLIGHT,2026-01-24T12:12:00Z,2026-01-25T07:42:00Z,19.0,17.0,-3.5,16,max_daily:10; max_weekly:60; max_monthly:100,Y,12,CONFIRMED,WARNING,N,,,0,,N,Y,11.0,4,172,2026-01-25 07:12:00,Y
RST-1578,CREW-1578,EY59570,POS-6,FLT-1057,EY3103,6,Multiple Aircraft AOG + Engine Failure Cascade,A6-EYE,Priya,Tanaka,Flight Attendant,Flight Attendant,Junior,6,CABIN,AUH,Cabin,2026-09-14,2026-04-24,B777X,FLIGHT,2026-01-24T12:12:00Z,2026-01-25T07:42:00Z,19.0,17.0,-3.5,16,max_daily:10; max_weekly:60; max_monthly:100,Y,12,CONFIRMED,WARNING,N,,,0,,N,Y,11.0,4,197,2026-01-25 07:12:00,Y
RST-1579,CREW-1579,EY55868,POS-7,FLT-1057,EY3103,6,Multiple Aircraft AOG + Engine Failure Cascade,A6-EYE,Hassan,Khan,Flight Attendant,Flight Attendant,Junior,7,CABIN,JFK,Cabin,2026-07-15,2027-07-04,B777X,FLIGHT,2026-01-24T12:12:00Z,2026-01-25T07:42:00Z,19.0,17.0,-3.5,16,max_daily:10; max_weekly:60; max_monthly:100,Y,12,CONFIRMED,WARNING,N,,,0,,N,Y,11.0,4,99,2026-01-25 07:12:00,Y
RST-1580,CREW-1580,EY78671,POS-8,FLT-1057,EY3103,6,Multiple Aircraft AOG + Engine Failure Cascade,A6-EYE,Isabella,Martinez,Flight Attendant,Flight Attendant,Junior,8,CABIN,SYD,Cabin,2026-07-03,2027-09-26,B777X,FLIGHT,2026-01-24T12:12:00Z,2026-01-25T07:42:00Z,19.0,17.0,-3.5,16,max_daily:10; max_weekly:60; max_monthly:100,Y,12,CONFIRMED,WARNING,N,,,0,,N,Y,11.0,4,101,2026-01-25 07:12:00,Y
RST-1581,CREW-1581,EY66537,POS-9,FLT-1057,EY3103,6,Multiple Aircraft AOG + Engine Failure Cascade,A6-EYE,Yuki,Wang,Flight Attendant,Flight Attendant,Junior,9,CABIN,SYD,Cabin,2028-10-23,2027-07-04,B777X,FLIGHT,2026-01-24T12:12:00Z,2026-01-25T07:42:00Z,19.0,17.0,-3.5,16,max_daily:10; max_weekly:60; max_monthly:100,Y,12,CONFIRMED,WARNING,N,,,0,,N,Y,11.0,4,158,2026-01-25 07:12:00,Y
RST-1582,CREW-1582,EY94139,POS-10,FLT-1057,EY3103,6,Multiple Aircraft AOG + Engine Failure Cascade,A6-EYE,Yusuf,Smith,Flight Attendant,Flight Attendant,Junior,10,CABIN,AUH,Cabin,2026-11-12,2027-08-19,B777X,FLIGHT,2026-01-24T12:12:00Z,2026-01-25T07:42:00Z,19.0,17.0,-3.5,16,max_daily:10; max_weekly:60; max_monthly:100,Y,12,CONFIRMED,WARNING,N,,,0,,N,Y,11.0,4,164,2026-01-25 07:12:00,Y
RST-1583,CREW-1583,EY61500,POS-11,FLT-1057,EY3103,6,Multiple Aircraft AOG + Engine Failure Cascade,A6-EYE,Mohammed,Schmidt,Flight Attendant,Flight Attendant,Junior,11,CABIN,LHR,Cabin,2026-12-01,2027-07-20,B777X,FLIGHT,2026-01-24T12:12:00Z,2026-01-25T07:42:00Z,19.0,17.0,-3.5,16,max_daily:10; max_weekly:60; max_monthly:100,Y,12,CONFIRMED,WARNING,N,,,0,,N,Y,11.0,4,136,2026-01-25 07:12:00,Y
RST-1584,CREW-1584,EY35369,POS-12,FLT-1057,EY3103,6,Multiple Aircraft AOG + Engine Failure Cascade,A6-EYE,Hiroshi,Singh,Flight Attendant,Flight Attendant,Junior,12,CABIN,AUH,Cabin,2026-12-05,2027-12-28,B777X,FLIGHT,2026-01-24T12:12:00Z,2026-01-25T07:42:00Z,19.0,17.0,-3.5,16,max_daily:10; max_weekly:60; max_monthly:100,Y,12,CONFIRMED,WARNING,N,,,0,,N,Y,11.0,4,77,2026-01-25 07:12:00,Y
RST-1585,CREW-1585,EY25919,POS-13,FLT-1057,EY3103,6,Multiple Aircraft AOG + Engine Failure Cascade,A6-EYE,Robert,Kim,Flight Attendant,Flight Attendant,Senior,13,CABIN,SIN,Cabin,2028-06-28,2026-01-20,B777X,FLIGHT,2026-01-24T12:12:00Z,2026-01-25T07:42:00Z,19.0,17.0,-3.5,16,max_daily:10; max_weekly:60; max_monthly:100,Y,12,CONFIRMED,WARNING,N,,,0,,N,Y,11.0,4,144,2026-01-25 07:12:00,Y
RST-1586,CREW-1586,EY84428,POS-14,FLT-1057,EY3103,6,Multiple Aircraft AOG + Engine Failure Cascade,A6-EYE,Sara,Tanaka,Flight Attendant,Flight Attendant,Senior,14,CABIN,SIN,Cabin,2028-12-04,2026-12-12,B777X,FLIGHT,2026-01-24T12:12:00Z,2026-01-25T07:42:00Z,19.0,17.0,-3.5,16,max_daily:10; max_weekly:60; max_monthly:100,Y,12,CONFIRMED,WARNING,N,,,0,,N,Y,11.0,4,171,2026-01-25 07:12:00,Y
RST-1587,CREW-1587,EY67201,POS-1,FLT-1058,EY004,6,Multiple Aircraft AOG + Engine Failure Cascade,A6-EYK,Yusuf,Kim,Captain,Captain,Junior,1,COCKPIT,LHR,ATPL,2028-02-05,2027-06-02,A350,FLIGHT,2026-01-24T14:57:00Z,2026-01-25T06:27:00Z,15.0,13.0,-1.5,14,max_daily:10; max_weekly:60; max_monthly:100,Y,12,CONFIRMED,WARNING,N,,,0,,N,Y,7.0,4,184,2026-01-25 05:57:00,Y
RST-1588,CREW-1588,EY11930,POS-2,FLT-1058,EY004,6,Multiple Aircraft AOG + Engine Failure Cascade,A6-EYK,Michael,Martinez,First Officer,First Officer,Junior,2,COCKPIT,SYD,ATPL,2026-02-07,2026-10-21,A350,FLIGHT,2026-01-24T14:57:00Z,2026-01-25T06:27:00Z,15.0,13.0,-1.5,14,max_daily:10; max_weekly:60; max_monthly:100,Y,12,CONFIRMED,WARNING,N,,,0,,N,Y,7.0,4,112,2026-01-25 05:57:00,Y
RST-1589,CREW-1589,EY66242,POS-3,FLT-1058,EY004,6,Multiple Aircraft AOG + Engine Failure Cascade,A6-EYK,Michael,Johnson,Purser,Purser,Senior,3,CABIN,JFK,Cabin,2027-08-13,2027-12-06,A350,FLIGHT,2026-01-24T14:57:00Z,2026-01-25T06:27:00Z,15.0,13.0,0.5,16,max_daily:10; max_weekly:60; max_monthly:100,N,10,CONFIRMED,COMPLIANT,N,,,0,,N,Y,7.0,4,122,2026-01-25 05:57:00,Y
RST-1590,CREW-1590,EY22793,POS-4,FLT-1058,EY004,6,Multiple Aircraft AOG + Engine Failure Cascade,A6-EYK,Layla,Yamamoto,Flight Attendant,Flight Attendant,Junior,4,CABIN,LHR,Cabin,2028-04-24,2027-12-23,A350,FLIGHT,2026-01-24T14:57:00Z,2026-01-25T06:27:00Z,15.0,13.0,0.5,16,max_daily:10; max_weekly:60; max_monthly:100,N,10,CONFIRMED,COMPLIANT,N,,,0,,N,Y,7.0,4,115,2026-01-25 05:57:00,Y
RST-1591,CREW-1591,EY89369,POS-5,FLT-1058,EY004,6,Multiple Aircraft AOG + Engine Failure Cascade,A6-EYK,Maryam,Khan,Flight Attendant,Flight Attendant,Junior,5,CABIN,LHR,Cabin,2028-05-14,2027-02-02,A350,FLIGHT,2026-01-24T14:57:00Z,2026-01-25T06:27:00Z,15.0,13.0,0.5,16,max_daily:10; max_weekly:60; max_monthly:100,N,10,CONFIRMED,COMPLIANT,N,,,0,,N,Y,7.0,4,200,2026-01-25 05:57:00,Y
RST-1592,CREW-1592,EY93414,POS-6,FLT-1058,EY004,6,Multiple Aircraft AOG + Engine Failure Cascade,A6-EYK,Mia,Patel,Flight Attendant,Flight Attendant,Junior,6,CABIN,JFK,Cabin,2027-03-01,2026-06-27,A350,FLIGHT,2026-01-24T14:57:00Z,2026-01-25T06:27:00Z,15.0,13.0,0.5,16,max_daily:10; max_weekly:60; max_monthly:100,N,10,CONFIRMED,COMPLIANT,N,,,0,,N,Y,7.0,4,187,2026-01-25 05:57:00,Y
RST-1593,CREW-1593,EY33840,POS-7,FLT-1058,EY004,6,Multiple Aircraft AOG + Engine Failure Cascade,A6-EYK,Carlos,Ferrari,Flight Attendant,Flight Attendant,Junior,7,CABIN,SYD,Cabin,2026-05-17,2027-05-09,A350,FLIGHT,2026-01-24T14:57:00Z,2026-01-25T06:27:00Z,15.0,13.0,0.5,16,max_daily:10; max_weekly:60; max_monthly:100,N,10,CONFIRMED,COMPLIANT,N,,,0,,N,Y,7.0,4,190,2026-01-25 05:57:00,Y
RST-1594,CREW-1594,EY23113,POS-8,FLT-1058,EY004,6,Multiple Aircraft AOG + Engine Failure Cascade,A6-EYK,Hassan,Martinez,Flight Attendant,Flight Attendant,Senior,8,CABIN,SYD,Cabin,2027-01-03,2027-10-04,A350,FLIGHT,2026-01-24T14:57:00Z,2026-01-25T06:27:00Z,15.0,13.0,0.5,16,max_daily:10; max_weekly:60; max_monthly:100,N,10,CONFIRMED,COMPLIANT,N,,,0,,N,Y,7.0,4,182,2026-01-25 05:57:00,Y
RST-1595,CREW-1595,EY97688,POS-9,FLT-1058,EY004,6,Multiple Aircraft AOG + Engine Failure Cascade,A6-EYK,Olivia,Yamamoto,Flight Attendant,Flight Attendant,Junior,9,CABIN,SYD,Cabin,2026-01-06,2026-11-13,A350,FLIGHT,2026-01-24T14:57:00Z,2026-01-25T06:27:00Z,15.0,13.0,0.5,16,max_daily:10; max_weekly:60; max_monthly:100,N,10,CONFIRMED,COMPLIANT,N,,,0,,N,Y,7.0,4,89,2026-01-25 05:57:00,Y
RST-1596,CREW-1596,EY21712,POS-10,FLT-1058,EY004,6,Multiple Aircraft AOG + Engine Failure Cascade,A6-EYK,Robert,Kim,Flight Attendant,Flight Attendant,Junior,10,CABIN,SIN,Cabin,2026-06-18,2027-12-17,A350,FLIGHT,2026-01-24T14:57:00Z,2026-01-25T06:27:00Z,15.0,13.0,0.5,16,max_daily:10; max_weekly:60; max_monthly:100,N,10,CONFIRMED,COMPLIANT,N,,,0,,N,Y,7.0,4,140,2026-01-25 05:57:00,Y
RST-1597,CREW-1597,EY42358,POS-11,FLT-1058,EY004,6,Multiple Aircraft AOG + Engine Failure Cascade,A6-EYK,Sophia,Wang,Flight Attendant,Flight Attendant,Senior,11,CABIN,SIN,Cabin,2028-09-11,2027-11-19,A350,FLIGHT,2026-01-24T14:57:00Z,2026-01-25T06:27:00Z,15.0,13.0,0.5,16,max_daily:10; max_weekly:60; max_monthly:100,N,10,CONFIRMED,COMPLIANT,N,,,0,,N,Y,7.0,4,167,2026-01-25 05:57:00,Y
RST-1598,CREW-1598,EY91321,POS-12,FLT-1058,EY004,6,Multiple Aircraft AOG + Engine Failure Cascade,A6-EYK,Olivia,Patel,Flight Attendant,Flight Attendant,Junior,12,CABIN,JFK,Cabin,2028-07-25,2026-09-17,A350,FLIGHT,2026-01-24T14:57:00Z,2026-01-25T06:27:00Z,15.0,13.0,0.5,16,max_daily:10; max_weekly:60; max_monthly:100,N,10,CONFIRMED,COMPLIANT,N,,,0,,N,Y,7.0,4,120,2026-01-25 05:57:00,Y
RST-1599,CREW-1599,EY40890,POS-1,FLT-1059,EY8086,6,Multiple Aircraft AOG + Engine Failure Cascade,A6-EYL,John,Al-Rashid,Captain,Captain,Junior,1,COCKPIT,JFK,ATPL,2027-05-21,2026-05-16,A350,FLIGHT,2026-01-24T16:53:00Z,2026-01-25T00:23:00Z,7.0,5.0,6.5,14,max_daily:10; max_weekly:60; max_monthly:100,N,10,CONFIRMED,COMPLIANT,N,,,0,,N,N,0.0,4,51,2026-01-24 23:53:00,N
RST-1600,CREW-1600,EY41466,POS-2,FLT-1059,EY8086,6,Multiple Aircraft AOG + Engine Failure Cascade,A6-EYL,Michael,Al-Rashid,First Officer,First Officer,Senior,2,COCKPIT,JFK,ATPL,2026-09-20,2026-06-04,A350,FLIGHT,2026-01-24T16:53:00Z,2026-01-25T00:23:00Z,7.0,5.0,6.5,14,max_daily:10; max_weekly:60; max_monthly:100,N,10,CONFIRMED,COMPLIANT,N,,,0,,N,N,0.0,4,152,2026-01-24 23:53:00,N
RST-1601,CREW-1601,EY89593,POS-3,FLT-1059,EY8086,6,Multiple Aircraft AOG + Engine Failure Cascade,A6-EYL,David,Al-Rashid,Purser,Purser,Junior,3,CABIN,LHR,Cabin,2027-10-01,2027-10-22,A350,FLIGHT,2026-01-24T16:53:00Z,2026-01-25T00:23:00Z,7.0,5.0,8.5,16,max_daily:10; max_weekly:60; max_monthly:100,N,10,CONFIRMED,COMPLIANT,N,,,0,,N,N,0.0,4,129,2026-01-24 23:53:00,N
RST-1602,CREW-1602,EY61165,POS-4,FLT-1059,EY8086,6,Multiple Aircraft AOG + Engine Failure Cascade,A6-EYL,Mei,Rossi,Flight Attendant,Flight Attendant,Junior,4,CABIN,JFK,Cabin,2026-02-11,2026-08-11,A350,FLIGHT,2026-01-24T16:53:00Z,2026-01-25T00:23:00Z,7.0,5.0,8.5,16,max_daily:10; max_weekly:60; max_monthly:100,N,10,CONFIRMED,COMPLIANT,N,,,0,,N,N,0.0,4,51,2026-01-24 23:53:00,N
RST-1603,CREW-1603,EY40991,POS-5,FLT-1059,EY8086,6,Multiple Aircraft AOG + Engine Failure Cascade,A6-EYL,John,Wang,Flight Attendant,Flight Attendant,Junior,5,CABIN,JFK,Cabin,2027-10-03,2026-02-04,A350,FLIGHT,2026-01-24T16:53:00Z,2026-01-25T00:23:00Z,7.0,5.0,8.5,16,max_daily:10; max_weekly:60; max_monthly:100,N,10,CONFIRMED,COMPLIANT,N,,,0,,N,N,0.0,4,156,2026-01-24 23:53:00,N
RST-1604,CREW-1604,EY71756,POS-6,FLT-1059,EY8086,6,Multiple Aircraft AOG + Engine Failure Cascade,A6-EYL,David,Schmidt,Flight Attendant,Flight Attendant,Junior,6,CABIN,AUH,Cabin,2028-11-10,2026-03-27,A350,FLIGHT,2026-01-24T16:53:00Z,2026-01-25T00:23:00Z,7.0,5.0,8.5,16,max_daily:10; max_weekly:60; max_monthly:100,N,10,CONFIRMED,COMPLIANT,N,,,0,,N,N,0.0,4,99,2026-01-24 23:53:00,N
RST-1605,CREW-1605,EY97770,POS-7,FLT-1059,EY8086,6,Multiple Aircraft AOG + Engine Failure Cascade,A6-EYL,Mei,Schmidt,Flight Attendant,Flight Attendant,Senior,7,CABIN,SYD,Cabin,2026-01-17,2027-02-01,A350,FLIGHT,2026-01-24T16:53:00Z,2026-01-25T00:23:00Z,7.0,5.0,8.5,16,max_daily:10; max_weekly:60; max_monthly:100,N,10,CONFIRMED,COMPLIANT,N,,,0,,N,N,0.0,4,84,2026-01-24 23:53:00,N
RST-1606,CREW-1606,EY14402,POS-8,FLT-1059,EY8086,6,Multiple Aircraft AOG + Engine Failure Cascade,A6-EYL,Arjun,Tanaka,Flight Attendant,Flight Attendant,Junior,8,CABIN,LHR,Cabin,2026-07-06,2027-07-07,A350,FLIGHT,2026-01-24T16:53:00Z,2026-01-25T00:23:00Z,7.0,5.0,8.5,16,max_daily:10; max_weekly:60; max_monthly:100,N,10,CONFIRMED,COMPLIANT,N,,,0,,N,N,0.0,4,136,2026-01-24 23:53:00,N
RST-1607,CREW-1607,EY89814,POS-9,FLT-1059,EY8086,6,Multiple Aircraft AOG + Engine Failure Cascade,A6-EYL,Carlos,Chen,Flight Attendant,Flight Attendant,Junior,9,CABIN,SIN,Cabin,2026-07-12,2027-08-09,A350,FLIGHT,2026-01-24T16:53:00Z,2026-01-25T00:23:00Z,7.0,5.0,8.5,16,max_daily:10; max_weekly:60; max_monthly:100,N,10,CONFIRMED,COMPLIANT,N,,,0,,N,N,0.0,4,57,2026-01-24 23:53:00,N
RST-1608,CREW-1608,EY81253,POS-10,FLT-1059,EY8086,6,Multiple Aircraft AOG + Engine Failure Cascade,A6-EYL,Mohammed,Al-Rashid,Flight Attendant,Flight Attendant,Senior,10,CABIN,AUH,Cabin,2028-05-10,2027-04-08,A350,FLIGHT,2026-01-24T16:53:00Z,2026-01-25T00:23:00Z,7.0,5.0,8.5,16,max_daily:10; max_weekly:60; max_monthly:100,N,10,CONFIRMED,COMPLIANT,N,,,0,,N,N,0.0,4,106,2026-01-24 23:53:00,N
RST-1609,CREW-1609,EY48989,POS-11,FLT-1059,EY8086,6,Multiple Aircraft AOG + Engine Failure Cascade,A6-EYL,Yusuf,Chen,Flight Attendant,Flight Attendant,Junior,11,CABIN,JFK,Cabin,2027-11-07,2027-03-23,A350,FLIGHT,2026-01-24T16:53:00Z,2026-01-25T00:23:00Z,7.0,5.0,8.5,16,max_daily:10; max_weekly:60; max_monthly:100,N,10,CONFIRMED,COMPLIANT,N,,,0,,N,N,0.0,4,98,2026-01-24 23:53:00,N
RST-1610,CREW-1610,EY55567,POS-12,FLT-1059,EY8086,6,Multiple Aircraft AOG + Engine Failure Cascade,A6-EYL,Ananya,Patel,Flight Attendant,Flight Attendant,Junior,12,CABIN,SYD,Cabin,2027-01-21,2027-04-14,A350,FLIGHT,2026-01-24T16:53:00Z,2026-01-25T00:23:00Z,7.0,5.0,8.5,16,max_daily:10; max_weekly:60; max_monthly:100,N,10,CONFIRMED,COMPLIANT,N,,,0,,N,N,0.0,4,51,2026-01-24 23:53:00,N
RST-1611,CREW-1611,EY80868,POS-1,FLT-1060,EY912,6,Multiple Aircraft AOG + Engine Failure Cascade,A6-EYA,Mia,Brown,Captain,Captain,Junior,1,COCKPIT,SYD,ATPL,2028-07-05,2026-10-01,A380,FLIGHT,2026-01-24T18:38:00Z,2026-01-25T10:53:00Z,15.8,13.8,-2.2,14,max_daily:10; max_weekly:60; max_monthly:100,Y,12,CONFIRMED,WARNING,N,,,0,,N,Y,7.8,4,179,2026-01-25 10:23:00,N
RST-1612,CREW-1612,EY32069,POS-2,FLT-1060,EY912,6,Multiple Aircraft AOG + Engine Failure Cascade,A6-EYA,Fatima,Lee,First Officer,First Officer,Senior,2,COCKPIT,SIN,ATPL,2027-08-22,2026-06-13,A380,FLIGHT,2026-01-24T18:38:00Z,2026-01-25T10:53:00Z,15.8,13.8,-2.2,14,max_daily:10; max_weekly:60; max_monthly:100,Y,12,CONFIRMED,WARNING,N,,,0,,N,Y,7.8,4,191,2026-01-25 10:23:00,N
RST-1613,CREW-1613,EY83510,POS-3,FLT-1060,EY912,6,Multiple Aircraft AOG + Engine Failure Cascade,A6-EYA,David,Mueller,Purser,Purser,Junior,3,CABIN,SYD,Cabin,2026-11-07,2027-01-01,A380,FLIGHT,2026-01-24T18:38:00Z,2026-01-25T10:53:00Z,15.8,13.8,-0.2,16,max_daily:10; max_weekly:60; max_monthly:100,Y,12,CONFIRMED,WARNING,N,,,0,,N,Y,7.8,4,150,2026-01-25 10:23:00,N
RST-1614,CREW-1614,EY35656,POS-4,FLT-1060,EY912,6,Multiple Aircraft AOG + Engine Failure Cascade,A6-EYA,Isabella,Smith,Flight Attendant,Flight Attendant,Junior,4,CABIN,JFK,Cabin,2028-02-06,2027-07-18,A380,FLIGHT,2026-01-24T18:38:00Z,2026-01-25T10:53:00Z,15.8,13.8,-0.2,16,max_daily:10; max_weekly:60; max_monthly:100,Y,12,CONFIRMED,WARNING,N,,,0,,N,Y,7.8,4,69,2026-01-25 10:23:00,N
RST-1615,CREW-1615,EY75559,POS-5,FLT-1060,EY912,6,Multiple Aircraft AOG + Engine Failure Cascade,A6-EYA,Mohammed,Lee,Flight Attendant,Flight Attendant,Senior,5,CABIN,SIN,Cabin,2028-04-22,2027-11-10,A380,FLIGHT,2026-01-24T18:38:00Z,2026-01-25T10:53:00Z,15.8,13.8,-0.2,16,max_daily:10; max_weekly:60; max_monthly:100,Y,12,CONFIRMED,WARNING,N,,,0,,N,Y,7.8,4,169,2026-01-25 10:23:00,N
RST-1616,CREW-1616,EY26087,POS-6,FLT-1060,EY912,6,Multiple Aircraft AOG + Engine Failure Cascade,A6-EYA,John,Tanaka,Flight Attendant,Flight Attendant,Junior,6,CABIN,JFK,Cabin,2028-04-02,2026-11-23,A380,FLIGHT,2026-01-24T18:38:00Z,2026-01-25T10:53:00Z,15.8,13.8,-0.2,16,max_daily:10; max_weekly:60; max_monthly:100,Y,12,CONFIRMED,WARNING,N,,,0,,N,Y,7.8,4,84,2026-01-25 10:23:00,N
RST-1617,CREW-1617,EY21593,POS-7,FLT-1060,EY912,6,Multiple Aircraft AOG + Engine Failure Cascade,A6-EYA,Arjun,Patel,Flight Attendant,Flight Attendant,Junior,7,CABIN,JFK,Cabin,2026-02-03,2026-12-20,A380,FLIGHT,2026-01-24T18:38:00Z,2026-01-25T10:53:00Z,15.8,13.8,-0.2,16,max_daily:10; max_weekly:60; max_monthly:100,Y,12,CONFIRMED,WARNING,N,,,0,,N,Y,7.8,4,155,2026-01-25 10:23:00,N
RST-1618,CREW-1618,EY72149,POS-8,FLT-1060,EY912,6,Multiple Aircraft AOG + Engine Failure Cascade,A6-EYA,Wei,Rossi,Flight Attendant,Flight Attendant,Junior,8,CABIN,SYD,Cabin,2026-06-03,2026-07-24,A380,FLIGHT,2026-01-24T18:38:00Z,2026-01-25T10:53:00Z,15.8,13.8,-0.2,16,max_daily:10; max_weekly:60; max_monthly:100,Y,12,CONFIRMED,WARNING,N,,,0,,N,Y,7.8,4,176,2026-01-25 10:23:00,N
RST-1619,CREW-1619,EY27035,POS-9,FLT-1060,EY912,6,Multiple Aircraft AOG + Engine Failure Cascade,A6-EYA,Raj,Martinez,Flight Attendant,Flight Attendant,Junior,9,CABIN,JFK,Cabin,2026-03-15,2027-10-13,A380,FLIGHT,2026-01-24T18:38:00Z,2026-01-25T10:53:00Z,15.8,13.8,-0.2,16,max_daily:10; max_weekly:60; max_monthly:100,Y,12,CONFIRMED,WARNING,N,,,0,,N,Y,7.8,4,92,2026-01-25 10:23:00,N
RST-1620,CREW-1620,EY21635,POS-10,FLT-1060,EY912,6,Multiple Aircraft AOG + Engine Failure Cascade,A6-EYA,Michael,Patel,Flight Attendant,Flight Attendant,Junior,10,CABIN,SYD,Cabin,2028-02-10,2026-12-15,A380,FLIGHT,2026-01-24T18:38:00Z,2026-01-25T10:53:00Z,15.8,13.8,-0.2,16,max_daily:10; max_weekly:60; max_monthly:100,Y,12,CONFIRMED,WARNING,N,,,0,,N,Y,7.8,4,52,2026-01-25 10:23:00,N
RST-1621,CREW-1621,EY45456,POS-11,FLT-1060,EY912,6,Multiple Aircraft AOG + Engine Failure Cascade,A6-EYA,James,Kim,Flight Attendant,Flight Attendant,Junior,11,CABIN,AUH,Cabin,2028-06-22,2027-06-18,A380,FLIGHT,2026-01-24T18:38:00Z,2026-01-25T10:53:00Z,15.8,13.8,-0.2,16,max_daily:10; max_weekly:60; max_monthly:100,Y,12,CONFIRMED,WARNING,N,,,0,,N,Y,7.8,4,136,2026-01-25 10:23:00,N
RST-1622,CREW-1622,EY83275,POS-12,FLT-1060,EY912,6,Multiple Aircraft AOG + Engine Failure Cascade,A6-EYA,Robert,Garcia,Flight Attendant,Flight Attendant,Junior,12,CABIN,SYD,Cabin,2026-02-13,2027-07-22,A380,FLIGHT,2026-01-24T18:38:00Z,2026-01-25T10:53:00Z,15.8,13.8,-0.2,16,max_daily:10; max_weekly:60; max_monthly:100,Y,12,CONFIRMED,WARNING,N,,,0,,N,Y,7.8,4,188,2026-01-25 10:23:00,N
RST-1623,CREW-1623,EY13998,POS-13,FLT-1060,EY912,6,Multiple Aircraft AOG + Engine Failure Cascade,A6-EYA,Raj,Mueller,Flight Attendant,Flight Attendant,Senior,13,CABIN,JFK,Cabin,2027-01-20,2027-06-24,A380,FLIGHT,2026-01-24T18:38:00Z,2026-01-25T10:53:00Z,15.8,13.8,-0.2,16,max_daily:10; max_weekly:60; max_monthly:100,Y,12,CONFIRMED,WARNING,N,,,0,,N,Y,7.8,4,131,2026-01-25 10:23:00,N
RST-1624,CREW-1624,EY51893,POS-14,FLT-1060,EY912,6,Multiple Aircraft AOG + Engine Failure Cascade,A6-EYA,Mei,Martinez,Flight Attendant,Flight Attendant,Junior,14,CABIN,LHR,Cabin,2026-01-11,2027-12-26,A380,FLIGHT,2026-01-24T18:38:00Z,2026-01-25T10:53:00Z,15.8,13.8,-0.2,16,max_daily:10; max_weekly:60; max_monthly:100,Y,12,CONFIRMED,WARNING,N,,,0,,N,Y,7.8,4,112,2026-01-25 10:23:00,N
RST-1625,CREW-1625,EY24587,POS-15,FLT-1060,EY912,6,Multiple Aircraft AOG + Engine Failure Cascade,A6-EYA,Maria,Tanaka,Flight Attendant,Flight Attendant,Senior,15,CABIN,SIN,Cabin,2027-03-13,2026-12-09,A380,FLIGHT,2026-01-24T18:38:00Z,2026-01-25T10:53:00Z,15.8,13.8,-0.2,16,max_daily:10; max_weekly:60; max_monthly:100,Y,12,CONFIRMED,WARNING,N,,,0,,N,Y,7.8,4,61,2026-01-25 10:23:00,N
RST-1626,CREW-1626,EY41960,POS-16,FLT-1060,EY912,6,Multiple Aircraft AOG + Engine Failure Cascade,A6-EYA,Raj,Kim,Flight Attendant,Flight Attendant,Junior,16,CABIN,AUH,Cabin,2027-04-27,2026-09-20,A380,FLIGHT,2026-01-24T18:38:00Z,2026-01-25T10:53:00Z,15.8,13.8,-0.2,16,max_daily:10; max_weekly:60; max_monthly:100,Y,12,CONFIRMED,WARNING,N,,,0,,N,Y,7.8,4,153,2026-01-25 10:23:00,N
RST-1627,CREW-1627,EY87668,POS-1,FLT-1061,EY8086,7,Crew Out of Hours + Insufficient Cabin Crew Crisis,A6-EYI,Raj,Tanaka,Captain,Captain,Junior,1,COCKPIT,SIN,ATPL,2027-07-13,2027-09-10,B787-10,FLIGHT,2026-01-25T04:52:00Z,2026-01-25T18:22:00Z,13.0,11.0,0.5,14,max_daily:10; max_weekly:60; max_monthly:100,N,10,CONFIRMED,COMPLIANT,N,,,0,,N,Y,5.0,4,180,2026-01-25 17:52:00,Y
RST-1628,CREW-1628,EY98171,POS-2,FLT-1061,EY8086,7,Crew Out of Hours + Insufficient Cabin Crew Crisis,A6-EYI,David,Wang,First Officer,First Officer,Junior,2,COCKPIT,JFK,ATPL,2026-01-27,2027-08-09,B787-10,FLIGHT,2026-01-25T04:52:00Z,2026-01-25T18:22:00Z,13.0,11.0,0.5,14,max_daily:10; max_weekly:60; max_monthly:100,N,10,CONFIRMED,COMPLIANT,N,,,0,,N,Y,5.0,4,155,2026-01-25 17:52:00,Y
RST-1629,CREW-1629,EY49449,POS-3,FLT-1061,EY8086,7,Crew Out of Hours + Insufficient Cabin Crew Crisis,A6-EYI,Hassan,Garcia,Purser,Purser,Senior,3,CABIN,AUH,Cabin,2026-02-27,2027-01-06,B787-10,FLIGHT,2026-01-25T04:52:00Z,2026-01-25T18:22:00Z,13.0,11.0,2.5,16,max_daily:10; max_weekly:60; max_monthly:100,N,10,CONFIRMED,COMPLIANT,N,,,0,,N,Y,5.0,4,58,2026-01-25 17:52:00,Y
RST-1630,CREW-1630,EY55001,POS-4,FLT-1061,EY8086,7,Crew Out of Hours + Insufficient Cabin Crew Crisis,A6-EYI,James,Wang,Flight Attendant,Flight Attendant,Junior,4,CABIN,AUH,Cabin,2028-01-08,2026-02-28,B787-10,FLIGHT,2026-01-25T04:52:00Z,2026-01-25T18:22:00Z,13.0,11.0,2.5,16,max_daily:10; max_weekly:60; max_monthly:100,N,10,CONFIRMED,COMPLIANT,N,,,0,,N,Y,5.0,4,72,2026-01-25 17:52:00,Y
RST-1631,CREW-1631,EY77839,POS-5,FLT-1061,EY8086,7,Crew Out of Hours + Insufficient Cabin Crew Crisis,A6-EYI,Mei,Khan,Flight Attendant,Flight Attendant,Junior,5,CABIN,LHR,Cabin,2027-06-14,2027-10-17,B787-10,FLIGHT,2026-01-25T04:52:00Z,2026-01-25T18:22:00Z,13.0,11.0,2.5,16,max_daily:10; max_weekly:60; max_monthly:100,N,10,CONFIRMED,COMPLIANT,N,,,0,,N,Y,5.0,4,108,2026-01-25 17:52:00,Y
RST-1632,CREW-1632,EY54143,POS-6,FLT-1061,EY8086,7,Crew Out of Hours + Insufficient Cabin Crew Crisis,A6-EYI,Omar,Williams,Flight Attendant,Flight Attendant,Senior,6,CABIN,LHR,Cabin,2026-10-01,2027-05-12,B787-10,FLIGHT,2026-01-25T04:52:00Z,2026-01-25T18:22:00Z,13.0,11.0,2.5,16,max_daily:10; max_weekly:60; max_monthly:100,N,10,CONFIRMED,COMPLIANT,N,,,0,,N,Y,5.0,4,128,2026-01-25 17:52:00,Y
RST-1633,CREW-1633,EY68005,POS-7,FLT-1061,EY8086,7,Crew Out of Hours + Insufficient Cabin Crew Crisis,A6-EYI,Isabella,Williams,Flight Attendant,Flight Attendant,Junior,7,CABIN,AUH,Cabin,2026-01-18,2027-10-19,B787-10,FLIGHT,2026-01-25T04:52:00Z,2026-01-25T18:22:00Z,13.0,11.0,2.5,16,max_daily:10; max_weekly:60; max_monthly:100,N,10,CONFIRMED,COMPLIANT,N,,,0,,N,Y,5.0,4,184,2026-01-25 17:52:00,Y
RST-1634,CREW-1634,EY18614,POS-8,FLT-1061,EY8086,7,Crew Out of Hours + Insufficient Cabin Crew Crisis,A6-EYI,Maryam,Johnson,Flight Attendant,Flight Attendant,Junior,8,CABIN,SYD,Cabin,2026-09-28,2027-11-08,B787-10,FLIGHT,2026-01-25T04:52:00Z,2026-01-25T18:22:00Z,13.0,11.0,2.5,16,max_daily:10; max_weekly:60; max_monthly:100,N,10,CONFIRMED,COMPLIANT,N,,,0,,N,Y,5.0,4,147,2026-01-25 17:52:00,Y
RST-1635,CREW-1635,EY11298,POS-9,FLT-1061,EY8086,7,Crew Out of Hours + Insufficient Cabin Crew Crisis,A6-EYI,Yusuf,Wang,Flight Attendant,Flight Attendant,Junior,9,CABIN,SYD,Cabin,2026-12-08,2026-10-17,B787-10,FLIGHT,2026-01-25T04:52:00Z,2026-01-25T18:22:00Z,13.0,11.0,2.5,16,max_daily:10; max_weekly:60; max_monthly:100,N,10,CONFIRMED,COMPLIANT,N,,,0,,N,Y,5.0,4,53,2026-01-25 17:52:00,Y
RST-1636,CREW-1636,EY57180,POS-10,FLT-1061,EY8086,7,Crew Out of Hours + Insufficient Cabin Crew Crisis,A6-EYI,Carlos,Tanaka,Flight Attendant,Flight Attendant,Senior,10,CABIN,SIN,Cabin,2027-08-07,2027-08-11,B787-10,FLIGHT,2026-01-25T04:52:00Z,2026-01-25T18:22:00Z,13.0,11.0,2.5,16,max_daily:10; max_weekly:60; max_monthly:100,N,10,CONFIRMED,COMPLIANT,N,,,0,,N,Y,5.0,4,100,2026-01-25 17:52:00,Y
RST-1637,CREW-1637,EY67536,POS-1,FLT-1062,EY6622,7,Crew Out of Hours + Insufficient Cabin Crew Crisis,A6-EYJ,Robert,Ferrari,Captain,Captain,Junior,1,COCKPIT,AUH,ATPL,2027-09-27,2026-11-17,B787-10,FLIGHT,2026-01-25T06:09:00Z,2026-01-25T15:39:00Z,9.0,7.0,4.5,14,max_daily:10; max_weekly:60; max_monthly:100,N,10,CONFIRMED,COMPLIANT,N,,,0,,N,N,1.0,4,91,2026-01-25 15:09:00,Y
RST-1638,CREW-1638,EY28794,POS-2,FLT-1062,EY6622,7,Crew Out of Hours + Insufficient Cabin Crew Crisis,A6-EYJ,Arjun,Patel,First Officer,First Officer,Junior,2,COCKPIT,SYD,ATPL,2027-12-13,2026-12-25,B787-10,FLIGHT,2026-01-25T06:09:00Z,2026-01-25T15:39:00Z,9.0,7.0,4.5,14,max_daily:10; max_weekly:60; max_monthly:100,N,10,CONFIRMED,COMPLIANT,N,,,0,,N,N,1.0,4,90,2026-01-25 15:09:00,Y
RST-1639,CREW-1639,EY35561,POS-3,FLT-1062,EY6622,7,Crew Out of Hours + Insufficient Cabin Crew Crisis,A6-EYJ,Yuki,Schmidt,Purser,Purser,Junior,3,CABIN,SYD,Cabin,2028-09-14,2026-07-23,B787-10,FLIGHT,2026-01-25T06:09:00Z,2026-01-25T15:39:00Z,9.0,7.0,6.5,16,max_daily:10; max_weekly:60; max_monthly:100,N,10,CONFIRMED,COMPLIANT,N,,,0,,N,N,1.0,4,52,2026-01-25 15:09:00,Y
RST-1640,CREW-1640,EY95979,POS-4,FLT-1062,EY6622,7,Crew Out of Hours + Insufficient Cabin Crew Crisis,A6-EYJ,Priya,Schmidt,Flight Attendant,Flight Attendant,Senior,4,CABIN,SIN,Cabin,2028-10-07,2026-06-09,B787-10,FLIGHT,2026-01-25T06:09:00Z,2026-01-25T15:39:00Z,9.0,7.0,6.5,16,max_daily:10; max_weekly:60; max_monthly:100,N,10,CONFIRMED,COMPLIANT,N,,,0,,N,N,1.0,4,122,2026-01-25 15:09:00,Y
RST-1641,CREW-1641,EY15780,POS-5,FLT-1062,EY6622,7,Crew Out of Hours + Insufficient Cabin Crew Crisis,A6-EYJ,Mohammed,Tanaka,Flight Attendant,Flight Attendant,Senior,5,CABIN,SIN,Cabin,2028-04-12,2026-09-13,B787-10,FLIGHT,2026-01-25T06:09:00Z,2026-01-25T15:39:00Z,9.0,7.0,6.5,16,max_daily:10; max_weekly:60; max_monthly:100,N,10,CONFIRMED,COMPLIANT,N,,,0,,N,N,1.0,4,110,2026-01-25 15:09:00,Y
RST-1642,CREW-1642,EY28092,POS-6,FLT-1062,EY6622,7,Crew Out of Hours + Insufficient Cabin Crew Crisis,A6-EYJ,Mei,Martinez,Flight Attendant,Flight Attendant,Junior,6,CABIN,SYD,Cabin,2027-06-15,2026-02-21,B787-10,FLIGHT,2026-01-25T06:09:00Z,2026-01-25T15:39:00Z,9.0,7.0,6.5,16,max_daily:10; max_weekly:60; max_monthly:100,N,10,CONFIRMED,COMPLIANT,N,,,0,,N,N,1.0,4,145,2026-01-25 15:09:00,Y
RST-1643,CREW-1643,EY56020,POS-7,FLT-1062,EY6622,7,Crew Out of Hours + Insufficient Cabin Crew Crisis,A6-EYJ,Michael,Yamamoto,Flight Attendant,Flight Attendant,Junior,7,CABIN,LHR,Cabin,2028-08-15,2027-09-12,B787-10,FLIGHT,2026-01-25T06:09:00Z,2026-01-25T15:39:00Z,9.0,7.0,6.5,16,max_daily:10; max_weekly:60; max_monthly:100,N,10,CONFIRMED,COMPLIANT,N,,,0,,N,N,1.0,4,180,2026-01-25 15:09:00,Y
RST-1644,CREW-1644,EY77895,POS-8,FLT-1062,EY6622,7,Crew Out of Hours + Insufficient Cabin Crew Crisis,A6-EYJ,John,Smith,Flight Attendant,Flight Attendant,Junior,8,CABIN,SIN,Cabin,2028-10-25,2027-01-18,B787-10,FLIGHT,2026-01-25T06:09:00Z,2026-01-25T15:39:00Z,9.0,7.0,6.5,16,max_daily:10; max_weekly:60; max_monthly:100,N,10,CONFIRMED,COMPLIANT,N,,,0,,N,N,1.0,4,160,2026-01-25 15:09:00,Y
RST-1645,CREW-1645,EY42160,POS-9,FLT-1062,EY6622,7,Crew Out of Hours + Insufficient Cabin Crew Crisis,A6-EYJ,Layla,Mueller,Flight Attendant,Flight Attendant,Junior,9,CABIN,AUH,Cabin,2027-11-03,2026-08-09,B787-10,FLIGHT,2026-01-25T06:09:00Z,2026-01-25T15:39:00Z,9.0,7.0,6.5,16,max_daily:10; max_weekly:60; max_monthly:100,N,10,CONFIRMED,COMPLIANT,N,,,0,,N,N,1.0,4,120,2026-01-25 15:09:00,Y
RST-1646,CREW-1646,EY46134,POS-10,FLT-1062,EY6622,7,Crew Out of Hours + Insufficient Cabin Crew Crisis,A6-EYJ,Arjun,Tanaka,Flight Attendant,Flight Attendant,Junior,10,CABIN,AUH,Cabin,2027-03-11,2027-12-19,B787-10,FLIGHT,2026-01-25T06:09:00Z,2026-01-25T15:39:00Z,9.0,7.0,6.5,16,max_daily:10; max_weekly:60; max_monthly:100,N,10,CONFIRMED,COMPLIANT,N,,,0,,N,N,1.0,4,101,2026-01-25 15:09:00,Y
RST-1647,CREW-1647,EY59356,POS-1,FLT-1063,EY0739,7,Crew Out of Hours + Insufficient Cabin Crew Crisis,A6-EYA,Hiroshi,Mueller,Captain,Captain,Senior,1,COCKPIT,SYD,ATPL,2027-01-03,2026-11-28,A380,FLIGHT,2026-01-25T08:31:00Z,2026-01-26T02:01:00Z,17.0,15.0,-3.5,14,max_daily:10; max_weekly:60; max_monthly:100,Y,12,CONFIRMED,WARNING,N,,,0,,N,Y,9.0,4,143,2026-01-26 01:31:00,Y
RST-1648,CREW-1648,EY87361,POS-2,FLT-1063,EY0739,7,Crew Out of Hours + Insufficient Cabin Crew Crisis,A6-EYA,Mohammed,Ferrari,First Officer,First Officer,Senior,2,COCKPIT,JFK,ATPL,2027-01-04,2027-12-27,A380,FLIGHT,2026-01-25T08:31:00Z,2026-01-26T02:01:00Z,17.0,15.0,-3.5,14,max_daily:10; max_weekly:60; max_monthly:100,Y,12,CONFIRMED,WARNING,N,,,0,,N,Y,9.0,4,184,2026-01-26 01:31:00,Y
RST-1649,CREW-1649,EY98487,POS-3,FLT-1063,EY0739,7,Crew Out of Hours + Insufficient Cabin Crew Crisis,A6-EYA,Olivia,Schmidt,Purser,Purser,Junior,3,CABIN,AUH,Cabin,2026-11-28,2027-03-07,A380,FLIGHT,2026-01-25T08:31:00Z,2026-01-26T02:01:00Z,17.0,15.0,-1.5,16,max_daily:10; max_weekly:60; max_monthly:100,Y,12,CONFIRMED,WARNING,N,,,0,,N,Y,9.0,4,167,2026-01-26 01:31:00,Y
RST-1650,CREW-1650,EY56249,POS-4,FLT-1063,EY0739,7,Crew Out of Hours + Insufficient Cabin Crew Crisis,A6-EYA,Omar,Patel,Flight Attendant,Flight Attendant,Junior,4,CABIN,LHR,Cabin,2028-05-09,2026-11-05,A380,FLIGHT,2026-01-25T08:31:00Z,2026-01-26T02:01:00Z,17.0,15.0,-1.5,16,max_daily:10; max_weekly:60; max_monthly:100,Y,12,CONFIRMED,WARNING,N,,,0,,N,Y,9.0,4,160,2026-01-26 01:31:00,Y
RST-1651,CREW-1651,EY13928,POS-5,FLT-1063,EY0739,7,Crew Out of Hours + Insufficient Cabin Crew Crisis,A6-EYA,James,Patel,Flight Attendant,Flight Attendant,Senior,5,CABIN,SIN,Cabin,2027-05-06,2027-10-27,A380,FLIGHT,2026-01-25T08:31:00Z,2026-01-26T02:01:00Z,17.0,15.0,-1.5,16,max_daily:10; max_weekly:60; max_monthly:100,Y,12,CONFIRMED,WARNING,N,,,0,,N,Y,9.0,4,173,2026-01-26 01:31:00,Y
RST-1652,CREW-1652,EY49785,POS-6,FLT-1063,EY0739,7,Crew Out of Hours + Insufficient Cabin Crew Crisis,A6-EYA,Yuki,Garcia,Flight Attendant,Flight Attendant,Senior,6,CABIN,LHR,Cabin,2027-11-16,2027-02-20,A380,FLIGHT,2026-01-25T08:31:00Z,2026-01-26T02:01:00Z,17.0,15.0,-1.5,16,max_daily:10; max_weekly:60; max_monthly:100,Y,12,CONFIRMED,WARNING,N,,,0,,N,Y,9.0,4,150,2026-01-26 01:31:00,Y
RST-1653,CREW-1653,EY72352,POS-7,FLT-1063,EY0739,7,Crew Out of Hours + Insufficient Cabin Crew Crisis,A6-EYA,Michael,Khan,Flight Attendant,Flight Attendant,Junior,7,CABIN,SIN,Cabin,2027-09-17,2026-02-02,A380,FLIGHT,2026-01-25T08:31:00Z,2026-01-26T02:01:00Z,17.0,15.0,-1.5,16,max_daily:10; max_weekly:60; max_monthly:100,Y,12,CONFIRMED,WARNING,N,,,0,,N,Y,9.0,4,144,2026-01-26 01:31:00,Y
RST-1654,CREW-1654,EY41495,POS-8,FLT-1063,EY0739,7,Crew Out of Hours + Insufficient Cabin Crew Crisis,A6-EYA,Aisha,Wang,Flight Attendant,Flight Attendant,Junior,8,CABIN,AUH,Cabin,2026-04-23,2026-11-17,A380,FLIGHT,2026-01-25T08:31:00Z,2026-01-26T02:01:00Z,17.0,15.0,-1.5,16,max_daily:10; max_weekly:60; max_monthly:100,Y,12,CONFIRMED,WARNING,N,,,0,,N,Y,9.0,4,86,2026-01-26 01:31:00,Y
RST-1655,CREW-1655,EY84167,POS-9,FLT-1063,EY0739,7,Crew Out of Hours + Insufficient Cabin Crew Crisis,A6-EYA,Wei,Yamamoto,Flight Attendant,Flight Attendant,Junior,9,CABIN,SYD,Cabin,2028-02-02,2026-12-16,A380,FLIGHT,2026-01-25T08:31:00Z,2026-01-26T02:01:00Z,17.0,15.0,-1.5,16,max_daily:10; max_weekly:60; max_monthly:100,Y,12,CONFIRMED,WARNING,N,,,0,,N,Y,9.0,4,167,2026-01-26 01:31:00,Y
RST-1656,CREW-1656,EY20102,POS-10,FLT-1063,EY0739,7,Crew Out of Hours + Insufficient Cabin Crew Crisis,A6-EYA,David,Rossi,Flight Attendant,Flight Attendant,Junior,10,CABIN,SIN,Cabin,2026-02-21,2026-03-21,A380,FLIGHT,2026-01-25T08:31:00Z,2026-01-26T02:01:00Z,17.0,15.0,-1.5,16,max_daily:10; max_weekly:60; max_monthly:100,Y,12,CONFIRMED,WARNING,N,,,0,,N,Y,9.0,4,194,2026-01-26 01:31:00,Y
RST-1657,CREW-1657,EY52562,POS-11,FLT-1063,EY0739,7,Crew Out of Hours + Insufficient Cabin Crew Crisis,A6-EYA,Michael,Mueller,Flight Attendant,Flight Attendant,Senior,11,CABIN,JFK,Cabin,2026-03-11,2027-02-15,A380,FLIGHT,2026-01-25T08:31:00Z,2026-01-26T02:01:00Z,17.0,15.0,-1.5,16,max_daily:10; max_weekly:60; max_monthly:100,Y,12,CONFIRMED,WARNING,N,,,0,,N,Y,9.0,4,119,2026-01-26 01:31:00,Y
RST-1658,CREW-1658,EY86072,POS-12,FLT-1063,EY0739,7,Crew Out of Hours + Insufficient Cabin Crew Crisis,A6-EYA,Omar,Schmidt,Flight Attendant,Flight Attendant,Junior,12,CABIN,SIN,Cabin,2026-05-14,2027-05-17,A380,FLIGHT,2026-01-25T08:31:00Z,2026-01-26T02:01:00Z,17.0,15.0,-1.5,16,max_daily:10; max_weekly:60; max_monthly:100,Y,12,CONFIRMED,WARNING,N,,,0,,N,Y,9.0,4,149,2026-01-26 01:31:00,Y
RST-1659,CREW-1659,EY33046,POS-13,FLT-1063,EY0739,7,Crew Out of Hours + Insufficient Cabin Crew Crisis,A6-EYA,Layla,Garcia,Flight Attendant,Flight Attendant,Junior,13,CABIN,SIN,Cabin,2027-06-01,2026-10-18,A380,FLIGHT,2026-01-25T08:31:00Z,2026-01-26T02:01:00Z,17.0,15.0,-1.5,16,max_daily:10; max_weekly:60; max_monthly:100,Y,12,CONFIRMED,WARNING,N,,,0,,N,Y,9.0,4,64,2026-01-26 01:31:00,Y
RST-1660,CREW-1660,EY99123,POS-14,FLT-1063,EY0739,7,Crew Out of Hours + Insufficient Cabin Crew Crisis,A6-EYA,Sophia,Johnson,Flight Attendant,Flight Attendant,Senior,14,CABIN,AUH,Cabin,2027-12-21,2027-03-05,A380,FLIGHT,2026-01-25T08:31:00Z,2026-01-26T02:01:00Z,17.0,15.0,-1.5,16,max_daily:10; max_weekly:60; max_monthly:100,Y,12,CONFIRMED,WARNING,N,,,0,,N,Y,9.0,4,193,2026-01-26 01:31:00,Y
RST-1661,CREW-1661,EY67458,POS-15,FLT-1063,EY0739,7,Crew Out of Hours + Insufficient Cabin Crew Crisis,A6-EYA,Sara,Khan,Flight Attendant,Flight Attendant,Junior,15,CABIN,AUH,Cabin,2028-06-20,2027-11-13,A380,FLIGHT,2026-01-25T08:31:00Z,2026-01-26T02:01:00Z,17.0,15.0,-1.5,16,max_daily:10; max_weekly:60; max_monthly:100,Y,12,CONFIRMED,WARNING,N,,,0,,N,Y,9.0,4,95,2026-01-26 01:31:00,Y
RST-1662,CREW-1662,EY52240,POS-16,FLT-1063,EY0739,7,Crew Out of Hours + Insufficient Cabin Crew Crisis,A6-EYA,Emma,Martinez,Flight Attendant,Flight Attendant,Junior,16,CABIN,SYD,Cabin,2028-12-15,2026-01-17,A380,FLIGHT,2026-01-25T08:31:00Z,2026-01-26T02:01:00Z,17.0,15.0,-1.5,16,max_daily:10; max_weekly:60; max_monthly:100,Y,12,CONFIRMED,WARNING,N,,,0,,N,Y,9.0,4,149,2026-01-26 01:31:00,Y
RST-1663,CREW-1663,EY92131,POS-1,FLT-1064,EY432,7,Crew Out of Hours + Insufficient Cabin Crew Crisis,A6-EYF,Mohammed,Kim,Captain,Captain,Junior,1,COCKPIT,LHR,ATPL,2028-03-22,2026-04-02,B787-10,FLIGHT,2026-01-25T10:49:00Z,2026-01-26T01:19:00Z,14.0,12.0,-0.5,14,max_daily:10; max_weekly:60; max_monthly:100,Y,12,CONFIRMED,WARNING,N,,,0,,N,Y,6.0,4,96,2026-01-26 00:49:00,Y
RST-1664,CREW-1664,EY75563,POS-2,FLT-1064,EY432,7,Crew Out of Hours + Insufficient Cabin Crew Crisis,A6-EYF,Layla,Mueller,First Officer,First Officer,Junior,2,COCKPIT,JFK,ATPL,2027-05-28,2026-03-06,B787-10,FLIGHT,2026-01-25T10:49:00Z,2026-01-26T01:19:00Z,14.0,12.0,-0.5,14,max_daily:10; max_weekly:60; max_monthly:100,Y,12,CONFIRMED,WARNING,N,,,0,,N,Y,6.0,4,146,2026-01-26 00:49:00,Y
RST-1665,CREW-1665,EY21034,POS-3,FLT-1064,EY432,7,Crew Out of Hours + Insufficient Cabin Crew Crisis,A6-EYF,Aisha,Singh,Purser,Purser,Junior,3,CABIN,JFK,Cabin,2027-08-03,2026-07-12,B787-10,FLIGHT,2026-01-25T10:49:00Z,2026-01-26T01:19:00Z,14.0,12.0,1.5,16,max_daily:10; max_weekly:60; max_monthly:100,N,10,CONFIRMED,COMPLIANT,N,,,0,,N,Y,6.0,4,138,2026-01-26 00:49:00,Y
RST-1666,CREW-1666,EY91872,POS-4,FLT-1064,EY432,7,Crew Out of Hours + Insufficient Cabin Crew Crisis,A6-EYF,Isabella,Kim,Flight Attendant,Flight Attendant,Junior,4,CABIN,AUH,Cabin,2027-01-04,2027-12-06,B787-10,FLIGHT,2026-01-25T10:49:00Z,2026-01-26T01:19:00Z,14.0,12.0,1.5,16,max_daily:10; max_weekly:60; max_monthly:100,N,10,CONFIRMED,COMPLIANT,N,,,0,,N,Y,6.0,4,140,2026-01-26 00:49:00,Y
RST-1667,CREW-1667,EY86046,POS-5,FLT-1064,EY432,7,Crew Out of Hours + Insufficient Cabin Crew Crisis,A6-EYF,Arjun,Smith,Flight Attendant,Flight Attendant,Junior,5,CABIN,LHR,Cabin,2028-08-28,2027-12-04,B787-10,FLIGHT,2026-01-25T10:49:00Z,2026-01-26T01:19:00Z,14.0,12.0,1.5,16,max_daily:10; max_weekly:60; max_monthly:100,N,10,CONFIRMED,COMPLIANT,N,,,0,,N,Y,6.0,4,74,2026-01-26 00:49:00,Y
RST-1668,CREW-1668,EY84631,POS-6,FLT-1064,EY432,7,Crew Out of Hours + Insufficient Cabin Crew Crisis,A6-EYF,Ananya,Khan,Flight Attendant,Flight Attendant,Senior,6,CABIN,JFK,Cabin,2026-12-20,2027-10-07,B787-10,FLIGHT,2026-01-25T10:49:00Z,2026-01-26T01:19:00Z,14.0,12.0,1.5,16,max_daily:10; max_weekly:60; max_monthly:100,N,10,CONFIRMED,COMPLIANT,N,,,0,,N,Y,6.0,4,150,2026-01-26 00:49:00,Y
RST-1669,CREW-1669,EY76003,POS-7,FLT-1064,EY432,7,Crew Out of Hours + Insufficient Cabin Crew Crisis,A6-EYF,Mia,Singh,Flight Attendant,Flight Attendant,Junior,7,CABIN,LHR,Cabin,2028-01-06,2027-07-02,B787-10,FLIGHT,2026-01-25T10:49:00Z,2026-01-26T01:19:00Z,14.0,12.0,1.5,16,max_daily:10; max_weekly:60; max_monthly:100,N,10,CONFIRMED,COMPLIANT,N,,,0,,N,Y,6.0,4,123,2026-01-26 00:49:00,Y
RST-1670,CREW-1670,EY85400,POS-8,FLT-1064,EY432,7,Crew Out of Hours + Insufficient Cabin Crew Crisis,A6-EYF,Hiroshi,Schmidt,Flight Attendant,Flight Attendant,Senior,8,CABIN,LHR,Cabin,2027-01-05,2026-05-15,B787-10,FLIGHT,2026-01-25T10:49:00Z,2026-01-26T01:19:00Z,14.0,12.0,1.5,16,max_daily:10; max_weekly:60; max_monthly:100,N,10,CONFIRMED,COMPLIANT,N,,,0,,N,Y,6.0,4,181,2026-01-26 00:49:00,Y
RST-1671,CREW-1671,EY94142,POS-9,FLT-1064,EY432,7,Crew Out of Hours + Insufficient Cabin Crew Crisis,A6-EYF,James,Lee,Flight Attendant,Flight Attendant,Junior,9,CABIN,SIN,Cabin,2026-12-16,2027-04-22,B787-10,FLIGHT,2026-01-25T10:49:00Z,2026-01-26T01:19:00Z,14.0,12.0,1.5,16,max_daily:10; max_weekly:60; max_monthly:100,N,10,CONFIRMED,COMPLIANT,N,,,0,,N,Y,6.0,4,179,2026-01-26 00:49:00,Y
RST-1672,CREW-1672,EY83246,POS-10,FLT-1064,EY432,7,Crew Out of Hours + Insufficient Cabin Crew Crisis,A6-EYF,Arjun,Johnson,Flight Attendant,Flight Attendant,Junior,10,CABIN,SYD,Cabin,2026-12-28,2027-03-27,B787-10,FLIGHT,2026-01-25T10:49:00Z,2026-01-26T01:19:00Z,14.0,12.0,1.5,16,max_daily:10; max_weekly:60; max_monthly:100,N,10,CONFIRMED,COMPLIANT,N,,,0,,N,Y,6.0,4,144,2026-01-26 00:49:00,Y
RST-1673,CREW-1673,EY82554,POS-1,FLT-1065,EY1202,7,Crew Out of Hours + Insufficient Cabin Crew Crisis,A6-EYH,Maria,Mueller,Captain,Captain,Junior,1,COCKPIT,SYD,ATPL,2027-05-02,2027-06-08,B787-10,FLIGHT,2026-01-25T12:15:00Z,2026-01-25T22:45:00Z,10.0,8.0,3.5,14,max_daily:10; max_weekly:60; max_monthly:100,N,10,CONFIRMED,COMPLIANT,N,,,0,,N,N,2.0,4,151,2026-01-25 22:15:00,Y
RST-1674,CREW-1674,EY27450,POS-2,FLT-1065,EY1202,7,Crew Out of Hours + Insufficient Cabin Crew Crisis,A6-EYH,Wei,Rossi,First Officer,First Officer,Junior,2,COCKPIT,SYD,ATPL,2026-02-05,2027-04-05,B787-10,FLIGHT,2026-01-25T12:15:00Z,2026-01-25T22:45:00Z,10.0,8.0,3.5,14,max_daily:10; max_weekly:60; max_monthly:100,N,10,CONFIRMED,COMPLIANT,N,,,0,,N,N,2.0,4,199,2026-01-25 22:15:00,Y
RST-1675,CREW-1675,EY74458,POS-3,FLT-1065,EY1202,7,Crew Out of Hours + Insufficient Cabin Crew Crisis,A6-EYH,Mei,Tanaka,Purser,Purser,Junior,3,CABIN,SYD,Cabin,2026-06-18,2027-11-10,B787-10,FLIGHT,2026-01-25T12:15:00Z,2026-01-25T22:45:00Z,10.0,8.0,5.5,16,max_daily:10; max_weekly:60; max_monthly:100,N,10,CONFIRMED,COMPLIANT,N,,,0,,N,N,2.0,4,143,2026-01-25 22:15:00,Y
RST-1676,CREW-1676,EY38788,POS-4,FLT-1065,EY1202,7,Crew Out of Hours + Insufficient Cabin Crew Crisis,A6-EYH,Aisha,Kim,Flight Attendant,Flight Attendant,Junior,4,CABIN,JFK,Cabin,2026-11-12,2027-08-28,B787-10,FLIGHT,2026-01-25T12:15:00Z,2026-01-25T22:45:00Z,10.0,8.0,5.5,16,max_daily:10; max_weekly:60; max_monthly:100,N,10,CONFIRMED,COMPLIANT,N,,,0,,N,N,2.0,4,105,2026-01-25 22:15:00,Y
RST-1677,CREW-1677,EY24358,POS-5,FLT-1065,EY1202,7,Crew Out of Hours + Insufficient Cabin Crew Crisis,A6-EYH,Isabella,Wang,Flight Attendant,Flight Attendant,Junior,5,CABIN,JFK,Cabin,2026-03-16,2027-10-20,B787-10,FLIGHT,2026-01-25T12:15:00Z,2026-01-25T22:45:00Z,10.0,8.0,5.5,16,max_daily:10; max_weekly:60; max_monthly:100,N,10,CONFIRMED,COMPLIANT,N,,,0,,N,N,2.0,4,135,2026-01-25 22:15:00,Y
RST-1678,CREW-1678,EY13040,POS-6,FLT-1065,EY1202,7,Crew Out of Hours + Insufficient Cabin Crew Crisis,A6-EYH,Michael,Yamamoto,Flight Attendant,Flight Attendant,Senior,6,CABIN,JFK,Cabin,2027-04-26,2027-02-09,B787-10,FLIGHT,2026-01-25T12:15:00Z,2026-01-25T22:45:00Z,10.0,8.0,5.5,16,max_daily:10; max_weekly:60; max_monthly:100,N,10,CONFIRMED,COMPLIANT,N,,,0,,N,N,2.0,4,172,2026-01-25 22:15:00,Y
RST-1679,CREW-1679,EY44924,POS-7,FLT-1065,EY1202,7,Crew Out of Hours + Insufficient Cabin Crew Crisis,A6-EYH,Layla,Chen,Flight Attendant,Flight Attendant,Junior,7,CABIN,SYD,Cabin,2026-10-11,2026-06-12,B787-10,FLIGHT,2026-01-25T12:15:00Z,2026-01-25T22:45:00Z,10.0,8.0,5.5,16,max_daily:10; max_weekly:60; max_monthly:100,N,10,CONFIRMED,COMPLIANT,N,,,0,,N,N,2.0,4,144,2026-01-25 22:15:00,Y
RST-1680,CREW-1680,EY18505,POS-8,FLT-1065,EY1202,7,Crew Out of Hours + Insufficient Cabin Crew Crisis,A6-EYH,Ahmed,Khan,Flight Attendant,Flight Attendant,Junior,8,CABIN,LHR,Cabin,2026-04-19,2027-06-06,B787-10,FLIGHT,2026-01-25T12:15:00Z,2026-01-25T22:45:00Z,10.0,8.0,5.5,16,max_daily:10; max_weekly:60; max_monthly:100,N,10,CONFIRMED,COMPLIANT,N,,,0,,N,N,2.0,4,54,2026-01-25 22:15:00,Y
RST-1681,CREW-1681,EY10133,POS-9,FLT-1065,EY1202,7,Crew Out of Hours + Insufficient Cabin Crew Crisis,A6-EYH,Mia,Khan,Flight Attendant,Flight Attendant,Junior,9,CABIN,SIN,Cabin,2027-11-06,2026-10-04,B787-10,FLIGHT,2026-01-25T12:15:00Z,2026-01-25T22:45:00Z,10.0,8.0,5.5,16,max_daily:10; max_weekly:60; max_monthly:100,N,10,CONFIRMED,COMPLIANT,N,,,0,,N,N,2.0,4,65,2026-01-25 22:15:00,Y
RST-1682,CREW-1682,EY16253,POS-10,FLT-1065,EY1202,7,Crew Out of Hours + Insufficient Cabin Crew Crisis,A6-EYH,John,Smith,Flight Attendant,Flight Attendant,Senior,10,CABIN,JFK,Cabin,2028-11-23,2027-04-28,B787-10,FLIGHT,2026-01-25T12:15:00Z,2026-01-25T22:45:00Z,10.0,8.0,5.5,16,max_daily:10; max_weekly:60; max_monthly:100,N,10,CONFIRMED,COMPLIANT,N,,,0,,N,N,2.0,4,142,2026-01-25 22:15:00,Y
RST-1683,CREW-1683,EY39065,POS-1,FLT-1066,EY334,7,Crew Out of Hours + Insufficient Cabin Crew Crisis,A6-EYK,Carlos,Johnson,Captain,Captain,Junior,1,COCKPIT,AUH,ATPL,2027-04-08,2027-04-06,A350,FLIGHT,2026-01-25T14:35:00Z,2026-01-26T10:05:00Z,19.0,17.0,-5.5,14,max_daily:10; max_weekly:60; max_monthly:100,Y,12,CONFIRMED,WARNING,N,,,0,,N,Y,11.0,4,55,2026-01-26 09:35:00,Y
RST-1684,CREW-1684,EY90360,POS-2,FLT-1066,EY334,7,Crew Out of Hours + Insufficient Cabin Crew Crisis,A6-EYK,Yuki,Garcia,First Officer,First Officer,Junior,2,COCKPIT,LHR,ATPL,2028-03-21,2027-03-12,A350,FLIGHT,2026-01-25T14:35:00Z,2026-01-26T10:05:00Z,19.0,17.0,-5.5,14,max_daily:10; max_weekly:60; max_monthly:100,Y,12,CONFIRMED,WARNING,N,,,0,,N,Y,11.0,4,94,2026-01-26 09:35:00,Y
RST-1685,CREW-1685,EY55103,POS-3,FLT-1066,EY334,7,Crew Out of Hours + Insufficient Cabin Crew Crisis,A6-EYK,Omar,Schmidt,Purser,Purser,Junior,3,CABIN,AUH,Cabin,2027-07-20,2026-10-25,A350,FLIGHT,2026-01-25T14:35:00Z,2026-01-26T10:05:00Z,19.0,17.0,-3.5,16,max_daily:10; max_weekly:60; max_monthly:100,Y,12,CONFIRMED,WARNING,N,,,0,,N,Y,11.0,4,196,2026-01-26 09:35:00,Y
RST-1686,CREW-1686,EY79442,POS-4,FLT-1066,EY334,7,Crew Out of Hours + Insufficient Cabin Crew Crisis,A6-EYK,Mei,Patel,Flight Attendant,Flight Attendant,Senior,4,CABIN,SYD,Cabin,2026-05-16,2026-10-04,A350,FLIGHT,2026-01-25T14:35:00Z,2026-01-26T10:05:00Z,19.0,17.0,-3.5,16,max_daily:10; max_weekly:60; max_monthly:100,Y,12,CONFIRMED,WARNING,N,,,0,,N,Y,11.0,4,101,2026-01-26 09:35:00,Y
RST-1687,CREW-1687,EY61888,POS-5,FLT-1066,EY334,7,Crew Out of Hours + Insufficient Cabin Crew Crisis,A6-EYK,Layla,Khan,Flight Attendant,Flight Attendant,Junior,5,CABIN,SYD,Cabin,2026-04-04,2026-06-23,A350,FLIGHT,2026-01-25T14:35:00Z,2026-01-26T10:05:00Z,19.0,17.0,-3.5,16,max_daily:10; max_weekly:60; max_monthly:100,Y,12,CONFIRMED,WARNING,N,,,0,,N,Y,11.0,4,176,2026-01-26 09:35:00,Y
RST-1688,CREW-1688,EY91585,POS-6,FLT-1066,EY334,7,Crew Out of Hours + Insufficient Cabin Crew Crisis,A6-EYK,Ahmed,Kim,Flight Attendant,Flight Attendant,Junior,6,CABIN,SIN,Cabin,2027-07-24,2026-04-20,A350,FLIGHT,2026-01-25T14:35:00Z,2026-01-26T10:05:00Z,19.0,17.0,-3.5,16,max_daily:10; max_weekly:60; max_monthly:100,Y,12,CONFIRMED,WARNING,N,,,0,,N,Y,11.0,4,192,2026-01-26 09:35:00,Y
RST-1689,CREW-1689,EY71301,POS-7,FLT-1066,EY334,7,Crew Out of Hours + Insufficient Cabin Crew Crisis,A6-EYK,Carlos,Smith,Flight Attendant,Flight Attendant,Junior,7,CABIN,JFK,Cabin,2027-01-04,2027-01-15,A350,FLIGHT,2026-01-25T14:35:00Z,2026-01-26T10:05:00Z,19.0,17.0,-3.5,16,max_daily:10; max_weekly:60; max_monthly:100,Y,12,CONFIRMED,WARNING,N,,,0,,N,Y,11.0,4,188,2026-01-26 09:35:00,Y
RST-1690,CREW-1690,EY64775,POS-8,FLT-1066,EY334,7,Crew Out of Hours + Insufficient Cabin Crew Crisis,A6-EYK,Isabella,Mueller,Flight Attendant,Flight Attendant,Junior,8,CABIN,JFK,Cabin,2028-07-04,2026-10-05,A350,FLIGHT,2026-01-25T14:35:00Z,2026-01-26T10:05:00Z,19.0,17.0,-3.5,16,max_daily:10; max_weekly:60; max_monthly:100,Y,12,CONFIRMED,WARNING,N,,,0,,N,Y,11.0,4,92,2026-01-26 09:35:00,Y
RST-1691,CREW-1691,EY32946,POS-9,FLT-1066,EY334,7,Crew Out of Hours + Insufficient Cabin Crew Crisis,A6-EYK,Fatima,Ferrari,Flight Attendant,Flight Attendant,Junior,9,CABIN,SYD,Cabin,2027-10-19,2027-12-12,A350,FLIGHT,2026-01-25T14:35:00Z,2026-01-26T10:05:00Z,19.0,17.0,-3.5,16,max_daily:10; max_weekly:60; max_monthly:100,Y,12,CONFIRMED,WARNING,N,,,0,,N,Y,11.0,4,118,2026-01-26 09:35:00,Y
RST-1692,CREW-1692,EY83760,POS-10,FLT-1066,EY334,7,Crew Out of Hours + Insufficient Cabin Crew Crisis,A6-EYK,Mei,Brown,Flight Attendant,Flight Attendant,Senior,10,CABIN,AUH,Cabin,2027-03-02,2027-07-04,A350,FLIGHT,2026-01-25T14:35:00Z,2026-01-26T10:05:00Z,19.0,17.0,-3.5,16,max_daily:10; max_weekly:60; max_monthly:100,Y,12,CONFIRMED,WARNING,N,,,0,,N,Y,11.0,4,189,2026-01-26 09:35:00,Y
RST-1693,CREW-1693,EY55952,POS-11,FLT-1066,EY334,7,Crew Out of Hours + Insufficient Cabin Crew Crisis,A6-EYK,Sara,Rossi,Flight Attendant,Flight Attendant,Junior,11,CABIN,SIN,Cabin,2026-02-21,2026-10-03,A350,FLIGHT,2026-01-25T14:35:00Z,2026-01-26T10:05:00Z,19.0,17.0,-3.5,16,max_daily:10; max_weekly:60; max_monthly:100,Y,12,CONFIRMED,WARNING,N,,,0,,N,Y,11.0,4,100,2026-01-26 09:35:00,Y
RST-1694,CREW-1694,EY22288,POS-12,FLT-1066,EY334,7,Crew Out of Hours + Insufficient Cabin Crew Crisis,A6-EYK,James,Lee,Flight Attendant,Flight Attendant,Junior,12,CABIN,LHR,Cabin,2028-09-05,2027-01-26,A350,FLIGHT,2026-01-25T14:35:00Z,2026-01-26T10:05:00Z,19.0,17.0,-3.5,16,max_daily:10; max_weekly:60; max_monthly:100,Y,12,CONFIRMED,WARNING,N,,,0,,N,Y,11.0,4,183,2026-01-26 09:35:00,Y
RST-1695,CREW-1695,EY75600,POS-1,FLT-1067,EY8087,7,Crew Out of Hours + Insufficient Cabin Crew Crisis,A6-EYI,Sara,Martinez,Captain,Captain,Junior,1,COCKPIT,AUH,ATPL,2026-02-09,2026-04-03,B787-10,FLIGHT,2026-01-25T16:57:00Z,2026-01-26T11:27:00Z,18.0,16.0,-4.5,14,max_daily:10; max_weekly:60; max_monthly:100,Y,12,CONFIRMED,WARNING,N,,,0,,N,Y,10.0,4,190,2026-01-26 10:57:00,Y
RST-1696,CREW-1696,EY43018,POS-2,FLT-1067,EY8087,7,Crew Out of Hours + Insufficient Cabin Crew Crisis,A6-EYI,Robert,Martinez,First Officer,First Officer,Junior,2,COCKPIT,SIN,ATPL,2028-09-22,2027-12-01,B787-10,FLIGHT,2026-01-25T16:57:00Z,2026-01-26T11:27:00Z,18.0,16.0,-4.5,14,max_daily:10; max_weekly:60; max_monthly:100,Y,12,CONFIRMED,WARNING,N,,,0,,N,Y,10.0,4,160,2026-01-26 10:57:00,Y
RST-1697,CREW-1697,EY60282,POS-3,FLT-1067,EY8087,7,Crew Out of Hours + Insufficient Cabin Crew Crisis,A6-EYI,Yuki,Johnson,Purser,Purser,Junior,3,CABIN,SYD,Cabin,2028-12-27,2026-11-17,B787-10,FLIGHT,2026-01-25T16:57:00Z,2026-01-26T11:27:00Z,18.0,16.0,-2.5,16,max_daily:10; max_weekly:60; max_monthly:100,Y,12,CONFIRMED,WARNING,N,,,0,,N,Y,10.0,4,174,2026-01-26 10:57:00,Y
RST-1698,CREW-1698,EY42793,POS-4,FLT-1067,EY8087,7,Crew Out of Hours + Insufficient Cabin Crew Crisis,A6-EYI,Mia,Kim,Flight Attendant,Flight Attendant,Junior,4,CABIN,SIN,Cabin,2028-12-15,2027-04-19,B787-10,FLIGHT,2026-01-25T16:57:00Z,2026-01-26T11:27:00Z,18.0,16.0,-2.5,16,max_daily:10; max_weekly:60; max_monthly:100,Y,12,CONFIRMED,WARNING,N,,,0,,N,Y,10.0,4,61,2026-01-26 10:57:00,Y
RST-1699,CREW-1699,EY68128,POS-5,FLT-1067,EY8087,7,Crew Out of Hours + Insufficient Cabin Crew Crisis,A6-EYI,Isabella,Chen,Flight Attendant,Flight Attendant,Junior,5,CABIN,SIN,Cabin,2026-07-18,2026-02-12,B787-10,FLIGHT,2026-01-25T16:57:00Z,2026-01-26T11:27:00Z,18.0,16.0,-2.5,16,max_daily:10; max_weekly:60; max_monthly:100,Y,12,CONFIRMED,WARNING,N,,,0,,N,Y,10.0,4,112,2026-01-26 10:57:00,Y
RST-1700,CREW-1700,EY95661,POS-6,FLT-1067,EY8087,7,Crew Out of Hours + Insufficient Cabin Crew Crisis,A6-EYI,Yusuf,Mueller,Flight Attendant,Flight Attendant,Junior,6,CABIN,LHR,Cabin,2026-08-02,2026-03-14,B787-10,FLIGHT,2026-01-25T16:57:00Z,2026-01-26T11:27:00Z,18.0,16.0,-2.5,16,max_daily:10; max_weekly:60; max_monthly:100,Y,12,CONFIRMED,WARNING,N,,,0,,N,Y,10.0,4,181,2026-01-26 10:57:00,Y
RST-1701,CREW-1701,EY53389,POS-7,FLT-1067,EY8087,7,Crew Out of Hours + Insufficient Cabin Crew Crisis,A6-EYI,Arjun,Martinez,Flight Attendant,Flight Attendant,Junior,7,CABIN,SYD,Cabin,2027-10-24,2027-04-01,B787-10,FLIGHT,2026-01-25T16:57:00Z,2026-01-26T11:27:00Z,18.0,16.0,-2.5,16,max_daily:10; max_weekly:60; max_monthly:100,Y,12,CONFIRMED,WARNING,N,,,0,,N,Y,10.0,4,78,2026-01-26 10:57:00,Y
RST-1702,CREW-1702,EY51335,POS-8,FLT-1067,EY8087,7,Crew Out of Hours + Insufficient Cabin Crew Crisis,A6-EYI,Emma,Kim,Flight Attendant,Flight Attendant,Junior,8,CABIN,SIN,Cabin,2026-08-03,2026-12-25,B787-10,FLIGHT,2026-01-25T16:57:00Z,2026-01-26T11:27:00Z,18.0,16.0,-2.5,16,max_daily:10; max_weekly:60; max_monthly:100,Y,12,CONFIRMED,WARNING,N,,,0,,N,Y,10.0,4,108,2026-01-26 10:57:00,Y
RST-1703,CREW-1703,EY14226,POS-9,FLT-1067,EY8087,7,Crew Out of Hours + Insufficient Cabin Crew Crisis,A6-EYI,Mohammed,Ferrari,Flight Attendant,Flight Attendant,Senior,9,CABIN,AUH,Cabin,2027-10-16,2027-03-01,B787-10,FLIGHT,2026-01-25T16:57:00Z,2026-01-26T11:27:00Z,18.0,16.0,-2.5,16,max_daily:10; max_weekly:60; max_monthly:100,Y,12,CONFIRMED,WARNING,N,,,0,,N,Y,10.0,4,95,2026-01-26 10:57:00,Y
RST-1704,CREW-1704,EY54967,POS-10,FLT-1067,EY8087,7,Crew Out of Hours + Insufficient Cabin Crew Crisis,A6-EYI,Aisha,Mueller,Flight Attendant,Flight Attendant,Senior,10,CABIN,AUH,Cabin,2027-03-25,2026-02-07,B787-10,FLIGHT,2026-01-25T16:57:00Z,2026-01-26T11:27:00Z,18.0,16.0,-2.5,16,max_daily:10; max_weekly:60; max_monthly:100,Y,12,CONFIRMED,WARNING,N,,,0,,N,Y,10.0,4,90,2026-01-26 10:57:00,Y
RST-1705,CREW-1705,EY30154,POS-1,FLT-1068,EY0740,7,Crew Out of Hours + Insufficient Cabin Crew Crisis,A6-EYA,Carlos,Singh,Captain,Captain,Junior,1,COCKPIT,SIN,ATPL,2028-11-08,2026-04-26,A380,FLIGHT,2026-01-25T18:47:00Z,2026-01-26T13:17:00Z,18.0,16.0,-4.5,14,max_daily:10; max_weekly:60; max_monthly:100,Y,12,CONFIRMED,WARNING,N,,,0,,N,Y,10.0,4,179,2026-01-26 12:47:00,Y
RST-1706,CREW-1706,EY38063,POS-2,FLT-1068,EY0740,7,Crew Out of Hours + Insufficient Cabin Crew Crisis,A6-EYA,Yusuf,Khan,First Officer,First Officer,Junior,2,COCKPIT,AUH,ATPL,2026-10-22,2026-08-13,A380,FLIGHT,2026-01-25T18:47:00Z,2026-01-26T13:17:00Z,18.0,16.0,-4.5,14,max_daily:10; max_weekly:60; max_monthly:100,Y,12,CONFIRMED,WARNING,N,,,0,,N,Y,10.0,4,75,2026-01-26 12:47:00,Y
RST-1707,CREW-1707,EY55871,POS-3,FLT-1068,EY0740,7,Crew Out of Hours + Insufficient Cabin Crew Crisis,A6-EYA,Robert,Brown,Purser,Purser,Junior,3,CABIN,AUH,Cabin,2026-12-26,2027-09-15,A380,FLIGHT,2026-01-25T18:47:00Z,2026-01-26T13:17:00Z,18.0,16.0,-2.5,16,max_daily:10; max_weekly:60; max_monthly:100,Y,12,CONFIRMED,WARNING,N,,,0,,N,Y,10.0,4,134,2026-01-26 12:47:00,Y
RST-1708,CREW-1708,EY30797,POS-4,FLT-1068,EY0740,7,Crew Out of Hours + Insufficient Cabin Crew Crisis,A6-EYA,Michael,Mueller,Flight Attendant,Flight Attendant,Junior,4,CABIN,JFK,Cabin,2027-07-27,2027-04-02,A380,FLIGHT,2026-01-25T18:47:00Z,2026-01-26T13:17:00Z,18.0,16.0,-2.5,16,max_daily:10; max_weekly:60; max_monthly:100,Y,12,CONFIRMED,WARNING,N,,,0,,N,Y,10.0,4,145,2026-01-26 12:47:00,Y
RST-1709,CREW-1709,EY34150,POS-5,FLT-1068,EY0740,7,Crew Out of Hours + Insufficient Cabin Crew Crisis,A6-EYA,Mia,Schmidt,Flight Attendant,Flight Attendant,Junior,5,CABIN,SIN,Cabin,2028-03-24,2026-02-24,A380,FLIGHT,2026-01-25T18:47:00Z,2026-01-26T13:17:00Z,18.0,16.0,-2.5,16,max_daily:10; max_weekly:60; max_monthly:100,Y,12,CONFIRMED,WARNING,N,,,0,,N,Y,10.0,4,182,2026-01-26 12:47:00,Y
RST-1710,CREW-1710,EY99561,POS-6,FLT-1068,EY0740,7,Crew Out of Hours + Insufficient Cabin Crew Crisis,A6-EYA,Emma,Wang,Flight Attendant,Flight Attendant,Junior,6,CABIN,SIN,Cabin,2027-06-24,2026-01-21,A380,FLIGHT,2026-01-25T18:47:00Z,2026-01-26T13:17:00Z,18.0,16.0,-2.5,16,max_daily:10; max_weekly:60; max_monthly:100,Y,12,CONFIRMED,WARNING,N,,,0,,N,Y,10.0,4,99,2026-01-26 12:47:00,Y
RST-1711,CREW-1711,EY40743,POS-7,FLT-1068,EY0740,7,Crew Out of Hours + Insufficient Cabin Crew Crisis,A6-EYA,Omar,Patel,Flight Attendant,Flight Attendant,Junior,7,CABIN,SIN,Cabin,2026-09-22,2027-11-25,A380,FLIGHT,2026-01-25T18:47:00Z,2026-01-26T13:17:00Z,18.0,16.0,-2.5,16,max_daily:10; max_weekly:60; max_monthly:100,Y,12,CONFIRMED,WARNING,N,,,0,,N,Y,10.0,4,165,2026-01-26 12:47:00,Y
RST-1712,CREW-1712,EY40658,POS-8,FLT-1068,EY0740,7,Crew Out of Hours + Insufficient Cabin Crew Crisis,A6-EYA,Fatima,Wang,Flight Attendant,Flight Attendant,Senior,8,CABIN,SIN,Cabin,2028-12-13,2027-09-16,A380,FLIGHT,2026-01-25T18:47:00Z,2026-01-26T13:17:00Z,18.0,16.0,-2.5,16,max_daily:10; max_weekly:60; max_monthly:100,Y,12,CONFIRMED,WARNING,N,,,0,,N,Y,10.0,4,71,2026-01-26 12:47:00,Y
RST-1713,CREW-1713,EY94530,POS-9,FLT-1068,EY0740,7,Crew Out of Hours + Insufficient Cabin Crew Crisis,A6-EYA,Ananya,Johnson,Flight Attendant,Flight Attendant,Junior,9,CABIN,LHR,Cabin,2028-09-16,2026-09-28,A380,FLIGHT,2026-01-25T18:47:00Z,2026-01-26T13:17:00Z,18.0,16.0,-2.5,16,max_daily:10; max_weekly:60; max_monthly:100,Y,12,CONFIRMED,WARNING,N,,,0,,N,Y,10.0,4,98,2026-01-26 12:47:00,Y
RST-1714,CREW-1714,EY60830,POS-10,FLT-1068,EY0740,7,Crew Out of Hours + Insufficient Cabin Crew Crisis,A6-EYA,Arjun,Khan,Flight Attendant,Flight Attendant,Senior,10,CABIN,LHR,Cabin,2028-11-17,2027-12-17,A380,FLIGHT,2026-01-25T18:47:00Z,2026-01-26T13:17:00Z,18.0,16.0,-2.5,16,max_daily:10; max_weekly:60; max_monthly:100,Y,12,CONFIRMED,WARNING,N,,,0,,N,Y,10.0,4,66,2026-01-26 12:47:00,Y
RST-1715,CREW-1715,EY78235,POS-11,FLT-1068,EY0740,7,Crew Out of Hours + Insufficient Cabin Crew Crisis,A6-EYA,Hassan,Kim,Flight Attendant,Flight Attendant,Senior,11,CABIN,LHR,Cabin,2028-04-08,2027-12-15,A380,FLIGHT,2026-01-25T18:47:00Z,2026-01-26T13:17:00Z,18.0,16.0,-2.5,16,max_daily:10; max_weekly:60; max_monthly:100,Y,12,CONFIRMED,WARNING,N,,,0,,N,Y,10.0,4,62,2026-01-26 12:47:00,Y
RST-1716,CREW-1716,EY90977,POS-12,FLT-1068,EY0740,7,Crew Out of Hours + Insufficient Cabin Crew Crisis,A6-EYA,Emma,Brown,Flight Attendant,Flight Attendant,Senior,12,CABIN,SYD,Cabin,2026-06-05,2027-02-11,A380,FLIGHT,2026-01-25T18:47:00Z,2026-01-26T13:17:00Z,18.0,16.0,-2.5,16,max_daily:10; max_weekly:60; max_monthly:100,Y,12,CONFIRMED,WARNING,N,,,0,,N,Y,10.0,4,166,2026-01-26 12:47:00,Y
RST-1717,CREW-1717,EY78673,POS-13,FLT-1068,EY0740,7,Crew Out of Hours + Insufficient Cabin Crew Crisis,A6-EYA,Mohammed,Williams,Flight Attendant,Flight Attendant,Junior,13,CABIN,JFK,Cabin,2028-02-10,2026-01-18,A380,FLIGHT,2026-01-25T18:47:00Z,2026-01-26T13:17:00Z,18.0,16.0,-2.5,16,max_daily:10; max_weekly:60; max_monthly:100,Y,12,CONFIRMED,WARNING,N,,,0,,N,Y,10.0,4,107,2026-01-26 12:47:00,Y
RST-1718,CREW-1718,EY97466,POS-14,FLT-1068,EY0740,7,Crew Out of Hours + Insufficient Cabin Crew Crisis,A6-EYA,Mei,Johnson,Flight Attendant,Flight Attendant,Junior,14,CABIN,SYD,Cabin,2027-06-03,2026-11-06,A380,FLIGHT,2026-01-25T18:47:00Z,2026-01-26T13:17:00Z,18.0,16.0,-2.5,16,max_daily:10; max_weekly:60; max_monthly:100,Y,12,CONFIRMED,WARNING,N,,,0,,N,Y,10.0,4,70,2026-01-26 12:47:00,Y
RST-1719,CREW-1719,EY21613,POS-15,FLT-1068,EY0740,7,Crew Out of Hours + Insufficient Cabin Crew Crisis,A6-EYA,Yuki,Garcia,Flight Attendant,Flight Attendant,Senior,15,CABIN,LHR,Cabin,2028-10-15,2026-05-08,A380,FLIGHT,2026-01-25T18:47:00Z,2026-01-26T13:17:00Z,18.0,16.0,-2.5,16,max_daily:10; max_weekly:60; max_monthly:100,Y,12,CONFIRMED,WARNING,N,,,0,,N,Y,10.0,4,105,2026-01-26 12:47:00,Y
RST-1720,CREW-1720,EY40215,POS-16,FLT-1068,EY0740,7,Crew Out of Hours + Insufficient Cabin Crew Crisis,A6-EYA,Maria,Singh,Flight Attendant,Flight Attendant,Junior,16,CABIN,LHR,Cabin,2028-04-13,2026-03-26,A380,FLIGHT,2026-01-25T18:47:00Z,2026-01-26T13:17:00Z,18.0,16.0,-2.5,16,max_daily:10; max_weekly:60; max_monthly:100,Y,12,CONFIRMED,WARNING,N,,,0,,N,Y,10.0,4,171,2026-01-26 12:47:00,Y
RST-1721,CREW-1721,EY49175,POS-1,FLT-1069,EY433,7,Crew Out of Hours + Insufficient Cabin Crew Crisis,A6-EYF,Omar,Wang,Captain,Captain,Junior,1,COCKPIT,SIN,ATPL,2027-03-07,2027-03-05,B787-10,FLIGHT,2026-01-25T20:17:00Z,2026-01-26T12:47:00Z,16.0,14.0,-2.5,14,max_daily:10; max_weekly:60; max_monthly:100,Y,12,CONFIRMED,WARNING,N,,,0,,N,Y,8.0,4,188,2026-01-26 12:17:00,Y
RST-1722,CREW-1722,EY18167,POS-2,FLT-1069,EY433,7,Crew Out of Hours + Insufficient Cabin Crew Crisis,A6-EYF,James,Williams,First Officer,First Officer,Senior,2,COCKPIT,AUH,ATPL,2028-11-15,2026-11-11,B787-10,FLIGHT,2026-01-25T20:17:00Z,2026-01-26T12:47:00Z,16.0,14.0,-2.5,14,max_daily:10; max_weekly:60; max_monthly:100,Y,12,CONFIRMED,WARNING,N,,,0,,N,Y,8.0,4,184,2026-01-26 12:17:00,Y
RST-1723,CREW-1723,EY28968,POS-3,FLT-1069,EY433,7,Crew Out of Hours + Insufficient Cabin Crew Crisis,A6-EYF,Maryam,Lee,Purser,Purser,Senior,3,CABIN,SYD,Cabin,2027-05-11,2026-03-07,B787-10,FLIGHT,2026-01-25T20:17:00Z,2026-01-26T12:47:00Z,16.0,14.0,-0.5,16,max_daily:10; max_weekly:60; max_monthly:100,Y,12,CONFIRMED,WARNING,N,,,0,,N,Y,8.0,4,192,2026-01-26 12:17:00,Y
RST-1724,CREW-1724,EY90816,POS-4,FLT-1069,EY433,7,Crew Out of Hours + Insufficient Cabin Crew Crisis,A6-EYF,Hassan,Schmidt,Flight Attendant,Flight Attendant,Junior,4,CABIN,LHR,Cabin,2028-06-27,2027-05-20,B787-10,FLIGHT,2026-01-25T20:17:00Z,2026-01-26T12:47:00Z,16.0,14.0,-0.5,16,max_daily:10; max_weekly:60; max_monthly:100,Y,12,CONFIRMED,WARNING,N,,,0,,N,Y,8.0,4,94,2026-01-26 12:17:00,Y
RST-1725,CREW-1725,EY15147,POS-5,FLT-1069,EY433,7,Crew Out of Hours + Insufficient Cabin Crew Crisis,A6-EYF,Robert,Tanaka,Flight Attendant,Flight Attendant,Junior,5,CABIN,SIN,Cabin,2027-04-12,2026-07-28,B787-10,FLIGHT,2026-01-25T20:17:00Z,2026-01-26T12:47:00Z,16.0,14.0,-0.5,16,max_daily:10; max_weekly:60; max_monthly:100,Y,12,CONFIRMED,WARNING,N,,,0,,N,Y,8.0,4,95,2026-01-26 12:17:00,Y
RST-1726,CREW-1726,EY95746,POS-6,FLT-1069,EY433,7,Crew Out of Hours + Insufficient Cabin Crew Crisis,A6-EYF,Mia,Johnson,Flight Attendant,Flight Attendant,Junior,6,CABIN,SYD,Cabin,2027-02-23,2026-01-22,B787-10,FLIGHT,2026-01-25T20:17:00Z,2026-01-26T12:47:00Z,16.0,14.0,-0.5,16,max_daily:10; max_weekly:60; max_monthly:100,Y,12,CONFIRMED,WARNING,N,,,0,,N,Y,8.0,4,70,2026-01-26 12:17:00,Y
RST-1727,CREW-1727,EY18967,POS-7,FLT-1069,EY433,7,Crew Out of Hours + Insufficient Cabin Crew Crisis,A6-EYF,Yusuf,Schmidt,Flight Attendant,Flight Attendant,Senior,7,CABIN,JFK,Cabin,2028-10-21,2026-01-26,B787-10,FLIGHT,2026-01-25T20:17:00Z,2026-01-26T12:47:00Z,16.0,14.0,-0.5,16,max_daily:10; max_weekly:60; max_monthly:100,Y,12,CONFIRMED,WARNING,N,,,0,,N,Y,8.0,4,195,2026-01-26 12:17:00,Y
RST-1728,CREW-1728,EY29779,POS-8,FLT-1069,EY433,7,Crew Out of Hours + Insufficient Cabin Crew Crisis,A6-EYF,Wei,Williams,Flight Attendant,Flight Attendant,Junior,8,CABIN,LHR,Cabin,2028-09-27,2027-07-01,B787-10,FLIGHT,2026-01-25T20:17:00Z,2026-01-26T12:47:00Z,16.0,14.0,-0.5,16,max_daily:10; max_weekly:60; max_monthly:100,Y,12,CONFIRMED,WARNING,N,,,0,,N,Y,8.0,4,131,2026-01-26 12:17:00,Y
RST-1729,CREW-1729,EY63909,POS-9,FLT-1069,EY433,7,Crew Out of Hours + Insufficient Cabin Crew Crisis,A6-EYF,Mia,Garcia,Flight Attendant,Flight Attendant,Junior,9,CABIN,LHR,Cabin,2026-08-09,2026-11-27,B787-10,FLIGHT,2026-01-25T20:17:00Z,2026-01-26T12:47:00Z,16.0,14.0,-0.5,16,max_daily:10; max_weekly:60; max_monthly:100,Y,12,CONFIRMED,WARNING,N,,,0,,N,Y,8.0,4,178,2026-01-26 12:17:00,Y
RST-1730,CREW-1730,EY16844,POS-10,FLT-1069,EY433,7,Crew Out of Hours + Insufficient Cabin Crew Crisis,A6-EYF,Yusuf,Yamamoto,Flight Attendant,Flight Attendant,Senior,10,CABIN,SIN,Cabin,2026-11-19,2027-03-03,B787-10,FLIGHT,2026-01-25T20:17:00Z,2026-01-26T12:47:00Z,16.0,14.0,-0.5,16,max_daily:10; max_weekly:60; max_monthly:100,Y,12,CONFIRMED,WARNING,N,,,0,,N,Y,8.0,4,167,2026-01-26 12:17:00,Y
RST-1731,CREW-1731,EY85086,POS-1,FLT-1070,EY335,7,Crew Out of Hours + Insufficient Cabin Crew Crisis,A6-EYK,Isabella,Kim,Captain,Captain,Senior,1,COCKPIT,JFK,ATPL,2027-11-12,2026-12-20,A350,FLIGHT,2026-01-25T04:04:00Z,2026-01-26T01:34:00Z,21.0,19.0,-7.5,14,max_daily:10; max_weekly:60; max_monthly:100,Y,12,CONFIRMED,WARNING,N,,,0,,N,Y,13.0,4,145,2026-01-26 01:04:00,Y
RST-1732,CREW-1732,EY70860,POS-2,FLT-1070,EY335,7,Crew Out of Hours + Insufficient Cabin Crew Crisis,A6-EYK,Fatima,Wang,First Officer,First Officer,Senior,2,COCKPIT,SYD,ATPL,2028-05-11,2027-07-05,A350,FLIGHT,2026-01-25T04:04:00Z,2026-01-26T01:34:00Z,21.0,19.0,-7.5,14,max_daily:10; max_weekly:60; max_monthly:100,Y,12,CONFIRMED,WARNING,N,,,0,,N,Y,13.0,4,197,2026-01-26 01:04:00,Y
RST-1733,CREW-1733,EY81924,POS-3,FLT-1070,EY335,7,Crew Out of Hours + Insufficient Cabin Crew Crisis,A6-EYK,Carlos,Martinez,Purser,Purser,Junior,3,CABIN,LHR,Cabin,2027-11-13,2027-08-06,A350,FLIGHT,2026-01-25T04:04:00Z,2026-01-26T01:34:00Z,21.0,19.0,-5.5,16,max_daily:10; max_weekly:60; max_monthly:100,Y,12,CONFIRMED,WARNING,N,,,0,,N,Y,13.0,4,66,2026-01-26 01:04:00,Y
RST-1734,CREW-1734,EY76290,POS-4,FLT-1070,EY335,7,Crew Out of Hours + Insufficient Cabin Crew Crisis,A6-EYK,Ahmed,Tanaka,Flight Attendant,Flight Attendant,Junior,4,CABIN,LHR,Cabin,2026-03-18,2027-12-11,A350,FLIGHT,2026-01-25T04:04:00Z,2026-01-26T01:34:00Z,21.0,19.0,-5.5,16,max_daily:10; max_weekly:60; max_monthly:100,Y,12,CONFIRMED,WARNING,N,,,0,,N,Y,13.0,4,140,2026-01-26 01:04:00,Y
RST-1735,CREW-1735,EY69742,POS-5,FLT-1070,EY335,7,Crew Out of Hours + Insufficient Cabin Crew Crisis,A6-EYK,Sophia,Patel,Flight Attendant,Flight Attendant,Junior,5,CABIN,SIN,Cabin,2028-07-08,2027-03-20,A350,FLIGHT,2026-01-25T04:04:00Z,2026-01-26T01:34:00Z,21.0,19.0,-5.5,16,max_daily:10; max_weekly:60; max_monthly:100,Y,12,CONFIRMED,WARNING,N,,,0,,N,Y,13.0,4,179,2026-01-26 01:04:00,Y
RST-1736,CREW-1736,EY38885,POS-6,FLT-1070,EY335,7,Crew Out of Hours + Insufficient Cabin Crew Crisis,A6-EYK,Maria,Chen,Flight Attendant,Flight Attendant,Junior,6,CABIN,JFK,Cabin,2026-06-24,2027-12-22,A350,FLIGHT,2026-01-25T04:04:00Z,2026-01-26T01:34:00Z,21.0,19.0,-5.5,16,max_daily:10; max_weekly:60; max_monthly:100,Y,12,CONFIRMED,WARNING,N,,,0,,N,Y,13.0,4,76,2026-01-26 01:04:00,Y
RST-1737,CREW-1737,EY60934,POS-7,FLT-1070,EY335,7,Crew Out of Hours + Insufficient Cabin Crew Crisis,A6-EYK,Mei,Schmidt,Flight Attendant,Flight Attendant,Junior,7,CABIN,SIN,Cabin,2028-12-28,2027-09-14,A350,FLIGHT,2026-01-25T04:04:00Z,2026-01-26T01:34:00Z,21.0,19.0,-5.5,16,max_daily:10; max_weekly:60; max_monthly:100,Y,12,CONFIRMED,WARNING,N,,,0,,N,Y,13.0,4,139,2026-01-26 01:04:00,Y
RST-1738,CREW-1738,EY39891,POS-8,FLT-1070,EY335,7,Crew Out of Hours + Insufficient Cabin Crew Crisis,A6-EYK,Aisha,Yamamoto,Flight Attendant,Flight Attendant,Junior,8,CABIN,AUH,Cabin,2028-10-07,2026-11-21,A350,FLIGHT,2026-01-25T04:04:00Z,2026-01-26T01:34:00Z,21.0,19.0,-5.5,16,max_daily:10; max_weekly:60; max_monthly:100,Y,12,CONFIRMED,WARNING,N,,,0,,N,Y,13.0,4,133,2026-01-26 01:04:00,Y
RST-1739,CREW-1739,EY92662,POS-9,FLT-1070,EY335,7,Crew Out of Hours + Insufficient Cabin Crew Crisis,A6-EYK,Layla,Singh,Flight Attendant,Flight Attendant,Junior,9,CABIN,LHR,Cabin,2027-10-23,2027-08-22,A350,FLIGHT,2026-01-25T04:04:00Z,2026-01-26T01:34:00Z,21.0,19.0,-5.5,16,max_daily:10; max_weekly:60; max_monthly:100,Y,12,CONFIRMED,WARNING,N,,,0,,N,Y,13.0,4,131,2026-01-26 01:04:00,Y
RST-1740,CREW-1740,EY36816,POS-10,FLT-1070,EY335,7,Crew Out of Hours + Insufficient Cabin Crew Crisis,A6-EYK,Yuki,Schmidt,Flight Attendant,Flight Attendant,Senior,10,CABIN,AUH,Cabin,2026-05-07,2027-01-15,A350,FLIGHT,2026-01-25T04:04:00Z,2026-01-26T01:34:00Z,21.0,19.0,-5.5,16,max_daily:10; max_weekly:60; max_monthly:100,Y,12,CONFIRMED,WARNING,N,,,0,,N,Y,13.0,4,196,2026-01-26 01:04:00,Y
RST-1741,CREW-1741,EY81435,POS-11,FLT-1070,EY335,7,Crew Out of Hours + Insufficient Cabin Crew Crisis,A6-EYK,Hiroshi,Chen,Flight Attendant,Flight Attendant,Junior,11,CABIN,LHR,Cabin,2027-10-28,2027-01-17,A350,FLIGHT,2026-01-25T04:04:00Z,2026-01-26T01:34:00Z,21.0,19.0,-5.5,16,max_daily:10; max_weekly:60; max_monthly:100,Y,12,CONFIRMED,WARNING,N,,,0,,N,Y,13.0,4,129,2026-01-26 01:04:00,Y
RST-1742,CREW-1742,EY77137,POS-12,FLT-1070,EY335,7,Crew Out of Hours + Insufficient Cabin Crew Crisis,A6-EYK,Ahmed,Garcia,Flight Attendant,Flight Attendant,Junior,12,CABIN,JFK,Cabin,2028-12-17,2027-04-01,A350,FLIGHT,2026-01-25T04:04:00Z,2026-01-26T01:34:00Z,21.0,19.0,-5.5,16,max_daily:10; max_weekly:60; max_monthly:100,Y,12,CONFIRMED,WARNING,N,,,0,,N,Y,13.0,4,132,2026-01-26 01:04:00,Y
RST-1743,CREW-1743,EY22342,POS-1,FLT-1071,EY8086,8,Runway Closure + Airspace Flow Rate Restrictions,A6-EYI,Mei,Chen,Captain,Captain,Junior,1,COCKPIT,SIN,ATPL,2028-12-17,2026-03-25,B787-10,FLIGHT,2026-01-27T04:30:00Z,2026-01-27T11:00:00Z,6.0,4.0,7.5,14,max_daily:10; max_weekly:60; max_monthly:100,N,10,CONFIRMED,COMPLIANT,N,,,0,,N,N,0.0,4,195,2026-01-27 10:30:00,N
RST-1744,CREW-1744,EY69782,POS-2,FLT-1071,EY8086,8,Runway Closure + Airspace Flow Rate Restrictions,A6-EYI,Isabella,Patel,First Officer,First Officer,Senior,2,COCKPIT,SYD,ATPL,2027-04-26,2026-05-04,B787-10,FLIGHT,2026-01-27T04:30:00Z,2026-01-27T11:00:00Z,6.0,4.0,7.5,14,max_daily:10; max_weekly:60; max_monthly:100,N,10,CONFIRMED,COMPLIANT,N,,,0,,N,N,0.0,4,156,2026-01-27 10:30:00,N
RST-1745,CREW-1745,EY72831,POS-3,FLT-1071,EY8086,8,Runway Closure + Airspace Flow Rate Restrictions,A6-EYI,Maryam,Kim,Purser,Purser,Junior,3,CABIN,SIN,Cabin,2027-06-17,2027-07-23,B787-10,FLIGHT,2026-01-27T04:30:00Z,2026-01-27T11:00:00Z,6.0,4.0,9.5,16,max_daily:10; max_weekly:60; max_monthly:100,N,10,CONFIRMED,COMPLIANT,N,,,0,,N,N,0.0,4,123,2026-01-27 10:30:00,N
RST-1746,CREW-1746,EY53325,POS-4,FLT-1071,EY8086,8,Runway Closure + Airspace Flow Rate Restrictions,A6-EYI,David,Schmidt,Flight Attendant,Flight Attendant,Senior,4,CABIN,JFK,Cabin,2026-06-15,2027-09-25,B787-10,FLIGHT,2026-01-27T04:30:00Z,2026-01-27T11:00:00Z,6.0,4.0,9.5,16,max_daily:10; max_weekly:60; max_monthly:100,N,10,CONFIRMED,COMPLIANT,N,,,0,,N,N,0.0,4,89,2026-01-27 10:30:00,N
RST-1747,CREW-1747,EY53026,POS-5,FLT-1071,EY8086,8,Runway Closure + Airspace Flow Rate Restrictions,A6-EYI,Yusuf,Garcia,Flight Attendant,Flight Attendant,Senior,5,CABIN,LHR,Cabin,2027-09-06,2026-08-08,B787-10,FLIGHT,2026-01-27T04:30:00Z,2026-01-27T11:00:00Z,6.0,4.0,9.5,16,max_daily:10; max_weekly:60; max_monthly:100,N,10,CONFIRMED,COMPLIANT,N,,,0,,N,N,0.0,4,193,2026-01-27 10:30:00,N
RST-1748,CREW-1748,EY76134,POS-6,FLT-1071,EY8086,8,Runway Closure + Airspace Flow Rate Restrictions,A6-EYI,Michael,Rossi,Flight Attendant,Flight Attendant,Junior,6,CABIN,SYD,Cabin,2028-02-19,2026-11-27,B787-10,FLIGHT,2026-01-27T04:30:00Z,2026-01-27T11:00:00Z,6.0,4.0,9.5,16,max_daily:10; max_weekly:60; max_monthly:100,N,10,CONFIRMED,COMPLIANT,N,,,0,,N,N,0.0,4,157,2026-01-27 10:30:00,N
RST-1749,CREW-1749,EY28138,POS-7,FLT-1071,EY8086,8,Runway Closure + Airspace Flow Rate Restrictions,A6-EYI,Hiroshi,Brown,Flight Attendant,Flight Attendant,Junior,7,CABIN,LHR,Cabin,2027-06-04,2026-10-23,B787-10,FLIGHT,2026-01-27T04:30:00Z,2026-01-27T11:00:00Z,6.0,4.0,9.5,16,max_daily:10; max_weekly:60; max_monthly:100,N,10,CONFIRMED,COMPLIANT,N,,,0,,N,N,0.0,4,126,2026-01-27 10:30:00,N
RST-1750,CREW-1750,EY94303,POS-8,FLT-1071,EY8086,8,Runway Closure + Airspace Flow Rate Restrictions,A6-EYI,Wei,Brown,Flight Attendant,Flight Attendant,Junior,8,CABIN,LHR,Cabin,2027-03-15,2026-02-28,B787-10,FLIGHT,2026-01-27T04:30:00Z,2026-01-27T11:00:00Z,6.0,4.0,9.5,16,max_daily:10; max_weekly:60; max_monthly:100,N,10,CONFIRMED,COMPLIANT,N,,,0,,N,N,0.0,4,114,2026-01-27 10:30:00,N
RST-1751,CREW-1751,EY31084,POS-9,FLT-1071,EY8086,8,Runway Closure + Airspace Flow Rate Restrictions,A6-EYI,Sophia,Smith,Flight Attendant,Flight Attendant,Senior,9,CABIN,SYD,Cabin,2027-12-11,2026-08-07,B787-10,FLIGHT,2026-01-27T04:30:00Z,2026-01-27T11:00:00Z,6.0,4.0,9.5,16,max_daily:10; max_weekly:60; max_monthly:100,N,10,CONFIRMED,COMPLIANT,N,,,0,,N,N,0.0,4,189,2026-01-27 10:30:00,N
RST-1752,CREW-1752,EY31336,POS-10,FLT-1071,EY8086,8,Runway Closure + Airspace Flow Rate Restrictions,A6-EYI,Ananya,Rossi,Flight Attendant,Flight Attendant,Junior,10,CABIN,LHR,Cabin,2027-03-27,2027-08-28,B787-10,FLIGHT,2026-01-27T04:30:00Z,2026-01-27T11:00:00Z,6.0,4.0,9.5,16,max_daily:10; max_weekly:60; max_monthly:100,N,10,CONFIRMED,COMPLIANT,N,,,0,,N,N,0.0,4,136,2026-01-27 10:30:00,N
RST-1753,CREW-1753,EY13399,POS-1,FLT-1072,EY4943,8,Runway Closure + Airspace Flow Rate Restrictions,A6-EYM,Olivia,Khan,Captain,Captain,Junior,1,COCKPIT,AUH,ATPL,2028-01-06,2027-12-02,A350,FLIGHT,2026-01-27T06:54:00Z,2026-01-27T19:09:00Z,11.8,9.8,1.8,14,max_daily:10; max_weekly:60; max_monthly:100,N,10,CONFIRMED,COMPLIANT,N,,,0,,N,N,3.8,4,131,2026-01-27 18:39:00,N
RST-1754,CREW-1754,EY42192,POS-2,FLT-1072,EY4943,8,Runway Closure + Airspace Flow Rate Restrictions,A6-EYM,Olivia,Garcia,First Officer,First Officer,Junior,2,COCKPIT,JFK,ATPL,2026-12-22,2026-04-05,A350,FLIGHT,2026-01-27T06:54:00Z,2026-01-27T19:09:00Z,11.8,9.8,1.8,14,max_daily:10; max_weekly:60; max_monthly:100,N,10,CONFIRMED,COMPLIANT,N,,,0,,N,N,3.8,4,146,2026-01-27 18:39:00,N
RST-1755,CREW-1755,EY42783,POS-3,FLT-1072,EY4943,8,Runway Closure + Airspace Flow Rate Restrictions,A6-EYM,Olivia,Smith,Purser,Purser,Junior,3,CABIN,AUH,Cabin,2028-04-21,2026-06-02,A350,FLIGHT,2026-01-27T06:54:00Z,2026-01-27T19:09:00Z,11.8,9.8,3.8,16,max_daily:10; max_weekly:60; max_monthly:100,N,10,CONFIRMED,COMPLIANT,N,,,0,,N,N,3.8,4,94,2026-01-27 18:39:00,N
RST-1756,CREW-1756,EY30936,POS-4,FLT-1072,EY4943,8,Runway Closure + Airspace Flow Rate Restrictions,A6-EYM,Yuki,Lee,Flight Attendant,Flight Attendant,Junior,4,CABIN,SIN,Cabin,2028-12-27,2027-10-28,A350,FLIGHT,2026-01-27T06:54:00Z,2026-01-27T19:09:00Z,11.8,9.8,3.8,16,max_daily:10; max_weekly:60; max_monthly:100,N,10,CONFIRMED,COMPLIANT,N,,,0,,N,N,3.8,4,173,2026-01-27 18:39:00,N
RST-1757,CREW-1757,EY53249,POS-5,FLT-1072,EY4943,8,Runway Closure + Airspace Flow Rate Restrictions,A6-EYM,Ananya,Khan,Flight Attendant,Flight Attendant,Junior,5,CABIN,AUH,Cabin,2028-10-21,2026-01-09,A350,FLIGHT,2026-01-27T06:54:00Z,2026-01-27T19:09:00Z,11.8,9.8,3.8,16,max_daily:10; max_weekly:60; max_monthly:100,N,10,CONFIRMED,COMPLIANT,N,,,0,,N,N,3.8,4,102,2026-01-27 18:39:00,N
RST-1758,CREW-1758,EY67626,POS-6,FLT-1072,EY4943,8,Runway Closure + Airspace Flow Rate Restrictions,A6-EYM,James,Johnson,Flight Attendant,Flight Attendant,Senior,6,CABIN,LHR,Cabin,2027-06-09,2026-08-22,A350,FLIGHT,2026-01-27T06:54:00Z,2026-01-27T19:09:00Z,11.8,9.8,3.8,16,max_daily:10; max_weekly:60; max_monthly:100,N,10,CONFIRMED,COMPLIANT,N,,,0,,N,N,3.8,4,121,2026-01-27 18:39:00,N
RST-1759,CREW-1759,EY71474,POS-7,FLT-1072,EY4943,8,Runway Closure + Airspace Flow Rate Restrictions,A6-EYM,Aisha,Yamamoto,Flight Attendant,Flight Attendant,Junior,7,CABIN,AUH,Cabin,2027-04-07,2027-07-27,A350,FLIGHT,2026-01-27T06:54:00Z,2026-01-27T19:09:00Z,11.8,9.8,3.8,16,max_daily:10; max_weekly:60; max_monthly:100,N,10,CONFIRMED,COMPLIANT,N,,,0,,N,N,3.8,4,104,2026-01-27 18:39:00,N
RST-1760,CREW-1760,EY15830,POS-8,FLT-1072,EY4943,8,Runway Closure + Airspace Flow Rate Restrictions,A6-EYM,David,Lee,Flight Attendant,Flight Attendant,Junior,8,CABIN,JFK,Cabin,2028-09-22,2027-05-01,A350,FLIGHT,2026-01-27T06:54:00Z,2026-01-27T19:09:00Z,11.8,9.8,3.8,16,max_daily:10; max_weekly:60; max_monthly:100,N,10,CONFIRMED,COMPLIANT,N,,,0,,N,N,3.8,4,122,2026-01-27 18:39:00,N
RST-1761,CREW-1761,EY87647,POS-9,FLT-1072,EY4943,8,Runway Closure + Airspace Flow Rate Restrictions,A6-EYM,David,Schmidt,Flight Attendant,Flight Attendant,Senior,9,CABIN,LHR,Cabin,2026-02-10,2026-02-08,A350,FLIGHT,2026-01-27T06:54:00Z,2026-01-27T19:09:00Z,11.8,9.8,3.8,16,max_daily:10; max_weekly:60; max_monthly:100,N,10,CONFIRMED,COMPLIANT,N,,,0,,N,N,3.8,4,79,2026-01-27 18:39:00,N
RST-1762,CREW-1762,EY15398,POS-10,FLT-1072,EY4943,8,Runway Closure + Airspace Flow Rate Restrictions,A6-EYM,Sophia,Singh,Flight Attendant,Flight Attendant,Senior,10,CABIN,LHR,Cabin,2026-08-15,2027-04-05,A350,FLIGHT,2026-01-27T06:54:00Z,2026-01-27T19:09:00Z,11.8,9.8,3.8,16,max_daily:10; max_weekly:60; max_monthly:100,N,10,CONFIRMED,COMPLIANT,N,,,0,,N,N,3.8,4,126,2026-01-27 18:39:00,N
RST-1763,CREW-1763,EY99620,POS-11,FLT-1072,EY4943,8,Runway Closure + Airspace Flow Rate Restrictions,A6-EYM,Emma,Brown,Flight Attendant,Flight Attendant,Senior,11,CABIN,AUH,Cabin,2028-03-24,2027-10-14,A350,FLIGHT,2026-01-27T06:54:00Z,2026-01-27T19:09:00Z,11.8,9.8,3.8,16,max_daily:10; max_weekly:60; max_monthly:100,N,10,CONFIRMED,COMPLIANT,N,,,0,,N,N,3.8,4,145,2026-01-27 18:39:00,N
RST-1764,CREW-1764,EY12204,POS-12,FLT-1072,EY4943,8,Runway Closure + Airspace Flow Rate Restrictions,A6-EYM,Wei,Brown,Flight Attendant,Flight Attendant,Junior,12,CABIN,SYD,Cabin,2028-09-17,2027-07-02,A350,FLIGHT,2026-01-27T06:54:00Z,2026-01-27T19:09:00Z,11.8,9.8,3.8,16,max_daily:10; max_weekly:60; max_monthly:100,N,10,CONFIRMED,COMPLIANT,N,,,0,,N,N,3.8,4,51,2026-01-27 18:39:00,N
RST-1765,CREW-1765,EY24247,POS-1,FLT-1073,EY9626,8,Runway Closure + Airspace Flow Rate Restrictions,A6-EYN,Mohammed,Chen,Captain,Captain,Senior,1,COCKPIT,SIN,ATPL,2026-01-07,2027-02-03,A321LR,FLIGHT,2026-01-27T08:17:00Z,2026-01-27T21:17:00Z,12.5,10.5,1.0,14,max_daily:10; max_weekly:60; max_monthly:100,N,10,CONFIRMED,COMPLIANT,N,,,0,,N,Y,4.5,4,59,2026-01-27 20:47:00,N
RST-1766,CREW-1766,EY23226,POS-2,FLT-1073,EY9626,8,Runway Closure + Airspace Flow Rate Restrictions,A6-EYN,Layla,Smith,First Officer,First Officer,Junior,2,COCKPIT,LHR,ATPL,2027-06-28,2026-08-15,A321LR,FLIGHT,2026-01-27T08:17:00Z,2026-01-27T21:17:00Z,12.5,10.5,1.0,14,max_daily:10; max_weekly:60; max_monthly:100,N,10,CONFIRMED,COMPLIANT,N,,,0,,N,Y,4.5,4,158,2026-01-27 20:47:00,N
RST-1767,CREW-1767,EY12779,POS-3,FLT-1073,EY9626,8,Runway Closure + Airspace Flow Rate Restrictions,A6-EYN,Emma,Lee,Purser,Purser,Junior,3,CABIN,LHR,Cabin,2026-10-28,2026-06-11,A321LR,FLIGHT,2026-01-27T08:17:00Z,2026-01-27T21:17:00Z,12.5,10.5,3.0,16,max_daily:10; max_weekly:60; max_monthly:100,N,10,CONFIRMED,COMPLIANT,N,,,0,,N,Y,4.5,4,188,2026-01-27 20:47:00,N
RST-1768,CREW-1768,EY91514,POS-4,FLT-1073,EY9626,8,Runway Closure + Airspace Flow Rate Restrictions,A6-EYN,Mei,Rossi,Flight Attendant,Flight Attendant,Junior,4,CABIN,SIN,Cabin,2028-05-28,2026-05-17,A321LR,FLIGHT,2026-01-27T08:17:00Z,2026-01-27T21:17:00Z,12.5,10.5,3.0,16,max_daily:10; max_weekly:60; max_monthly:100,N,10,CONFIRMED,COMPLIANT,N,,,0,,N,Y,4.5,4,79,2026-01-27 20:47:00,N
RST-1769,CREW-1769,EY18075,POS-5,FLT-1073,EY9626,8,Runway Closure + Airspace Flow Rate Restrictions,A6-EYN,Omar,Al-Rashid,Flight Attendant,Flight Attendant,Junior,5,CABIN,LHR,Cabin,2028-09-18,2027-05-27,A321LR,FLIGHT,2026-01-27T08:17:00Z,2026-01-27T21:17:00Z,12.5,10.5,3.0,16,max_daily:10; max_weekly:60; max_monthly:100,N,10,CONFIRMED,COMPLIANT,N,,,0,,N,Y,4.5,4,143,2026-01-27 20:47:00,N
RST-1770,CREW-1770,EY71081,POS-6,FLT-1073,EY9626,8,Runway Closure + Airspace Flow Rate Restrictions,A6-EYN,Hassan,Kim,Flight Attendant,Flight Attendant,Junior,6,CABIN,SIN,Cabin,2026-09-01,2027-05-04,A321LR,FLIGHT,2026-01-27T08:17:00Z,2026-01-27T21:17:00Z,12.5,10.5,3.0,16,max_daily:10; max_weekly:60; max_monthly:100,N,10,CONFIRMED,COMPLIANT,N,,,0,,N,Y,4.5,4,82,2026-01-27 20:47:00,N
RST-1771,CREW-1771,EY34220,POS-1,FLT-1074,EY432,8,Runway Closure + Airspace Flow Rate Restrictions,A6-EYF,Arjun,Chen,Captain,Captain,Senior,1,COCKPIT,LHR,ATPL,2027-06-10,2026-02-06,B787-10,FLIGHT,2026-01-27T10:43:00Z,2026-01-27T23:28:00Z,12.2,10.2,1.2,14,max_daily:10; max_weekly:60; max_monthly:100,N,10,CONFIRMED,COMPLIANT,N,,,0,,N,Y,4.2,4,188,2026-01-27 22:58:00,N
RST-1772,CREW-1772,EY25098,POS-2,FLT-1074,EY432,8,Runway Closure + Airspace Flow Rate Restrictions,A6-EYF,Omar,Schmidt,First Officer,First Officer,Junior,2,COCKPIT,AUH,ATPL,2028-02-25,2026-02-05,B787-10,FLIGHT,2026-01-27T10:43:00Z,2026-01-27T23:28:00Z,12.2,10.2,1.2,14,max_daily:10; max_weekly:60; max_monthly:100,N,10,CONFIRMED,COMPLIANT,N,,,0,,N,Y,4.2,4,79,2026-01-27 22:58:00,N
RST-1773,CREW-1773,EY62596,POS-3,FLT-1074,EY432,8,Runway Closure + Airspace Flow Rate Restrictions,A6-EYF,Maria,Ferrari,Purser,Purser,Junior,3,CABIN,SIN,Cabin,2027-03-15,2027-03-18,B787-10,FLIGHT,2026-01-27T10:43:00Z,2026-01-27T23:28:00Z,12.2,10.2,3.2,16,max_daily:10; max_weekly:60; max_monthly:100,N,10,CONFIRMED,COMPLIANT,N,,,0,,N,Y,4.2,4,72,2026-01-27 22:58:00,N
RST-1774,CREW-1774,EY34667,POS-4,FLT-1074,EY432,8,Runway Closure + Airspace Flow Rate Restrictions,A6-EYF,Hassan,Kim,Flight Attendant,Flight Attendant,Junior,4,CABIN,JFK,Cabin,2026-09-08,2026-03-20,B787-10,FLIGHT,2026-01-27T10:43:00Z,2026-01-27T23:28:00Z,12.2,10.2,3.2,16,max_daily:10; max_weekly:60; max_monthly:100,N,10,CONFIRMED,COMPLIANT,N,,,0,,N,Y,4.2,4,143,2026-01-27 22:58:00,N
RST-1775,CREW-1775,EY88626,POS-5,FLT-1074,EY432,8,Runway Closure + Airspace Flow Rate Restrictions,A6-EYF,Emma,Patel,Flight Attendant,Flight Attendant,Junior,5,CABIN,JFK,Cabin,2026-12-14,2026-08-11,B787-10,FLIGHT,2026-01-27T10:43:00Z,2026-01-27T23:28:00Z,12.2,10.2,3.2,16,max_daily:10; max_weekly:60; max_monthly:100,N,10,CONFIRMED,COMPLIANT,N,,,0,,N,Y,4.2,4,105,2026-01-27 22:58:00,N
RST-1776,CREW-1776,EY38088,POS-6,FLT-1074,EY432,8,Runway Closure + Airspace Flow Rate Restrictions,A6-EYF,Ahmed,Singh,Flight Attendant,Flight Attendant,Junior,6,CABIN,AUH,Cabin,2028-04-01,2027-09-02,B787-10,FLIGHT,2026-01-27T10:43:00Z,2026-01-27T23:28:00Z,12.2,10.2,3.2,16,max_daily:10; max_weekly:60; max_monthly:100,N,10,CONFIRMED,COMPLIANT,N,,,0,,N,Y,4.2,4,163,2026-01-27 22:58:00,N
RST-1777,CREW-1777,EY66758,POS-7,FLT-1074,EY432,8,Runway Closure + Airspace Flow Rate Restrictions,A6-EYF,Ananya,Mueller,Flight Attendant,Flight Attendant,Junior,7,CABIN,LHR,Cabin,2026-08-10,2026-06-09,B787-10,FLIGHT,2026-01-27T10:43:00Z,2026-01-27T23:28:00Z,12.2,10.2,3.2,16,max_daily:10; max_weekly:60; max_monthly:100,N,10,CONFIRMED,COMPLIANT,N,,,0,,N,Y,4.2,4,83,2026-01-27 22:58:00,N
RST-1778,CREW-1778,EY90107,POS-8,FLT-1074,EY432,8,Runway Closure + Airspace Flow Rate Restrictions,A6-EYF,Maria,Williams,Flight Attendant,Flight Attendant,Junior,8,CABIN,SIN,Cabin,2026-09-17,2026-08-26,B787-10,FLIGHT,2026-01-27T10:43:00Z,2026-01-27T23:28:00Z,12.2,10.2,3.2,16,max_daily:10; max_weekly:60; max_monthly:100,N,10,CONFIRMED,COMPLIANT,N,,,0,,N,Y,4.2,4,119,2026-01-27 22:58:00,N
RST-1779,CREW-1779,EY21022,POS-9,FLT-1074,EY432,8,Runway Closure + Airspace Flow Rate Restrictions,A6-EYF,Yusuf,Ferrari,Flight Attendant,Flight Attendant,Junior,9,CABIN,SIN,Cabin,2027-07-22,2027-03-25,B787-10,FLIGHT,2026-01-27T10:43:00Z,2026-01-27T23:28:00Z,12.2,10.2,3.2,16,max_daily:10; max_weekly:60; max_monthly:100,N,10,CONFIRMED,COMPLIANT,N,,,0,,N,Y,4.2,4,84,2026-01-27 22:58:00,N
RST-1780,CREW-1780,EY62022,POS-10,FLT-1074,EY432,8,Runway Closure + Airspace Flow Rate Restrictions,A6-EYF,Michael,Mueller,Flight Attendant,Flight Attendant,Junior,10,CABIN,SYD,Cabin,2027-09-08,2027-10-18,B787-10,FLIGHT,2026-01-27T10:43:00Z,2026-01-27T23:28:00Z,12.2,10.2,3.2,16,max_daily:10; max_weekly:60; max_monthly:100,N,10,CONFIRMED,COMPLIANT,N,,,0,,N,Y,4.2,4,167,2026-01-27 22:58:00,N
RST-1781,CREW-1781,EY33232,POS-1,FLT-1075,EY1202,8,Runway Closure + Airspace Flow Rate Restrictions,A6-EYH,Omar,Garcia,Captain,Captain,Junior,1,COCKPIT,SYD,ATPL,2026-07-24,2026-03-07,B787-10,FLIGHT,2026-01-27T12:39:00Z,2026-01-28T03:09:00Z,14.0,12.0,-0.5,14,max_daily:10; max_weekly:60; max_monthly:100,Y,12,CONFIRMED,WARNING,N,,,0,,N,Y,6.0,4,189,2026-01-28 02:39:00,N
RST-1782,CREW-1782,EY13470,POS-2,FLT-1075,EY1202,8,Runway Closure + Airspace Flow Rate Restrictions,A6-EYH,Yusuf,Ferrari,First Officer,First Officer,Junior,2,COCKPIT,AUH,ATPL,2027-01-13,2026-12-11,B787-10,FLIGHT,2026-01-27T12:39:00Z,2026-01-28T03:09:00Z,14.0,12.0,-0.5,14,max_daily:10; max_weekly:60; max_monthly:100,Y,12,CONFIRMED,WARNING,N,,,0,,N,Y,6.0,4,80,2026-01-28 02:39:00,N
RST-1783,CREW-1783,EY72977,POS-3,FLT-1075,EY1202,8,Runway Closure + Airspace Flow Rate Restrictions,A6-EYH,David,Kim,Purser,Purser,Senior,3,CABIN,SYD,Cabin,2028-08-17,2027-01-19,B787-10,FLIGHT,2026-01-27T12:39:00Z,2026-01-28T03:09:00Z,14.0,12.0,1.5,16,max_daily:10; max_weekly:60; max_monthly:100,N,10,CONFIRMED,COMPLIANT,N,,,0,,N,Y,6.0,4,156,2026-01-28 02:39:00,N
RST-1784,CREW-1784,EY55244,POS-4,FLT-1075,EY1202,8,Runway Closure + Airspace Flow Rate Restrictions,A6-EYH,Hassan,Ferrari,Flight Attendant,Flight Attendant,Junior,4,CABIN,SYD,Cabin,2027-08-09,2026-07-05,B787-10,FLIGHT,2026-01-27T12:39:00Z,2026-01-28T03:09:00Z,14.0,12.0,1.5,16,max_daily:10; max_weekly:60; max_monthly:100,N,10,CONFIRMED,COMPLIANT,N,,,0,,N,Y,6.0,4,121,2026-01-28 02:39:00,N
RST-1785,CREW-1785,EY13834,POS-5,FLT-1075,EY1202,8,Runway Closure + Airspace Flow Rate Restrictions,A6-EYH,Ahmed,Smith,Flight Attendant,Flight Attendant,Senior,5,CABIN,SYD,Cabin,2026-11-12,2026-11-22,B787-10,FLIGHT,2026-01-27T12:39:00Z,2026-01-28T03:09:00Z,14.0,12.0,1.5,16,max_daily:10; max_weekly:60; max_monthly:100,N,10,CONFIRMED,COMPLIANT,N,,,0,,N,Y,6.0,4,145,2026-01-28 02:39:00,N
RST-1786,CREW-1786,EY34846,POS-6,FLT-1075,EY1202,8,Runway Closure + Airspace Flow Rate Restrictions,A6-EYH,Hiroshi,Wang,Flight Attendant,Flight Attendant,Senior,6,CABIN,AUH,Cabin,2027-04-13,2027-06-25,B787-10,FLIGHT,2026-01-27T12:39:00Z,2026-01-28T03:09:00Z,14.0,12.0,1.5,16,max_daily:10; max_weekly:60; max_monthly:100,N,10,CONFIRMED,COMPLIANT,N,,,0,,N,Y,6.0,4,100,2026-01-28 02:39:00,N
RST-1787,CREW-1787,EY70726,POS-7,FLT-1075,EY1202,8,Runway Closure + Airspace Flow Rate Restrictions,A6-EYH,Arjun,Brown,Flight Attendant,Flight Attendant,Senior,7,CABIN,SYD,Cabin,2027-09-25,2027-06-08,B787-10,FLIGHT,2026-01-27T12:39:00Z,2026-01-28T03:09:00Z,14.0,12.0,1.5,16,max_daily:10; max_weekly:60; max_monthly:100,N,10,CONFIRMED,COMPLIANT,N,,,0,,N,Y,6.0,4,59,2026-01-28 02:39:00,N
RST-1788,CREW-1788,EY94620,POS-8,FLT-1075,EY1202,8,Runway Closure + Airspace Flow Rate Restrictions,A6-EYH,David,Ferrari,Flight Attendant,Flight Attendant,Junior,8,CABIN,JFK,Cabin,2026-11-13,2027-03-20,B787-10,FLIGHT,2026-01-27T12:39:00Z,2026-01-28T03:09:00Z,14.0,12.0,1.5,16,max_daily:10; max_weekly:60; max_monthly:100,N,10,CONFIRMED,COMPLIANT,N,,,0,,N,Y,6.0,4,168,2026-01-28 02:39:00,N
RST-1789,CREW-1789,EY78793,POS-9,FLT-1075,EY1202,8,Runway Closure + Airspace Flow Rate Restrictions,A6-EYH,Isabella,Patel,Flight Attendant,Flight Attendant,Senior,9,CABIN,LHR,Cabin,2026-02-11,2027-08-08,B787-10,FLIGHT,2026-01-27T12:39:00Z,2026-01-28T03:09:00Z,14.0,12.0,1.5,16,max_daily:10; max_weekly:60; max_monthly:100,N,10,CONFIRMED,COMPLIANT,N,,,0,,N,Y,6.0,4,118,2026-01-28 02:39:00,N
RST-1790,CREW-1790,EY40840,POS-10,FLT-1075,EY1202,8,Runway Closure + Airspace Flow Rate Restrictions,A6-EYH,Mohammed,Chen,Flight Attendant,Flight Attendant,Junior,10,CABIN,LHR,Cabin,2028-09-12,2026-08-20,B787-10,FLIGHT,2026-01-27T12:39:00Z,2026-01-28T03:09:00Z,14.0,12.0,1.5,16,max_daily:10; max_weekly:60; max_monthly:100,N,10,CONFIRMED,COMPLIANT,N,,,0,,N,Y,6.0,4,129,2026-01-28 02:39:00,N
RST-1791,CREW-1791,EY81149,POS-1,FLT-1076,EY8184,8,Runway Closure + Airspace Flow Rate Restrictions,A6-EYG,Robert,Kim,Captain,Captain,Junior,1,COCKPIT,LHR,ATPL,2027-04-08,2026-10-16,B787-10,FLIGHT,2026-01-27T14:11:00Z,2026-01-27T21:11:00Z,6.5,4.5,7.0,14,max_daily:10; max_weekly:60; max_monthly:100,N,10,CONFIRMED,COMPLIANT,N,,,0,,N,N,0.0,4,135,2026-01-27 20:41:00,N
RST-1792,CREW-1792,EY43742,POS-2,FLT-1076,EY8184,8,Runway Closure + Airspace Flow Rate Restrictions,A6-EYG,Maryam,Singh,First Officer,First Officer,Junior,2,COCKPIT,SYD,ATPL,2026-12-09,2026-09-19,B787-10,FLIGHT,2026-01-27T14:11:00Z,2026-01-27T21:11:00Z,6.5,4.5,7.0,14,max_daily:10; max_weekly:60; max_monthly:100,N,10,CONFIRMED,COMPLIANT,N,,,0,,N,N,0.0,4,116,2026-01-27 20:41:00,N
RST-1793,CREW-1793,EY45989,POS-3,FLT-1076,EY8184,8,Runway Closure + Airspace Flow Rate Restrictions,A6-EYG,James,Schmidt,Purser,Purser,Junior,3,CABIN,SIN,Cabin,2027-12-28,2027-09-16,B787-10,FLIGHT,2026-01-27T14:11:00Z,2026-01-27T21:11:00Z,6.5,4.5,9.0,16,max_daily:10; max_weekly:60; max_monthly:100,N,10,CONFIRMED,COMPLIANT,N,,,0,,N,N,0.0,4,169,2026-01-27 20:41:00,N
RST-1794,CREW-1794,EY65250,POS-4,FLT-1076,EY8184,8,Runway Closure + Airspace Flow Rate Restrictions,A6-EYG,Carlos,Rossi,Flight Attendant,Flight Attendant,Senior,4,CABIN,SYD,Cabin,2028-12-25,2027-02-23,B787-10,FLIGHT,2026-01-27T14:11:00Z,2026-01-27T21:11:00Z,6.5,4.5,9.0,16,max_daily:10; max_weekly:60; max_monthly:100,N,10,CONFIRMED,COMPLIANT,N,,,0,,N,N,0.0,4,176,2026-01-27 20:41:00,N
RST-1795,CREW-1795,EY39599,POS-5,FLT-1076,EY8184,8,Runway Closure + Airspace Flow Rate Restrictions,A6-EYG,David,Lee,Flight Attendant,Flight Attendant,Junior,5,CABIN,JFK,Cabin,2027-08-06,2026-02-17,B787-10,FLIGHT,2026-01-27T14:11:00Z,2026-01-27T21:11:00Z,6.5,4.5,9.0,16,max_daily:10; max_weekly:60; max_monthly:100,N,10,CONFIRMED,COMPLIANT,N,,,0,,N,N,0.0,4,155,2026-01-27 20:41:00,N
RST-1796,CREW-1796,EY14787,POS-6,FLT-1076,EY8184,8,Runway Closure + Airspace Flow Rate Restrictions,A6-EYG,Hiroshi,Martinez,Flight Attendant,Flight Attendant,Junior,6,CABIN,SIN,Cabin,2028-12-02,2026-03-28,B787-10,FLIGHT,2026-01-27T14:11:00Z,2026-01-27T21:11:00Z,6.5,4.5,9.0,16,max_daily:10; max_weekly:60; max_monthly:100,N,10,CONFIRMED,COMPLIANT,N,,,0,,N,N,0.0,4,172,2026-01-27 20:41:00,N
RST-1797,CREW-1797,EY96837,POS-7,FLT-1076,EY8184,8,Runway Closure + Airspace Flow Rate Restrictions,A6-EYG,Carlos,Wang,Flight Attendant,Flight Attendant,Junior,7,CABIN,JFK,Cabin,2026-09-18,2026-01-18,B787-10,FLIGHT,2026-01-27T14:11:00Z,2026-01-27T21:11:00Z,6.5,4.5,9.0,16,max_daily:10; max_weekly:60; max_monthly:100,N,10,CONFIRMED,COMPLIANT,N,,,0,,N,N,0.0,4,116,2026-01-27 20:41:00,N
RST-1798,CREW-1798,EY50944,POS-8,FLT-1076,EY8184,8,Runway Closure + Airspace Flow Rate Restrictions,A6-EYG,Emma,Wang,Flight Attendant,Flight Attendant,Junior,8,CABIN,SYD,Cabin,2027-06-19,2027-06-03,B787-10,FLIGHT,2026-01-27T14:11:00Z,2026-01-27T21:11:00Z,6.5,4.5,9.0,16,max_daily:10; max_weekly:60; max_monthly:100,N,10,CONFIRMED,COMPLIANT,N,,,0,,N,N,0.0,4,50,2026-01-27 20:41:00,N
RST-1799,CREW-1799,EY36781,POS-9,FLT-1076,EY8184,8,Runway Closure + Airspace Flow Rate Restrictions,A6-EYG,Sara,Garcia,Flight Attendant,Flight Attendant,Junior,9,CABIN,JFK,Cabin,2026-10-07,2027-02-13,B787-10,FLIGHT,2026-01-27T14:11:00Z,2026-01-27T21:11:00Z,6.5,4.5,9.0,16,max_daily:10; max_weekly:60; max_monthly:100,N,10,CONFIRMED,COMPLIANT,N,,,0,,N,N,0.0,4,81,2026-01-27 20:41:00,N
RST-1800,CREW-1800,EY28184,POS-10,FLT-1076,EY8184,8,Runway Closure + Airspace Flow Rate Restrictions,A6-EYG,Wei,Chen,Flight Attendant,Flight Attendant,Junior,10,CABIN,JFK,Cabin,2026-05-03,2026-01-03,B787-10,FLIGHT,2026-01-27T14:11:00Z,2026-01-27T21:11:00Z,6.5,4.5,9.0,16,max_daily:10; max_weekly:60; max_monthly:100,N,10,CONFIRMED,COMPLIANT,N,,,0,,N,N,0.0,4,90,2026-01-27 20:41:00,N
RST-1801,CREW-1801,EY76706,POS-1,FLT-1077,EY912,8,Runway Closure + Airspace Flow Rate Restrictions,A6-EYA,Raj,Yamamoto,Captain,Captain,Junior,1,COCKPIT,SYD,ATPL,2028-08-05,2027-07-17,A380,FLIGHT,2026-01-27T16:20:00Z,2026-01-28T04:50:00Z,12.0,10.0,1.5,14,max_daily:10; max_weekly:60; max_monthly:100,N,10,CONFIRMED,COMPLIANT,N,,,0,,N,N,4.0,4,90,2026-01-28 04:20:00,N
RST-1802,CREW-1802,EY20416,POS-2,FLT-1077,EY912,8,Runway Closure + Airspace Flow Rate Restrictions,A6-EYA,Yuki,Garcia,First Officer,First Officer,Junior,2,COCKPIT,JFK,ATPL,2026-08-03,2026-06-07,A380,FLIGHT,2026-01-27T16:20:00Z,2026-01-28T04:50:00Z,12.0,10.0,1.5,14,max_daily:10; max_weekly:60; max_monthly:100,N,10,CONFIRMED,COMPLIANT,N,,,0,,N,N,4.0,4,51,2026-01-28 04:20:00,N
RST-1803,CREW-1803,EY56300,POS-3,FLT-1077,EY912,8,Runway Closure + Airspace Flow Rate Restrictions,A6-EYA,Arjun,Yamamoto,Purser,Purser,Junior,3,CABIN,AUH,Cabin,2028-09-28,2027-02-09,A380,FLIGHT,2026-01-27T16:20:00Z,2026-01-28T04:50:00Z,12.0,10.0,3.5,16,max_daily:10; max_weekly:60; max_monthly:100,N,10,CONFIRMED,COMPLIANT,N,,,0,,N,N,4.0,4,73,2026-01-28 04:20:00,N
RST-1804,CREW-1804,EY83390,POS-4,FLT-1077,EY912,8,Runway Closure + Airspace Flow Rate Restrictions,A6-EYA,Ananya,Singh,Flight Attendant,Flight Attendant,Senior,4,CABIN,SIN,Cabin,2028-10-07,2026-03-18,A380,FLIGHT,2026-01-27T16:20:00Z,2026-01-28T04:50:00Z,12.0,10.0,3.5,16,max_daily:10; max_weekly:60; max_monthly:100,N,10,CONFIRMED,COMPLIANT,N,,,0,,N,N,4.0,4,166,2026-01-28 04:20:00,N
RST-1805,CREW-1805,EY41137,POS-5,FLT-1077,EY912,8,Runway Closure + Airspace Flow Rate Restrictions,A6-EYA,Priya,Patel,Flight Attendant,Flight Attendant,Senior,5,CABIN,JFK,Cabin,2027-10-16,2026-02-27,A380,FLIGHT,2026-01-27T16:20:00Z,2026-01-28T04:50:00Z,12.0,10.0,3.5,16,max_daily:10; max_weekly:60; max_monthly:100,N,10,CONFIRMED,COMPLIANT,N,,,0,,N,N,4.0,4,122,2026-01-28 04:20:00,N
RST-1806,CREW-1806,EY95388,POS-6,FLT-1077,EY912,8,Runway Closure + Airspace Flow Rate Restrictions,A6-EYA,Olivia,Lee,Flight Attendant,Flight Attendant,Junior,6,CABIN,AUH,Cabin,2026-08-05,2027-02-02,A380,FLIGHT,2026-01-27T16:20:00Z,2026-01-28T04:50:00Z,12.0,10.0,3.5,16,max_daily:10; max_weekly:60; max_monthly:100,N,10,CONFIRMED,COMPLIANT,N,,,0,,N,N,4.0,4,181,2026-01-28 04:20:00,N
RST-1807,CREW-1807,EY51631,POS-7,FLT-1077,EY912,8,Runway Closure + Airspace Flow Rate Restrictions,A6-EYA,Raj,Brown,Flight Attendant,Flight Attendant,Senior,7,CABIN,JFK,Cabin,2028-06-17,2027-10-09,A380,FLIGHT,2026-01-27T16:20:00Z,2026-01-28T04:50:00Z,12.0,10.0,3.5,16,max_daily:10; max_weekly:60; max_monthly:100,N,10,CONFIRMED,COMPLIANT,N,,,0,,N,N,4.0,4,105,2026-01-28 04:20:00,N
RST-1808,CREW-1808,EY69563,POS-8,FLT-1077,EY912,8,Runway Closure + Airspace Flow Rate Restrictions,A6-EYA,Yusuf,Ferrari,Flight Attendant,Flight Attendant,Junior,8,CABIN,SYD,Cabin,2026-02-09,2026-10-12,A380,FLIGHT,2026-01-27T16:20:00Z,2026-01-28T04:50:00Z,12.0,10.0,3.5,16,max_daily:10; max_weekly:60; max_monthly:100,N,10,CONFIRMED,COMPLIANT,N,,,0,,N,N,4.0,4,67,2026-01-28 04:20:00,N
RST-1809,CREW-1809,EY52041,POS-9,FLT-1077,EY912,8,Runway Closure + Airspace Flow Rate Restrictions,A6-EYA,Sara,Al-Rashid,Flight Attendant,Flight Attendant,Senior,9,CABIN,SIN,Cabin,2026-03-08,2027-01-21,A380,FLIGHT,2026-01-27T16:20:00Z,2026-01-28T04:50:00Z,12.0,10.0,3.5,16,max_daily:10; max_weekly:60; max_monthly:100,N,10,CONFIRMED,COMPLIANT,N,,,0,,N,N,4.0,4,105,2026-01-28 04:20:00,N
RST-1810,CREW-1810,EY22124,POS-10,FLT-1077,EY912,8,Runway Closure + Airspace Flow Rate Restrictions,A6-EYA,Mohammed,Khan,Flight Attendant,Flight Attendant,Junior,10,CABIN,SYD,Cabin,2027-01-08,2026-11-07,A380,FLIGHT,2026-01-27T16:20:00Z,2026-01-28T04:50:00Z,12.0,10.0,3.5,16,max_daily:10; max_weekly:60; max_monthly:100,N,10,CONFIRMED,COMPLIANT,N,,,0,,N,N,4.0,4,64,2026-01-28 04:20:00,N
RST-1811,CREW-1811,EY55438,POS-11,FLT-1077,EY912,8,Runway Closure + Airspace Flow Rate Restrictions,A6-EYA,Maria,Singh,Flight Attendant,Flight Attendant,Junior,11,CABIN,LHR,Cabin,2028-04-23,2026-06-28,A380,FLIGHT,2026-01-27T16:20:00Z,2026-01-28T04:50:00Z,12.0,10.0,3.5,16,max_daily:10; max_weekly:60; max_monthly:100,N,10,CONFIRMED,COMPLIANT,N,,,0,,N,N,4.0,4,130,2026-01-28 04:20:00,N
RST-1812,CREW-1812,EY87729,POS-12,FLT-1077,EY912,8,Runway Closure + Airspace Flow Rate Restrictions,A6-EYA,Isabella,Brown,Flight Attendant,Flight Attendant,Senior,12,CABIN,AUH,Cabin,2028-08-10,2026-11-25,A380,FLIGHT,2026-01-27T16:20:00Z,2026-01-28T04:50:00Z,12.0,10.0,3.5,16,max_daily:10; max_weekly:60; max_monthly:100,N,10,CONFIRMED,COMPLIANT,N,,,0,,N,N,4.0,4,159,2026-01-28 04:20:00,N
RST-1813,CREW-1813,EY68324,POS-13,FLT-1077,EY912,8,Runway Closure + Airspace Flow Rate Restrictions,A6-EYA,James,Rossi,Flight Attendant,Flight Attendant,Junior,13,CABIN,JFK,Cabin,2026-01-03,2026-11-20,A380,FLIGHT,2026-01-27T16:20:00Z,2026-01-28T04:50:00Z,12.0,10.0,3.5,16,max_daily:10; max_weekly:60; max_monthly:100,N,10,CONFIRMED,COMPLIANT,N,,,0,,N,N,4.0,4,64,2026-01-28 04:20:00,N
RST-1814,CREW-1814,EY73784,POS-14,FLT-1077,EY912,8,Runway Closure + Airspace Flow Rate Restrictions,A6-EYA,Maria,Wang,Flight Attendant,Flight Attendant,Junior,14,CABIN,JFK,Cabin,2028-12-27,2027-08-08,A380,FLIGHT,2026-01-27T16:20:00Z,2026-01-28T04:50:00Z,12.0,10.0,3.5,16,max_daily:10; max_weekly:60; max_monthly:100,N,10,CONFIRMED,COMPLIANT,N,,,0,,N,N,4.0,4,118,2026-01-28 04:20:00,N
RST-1815,CREW-1815,EY94071,POS-15,FLT-1077,EY912,8,Runway Closure + Airspace Flow Rate Restrictions,A6-EYA,Hiroshi,Al-Rashid,Flight Attendant,Flight Attendant,Junior,15,CABIN,SYD,Cabin,2027-03-05,2027-05-02,A380,FLIGHT,2026-01-27T16:20:00Z,2026-01-28T04:50:00Z,12.0,10.0,3.5,16,max_daily:10; max_weekly:60; max_monthly:100,N,10,CONFIRMED,COMPLIANT,N,,,0,,N,N,4.0,4,117,2026-01-28 04:20:00,N
RST-1816,CREW-1816,EY64712,POS-16,FLT-1077,EY912,8,Runway Closure + Airspace Flow Rate Restrictions,A6-EYA,Raj,Chen,Flight Attendant,Flight Attendant,Junior,16,CABIN,AUH,Cabin,2028-06-19,2026-04-28,A380,FLIGHT,2026-01-27T16:20:00Z,2026-01-28T04:50:00Z,12.0,10.0,3.5,16,max_daily:10; max_weekly:60; max_monthly:100,N,10,CONFIRMED,COMPLIANT,N,,,0,,N,N,4.0,4,192,2026-01-28 04:20:00,N
RST-1817,CREW-1817,EY32279,POS-1,FLT-1078,EY0739,8,Runway Closure + Airspace Flow Rate Restrictions,A6-EYB,Sophia,Patel,Captain,Captain,Junior,1,COCKPIT,SIN,ATPL,2027-04-14,2027-05-26,A380,FLIGHT,2026-01-27T18:16:00Z,2026-01-28T02:01:00Z,7.2,5.2,6.2,14,max_daily:10; max_weekly:60; max_monthly:100,N,10,CONFIRMED,COMPLIANT,N,,,0,,N,N,0.0,4,67,2026-01-28 01:31:00,N
RST-1818,CREW-1818,EY89871,POS-2,FLT-1078,EY0739,8,Runway Closure + Airspace Flow Rate Restrictions,A6-EYB,Fatima,Mueller,First Officer,First Officer,Junior,2,COCKPIT,SIN,ATPL,2028-11-28,2027-07-25,A380,FLIGHT,2026-01-27T18:16:00Z,2026-01-28T02:01:00Z,7.2,5.2,6.2,14,max_daily:10; max_weekly:60; max_monthly:100,N,10,CONFIRMED,COMPLIANT,N,,,0,,N,N,0.0,4,126,2026-01-28 01:31:00,N
RST-1819,CREW-1819,EY42613,POS-3,FLT-1078,EY0739,8,Runway Closure + Airspace Flow Rate Restrictions,A6-EYB,Raj,Schmidt,Purser,Purser,Junior,3,CABIN,AUH,Cabin,2028-12-14,2026-12-09,A380,FLIGHT,2026-01-27T18:16:00Z,2026-01-28T02:01:00Z,7.2,5.2,8.2,16,max_daily:10; max_weekly:60; max_monthly:100,N,10,CONFIRMED,COMPLIANT,N,,,0,,N,N,0.0,4,105,2026-01-28 01:31:00,N
RST-1820,CREW-1820,EY15001,POS-4,FLT-1078,EY0739,8,Runway Closure + Airspace Flow Rate Restrictions,A6-EYB,Maryam,Martinez,Flight Attendant,Flight Attendant,Senior,4,CABIN,JFK,Cabin,2028-11-07,2026-10-20,A380,FLIGHT,2026-01-27T18:16:00Z,2026-01-28T02:01:00Z,7.2,5.2,8.2,16,max_daily:10; max_weekly:60; max_monthly:100,N,10,CONFIRMED,COMPLIANT,N,,,0,,N,N,0.0,4,123,2026-01-28 01:31:00,N
RST-1821,CREW-1821,EY65055,POS-5,FLT-1078,EY0739,8,Runway Closure + Airspace Flow Rate Restrictions,A6-EYB,David,Martinez,Flight Attendant,Flight Attendant,Junior,5,CABIN,SIN,Cabin,2028-01-23,2026-02-03,A380,FLIGHT,2026-01-27T18:16:00Z,2026-01-28T02:01:00Z,7.2,5.2,8.2,16,max_daily:10; max_weekly:60; max_monthly:100,N,10,CONFIRMED,COMPLIANT,N,,,0,,N,N,0.0,4,140,2026-01-28 01:31:00,N
RST-1822,CREW-1822,EY55196,POS-6,FLT-1078,EY0739,8,Runway Closure + Airspace Flow Rate Restrictions,A6-EYB,Hiroshi,Al-Rashid,Flight Attendant,Flight Attendant,Senior,6,CABIN,LHR,Cabin,2026-12-21,2026-03-05,A380,FLIGHT,2026-01-27T18:16:00Z,2026-01-28T02:01:00Z,7.2,5.2,8.2,16,max_daily:10; max_weekly:60; max_monthly:100,N,10,CONFIRMED,COMPLIANT,N,,,0,,N,N,0.0,4,77,2026-01-28 01:31:00,N
RST-1823,CREW-1823,EY29059,POS-7,FLT-1078,EY0739,8,Runway Closure + Airspace Flow Rate Restrictions,A6-EYB,Aisha,Patel,Flight Attendant,Flight Attendant,Junior,7,CABIN,JFK,Cabin,2026-04-28,2027-02-08,A380,FLIGHT,2026-01-27T18:16:00Z,2026-01-28T02:01:00Z,7.2,5.2,8.2,16,max_daily:10; max_weekly:60; max_monthly:100,N,10,CONFIRMED,COMPLIANT,N,,,0,,N,N,0.0,4,58,2026-01-28 01:31:00,N
RST-1824,CREW-1824,EY53051,POS-8,FLT-1078,EY0739,8,Runway Closure + Airspace Flow Rate Restrictions,A6-EYB,Ahmed,Ferrari,Flight Attendant,Flight Attendant,Junior,8,CABIN,SIN,Cabin,2026-10-02,2026-09-28,A380,FLIGHT,2026-01-27T18:16:00Z,2026-01-28T02:01:00Z,7.2,5.2,8.2,16,max_daily:10; max_weekly:60; max_monthly:100,N,10,CONFIRMED,COMPLIANT,N,,,0,,N,N,0.0,4,181,2026-01-28 01:31:00,N
RST-1825,CREW-1825,EY83602,POS-9,FLT-1078,EY0739,8,Runway Closure + Airspace Flow Rate Restrictions,A6-EYB,Omar,Ferrari,Flight Attendant,Flight Attendant,Junior,9,CABIN,SIN,Cabin,2027-07-04,2026-10-16,A380,FLIGHT,2026-01-27T18:16:00Z,2026-01-28T02:01:00Z,7.2,5.2,8.2,16,max_daily:10; max_weekly:60; max_monthly:100,N,10,CONFIRMED,COMPLIANT,N,,,0,,N,N,0.0,4,62,2026-01-28 01:31:00,N
RST-1826,CREW-1826,EY57281,POS-10,FLT-1078,EY0739,8,Runway Closure + Airspace Flow Rate Restrictions,A6-EYB,Olivia,Patel,Flight Attendant,Flight Attendant,Junior,10,CABIN,JFK,Cabin,2026-07-02,2027-06-17,A380,FLIGHT,2026-01-27T18:16:00Z,2026-01-28T02:01:00Z,7.2,5.2,8.2,16,max_daily:10; max_weekly:60; max_monthly:100,N,10,CONFIRMED,COMPLIANT,N,,,0,,N,N,0.0,4,149,2026-01-28 01:31:00,N
RST-1827,CREW-1827,EY86563,POS-11,FLT-1078,EY0739,8,Runway Closure + Airspace Flow Rate Restrictions,A6-EYB,Hassan,Garcia,Flight Attendant,Flight Attendant,Senior,11,CABIN,SIN,Cabin,2028-08-08,2026-04-27,A380,FLIGHT,2026-01-27T18:16:00Z,2026-01-28T02:01:00Z,7.2,5.2,8.2,16,max_daily:10; max_weekly:60; max_monthly:100,N,10,CONFIRMED,COMPLIANT,N,,,0,,N,N,0.0,4,196,2026-01-28 01:31:00,N
RST-1828,CREW-1828,EY53795,POS-12,FLT-1078,EY0739,8,Runway Closure + Airspace Flow Rate Restrictions,A6-EYB,Michael,Johnson,Flight Attendant,Flight Attendant,Junior,12,CABIN,AUH,Cabin,2026-06-18,2027-10-07,A380,FLIGHT,2026-01-27T18:16:00Z,2026-01-28T02:01:00Z,7.2,5.2,8.2,16,max_daily:10; max_weekly:60; max_monthly:100,N,10,CONFIRMED,COMPLIANT,N,,,0,,N,N,0.0,4,152,2026-01-28 01:31:00,N
RST-1829,CREW-1829,EY37923,POS-13,FLT-1078,EY0739,8,Runway Closure + Airspace Flow Rate Restrictions,A6-EYB,Ahmed,Yamamoto,Flight Attendant,Flight Attendant,Junior,13,CABIN,SYD,Cabin,2027-06-18,2026-12-02,A380,FLIGHT,2026-01-27T18:16:00Z,2026-01-28T02:01:00Z,7.2,5.2,8.2,16,max_daily:10; max_weekly:60; max_monthly:100,N,10,CONFIRMED,COMPLIANT,N,,,0,,N,N,0.0,4,181,2026-01-28 01:31:00,N
RST-1830,CREW-1830,EY47005,POS-14,FLT-1078,EY0739,8,Runway Closure + Airspace Flow Rate Restrictions,A6-EYB,Isabella,Kim,Flight Attendant,Flight Attendant,Junior,14,CABIN,JFK,Cabin,2028-02-08,2026-08-11,A380,FLIGHT,2026-01-27T18:16:00Z,2026-01-28T02:01:00Z,7.2,5.2,8.2,16,max_daily:10; max_weekly:60; max_monthly:100,N,10,CONFIRMED,COMPLIANT,N,,,0,,N,N,0.0,4,55,2026-01-28 01:31:00,N
RST-1831,CREW-1831,EY11336,POS-15,FLT-1078,EY0739,8,Runway Closure + Airspace Flow Rate Restrictions,A6-EYB,Emma,Rossi,Flight Attendant,Flight Attendant,Junior,15,CABIN,SYD,Cabin,2028-08-21,2027-03-20,A380,FLIGHT,2026-01-27T18:16:00Z,2026-01-28T02:01:00Z,7.2,5.2,8.2,16,max_daily:10; max_weekly:60; max_monthly:100,N,10,CONFIRMED,COMPLIANT,N,,,0,,N,N,0.0,4,136,2026-01-28 01:31:00,N
RST-1832,CREW-1832,EY69675,POS-16,FLT-1078,EY0739,8,Runway Closure + Airspace Flow Rate Restrictions,A6-EYB,Mei,Al-Rashid,Flight Attendant,Flight Attendant,Junior,16,CABIN,JFK,Cabin,2028-09-24,2027-01-10,A380,FLIGHT,2026-01-27T18:16:00Z,2026-01-28T02:01:00Z,7.2,5.2,8.2,16,max_daily:10; max_weekly:60; max_monthly:100,N,10,CONFIRMED,COMPLIANT,N,,,0,,N,N,0.0,4,185,2026-01-28 01:31:00,N
RST-1833,CREW-1833,EY40989,POS-1,FLT-1079,EY6622,8,Runway Closure + Airspace Flow Rate Restrictions,A6-EYJ,Hassan,Johnson,Captain,Captain,Junior,1,COCKPIT,JFK,ATPL,2026-10-28,2027-07-01,B787-10,FLIGHT,2026-01-27T20:41:00Z,2026-01-28T04:11:00Z,7.0,5.0,6.5,14,max_daily:10; max_weekly:60; max_monthly:100,N,10,CONFIRMED,COMPLIANT,N,,,0,,N,N,0.0,4,126,2026-01-28 03:41:00,N
RST-1834,CREW-1834,EY19068,POS-2,FLT-1079,EY6622,8,Runway Closure + Airspace Flow Rate Restrictions,A6-EYJ,Sophia,Rossi,First Officer,First Officer,Junior,2,COCKPIT,SYD,ATPL,2027-08-23,2027-05-24,B787-10,FLIGHT,2026-01-27T20:41:00Z,2026-01-28T04:11:00Z,7.0,5.0,6.5,14,max_daily:10; max_weekly:60; max_monthly:100,N,10,CONFIRMED,COMPLIANT,N,,,0,,N,N,0.0,4,134,2026-01-28 03:41:00,N
RST-1835,CREW-1835,EY72700,POS-3,FLT-1079,EY6622,8,Runway Closure + Airspace Flow Rate Restrictions,A6-EYJ,Isabella,Johnson,Purser,Purser,Senior,3,CABIN,LHR,Cabin,2027-08-09,2027-07-14,B787-10,FLIGHT,2026-01-27T20:41:00Z,2026-01-28T04:11:00Z,7.0,5.0,8.5,16,max_daily:10; max_weekly:60; max_monthly:100,N,10,CONFIRMED,COMPLIANT,N,,,0,,N,N,0.0,4,82,2026-01-28 03:41:00,N
RST-1836,CREW-1836,EY73231,POS-4,FLT-1079,EY6622,8,Runway Closure + Airspace Flow Rate Restrictions,A6-EYJ,Raj,Schmidt,Flight Attendant,Flight Attendant,Junior,4,CABIN,JFK,Cabin,2026-03-09,2027-03-27,B787-10,FLIGHT,2026-01-27T20:41:00Z,2026-01-28T04:11:00Z,7.0,5.0,8.5,16,max_daily:10; max_weekly:60; max_monthly:100,N,10,CONFIRMED,COMPLIANT,N,,,0,,N,N,0.0,4,183,2026-01-28 03:41:00,N
RST-1837,CREW-1837,EY51436,POS-5,FLT-1079,EY6622,8,Runway Closure + Airspace Flow Rate Restrictions,A6-EYJ,Mia,Williams,Flight Attendant,Flight Attendant,Junior,5,CABIN,LHR,Cabin,2026-10-03,2026-09-02,B787-10,FLIGHT,2026-01-27T20:41:00Z,2026-01-28T04:11:00Z,7.0,5.0,8.5,16,max_daily:10; max_weekly:60; max_monthly:100,N,10,CONFIRMED,COMPLIANT,N,,,0,,N,N,0.0,4,156,2026-01-28 03:41:00,N
RST-1838,CREW-1838,EY73845,POS-6,FLT-1079,EY6622,8,Runway Closure + Airspace Flow Rate Restrictions,A6-EYJ,Hassan,Williams,Flight Attendant,Flight Attendant,Senior,6,CABIN,SYD,Cabin,2028-11-24,2027-07-23,B787-10,FLIGHT,2026-01-27T20:41:00Z,2026-01-28T04:11:00Z,7.0,5.0,8.5,16,max_daily:10; max_weekly:60; max_monthly:100,N,10,CONFIRMED,COMPLIANT,N,,,0,,N,N,0.0,4,116,2026-01-28 03:41:00,N
RST-1839,CREW-1839,EY88781,POS-7,FLT-1079,EY6622,8,Runway Closure + Airspace Flow Rate Restrictions,A6-EYJ,Hassan,Tanaka,Flight Attendant,Flight Attendant,Senior,7,CABIN,LHR,Cabin,2027-01-23,2026-10-11,B787-10,FLIGHT,2026-01-27T20:41:00Z,2026-01-28T04:11:00Z,7.0,5.0,8.5,16,max_daily:10; max_weekly:60; max_monthly:100,N,10,CONFIRMED,COMPLIANT,N,,,0,,N,N,0.0,4,56,2026-01-28 03:41:00,N
RST-1840,CREW-1840,EY65732,POS-8,FLT-1079,EY6622,8,Runway Closure + Airspace Flow Rate Restrictions,A6-EYJ,Isabella,Ferrari,Flight Attendant,Flight Attendant,Senior,8,CABIN,LHR,Cabin,2028-07-22,2027-06-23,B787-10,FLIGHT,2026-01-27T20:41:00Z,2026-01-28T04:11:00Z,7.0,5.0,8.5,16,max_daily:10; max_weekly:60; max_monthly:100,N,10,CONFIRMED,COMPLIANT,N,,,0,,N,N,0.0,4,193,2026-01-28 03:41:00,N
RST-1841,CREW-1841,EY37736,POS-9,FLT-1079,EY6622,8,Runway Closure + Airspace Flow Rate Restrictions,A6-EYJ,Maryam,Al-Rashid,Flight Attendant,Flight Attendant,Junior,9,CABIN,JFK,Cabin,2028-09-01,2027-04-21,B787-10,FLIGHT,2026-01-27T20:41:00Z,2026-01-28T04:11:00Z,7.0,5.0,8.5,16,max_daily:10; max_weekly:60; max_monthly:100,N,10,CONFIRMED,COMPLIANT,N,,,0,,N,N,0.0,4,197,2026-01-28 03:41:00,N
RST-1842,CREW-1842,EY62263,POS-10,FLT-1079,EY6622,8,Runway Closure + Airspace Flow Rate Restrictions,A6-EYJ,Aisha,Martinez,Flight Attendant,Flight Attendant,Junior,10,CABIN,SIN,Cabin,2028-07-28,2027-02-04,B787-10,FLIGHT,2026-01-27T20:41:00Z,2026-01-28T04:11:00Z,7.0,5.0,8.5,16,max_daily:10; max_weekly:60; max_monthly:100,N,10,CONFIRMED,COMPLIANT,N,,,0,,N,N,0.0,4,168,2026-01-28 03:41:00,N
RST-1843,CREW-1843,EY75155,POS-1,FLT-1080,EY5265,8,Runway Closure + Airspace Flow Rate Restrictions,A6-EYK,Carlos,Mueller,Captain,Captain,Junior,1,COCKPIT,SYD,ATPL,2028-07-05,2027-04-15,A350,FLIGHT,2026-01-27T04:15:00Z,2026-01-27T14:15:00Z,9.5,7.5,4.0,14,max_daily:10; max_weekly:60; max_monthly:100,N,10,CONFIRMED,COMPLIANT,N,,,0,,N,N,1.5,4,110,2026-01-27 13:45:00,N
RST-1844,CREW-1844,EY84407,POS-2,FLT-1080,EY5265,8,Runway Closure + Airspace Flow Rate Restrictions,A6-EYK,Aisha,Rossi,First Officer,First Officer,Junior,2,COCKPIT,JFK,ATPL,2027-03-04,2027-11-21,A350,FLIGHT,2026-01-27T04:15:00Z,2026-01-27T14:15:00Z,9.5,7.5,4.0,14,max_daily:10; max_weekly:60; max_monthly:100,N,10,CONFIRMED,COMPLIANT,N,,,0,,N,N,1.5,4,164,2026-01-27 13:45:00,N
RST-1845,CREW-1845,EY86272,POS-3,FLT-1080,EY5265,8,Runway Closure + Airspace Flow Rate Restrictions,A6-EYK,Michael,Garcia,Purser,Purser,Junior,3,CABIN,JFK,Cabin,2027-01-11,2027-10-16,A350,FLIGHT,2026-01-27T04:15:00Z,2026-01-27T14:15:00Z,9.5,7.5,6.0,16,max_daily:10; max_weekly:60; max_monthly:100,N,10,CONFIRMED,COMPLIANT,N,,,0,,N,N,1.5,4,125,2026-01-27 13:45:00,N
RST-1846,CREW-1846,EY44255,POS-4,FLT-1080,EY5265,8,Runway Closure + Airspace Flow Rate Restrictions,A6-EYK,Maryam,Kim,Flight Attendant,Flight Attendant,Senior,4,CABIN,SYD,Cabin,2027-02-12,2027-04-15,A350,FLIGHT,2026-01-27T04:15:00Z,2026-01-27T14:15:00Z,9.5,7.5,6.0,16,max_daily:10; max_weekly:60; max_monthly:100,N,10,CONFIRMED,COMPLIANT,N,,,0,,N,N,1.5,4,104,2026-01-27 13:45:00,N
RST-1847,CREW-1847,EY18350,POS-5,FLT-1080,EY5265,8,Runway Closure + Airspace Flow Rate Restrictions,A6-EYK,Mei,Khan,Flight Attendant,Flight Attendant,Senior,5,CABIN,SYD,Cabin,2027-10-08,2027-11-18,A350,FLIGHT,2026-01-27T04:15:00Z,2026-01-27T14:15:00Z,9.5,7.5,6.0,16,max_daily:10; max_weekly:60; max_monthly:100,N,10,CONFIRMED,COMPLIANT,N,,,0,,N,N,1.5,4,149,2026-01-27 13:45:00,N
RST-1848,CREW-1848,EY14195,POS-6,FLT-1080,EY5265,8,Runway Closure + Airspace Flow Rate Restrictions,A6-EYK,Ahmed,Lee,Flight Attendant,Flight Attendant,Junior,6,CABIN,SIN,Cabin,2027-02-18,2027-05-11,A350,FLIGHT,2026-01-27T04:15:00Z,2026-01-27T14:15:00Z,9.5,7.5,6.0,16,max_daily:10; max_weekly:60; max_monthly:100,N,10,CONFIRMED,COMPLIANT,N,,,0,,N,N,1.5,4,169,2026-01-27 13:45:00,N
RST-1849,CREW-1849,EY58449,POS-7,FLT-1080,EY5265,8,Runway Closure + Airspace Flow Rate Restrictions,A6-EYK,Ananya,Garcia,Flight Attendant,Flight Attendant,Junior,7,CABIN,JFK,Cabin,2026-07-11,2026-10-14,A350,FLIGHT,2026-01-27T04:15:00Z,2026-01-27T14:15:00Z,9.5,7.5,6.0,16,max_daily:10; max_weekly:60; max_monthly:100,N,10,CONFIRMED,COMPLIANT,N,,,0,,N,N,1.5,4,96,2026-01-27 13:45:00,N
RST-1850,CREW-1850,EY70705,POS-8,FLT-1080,EY5265,8,Runway Closure + Airspace Flow Rate Restrictions,A6-EYK,Robert,Wang,Flight Attendant,Flight Attendant,Junior,8,CABIN,LHR,Cabin,2028-11-04,2026-12-26,A350,FLIGHT,2026-01-27T04:15:00Z,2026-01-27T14:15:00Z,9.5,7.5,6.0,16,max_daily:10; max_weekly:60; max_monthly:100,N,10,CONFIRMED,COMPLIANT,N,,,0,,N,N,1.5,4,188,2026-01-27 13:45:00,N
RST-1851,CREW-1851,EY89000,POS-9,FLT-1080,EY5265,8,Runway Closure + Airspace Flow Rate Restrictions,A6-EYK,Omar,Rossi,Flight Attendant,Flight Attendant,Senior,9,CABIN,JFK,Cabin,2026-08-16,2027-12-23,A350,FLIGHT,2026-01-27T04:15:00Z,2026-01-27T14:15:00Z,9.5,7.5,6.0,16,max_daily:10; max_weekly:60; max_monthly:100,N,10,CONFIRMED,COMPLIANT,N,,,0,,N,N,1.5,4,66,2026-01-27 13:45:00,N
RST-1852,CREW-1852,EY58542,POS-10,FLT-1080,EY5265,8,Runway Closure + Airspace Flow Rate Restrictions,A6-EYK,Priya,Chen,Flight Attendant,Flight Attendant,Junior,10,CABIN,AUH,Cabin,2028-09-10,2027-12-07,A350,FLIGHT,2026-01-27T04:15:00Z,2026-01-27T14:15:00Z,9.5,7.5,6.0,16,max_daily:10; max_weekly:60; max_monthly:100,N,10,CONFIRMED,COMPLIANT,N,,,0,,N,N,1.5,4,173,2026-01-27 13:45:00,N
RST-1853,CREW-1853,EY66294,POS-11,FLT-1080,EY5265,8,Runway Closure + Airspace Flow Rate Restrictions,A6-EYK,David,Kim,Flight Attendant,Flight Attendant,Junior,11,CABIN,LHR,Cabin,2027-12-19,2027-11-24,A350,FLIGHT,2026-01-27T04:15:00Z,2026-01-27T14:15:00Z,9.5,7.5,6.0,16,max_daily:10; max_weekly:60; max_monthly:100,N,10,CONFIRMED,COMPLIANT,N,,,0,,N,N,1.5,4,55,2026-01-27 13:45:00,N
RST-1854,CREW-1854,EY21313,POS-12,FLT-1080,EY5265,8,Runway Closure + Airspace Flow Rate Restrictions,A6-EYK,James,Singh,Flight Attendant,Flight Attendant,Junior,12,CABIN,AUH,Cabin,2028-05-24,2027-03-18,A350,FLIGHT,2026-01-27T04:15:00Z,2026-01-27T14:15:00Z,9.5,7.5,6.0,16,max_daily:10; max_weekly:60; max_monthly:100,N,10,CONFIRMED,COMPLIANT,N,,,0,,N,N,1.5,4,78,2026-01-27 13:45:00,N
RST-1855,CREW-1855,EY37986,POS-1,FLT-1081,EY6005,8,Runway Closure + Airspace Flow Rate Restrictions,A6-EYL,Arjun,Singh,Captain,Captain,Junior,1,COCKPIT,JFK,ATPL,2028-01-05,2027-12-06,A350,FLIGHT,2026-01-27T06:30:00Z,2026-01-27T22:45:00Z,15.8,13.8,-2.2,14,max_daily:10; max_weekly:60; max_monthly:100,Y,12,CONFIRMED,WARNING,N,,,0,,N,Y,7.8,4,155,2026-01-27 22:15:00,N
RST-1856,CREW-1856,EY98651,POS-2,FLT-1081,EY6005,8,Runway Closure + Airspace Flow Rate Restrictions,A6-EYL,Maria,Yamamoto,First Officer,First Officer,Junior,2,COCKPIT,SIN,ATPL,2027-04-16,2026-08-06,A350,FLIGHT,2026-01-27T06:30:00Z,2026-01-27T22:45:00Z,15.8,13.8,-2.2,14,max_daily:10; max_weekly:60; max_monthly:100,Y,12,CONFIRMED,WARNING,N,,,0,,N,Y,7.8,4,135,2026-01-27 22:15:00,N
RST-1857,CREW-1857,EY86825,POS-3,FLT-1081,EY6005,8,Runway Closure + Airspace Flow Rate Restrictions,A6-EYL,Arjun,Lee,Purser,Purser,Senior,3,CABIN,SYD,Cabin,2028-01-02,2026-01-09,A350,FLIGHT,2026-01-27T06:30:00Z,2026-01-27T22:45:00Z,15.8,13.8,-0.2,16,max_daily:10; max_weekly:60; max_monthly:100,Y,12,CONFIRMED,WARNING,N,,,0,,N,Y,7.8,4,110,2026-01-27 22:15:00,N
RST-1858,CREW-1858,EY79713,POS-4,FLT-1081,EY6005,8,Runway Closure + Airspace Flow Rate Restrictions,A6-EYL,Ahmed,Brown,Flight Attendant,Flight Attendant,Junior,4,CABIN,JFK,Cabin,2028-07-15,2026-09-09,A350,FLIGHT,2026-01-27T06:30:00Z,2026-01-27T22:45:00Z,15.8,13.8,-0.2,16,max_daily:10; max_weekly:60; max_monthly:100,Y,12,CONFIRMED,WARNING,N,,,0,,N,Y,7.8,4,94,2026-01-27 22:15:00,N
RST-1859,CREW-1859,EY91097,POS-5,FLT-1081,EY6005,8,Runway Closure + Airspace Flow Rate Restrictions,A6-EYL,Olivia,Khan,Flight Attendant,Flight Attendant,Senior,5,CABIN,JFK,Cabin,2027-05-07,2026-03-21,A350,FLIGHT,2026-01-27T06:30:00Z,2026-01-27T22:45:00Z,15.8,13.8,-0.2,16,max_daily:10; max_weekly:60; max_monthly:100,Y,12,CONFIRMED,WARNING,N,,,0,,N,Y,7.8,4,197,2026-01-27 22:15:00,N
RST-1860,CREW-1860,EY64029,POS-6,FLT-1081,EY6005,8,Runway Closure + Airspace Flow Rate Restrictions,A6-EYL,Yusuf,Brown,Flight Attendant,Flight Attendant,Senior,6,CABIN,JFK,Cabin,2027-02-17,2026-05-07,A350,FLIGHT,2026-01-27T06:30:00Z,2026-01-27T22:45:00Z,15.8,13.8,-0.2,16,max_daily:10; max_weekly:60; max_monthly:100,Y,12,CONFIRMED,WARNING,N,,,0,,N,Y,7.8,4,173,2026-01-27 22:15:00,N
RST-1861,CREW-1861,EY48799,POS-7,FLT-1081,EY6005,8,Runway Closure + Airspace Flow Rate Restrictions,A6-EYL,Sophia,Mueller,Flight Attendant,Flight Attendant,Junior,7,CABIN,SIN,Cabin,2026-09-14,2027-08-08,A350,FLIGHT,2026-01-27T06:30:00Z,2026-01-27T22:45:00Z,15.8,13.8,-0.2,16,max_daily:10; max_weekly:60; max_monthly:100,Y,12,CONFIRMED,WARNING,N,,,0,,N,Y,7.8,4,91,2026-01-27 22:15:00,N
RST-1862,CREW-1862,EY58302,POS-8,FLT-1081,EY6005,8,Runway Closure + Airspace Flow Rate Restrictions,A6-EYL,Sophia,Martinez,Flight Attendant,Flight Attendant,Junior,8,CABIN,JFK,Cabin,2026-08-05,2026-10-23,A350,FLIGHT,2026-01-27T06:30:00Z,2026-01-27T22:45:00Z,15.8,13.8,-0.2,16,max_daily:10; max_weekly:60; max_monthly:100,Y,12,CONFIRMED,WARNING,N,,,0,,N,Y,7.8,4,56,2026-01-27 22:15:00,N
RST-1863,CREW-1863,EY61134,POS-9,FLT-1081,EY6005,8,Runway Closure + Airspace Flow Rate Restrictions,A6-EYL,Wei,Garcia,Flight Attendant,Flight Attendant,Junior,9,CABIN,SIN,Cabin,2026-01-15,2026-12-18,A350,FLIGHT,2026-01-27T06:30:00Z,2026-01-27T22:45:00Z,15.8,13.8,-0.2,16,max_daily:10; max_weekly:60; max_monthly:100,Y,12,CONFIRMED,WARNING,N,,,0,,N,Y,7.8,4,129,2026-01-27 22:15:00,N
RST-1864,CREW-1864,EY72531,POS-10,FLT-1081,EY6005,8,Runway Closure + Airspace Flow Rate Restrictions,A6-EYL,Raj,Martinez,Flight Attendant,Flight Attendant,Junior,10,CABIN,SIN,Cabin,2026-01-11,2026-06-15,A350,FLIGHT,2026-01-27T06:30:00Z,2026-01-27T22:45:00Z,15.8,13.8,-0.2,16,max_daily:10; max_weekly:60; max_monthly:100,Y,12,CONFIRMED,WARNING,N,,,0,,N,Y,7.8,4,132,2026-01-27 22:15:00,N
RST-1865,CREW-1865,EY29706,POS-11,FLT-1081,EY6005,8,Runway Closure + Airspace Flow Rate Restrictions,A6-EYL,Olivia,Chen,Flight Attendant,Flight Attendant,Junior,11,CABIN,LHR,Cabin,2028-06-10,2027-02-20,A350,FLIGHT,2026-01-27T06:30:00Z,2026-01-27T22:45:00Z,15.8,13.8,-0.2,16,max_daily:10; max_weekly:60; max_monthly:100,Y,12,CONFIRMED,WARNING,N,,,0,,N,Y,7.8,4,182,2026-01-27 22:15:00,N
RST-1866,CREW-1866,EY54335,POS-12,FLT-1081,EY6005,8,Runway Closure + Airspace Flow Rate Restrictions,A6-EYL,Ahmed,Martinez,Flight Attendant,Flight Attendant,Junior,12,CABIN,SYD,Cabin,2026-07-19,2027-02-10,A350,FLIGHT,2026-01-27T06:30:00Z,2026-01-27T22:45:00Z,15.8,13.8,-0.2,16,max_daily:10; max_weekly:60; max_monthly:100,Y,12,CONFIRMED,WARNING,N,,,0,,N,Y,7.8,4,164,2026-01-27 22:15:00,N
RST-1867,CREW-1867,EY25640,POS-1,FLT-1082,EY2796,8,Runway Closure + Airspace Flow Rate Restrictions,A6-EYO,Yusuf,Williams,Captain,Captain,Junior,1,COCKPIT,SIN,ATPL,2027-02-24,2026-10-27,A321LR,FLIGHT,2026-01-27T08:19:00Z,2026-01-27T15:49:00Z,7.0,5.0,6.5,14,max_daily:10; max_weekly:60; max_monthly:100,N,10,CONFIRMED,COMPLIANT,N,,,0,,N,N,0.0,4,104,2026-01-27 15:19:00,N
RST-1868,CREW-1868,EY56716,POS-2,FLT-1082,EY2796,8,Runway Closure + Airspace Flow Rate Restrictions,A6-EYO,Sophia,Wang,First Officer,First Officer,Junior,2,COCKPIT,SYD,ATPL,2027-09-16,2027-11-05,A321LR,FLIGHT,2026-01-27T08:19:00Z,2026-01-27T15:49:00Z,7.0,5.0,6.5,14,max_daily:10; max_weekly:60; max_monthly:100,N,10,CONFIRMED,COMPLIANT,N,,,0,,N,N,0.0,4,163,2026-01-27 15:19:00,N
RST-1869,CREW-1869,EY17752,POS-3,FLT-1082,EY2796,8,Runway Closure + Airspace Flow Rate Restrictions,A6-EYO,Michael,Ferrari,Purser,Purser,Junior,3,CABIN,SYD,Cabin,2027-04-14,2027-08-18,A321LR,FLIGHT,2026-01-27T08:19:00Z,2026-01-27T15:49:00Z,7.0,5.0,8.5,16,max_daily:10; max_weekly:60; max_monthly:100,N,10,CONFIRMED,COMPLIANT,N,,,0,,N,N,0.0,4,106,2026-01-27 15:19:00,N
RST-1870,CREW-1870,EY38388,POS-4,FLT-1082,EY2796,8,Runway Closure + Airspace Flow Rate Restrictions,A6-EYO,Raj,Smith,Flight Attendant,Flight Attendant,Junior,4,CABIN,LHR,Cabin,2026-03-11,2026-11-07,A321LR,FLIGHT,2026-01-27T08:19:00Z,2026-01-27T15:49:00Z,7.0,5.0,8.5,16,max_daily:10; max_weekly:60; max_monthly:100,N,10,CONFIRMED,COMPLIANT,N,,,0,,N,N,0.0,4,86,2026-01-27 15:19:00,N
RST-1871,CREW-1871,EY94788,POS-5,FLT-1082,EY2796,8,Runway Closure + Airspace Flow Rate Restrictions,A6-EYO,Yuki,Chen,Flight Attendant,Flight Attendant,Junior,5,CABIN,SIN,Cabin,2026-02-01,2027-01-24,A321LR,FLIGHT,2026-01-27T08:19:00Z,2026-01-27T15:49:00Z,7.0,5.0,8.5,16,max_daily:10; max_weekly:60; max_monthly:100,N,10,CONFIRMED,COMPLIANT,N,,,0,,N,N,0.0,4,126,2026-01-27 15:19:00,N
RST-1872,CREW-1872,EY26559,POS-6,FLT-1082,EY2796,8,Runway Closure + Airspace Flow Rate Restrictions,A6-EYO,Ahmed,Williams,Flight Attendant,Flight Attendant,Junior,6,CABIN,AUH,Cabin,2027-03-13,2027-04-20,A321LR,FLIGHT,2026-01-27T08:19:00Z,2026-01-27T15:49:00Z,7.0,5.0,8.5,16,max_daily:10; max_weekly:60; max_monthly:100,N,10,CONFIRMED,COMPLIANT,N,,,0,,N,N,0.0,4,91,2026-01-27 15:19:00,N
RST-1873,CREW-1873,EY95664,POS-1,FLT-1083,EY913,8,Runway Closure + Airspace Flow Rate Restrictions,A6-EYA,John,Mueller,Captain,Captain,Senior,1,COCKPIT,JFK,ATPL,2028-05-06,2027-10-25,A380,FLIGHT,2026-01-27T10:58:00Z,2026-01-28T00:28:00Z,13.0,11.0,0.5,14,max_daily:10; max_weekly:60; max_monthly:100,N,10,CONFIRMED,COMPLIANT,N,,,0,,N,Y,5.0,4,188,2026-01-27 23:58:00,N
RST-1874,CREW-1874,EY83895,POS-2,FLT-1083,EY913,8,Runway Closure + Airspace Flow Rate Restrictions,A6-EYA,Raj,Wang,First Officer,First Officer,Senior,2,COCKPIT,SIN,ATPL,2026-04-02,2027-11-22,A380,FLIGHT,2026-01-27T10:58:00Z,2026-01-28T00:28:00Z,13.0,11.0,0.5,14,max_daily:10; max_weekly:60; max_monthly:100,N,10,CONFIRMED,COMPLIANT,N,,,0,,N,Y,5.0,4,117,2026-01-27 23:58:00,N
RST-1875,CREW-1875,EY21642,POS-3,FLT-1083,EY913,8,Runway Closure + Airspace Flow Rate Restrictions,A6-EYA,Fatima,Williams,Purser,Purser,Senior,3,CABIN,LHR,Cabin,2026-05-14,2027-01-26,A380,FLIGHT,2026-01-27T10:58:00Z,2026-01-28T00:28:00Z,13.0,11.0,2.5,16,max_daily:10; max_weekly:60; max_monthly:100,N,10,CONFIRMED,COMPLIANT,N,,,0,,N,Y,5.0,4,197,2026-01-27 23:58:00,N
RST-1876,CREW-1876,EY89530,POS-4,FLT-1083,EY913,8,Runway Closure + Airspace Flow Rate Restrictions,A6-EYA,Mohammed,Patel,Flight Attendant,Flight Attendant,Junior,4,CABIN,LHR,Cabin,2028-02-25,2027-11-22,A380,FLIGHT,2026-01-27T10:58:00Z,2026-01-28T00:28:00Z,13.0,11.0,2.5,16,max_daily:10; max_weekly:60; max_monthly:100,N,10,CONFIRMED,COMPLIANT,N,,,0,,N,Y,5.0,4,150,2026-01-27 23:58:00,N
RST-1877,CREW-1877,EY17328,POS-5,FLT-1083,EY913,8,Runway Closure + Airspace Flow Rate Restrictions,A6-EYA,Isabella,Yamamoto,Flight Attendant,Flight Attendant,Senior,5,CABIN,SYD,Cabin,2028-02-15,2027-07-11,A380,FLIGHT,2026-01-27T10:58:00Z,2026-01-28T00:28:00Z,13.0,11.0,2.5,16,max_daily:10; max_weekly:60; max_monthly:100,N,10,CONFIRMED,COMPLIANT,N,,,0,,N,Y,5.0,4,155,2026-01-27 23:58:00,N
RST-1878,CREW-1878,EY84843,POS-6,FLT-1083,EY913,8,Runway Closure + Airspace Flow Rate Restrictions,A6-EYA,Maryam,Smith,Flight Attendant,Flight Attendant,Junior,6,CABIN,SYD,Cabin,2027-01-12,2027-08-09,A380,FLIGHT,2026-01-27T10:58:00Z,2026-01-28T00:28:00Z,13.0,11.0,2.5,16,max_daily:10; max_weekly:60; max_monthly:100,N,10,CONFIRMED,COMPLIANT,N,,,0,,N,Y,5.0,4,111,2026-01-27 23:58:00,N
RST-1879,CREW-1879,EY34700,POS-7,FLT-1083,EY913,8,Runway Closure + Airspace Flow Rate Restrictions,A6-EYA,Ahmed,Mueller,Flight Attendant,Flight Attendant,Junior,7,CABIN,SYD,Cabin,2028-03-18,2026-07-28,A380,FLIGHT,2026-01-27T10:58:00Z,2026-01-28T00:28:00Z,13.0,11.0,2.5,16,max_daily:10; max_weekly:60; max_monthly:100,N,10,CONFIRMED,COMPLIANT,N,,,0,,N,Y,5.0,4,88,2026-01-27 23:58:00,N
RST-1880,CREW-1880,EY49874,POS-8,FLT-1083,EY913,8,Runway Closure + Airspace Flow Rate Restrictions,A6-EYA,John,Garcia,Flight Attendant,Flight Attendant,Junior,8,CABIN,LHR,Cabin,2027-02-12,2026-05-24,A380,FLIGHT,2026-01-27T10:58:00Z,2026-01-28T00:28:00Z,13.0,11.0,2.5,16,max_daily:10; max_weekly:60; max_monthly:100,N,10,CONFIRMED,COMPLIANT,N,,,0,,N,Y,5.0,4,128,2026-01-27 23:58:00,N
RST-1881,CREW-1881,EY73563,POS-9,FLT-1083,EY913,8,Runway Closure + Airspace Flow Rate Restrictions,A6-EYA,Hassan,Patel,Flight Attendant,Flight Attendant,Junior,9,CABIN,SIN,Cabin,2026-04-07,2027-09-15,A380,FLIGHT,2026-01-27T10:58:00Z,2026-01-28T00:28:00Z,13.0,11.0,2.5,16,max_daily:10; max_weekly:60; max_monthly:100,N,10,CONFIRMED,COMPLIANT,N,,,0,,N,Y,5.0,4,178,2026-01-27 23:58:00,N
RST-1882,CREW-1882,EY54843,POS-10,FLT-1083,EY913,8,Runway Closure + Airspace Flow Rate Restrictions,A6-EYA,Fatima,Ferrari,Flight Attendant,Flight Attendant,Junior,10,CABIN,SYD,Cabin,2026-01-15,2026-09-28,A380,FLIGHT,2026-01-27T10:58:00Z,2026-01-28T00:28:00Z,13.0,11.0,2.5,16,max_daily:10; max_weekly:60; max_monthly:100,N,10,CONFIRMED,COMPLIANT,N,,,0,,N,Y,5.0,4,155,2026-01-27 23:58:00,N
RST-1883,CREW-1883,EY41785,POS-11,FLT-1083,EY913,8,Runway Closure + Airspace Flow Rate Restrictions,A6-EYA,Wei,Patel,Flight Attendant,Flight Attendant,Junior,11,CABIN,JFK,Cabin,2028-06-17,2026-06-12,A380,FLIGHT,2026-01-27T10:58:00Z,2026-01-28T00:28:00Z,13.0,11.0,2.5,16,max_daily:10; max_weekly:60; max_monthly:100,N,10,CONFIRMED,COMPLIANT,N,,,0,,N,Y,5.0,4,118,2026-01-27 23:58:00,N
RST-1884,CREW-1884,EY91728,POS-12,FLT-1083,EY913,8,Runway Closure + Airspace Flow Rate Restrictions,A6-EYA,David,Lee,Flight Attendant,Flight Attendant,Junior,12,CABIN,JFK,Cabin,2028-09-13,2026-02-24,A380,FLIGHT,2026-01-27T10:58:00Z,2026-01-28T00:28:00Z,13.0,11.0,2.5,16,max_daily:10; max_weekly:60; max_monthly:100,N,10,CONFIRMED,COMPLIANT,N,,,0,,N,Y,5.0,4,167,2026-01-27 23:58:00,N
RST-1885,CREW-1885,EY70537,POS-13,FLT-1083,EY913,8,Runway Closure + Airspace Flow Rate Restrictions,A6-EYA,Mei,Khan,Flight Attendant,Flight Attendant,Junior,13,CABIN,SYD,Cabin,2026-02-06,2027-04-05,A380,FLIGHT,2026-01-27T10:58:00Z,2026-01-28T00:28:00Z,13.0,11.0,2.5,16,max_daily:10; max_weekly:60; max_monthly:100,N,10,CONFIRMED,COMPLIANT,N,,,0,,N,Y,5.0,4,87,2026-01-27 23:58:00,N
RST-1886,CREW-1886,EY19501,POS-14,FLT-1083,EY913,8,Runway Closure + Airspace Flow Rate Restrictions,A6-EYA,Isabella,Johnson,Flight Attendant,Flight Attendant,Junior,14,CABIN,SYD,Cabin,2027-04-03,2027-11-15,A380,FLIGHT,2026-01-27T10:58:00Z,2026-01-28T00:28:00Z,13.0,11.0,2.5,16,max_daily:10; max_weekly:60; max_monthly:100,N,10,CONFIRMED,COMPLIANT,N,,,0,,N,Y,5.0,4,162,2026-01-27 23:58:00,N
RST-1887,CREW-1887,EY25122,POS-15,FLT-1083,EY913,8,Runway Closure + Airspace Flow Rate Restrictions,A6-EYA,Priya,Brown,Flight Attendant,Flight Attendant,Junior,15,CABIN,SYD,Cabin,2027-04-21,2027-08-24,A380,FLIGHT,2026-01-27T10:58:00Z,2026-01-28T00:28:00Z,13.0,11.0,2.5,16,max_daily:10; max_weekly:60; max_monthly:100,N,10,CONFIRMED,COMPLIANT,N,,,0,,N,Y,5.0,4,98,2026-01-27 23:58:00,N
RST-1888,CREW-1888,EY37946,POS-16,FLT-1083,EY913,8,Runway Closure + Airspace Flow Rate Restrictions,A6-EYA,Ananya,Chen,Flight Attendant,Flight Attendant,Senior,16,CABIN,LHR,Cabin,2028-02-13,2026-04-09,A380,FLIGHT,2026-01-27T10:58:00Z,2026-01-28T00:28:00Z,13.0,11.0,2.5,16,max_daily:10; max_weekly:60; max_monthly:100,N,10,CONFIRMED,COMPLIANT,N,,,0,,N,Y,5.0,4,192,2026-01-27 23:58:00,N
RST-1889,CREW-1889,EY10678,POS-1,FLT-1084,EY433,8,Runway Closure + Airspace Flow Rate Restrictions,A6-EYF,Omar,Brown,Captain,Captain,Senior,1,COCKPIT,AUH,ATPL,2026-03-22,2027-12-22,B787-10,FLIGHT,2026-01-27T12:44:00Z,2026-01-28T05:29:00Z,16.2,14.2,-2.8,14,max_daily:10; max_weekly:60; max_monthly:100,Y,12,CONFIRMED,WARNING,N,,,0,,N,Y,8.2,4,114,2026-01-28 04:59:00,N
RST-1890,CREW-1890,EY48559,POS-2,FLT-1084,EY433,8,Runway Closure + Airspace Flow Rate Restrictions,A6-EYF,Sara,Khan,First Officer,First Officer,Junior,2,COCKPIT,SYD,ATPL,2028-04-14,2026-04-26,B787-10,FLIGHT,2026-01-27T12:44:00Z,2026-01-28T05:29:00Z,16.2,14.2,-2.8,14,max_daily:10; max_weekly:60; max_monthly:100,Y,12,CONFIRMED,WARNING,N,,,0,,N,Y,8.2,4,88,2026-01-28 04:59:00,N
RST-1891,CREW-1891,EY73080,POS-3,FLT-1084,EY433,8,Runway Closure + Airspace Flow Rate Restrictions,A6-EYF,Yuki,Smith,Purser,Purser,Junior,3,CABIN,SIN,Cabin,2026-01-13,2026-03-05,B787-10,FLIGHT,2026-01-27T12:44:00Z,2026-01-28T05:29:00Z,16.2,14.2,-0.8,16,max_daily:10; max_weekly:60; max_monthly:100,Y,12,CONFIRMED,WARNING,N,,,0,,N,Y,8.2,4,71,2026-01-28 04:59:00,N
RST-1892,CREW-1892,EY68793,POS-4,FLT-1084,EY433,8,Runway Closure + Airspace Flow Rate Restrictions,A6-EYF,Layla,Patel,Flight Attendant,Flight Attendant,Junior,4,CABIN,JFK,Cabin,2026-03-01,2027-07-09,B787-10,FLIGHT,2026-01-27T12:44:00Z,2026-01-28T05:29:00Z,16.2,14.2,-0.8,16,max_daily:10; max_weekly:60; max_monthly:100,Y,12,CONFIRMED,WARNING,N,,,0,,N,Y,8.2,4,114,2026-01-28 04:59:00,N
RST-1893,CREW-1893,EY44871,POS-5,FLT-1084,EY433,8,Runway Closure + Airspace Flow Rate Restrictions,A6-EYF,Priya,Smith,Flight Attendant,Flight Attendant,Junior,5,CABIN,SYD,Cabin,2026-09-07,2026-07-11,B787-10,FLIGHT,2026-01-27T12:44:00Z,2026-01-28T05:29:00Z,16.2,14.2,-0.8,16,max_daily:10; max_weekly:60; max_monthly:100,Y,12,CONFIRMED,WARNING,N,,,0,,N,Y,8.2,4,123,2026-01-28 04:59:00,N
RST-1894,CREW-1894,EY56287,POS-6,FLT-1084,EY433,8,Runway Closure + Airspace Flow Rate Restrictions,A6-EYF,Robert,Garcia,Flight Attendant,Flight Attendant,Junior,6,CABIN,SYD,Cabin,2028-01-13,2026-05-14,B787-10,FLIGHT,2026-01-27T12:44:00Z,2026-01-28T05:29:00Z,16.2,14.2,-0.8,16,max_daily:10; max_weekly:60; max_monthly:100,Y,12,CONFIRMED,WARNING,N,,,0,,N,Y,8.2,4,193,2026-01-28 04:59:00,N
RST-1895,CREW-1895,EY25118,POS-7,FLT-1084,EY433,8,Runway Closure + Airspace Flow Rate Restrictions,A6-EYF,James,Ferrari,Flight Attendant,Flight Attendant,Senior,7,CABIN,SIN,Cabin,2026-06-20,2026-12-16,B787-10,FLIGHT,2026-01-27T12:44:00Z,2026-01-28T05:29:00Z,16.2,14.2,-0.8,16,max_daily:10; max_weekly:60; max_monthly:100,Y,12,CONFIRMED,WARNING,N,,,0,,N,Y,8.2,4,113,2026-01-28 04:59:00,N
RST-1896,CREW-1896,EY13388,POS-8,FLT-1084,EY433,8,Runway Closure + Airspace Flow Rate Restrictions,A6-EYF,David,Smith,Flight Attendant,Flight Attendant,Junior,8,CABIN,LHR,Cabin,2028-03-08,2027-07-10,B787-10,FLIGHT,2026-01-27T12:44:00Z,2026-01-28T05:29:00Z,16.2,14.2,-0.8,16,max_daily:10; max_weekly:60; max_monthly:100,Y,12,CONFIRMED,WARNING,N,,,0,,N,Y,8.2,4,179,2026-01-28 04:59:00,N
RST-1897,CREW-1897,EY66527,POS-9,FLT-1084,EY433,8,Runway Closure + Airspace Flow Rate Restrictions,A6-EYF,Ananya,Lee,Flight Attendant,Flight Attendant,Senior,9,CABIN,LHR,Cabin,2026-02-11,2026-09-03,B787-10,FLIGHT,2026-01-27T12:44:00Z,2026-01-28T05:29:00Z,16.2,14.2,-0.8,16,max_daily:10; max_weekly:60; max_monthly:100,Y,12,CONFIRMED,WARNING,N,,,0,,N,Y,8.2,4,114,2026-01-28 04:59:00,N
RST-1898,CREW-1898,EY48387,POS-10,FLT-1084,EY433,8,Runway Closure + Airspace Flow Rate Restrictions,A6-EYF,David,Rossi,Flight Attendant,Flight Attendant,Junior,10,CABIN,AUH,Cabin,2028-06-23,2027-02-07,B787-10,FLIGHT,2026-01-27T12:44:00Z,2026-01-28T05:29:00Z,16.2,14.2,-0.8,16,max_daily:10; max_weekly:60; max_monthly:100,Y,12,CONFIRMED,WARNING,N,,,0,,N,Y,8.2,4,143,2026-01-28 04:59:00,N
RST-1899,CREW-1899,EY11245,POS-1,FLT-1085,EY8086,9,Security Threat + Geopolitical Airspace Diversion,A6-EYI,Hassan,Patel,Captain,Captain,Junior,1,COCKPIT,JFK,ATPL,2028-07-04,2026-07-09,B787-10,FLIGHT,2026-01-28T04:46:00Z,2026-01-28T21:16:00Z,16.0,14.0,-2.5,14,max_daily:10; max_weekly:60; max_monthly:100,Y,12,CONFIRMED,WARNING,N,,,0,,N,Y,8.0,4,186,2026-01-28 20:46:00,Y
RST-1900,CREW-1900,EY31574,POS-2,FLT-1085,EY8086,9,Security Threat + Geopolitical Airspace Diversion,A6-EYI,Arjun,Patel,First Officer,First Officer,Junior,2,COCKPIT,SIN,ATPL,2027-05-15,2026-01-18,B787-10,FLIGHT,2026-01-28T04:46:00Z,2026-01-28T21:16:00Z,16.0,14.0,-2.5,14,max_daily:10; max_weekly:60; max_monthly:100,Y,12,CONFIRMED,WARNING,N,,,0,,N,Y,8.0,4,96,2026-01-28 20:46:00,Y
RST-1901,CREW-1901,EY85781,POS-3,FLT-1085,EY8086,9,Security Threat + Geopolitical Airspace Diversion,A6-EYI,Priya,Mueller,Purser,Purser,Junior,3,CABIN,LHR,Cabin,2028-09-01,2026-02-24,B787-10,FLIGHT,2026-01-28T04:46:00Z,2026-01-28T21:16:00Z,16.0,14.0,-0.5,16,max_daily:10; max_weekly:60; max_monthly:100,Y,12,CONFIRMED,WARNING,N,,,0,,N,Y,8.0,4,169,2026-01-28 20:46:00,Y
RST-1902,CREW-1902,EY18788,POS-4,FLT-1085,EY8086,9,Security Threat + Geopolitical Airspace Diversion,A6-EYI,Michael,Singh,Flight Attendant,Flight Attendant,Junior,4,CABIN,SYD,Cabin,2026-06-27,2026-09-12,B787-10,FLIGHT,2026-01-28T04:46:00Z,2026-01-28T21:16:00Z,16.0,14.0,-0.5,16,max_daily:10; max_weekly:60; max_monthly:100,Y,12,CONFIRMED,WARNING,N,,,0,,N,Y,8.0,4,194,2026-01-28 20:46:00,Y
RST-1903,CREW-1903,EY82870,POS-5,FLT-1085,EY8086,9,Security Threat + Geopolitical Airspace Diversion,A6-EYI,Mohammed,Brown,Flight Attendant,Flight Attendant,Junior,5,CABIN,JFK,Cabin,2026-12-21,2026-05-10,B787-10,FLIGHT,2026-01-28T04:46:00Z,2026-01-28T21:16:00Z,16.0,14.0,-0.5,16,max_daily:10; max_weekly:60; max_monthly:100,Y,12,CONFIRMED,WARNING,N,,,0,,N,Y,8.0,4,93,2026-01-28 20:46:00,Y
RST-1904,CREW-1904,EY82253,POS-6,FLT-1085,EY8086,9,Security Threat + Geopolitical Airspace Diversion,A6-EYI,Sara,Chen,Flight Attendant,Flight Attendant,Junior,6,CABIN,AUH,Cabin,2028-04-09,2026-10-28,B787-10,FLIGHT,2026-01-28T04:46:00Z,2026-01-28T21:16:00Z,16.0,14.0,-0.5,16,max_daily:10; max_weekly:60; max_monthly:100,Y,12,CONFIRMED,WARNING,N,,,0,,N,Y,8.0,4,175,2026-01-28 20:46:00,Y
RST-1905,CREW-1905,EY15905,POS-7,FLT-1085,EY8086,9,Security Threat + Geopolitical Airspace Diversion,A6-EYI,Ahmed,Wang,Flight Attendant,Flight Attendant,Junior,7,CABIN,JFK,Cabin,2027-08-27,2027-06-28,B787-10,FLIGHT,2026-01-28T04:46:00Z,2026-01-28T21:16:00Z,16.0,14.0,-0.5,16,max_daily:10; max_weekly:60; max_monthly:100,Y,12,CONFIRMED,WARNING,N,,,0,,N,Y,8.0,4,170,2026-01-28 20:46:00,Y
RST-1906,CREW-1906,EY46876,POS-8,FLT-1085,EY8086,9,Security Threat + Geopolitical Airspace Diversion,A6-EYI,David,Tanaka,Flight Attendant,Flight Attendant,Junior,8,CABIN,JFK,Cabin,2027-09-11,2027-07-03,B787-10,FLIGHT,2026-01-28T04:46:00Z,2026-01-28T21:16:00Z,16.0,14.0,-0.5,16,max_daily:10; max_weekly:60; max_monthly:100,Y,12,CONFIRMED,WARNING,N,,,0,,N,Y,8.0,4,51,2026-01-28 20:46:00,Y
RST-1907,CREW-1907,EY97967,POS-9,FLT-1085,EY8086,9,Security Threat + Geopolitical Airspace Diversion,A6-EYI,Aisha,Ferrari,Flight Attendant,Flight Attendant,Junior,9,CABIN,LHR,Cabin,2027-11-01,2026-01-02,B787-10,FLIGHT,2026-01-28T04:46:00Z,2026-01-28T21:16:00Z,16.0,14.0,-0.5,16,max_daily:10; max_weekly:60; max_monthly:100,Y,12,CONFIRMED,WARNING,N,,,0,,N,Y,8.0,4,169,2026-01-28 20:46:00,Y
RST-1908,CREW-1908,EY50381,POS-10,FLT-1085,EY8086,9,Security Threat + Geopolitical Airspace Diversion,A6-EYI,Yusuf,Smith,Flight Attendant,Flight Attendant,Senior,10,CABIN,LHR,Cabin,2026-09-28,2027-06-11,B787-10,FLIGHT,2026-01-28T04:46:00Z,2026-01-28T21:16:00Z,16.0,14.0,-0.5,16,max_daily:10; max_weekly:60; max_monthly:100,Y,12,CONFIRMED,WARNING,N,,,0,,N,Y,8.0,4,141,2026-01-28 20:46:00,Y
RST-1909,CREW-1909,EY12160,POS-1,FLT-1086,EY8184,9,Security Threat + Geopolitical Airspace Diversion,A6-EYG,Michael,Singh,Captain,Captain,Junior,1,COCKPIT,SIN,ATPL,2026-12-08,2026-06-16,B787-10,FLIGHT,2026-01-28T06:49:00Z,2026-01-28T22:19:00Z,15.0,13.0,-1.5,14,max_daily:10; max_weekly:60; max_monthly:100,Y,12,CONFIRMED,WARNING,N,,,0,,N,Y,7.0,4,125,2026-01-28 21:49:00,Y
RST-1910,CREW-1910,EY51912,POS-2,FLT-1086,EY8184,9,Security Threat + Geopolitical Airspace Diversion,A6-EYG,Maryam,Ferrari,First Officer,First Officer,Senior,2,COCKPIT,SYD,ATPL,2026-04-27,2027-06-25,B787-10,FLIGHT,2026-01-28T06:49:00Z,2026-01-28T22:19:00Z,15.0,13.0,-1.5,14,max_daily:10; max_weekly:60; max_monthly:100,Y,12,CONFIRMED,WARNING,N,,,0,,N,Y,7.0,4,126,2026-01-28 21:49:00,Y
RST-1911,CREW-1911,EY11580,POS-3,FLT-1086,EY8184,9,Security Threat + Geopolitical Airspace Diversion,A6-EYG,Robert,Kim,Purser,Purser,Senior,3,CABIN,LHR,Cabin,2026-07-10,2026-04-26,B787-10,FLIGHT,2026-01-28T06:49:00Z,2026-01-28T22:19:00Z,15.0,13.0,0.5,16,max_daily:10; max_weekly:60; max_monthly:100,N,10,CONFIRMED,COMPLIANT,N,,,0,,N,Y,7.0,4,66,2026-01-28 21:49:00,Y
RST-1912,CREW-1912,EY19059,POS-4,FLT-1086,EY8184,9,Security Threat + Geopolitical Airspace Diversion,A6-EYG,Carlos,Chen,Flight Attendant,Flight Attendant,Junior,4,CABIN,SYD,Cabin,2026-07-24,2027-04-06,B787-10,FLIGHT,2026-01-28T06:49:00Z,2026-01-28T22:19:00Z,15.0,13.0,0.5,16,max_daily:10; max_weekly:60; max_monthly:100,N,10,CONFIRMED,COMPLIANT,N,,,0,,N,Y,7.0,4,113,2026-01-28 21:49:00,Y
RST-1913,CREW-1913,EY69388,POS-5,FLT-1086,EY8184,9,Security Threat + Geopolitical Airspace Diversion,A6-EYG,Mohammed,Chen,Flight Attendant,Flight Attendant,Senior,5,CABIN,AUH,Cabin,2026-02-25,2026-02-01,B787-10,FLIGHT,2026-01-28T06:49:00Z,2026-01-28T22:19:00Z,15.0,13.0,0.5,16,max_daily:10; max_weekly:60; max_monthly:100,N,10,CONFIRMED,COMPLIANT,N,,,0,,N,Y,7.0,4,195,2026-01-28 21:49:00,Y
RST-1914,CREW-1914,EY66284,POS-6,FLT-1086,EY8184,9,Security Threat + Geopolitical Airspace Diversion,A6-EYG,John,Khan,Flight Attendant,Flight Attendant,Senior,6,CABIN,SIN,Cabin,2027-09-27,2027-09-28,B787-10,FLIGHT,2026-01-28T06:49:00Z,2026-01-28T22:19:00Z,15.0,13.0,0.5,16,max_daily:10; max_weekly:60; max_monthly:100,N,10,CONFIRMED,COMPLIANT,N,,,0,,N,Y,7.0,4,168,2026-01-28 21:49:00,Y
RST-1915,CREW-1915,EY90841,POS-7,FLT-1086,EY8184,9,Security Threat + Geopolitical Airspace Diversion,A6-EYG,Robert,Chen,Flight Attendant,Flight Attendant,Senior,7,CABIN,JFK,Cabin,2027-06-15,2026-08-22,B787-10,FLIGHT,2026-01-28T06:49:00Z,2026-01-28T22:19:00Z,15.0,13.0,0.5,16,max_daily:10; max_weekly:60; max_monthly:100,N,10,CONFIRMED,COMPLIANT,N,,,0,,N,Y,7.0,4,58,2026-01-28 21:49:00,Y
RST-1916,CREW-1916,EY25807,POS-8,FLT-1086,EY8184,9,Security Threat + Geopolitical Airspace Diversion,A6-EYG,David,Yamamoto,Flight Attendant,Flight Attendant,Junior,8,CABIN,LHR,Cabin,2026-04-21,2026-01-12,B787-10,FLIGHT,2026-01-28T06:49:00Z,2026-01-28T22:19:00Z,15.0,13.0,0.5,16,max_daily:10; max_weekly:60; max_monthly:100,N,10,CONFIRMED,COMPLIANT,N,,,0,,N,Y,7.0,4,133,2026-01-28 21:49:00,Y
RST-1917,CREW-1917,EY87121,POS-9,FLT-1086,EY8184,9,Security Threat + Geopolitical Airspace Diversion,A6-EYG,Wei,Rossi,Flight Attendant,Flight Attendant,Junior,9,CABIN,LHR,Cabin,2026-09-14,2026-11-18,B787-10,FLIGHT,2026-01-28T06:49:00Z,2026-01-28T22:19:00Z,15.0,13.0,0.5,16,max_daily:10; max_weekly:60; max_monthly:100,N,10,CONFIRMED,COMPLIANT,N,,,0,,N,Y,7.0,4,145,2026-01-28 21:49:00,Y
RST-1918,CREW-1918,EY69426,POS-10,FLT-1086,EY8184,9,Security Threat + Geopolitical Airspace Diversion,A6-EYG,Emma,Williams,Flight Attendant,Flight Attendant,Junior,10,CABIN,SYD,Cabin,2027-09-07,2027-11-23,B787-10,FLIGHT,2026-01-28T06:49:00Z,2026-01-28T22:19:00Z,15.0,13.0,0.5,16,max_daily:10; max_weekly:60; max_monthly:100,N,10,CONFIRMED,COMPLIANT,N,,,0,,N,Y,7.0,4,178,2026-01-28 21:49:00,Y
RST-1919,CREW-1919,EY55696,POS-1,FLT-1087,EY912,9,Security Threat + Geopolitical Airspace Diversion,A6-EYA,Hassan,Chen,Captain,Captain,Junior,1,COCKPIT,AUH,ATPL,2028-05-22,2026-12-21,A380,FLIGHT,2026-01-28T08:53:00Z,2026-01-28T19:23:00Z,10.0,8.0,3.5,14,max_daily:10; max_weekly:60; max_monthly:100,N,10,CONFIRMED,COMPLIANT,N,,,0,,N,N,2.0,4,68,2026-01-28 18:53:00,Y
RST-1920,CREW-1920,EY69415,POS-2,FLT-1087,EY912,9,Security Threat + Geopolitical Airspace Diversion,A6-EYA,Mohammed,Al-Rashid,First Officer,First Officer,Senior,2,COCKPIT,JFK,ATPL,2027-06-08,2027-09-13,A380,FLIGHT,2026-01-28T08:53:00Z,2026-01-28T19:23:00Z,10.0,8.0,3.5,14,max_daily:10; max_weekly:60; max_monthly:100,N,10,CONFIRMED,COMPLIANT,N,,,0,,N,N,2.0,4,56,2026-01-28 18:53:00,Y
RST-1921,CREW-1921,EY10121,POS-3,FLT-1087,EY912,9,Security Threat + Geopolitical Airspace Diversion,A6-EYA,Hassan,Johnson,Purser,Purser,Senior,3,CABIN,LHR,Cabin,2028-10-19,2027-02-08,A380,FLIGHT,2026-01-28T08:53:00Z,2026-01-28T19:23:00Z,10.0,8.0,5.5,16,max_daily:10; max_weekly:60; max_monthly:100,N,10,CONFIRMED,COMPLIANT,N,,,0,,N,N,2.0,4,192,2026-01-28 18:53:00,Y
RST-1922,CREW-1922,EY42553,POS-4,FLT-1087,EY912,9,Security Threat + Geopolitical Airspace Diversion,A6-EYA,James,Johnson,Flight Attendant,Flight Attendant,Junior,4,CABIN,SIN,Cabin,2027-03-05,2027-09-13,A380,FLIGHT,2026-01-28T08:53:00Z,2026-01-28T19:23:00Z,10.0,8.0,5.5,16,max_daily:10; max_weekly:60; max_monthly:100,N,10,CONFIRMED,COMPLIANT,N,,,0,,N,N,2.0,4,94,2026-01-28 18:53:00,Y
RST-1923,CREW-1923,EY64277,POS-5,FLT-1087,EY912,9,Security Threat + Geopolitical Airspace Diversion,A6-EYA,Fatima,Mueller,Flight Attendant,Flight Attendant,Senior,5,CABIN,SIN,Cabin,2028-08-08,2026-11-04,A380,FLIGHT,2026-01-28T08:53:00Z,2026-01-28T19:23:00Z,10.0,8.0,5.5,16,max_daily:10; max_weekly:60; max_monthly:100,N,10,CONFIRMED,COMPLIANT,N,,,0,,N,N,2.0,4,87,2026-01-28 18:53:00,Y
RST-1924,CREW-1924,EY42326,POS-6,FLT-1087,EY912,9,Security Threat + Geopolitical Airspace Diversion,A6-EYA,Maryam,Patel,Flight Attendant,Flight Attendant,Junior,6,CABIN,SIN,Cabin,2027-07-16,2027-02-10,A380,FLIGHT,2026-01-28T08:53:00Z,2026-01-28T19:23:00Z,10.0,8.0,5.5,16,max_daily:10; max_weekly:60; max_monthly:100,N,10,CONFIRMED,COMPLIANT,N,,,0,,N,N,2.0,4,150,2026-01-28 18:53:00,Y
RST-1925,CREW-1925,EY36837,POS-7,FLT-1087,EY912,9,Security Threat + Geopolitical Airspace Diversion,A6-EYA,Priya,Schmidt,Flight Attendant,Flight Attendant,Junior,7,CABIN,SYD,Cabin,2028-01-24,2026-12-22,A380,FLIGHT,2026-01-28T08:53:00Z,2026-01-28T19:23:00Z,10.0,8.0,5.5,16,max_daily:10; max_weekly:60; max_monthly:100,N,10,CONFIRMED,COMPLIANT,N,,,0,,N,N,2.0,4,187,2026-01-28 18:53:00,Y
RST-1926,CREW-1926,EY75719,POS-8,FLT-1087,EY912,9,Security Threat + Geopolitical Airspace Diversion,A6-EYA,Isabella,Lee,Flight Attendant,Flight Attendant,Junior,8,CABIN,JFK,Cabin,2027-03-17,2027-03-26,A380,FLIGHT,2026-01-28T08:53:00Z,2026-01-28T19:23:00Z,10.0,8.0,5.5,16,max_daily:10; max_weekly:60; max_monthly:100,N,10,CONFIRMED,COMPLIANT,N,,,0,,N,N,2.0,4,124,2026-01-28 18:53:00,Y
RST-1927,CREW-1927,EY46129,POS-9,FLT-1087,EY912,9,Security Threat + Geopolitical Airspace Diversion,A6-EYA,Yuki,Singh,Flight Attendant,Flight Attendant,Senior,9,CABIN,SYD,Cabin,2028-07-05,2026-10-24,A380,FLIGHT,2026-01-28T08:53:00Z,2026-01-28T19:23:00Z,10.0,8.0,5.5,16,max_daily:10; max_weekly:60; max_monthly:100,N,10,CONFIRMED,COMPLIANT,N,,,0,,N,N,2.0,4,120,2026-01-28 18:53:00,Y
RST-1928,CREW-1928,EY88775,POS-10,FLT-1087,EY912,9,Security Threat + Geopolitical Airspace Diversion,A6-EYA,David,Lee,Flight Attendant,Flight Attendant,Senior,10,CABIN,SIN,Cabin,2028-10-16,2027-11-14,A380,FLIGHT,2026-01-28T08:53:00Z,2026-01-28T19:23:00Z,10.0,8.0,5.5,16,max_daily:10; max_weekly:60; max_monthly:100,N,10,CONFIRMED,COMPLIANT,N,,,0,,N,N,2.0,4,120,2026-01-28 18:53:00,Y
RST-1929,CREW-1929,EY48764,POS-11,FLT-1087,EY912,9,Security Threat + Geopolitical Airspace Diversion,A6-EYA,Yusuf,Kim,Flight Attendant,Flight Attendant,Junior,11,CABIN,SIN,Cabin,2026-03-09,2027-03-28,A380,FLIGHT,2026-01-28T08:53:00Z,2026-01-28T19:23:00Z,10.0,8.0,5.5,16,max_daily:10; max_weekly:60; max_monthly:100,N,10,CONFIRMED,COMPLIANT,N,,,0,,N,N,2.0,4,130,2026-01-28 18:53:00,Y
RST-1930,CREW-1930,EY50599,POS-12,FLT-1087,EY912,9,Security Threat + Geopolitical Airspace Diversion,A6-EYA,Ahmed,Kim,Flight Attendant,Flight Attendant,Junior,12,CABIN,LHR,Cabin,2028-04-10,2027-02-22,A380,FLIGHT,2026-01-28T08:53:00Z,2026-01-28T19:23:00Z,10.0,8.0,5.5,16,max_daily:10; max_weekly:60; max_monthly:100,N,10,CONFIRMED,COMPLIANT,N,,,0,,N,N,2.0,4,157,2026-01-28 18:53:00,Y
RST-1931,CREW-1931,EY36612,POS-13,FLT-1087,EY912,9,Security Threat + Geopolitical Airspace Diversion,A6-EYA,Robert,Yamamoto,Flight Attendant,Flight Attendant,Senior,13,CABIN,SYD,Cabin,2027-10-17,2027-10-11,A380,FLIGHT,2026-01-28T08:53:00Z,2026-01-28T19:23:00Z,10.0,8.0,5.5,16,max_daily:10; max_weekly:60; max_monthly:100,N,10,CONFIRMED,COMPLIANT,N,,,0,,N,N,2.0,4,87,2026-01-28 18:53:00,Y
RST-1932,CREW-1932,EY77813,POS-14,FLT-1087,EY912,9,Security Threat + Geopolitical Airspace Diversion,A6-EYA,Olivia,Martinez,Flight Attendant,Flight Attendant,Junior,14,CABIN,SIN,Cabin,2026-07-17,2026-11-05,A380,FLIGHT,2026-01-28T08:53:00Z,2026-01-28T19:23:00Z,10.0,8.0,5.5,16,max_daily:10; max_weekly:60; max_monthly:100,N,10,CONFIRMED,COMPLIANT,N,,,0,,N,N,2.0,4,119,2026-01-28 18:53:00,Y
RST-1933,CREW-1933,EY11941,POS-15,FLT-1087,EY912,9,Security Threat + Geopolitical Airspace Diversion,A6-EYA,Carlos,Smith,Flight Attendant,Flight Attendant,Junior,15,CABIN,SIN,Cabin,2028-09-09,2027-04-28,A380,FLIGHT,2026-01-28T08:53:00Z,2026-01-28T19:23:00Z,10.0,8.0,5.5,16,max_daily:10; max_weekly:60; max_monthly:100,N,10,CONFIRMED,COMPLIANT,N,,,0,,N,N,2.0,4,102,2026-01-28 18:53:00,Y
RST-1934,CREW-1934,EY42938,POS-16,FLT-1087,EY912,9,Security Threat + Geopolitical Airspace Diversion,A6-EYA,Emma,Khan,Flight Attendant,Flight Attendant,Junior,16,CABIN,SYD,Cabin,2028-06-18,2026-02-10,A380,FLIGHT,2026-01-28T08:53:00Z,2026-01-28T19:23:00Z,10.0,8.0,5.5,16,max_daily:10; max_weekly:60; max_monthly:100,N,10,CONFIRMED,COMPLIANT,N,,,0,,N,N,2.0,4,53,2026-01-28 18:53:00,Y
RST-1935,CREW-1935,EY28438,POS-1,FLT-1088,EY334,9,Security Threat + Geopolitical Airspace Diversion,A6-EYJ,Fatima,Patel,Captain,Captain,Junior,1,COCKPIT,JFK,ATPL,2027-12-12,2027-01-08,B787-10,FLIGHT,2026-01-28T10:36:00Z,2026-01-29T04:06:00Z,17.0,15.0,-3.5,14,max_daily:10; max_weekly:60; max_monthly:100,Y,12,CONFIRMED,WARNING,N,,,0,,N,Y,9.0,4,136,2026-01-29 03:36:00,Y
RST-1936,CREW-1936,EY50211,POS-2,FLT-1088,EY334,9,Security Threat + Geopolitical Airspace Diversion,A6-EYJ,John,Wang,First Officer,First Officer,Junior,2,COCKPIT,LHR,ATPL,2028-09-06,2026-08-18,B787-10,FLIGHT,2026-01-28T10:36:00Z,2026-01-29T04:06:00Z,17.0,15.0,-3.5,14,max_daily:10; max_weekly:60; max_monthly:100,Y,12,CONFIRMED,WARNING,N,,,0,,N,Y,9.0,4,159,2026-01-29 03:36:00,Y
RST-1937,CREW-1937,EY66818,POS-3,FLT-1088,EY334,9,Security Threat + Geopolitical Airspace Diversion,A6-EYJ,Robert,Chen,Purser,Purser,Senior,3,CABIN,SIN,Cabin,2026-06-01,2026-08-21,B787-10,FLIGHT,2026-01-28T10:36:00Z,2026-01-29T04:06:00Z,17.0,15.0,-1.5,16,max_daily:10; max_weekly:60; max_monthly:100,Y,12,CONFIRMED,WARNING,N,,,0,,N,Y,9.0,4,76,2026-01-29 03:36:00,Y
RST-1938,CREW-1938,EY51118,POS-4,FLT-1088,EY334,9,Security Threat + Geopolitical Airspace Diversion,A6-EYJ,David,Al-Rashid,Flight Attendant,Flight Attendant,Junior,4,CABIN,JFK,Cabin,2027-12-02,2026-11-02,B787-10,FLIGHT,2026-01-28T10:36:00Z,2026-01-29T04:06:00Z,17.0,15.0,-1.5,16,max_daily:10; max_weekly:60; max_monthly:100,Y,12,CONFIRMED,WARNING,N,,,0,,N,Y,9.0,4,76,2026-01-29 03:36:00,Y
RST-1939,CREW-1939,EY86926,POS-5,FLT-1088,EY334,9,Security Threat + Geopolitical Airspace Diversion,A6-EYJ,Carlos,Martinez,Flight Attendant,Flight Attendant,Senior,5,CABIN,JFK,Cabin,2028-03-12,2026-04-18,B787-10,FLIGHT,2026-01-28T10:36:00Z,2026-01-29T04:06:00Z,17.0,15.0,-1.5,16,max_daily:10; max_weekly:60; max_monthly:100,Y,12,CONFIRMED,WARNING,N,,,0,,N,Y,9.0,4,150,2026-01-29 03:36:00,Y
RST-1940,CREW-1940,EY79929,POS-6,FLT-1088,EY334,9,Security Threat + Geopolitical Airspace Diversion,A6-EYJ,Layla,Patel,Flight Attendant,Flight Attendant,Junior,6,CABIN,JFK,Cabin,2027-12-12,2026-05-17,B787-10,FLIGHT,2026-01-28T10:36:00Z,2026-01-29T04:06:00Z,17.0,15.0,-1.5,16,max_daily:10; max_weekly:60; max_monthly:100,Y,12,CONFIRMED,WARNING,N,,,0,,N,Y,9.0,4,190,2026-01-29 03:36:00,Y
RST-1941,CREW-1941,EY31040,POS-7,FLT-1088,EY334,9,Security Threat + Geopolitical Airspace Diversion,A6-EYJ,Robert,Williams,Flight Attendant,Flight Attendant,Senior,7,CABIN,SIN,Cabin,2027-01-17,2026-06-03,B787-10,FLIGHT,2026-01-28T10:36:00Z,2026-01-29T04:06:00Z,17.0,15.0,-1.5,16,max_daily:10; max_weekly:60; max_monthly:100,Y,12,CONFIRMED,WARNING,N,,,0,,N,Y,9.0,4,99,2026-01-29 03:36:00,Y
RST-1942,CREW-1942,EY92599,POS-8,FLT-1088,EY334,9,Security Threat + Geopolitical Airspace Diversion,A6-EYJ,John,Kim,Flight Attendant,Flight Attendant,Junior,8,CABIN,SIN,Cabin,2027-07-08,2026-08-19,B787-10,FLIGHT,2026-01-28T10:36:00Z,2026-01-29T04:06:00Z,17.0,15.0,-1.5,16,max_daily:10; max_weekly:60; max_monthly:100,Y,12,CONFIRMED,WARNING,N,,,0,,N,Y,9.0,4,135,2026-01-29 03:36:00,Y
RST-1943,CREW-1943,EY57476,POS-9,FLT-1088,EY334,9,Security Threat + Geopolitical Airspace Diversion,A6-EYJ,Hassan,Garcia,Flight Attendant,Flight Attendant,Junior,9,CABIN,JFK,Cabin,2027-07-11,2026-10-26,B787-10,FLIGHT,2026-01-28T10:36:00Z,2026-01-29T04:06:00Z,17.0,15.0,-1.5,16,max_daily:10; max_weekly:60; max_monthly:100,Y,12,CONFIRMED,WARNING,N,,,0,,N,Y,9.0,4,180,2026-01-29 03:36:00,Y
RST-1944,CREW-1944,EY17736,POS-10,FLT-1088,EY334,9,Security Threat + Geopolitical Airspace Diversion,A6-EYJ,Olivia,Brown,Flight Attendant,Flight Attendant,Senior,10,CABIN,JFK,Cabin,2027-02-12,2027-02-10,B787-10,FLIGHT,2026-01-28T10:36:00Z,2026-01-29T04:06:00Z,17.0,15.0,-1.5,16,max_daily:10; max_weekly:60; max_monthly:100,Y,12,CONFIRMED,WARNING,N,,,0,,N,Y,9.0,4,121,2026-01-29 03:36:00,Y
RST-1945,CREW-1945,EY85618,POS-1,FLT-1089,EY1202,9,Security Threat + Geopolitical Airspace Diversion,A6-EYH,Omar,Khan,Captain,Captain,Junior,1,COCKPIT,SIN,ATPL,2028-04-25,2026-10-01,B787-10,FLIGHT,2026-01-28T12:54:00Z,2026-01-29T03:24:00Z,14.0,12.0,-0.5,14,max_daily:10; max_weekly:60; max_monthly:100,Y,12,CONFIRMED,WARNING,N,,,0,,N,Y,6.0,4,160,2026-01-29 02:54:00,Y
RST-1946,CREW-1946,EY19019,POS-2,FLT-1089,EY1202,9,Security Threat + Geopolitical Airspace Diversion,A6-EYH,Yusuf,Brown,First Officer,First Officer,Junior,2,COCKPIT,LHR,ATPL,2028-10-23,2027-08-17,B787-10,FLIGHT,2026-01-28T12:54:00Z,2026-01-29T03:24:00Z,14.0,12.0,-0.5,14,max_daily:10; max_weekly:60; max_monthly:100,Y,12,CONFIRMED,WARNING,N,,,0,,N,Y,6.0,4,199,2026-01-29 02:54:00,Y
RST-1947,CREW-1947,EY46071,POS-3,FLT-1089,EY1202,9,Security Threat + Geopolitical Airspace Diversion,A6-EYH,John,Garcia,Purser,Purser,Junior,3,CABIN,SIN,Cabin,2028-05-20,2027-12-04,B787-10,FLIGHT,2026-01-28T12:54:00Z,2026-01-29T03:24:00Z,14.0,12.0,1.5,16,max_daily:10; max_weekly:60; max_monthly:100,N,10,CONFIRMED,COMPLIANT,N,,,0,,N,Y,6.0,4,129,2026-01-29 02:54:00,Y
RST-1948,CREW-1948,EY51158,POS-4,FLT-1089,EY1202,9,Security Threat + Geopolitical Airspace Diversion,A6-EYH,Yuki,Williams,Flight Attendant,Flight Attendant,Junior,4,CABIN,JFK,Cabin,2026-05-13,2026-06-04,B787-10,FLIGHT,2026-01-28T12:54:00Z,2026-01-29T03:24:00Z,14.0,12.0,1.5,16,max_daily:10; max_weekly:60; max_monthly:100,N,10,CONFIRMED,COMPLIANT,N,,,0,,N,Y,6.0,4,188,2026-01-29 02:54:00,Y
RST-1949,CREW-1949,EY32964,POS-5,FLT-1089,EY1202,9,Security Threat + Geopolitical Airspace Diversion,A6-EYH,Michael,Kim,Flight Attendant,Flight Attendant,Junior,5,CABIN,JFK,Cabin,2027-02-16,2027-03-15,B787-10,FLIGHT,2026-01-28T12:54:00Z,2026-01-29T03:24:00Z,14.0,12.0,1.5,16,max_daily:10; max_weekly:60; max_monthly:100,N,10,CONFIRMED,COMPLIANT,N,,,0,,N,Y,6.0,4,169,2026-01-29 02:54:00,Y
RST-1950,CREW-1950,EY30180,POS-6,FLT-1089,EY1202,9,Security Threat + Geopolitical Airspace Diversion,A6-EYH,Olivia,Johnson,Flight Attendant,Flight Attendant,Senior,6,CABIN,AUH,Cabin,2027-10-15,2026-05-18,B787-10,FLIGHT,2026-01-28T12:54:00Z,2026-01-29T03:24:00Z,14.0,12.0,1.5,16,max_daily:10; max_weekly:60; max_monthly:100,N,10,CONFIRMED,COMPLIANT,N,,,0,,N,Y,6.0,4,155,2026-01-29 02:54:00,Y
RST-1951,CREW-1951,EY90046,POS-7,FLT-1089,EY1202,9,Security Threat + Geopolitical Airspace Diversion,A6-EYH,Mei,Wang,Flight Attendant,Flight Attendant,Junior,7,CABIN,SYD,Cabin,2027-02-06,2026-04-16,B787-10,FLIGHT,2026-01-28T12:54:00Z,2026-01-29T03:24:00Z,14.0,12.0,1.5,16,max_daily:10; max_weekly:60; max_monthly:100,N,10,CONFIRMED,COMPLIANT,N,,,0,,N,Y,6.0,4,115,2026-01-29 02:54:00,Y
RST-1952,CREW-1952,EY35452,POS-8,FLT-1089,EY1202,9,Security Threat + Geopolitical Airspace Diversion,A6-EYH,Isabella,Lee,Flight Attendant,Flight Attendant,Junior,8,CABIN,SYD,Cabin,2026-09-22,2027-01-12,B787-10,FLIGHT,2026-01-28T12:54:00Z,2026-01-29T03:24:00Z,14.0,12.0,1.5,16,max_daily:10; max_weekly:60; max_monthly:100,N,10,CONFIRMED,COMPLIANT,N,,,0,,N,Y,6.0,4,105,2026-01-29 02:54:00,Y
RST-1953,CREW-1953,EY47635,POS-9,FLT-1089,EY1202,9,Security Threat + Geopolitical Airspace Diversion,A6-EYH,Sophia,Tanaka,Flight Attendant,Flight Attendant,Senior,9,CABIN,JFK,Cabin,2028-12-19,2026-08-22,B787-10,FLIGHT,2026-01-28T12:54:00Z,2026-01-29T03:24:00Z,14.0,12.0,1.5,16,max_daily:10; max_weekly:60; max_monthly:100,N,10,CONFIRMED,COMPLIANT,N,,,0,,N,Y,6.0,4,153,2026-01-29 02:54:00,Y
RST-1954,CREW-1954,EY33990,POS-10,FLT-1089,EY1202,9,Security Threat + Geopolitical Airspace Diversion,A6-EYH,Sophia,Khan,Flight Attendant,Flight Attendant,Junior,10,CABIN,SIN,Cabin,2026-09-19,2027-05-14,B787-10,FLIGHT,2026-01-28T12:54:00Z,2026-01-29T03:24:00Z,14.0,12.0,1.5,16,max_daily:10; max_weekly:60; max_monthly:100,N,10,CONFIRMED,COMPLIANT,N,,,0,,N,Y,6.0,4,105,2026-01-29 02:54:00,Y
RST-1955,CREW-1955,EY69127,POS-1,FLT-1090,EY170,9,Security Threat + Geopolitical Airspace Diversion,A6-EYQ,Sara,Yamamoto,Captain,Captain,Junior,1,COCKPIT,JFK,ATPL,2027-02-15,2027-08-09,A320,FLIGHT,2026-01-28T14:00:00Z,2026-01-29T07:30:00Z,17.0,15.0,-3.5,14,max_daily:10; max_weekly:60; max_monthly:100,Y,12,CONFIRMED,WARNING,N,,,0,,N,Y,9.0,4,150,2026-01-29 07:00:00,Y
RST-1956,CREW-1956,EY64194,POS-2,FLT-1090,EY170,9,Security Threat + Geopolitical Airspace Diversion,A6-EYQ,Maryam,Singh,First Officer,First Officer,Junior,2,COCKPIT,AUH,ATPL,2026-06-11,2027-03-17,A320,FLIGHT,2026-01-28T14:00:00Z,2026-01-29T07:30:00Z,17.0,15.0,-3.5,14,max_daily:10; max_weekly:60; max_monthly:100,Y,12,CONFIRMED,WARNING,N,,,0,,N,Y,9.0,4,121,2026-01-29 07:00:00,Y
RST-1957,CREW-1957,EY77661,POS-3,FLT-1090,EY170,9,Security Threat + Geopolitical Airspace Diversion,A6-EYQ,Mia,Brown,Purser,Purser,Junior,3,CABIN,LHR,Cabin,2028-08-27,2027-06-27,A320,FLIGHT,2026-01-28T14:00:00Z,2026-01-29T07:30:00Z,17.0,15.0,-1.5,16,max_daily:10; max_weekly:60; max_monthly:100,Y,12,CONFIRMED,WARNING,N,,,0,,N,Y,9.0,4,171,2026-01-29 07:00:00,Y
RST-1958,CREW-1958,EY18305,POS-4,FLT-1090,EY170,9,Security Threat + Geopolitical Airspace Diversion,A6-EYQ,Yusuf,Rossi,Flight Attendant,Flight Attendant,Junior,4,CABIN,LHR,Cabin,2026-08-18,2027-03-21,A320,FLIGHT,2026-01-28T14:00:00Z,2026-01-29T07:30:00Z,17.0,15.0,-1.5,16,max_daily:10; max_weekly:60; max_monthly:100,Y,12,CONFIRMED,WARNING,N,,,0,,N,Y,9.0,4,117,2026-01-29 07:00:00,Y
RST-1959,CREW-1959,EY32723,POS-1,FLT-1091,EY432,9,Security Threat + Geopolitical Airspace Diversion,A6-EYF,Raj,Lee,Captain,Captain,Junior,1,COCKPIT,AUH,ATPL,2026-01-10,2027-12-07,B787-10,FLIGHT,2026-01-28T16:26:00Z,2026-01-29T07:26:00Z,14.5,12.5,-1.0,14,max_daily:10; max_weekly:60; max_monthly:100,Y,12,CONFIRMED,WARNING,N,,,0,,N,Y,6.5,4,92,2026-01-29 06:56:00,Y
RST-1960,CREW-1960,EY88192,POS-2,FLT-1091,EY432,9,Security Threat + Geopolitical Airspace Diversion,A6-EYF,Emma,Patel,First Officer,First Officer,Junior,2,COCKPIT,AUH,ATPL,2027-02-04,2027-12-09,B787-10,FLIGHT,2026-01-28T16:26:00Z,2026-01-29T07:26:00Z,14.5,12.5,-1.0,14,max_daily:10; max_weekly:60; max_monthly:100,Y,12,CONFIRMED,WARNING,N,,,0,,N,Y,6.5,4,174,2026-01-29 06:56:00,Y
RST-1961,CREW-1961,EY90564,POS-3,FLT-1091,EY432,9,Security Threat + Geopolitical Airspace Diversion,A6-EYF,Mohammed,Brown,Purser,Purser,Junior,3,CABIN,SIN,Cabin,2026-12-05,2027-09-02,B787-10,FLIGHT,2026-01-28T16:26:00Z,2026-01-29T07:26:00Z,14.5,12.5,1.0,16,max_daily:10; max_weekly:60; max_monthly:100,N,10,CONFIRMED,COMPLIANT,N,,,0,,N,Y,6.5,4,174,2026-01-29 06:56:00,Y
RST-1962,CREW-1962,EY38576,POS-4,FLT-1091,EY432,9,Security Threat + Geopolitical Airspace Diversion,A6-EYF,Michael,Tanaka,Flight Attendant,Flight Attendant,Junior,4,CABIN,AUH,Cabin,2027-06-16,2027-09-04,B787-10,FLIGHT,2026-01-28T16:26:00Z,2026-01-29T07:26:00Z,14.5,12.5,1.0,16,max_daily:10; max_weekly:60; max_monthly:100,N,10,CONFIRMED,COMPLIANT,N,,,0,,N,Y,6.5,4,74,2026-01-29 06:56:00,Y
RST-1963,CREW-1963,EY87073,POS-5,FLT-1091,EY432,9,Security Threat + Geopolitical Airspace Diversion,A6-EYF,Yuki,Al-Rashid,Flight Attendant,Flight Attendant,Senior,5,CABIN,SIN,Cabin,2026-03-10,2027-01-17,B787-10,FLIGHT,2026-01-28T16:26:00Z,2026-01-29T07:26:00Z,14.5,12.5,1.0,16,max_daily:10; max_weekly:60; max_monthly:100,N,10,CONFIRMED,COMPLIANT,N,,,0,,N,Y,6.5,4,102,2026-01-29 06:56:00,Y
RST-1964,CREW-1964,EY62501,POS-6,FLT-1091,EY432,9,Security Threat + Geopolitical Airspace Diversion,A6-EYF,Robert,Lee,Flight Attendant,Flight Attendant,Senior,6,CABIN,SYD,Cabin,2028-01-22,2026-02-22,B787-10,FLIGHT,2026-01-28T16:26:00Z,2026-01-29T07:26:00Z,14.5,12.5,1.0,16,max_daily:10; max_weekly:60; max_monthly:100,N,10,CONFIRMED,COMPLIANT,N,,,0,,N,Y,6.5,4,200,2026-01-29 06:56:00,Y
RST-1965,CREW-1965,EY70269,POS-7,FLT-1091,EY432,9,Security Threat + Geopolitical Airspace Diversion,A6-EYF,Wei,Tanaka,Flight Attendant,Flight Attendant,Junior,7,CABIN,SIN,Cabin,2028-05-07,2026-06-22,B787-10,FLIGHT,2026-01-28T16:26:00Z,2026-01-29T07:26:00Z,14.5,12.5,1.0,16,max_daily:10; max_weekly:60; max_monthly:100,N,10,CONFIRMED,COMPLIANT,N,,,0,,N,Y,6.5,4,68,2026-01-29 06:56:00,Y
RST-1966,CREW-1966,EY84721,POS-8,FLT-1091,EY432,9,Security Threat + Geopolitical Airspace Diversion,A6-EYF,David,Khan,Flight Attendant,Flight Attendant,Senior,8,CABIN,AUH,Cabin,2027-07-09,2026-07-19,B787-10,FLIGHT,2026-01-28T16:26:00Z,2026-01-29T07:26:00Z,14.5,12.5,1.0,16,max_daily:10; max_weekly:60; max_monthly:100,N,10,CONFIRMED,COMPLIANT,N,,,0,,N,Y,6.5,4,124,2026-01-29 06:56:00,Y
RST-1967,CREW-1967,EY24952,POS-9,FLT-1091,EY432,9,Security Threat + Geopolitical Airspace Diversion,A6-EYF,Priya,Yamamoto,Flight Attendant,Flight Attendant,Junior,9,CABIN,LHR,Cabin,2026-07-20,2027-03-10,B787-10,FLIGHT,2026-01-28T16:26:00Z,2026-01-29T07:26:00Z,14.5,12.5,1.0,16,max_daily:10; max_weekly:60; max_monthly:100,N,10,CONFIRMED,COMPLIANT,N,,,0,,N,Y,6.5,4,95,2026-01-29 06:56:00,Y
RST-1968,CREW-1968,EY29843,POS-10,FLT-1091,EY432,9,Security Threat + Geopolitical Airspace Diversion,A6-EYF,Yuki,Martinez,Flight Attendant,Flight Attendant,Junior,10,CABIN,AUH,Cabin,2028-04-25,2027-03-08,B787-10,FLIGHT,2026-01-28T16:26:00Z,2026-01-29T07:26:00Z,14.5,12.5,1.0,16,max_daily:10; max_weekly:60; max_monthly:100,N,10,CONFIRMED,COMPLIANT,N,,,0,,N,Y,6.5,4,106,2026-01-29 06:56:00,Y
RST-1969,CREW-1969,EY80129,POS-1,FLT-1092,EY6622,9,Security Threat + Geopolitical Airspace Diversion,A6-EYK,Robert,Johnson,Captain,Captain,Junior,1,COCKPIT,AUH,ATPL,2028-02-28,2027-11-09,A350,FLIGHT,2026-01-28T18:41:00Z,2026-01-29T13:41:00Z,18.5,16.5,-5.0,14,max_daily:10; max_weekly:60; max_monthly:100,Y,12,CONFIRMED,WARNING,N,,,0,,N,Y,10.5,4,81,2026-01-29 13:11:00,Y
RST-1970,CREW-1970,EY35283,POS-2,FLT-1092,EY6622,9,Security Threat + Geopolitical Airspace Diversion,A6-EYK,Fatima,Williams,First Officer,First Officer,Senior,2,COCKPIT,SYD,ATPL,2026-12-11,2026-12-20,A350,FLIGHT,2026-01-28T18:41:00Z,2026-01-29T13:41:00Z,18.5,16.5,-5.0,14,max_daily:10; max_weekly:60; max_monthly:100,Y,12,CONFIRMED,WARNING,N,,,0,,N,Y,10.5,4,139,2026-01-29 13:11:00,Y
RST-1971,CREW-1971,EY14204,POS-3,FLT-1092,EY6622,9,Security Threat + Geopolitical Airspace Diversion,A6-EYK,Carlos,Mueller,Purser,Purser,Junior,3,CABIN,SYD,Cabin,2027-03-02,2026-03-17,A350,FLIGHT,2026-01-28T18:41:00Z,2026-01-29T13:41:00Z,18.5,16.5,-3.0,16,max_daily:10; max_weekly:60; max_monthly:100,Y,12,CONFIRMED,WARNING,N,,,0,,N,Y,10.5,4,126,2026-01-29 13:11:00,Y
RST-1972,CREW-1972,EY88893,POS-4,FLT-1092,EY6622,9,Security Threat + Geopolitical Airspace Diversion,A6-EYK,Arjun,Brown,Flight Attendant,Flight Attendant,Junior,4,CABIN,JFK,Cabin,2027-05-28,2026-10-27,A350,FLIGHT,2026-01-28T18:41:00Z,2026-01-29T13:41:00Z,18.5,16.5,-3.0,16,max_daily:10; max_weekly:60; max_monthly:100,Y,12,CONFIRMED,WARNING,N,,,0,,N,Y,10.5,4,79,2026-01-29 13:11:00,Y
RST-1973,CREW-1973,EY29564,POS-5,FLT-1092,EY6622,9,Security Threat + Geopolitical Airspace Diversion,A6-EYK,Arjun,Martinez,Flight Attendant,Flight Attendant,Junior,5,CABIN,AUH,Cabin,2028-11-09,2027-12-22,A350,FLIGHT,2026-01-28T18:41:00Z,2026-01-29T13:41:00Z,18.5,16.5,-3.0,16,max_daily:10; max_weekly:60; max_monthly:100,Y,12,CONFIRMED,WARNING,N,,,0,,N,Y,10.5,4,65,2026-01-29 13:11:00,Y
RST-1974,CREW-1974,EY53623,POS-6,FLT-1092,EY6622,9,Security Threat + Geopolitical Airspace Diversion,A6-EYK,Mia,Martinez,Flight Attendant,Flight Attendant,Senior,6,CABIN,AUH,Cabin,2026-11-01,2027-10-15,A350,FLIGHT,2026-01-28T18:41:00Z,2026-01-29T13:41:00Z,18.5,16.5,-3.0,16,max_daily:10; max_weekly:60; max_monthly:100,Y,12,CONFIRMED,WARNING,N,,,0,,N,Y,10.5,4,145,2026-01-29 13:11:00,Y
RST-1975,CREW-1975,EY85253,POS-7,FLT-1092,EY6622,9,Security Threat + Geopolitical Airspace Diversion,A6-EYK,Mohammed,Brown,Flight Attendant,Flight Attendant,Senior,7,CABIN,SYD,Cabin,2026-03-22,2027-10-22,A350,FLIGHT,2026-01-28T18:41:00Z,2026-01-29T13:41:00Z,18.5,16.5,-3.0,16,max_daily:10; max_weekly:60; max_monthly:100,Y,12,CONFIRMED,WARNING,N,,,0,,N,Y,10.5,4,79,2026-01-29 13:11:00,Y
RST-1976,CREW-1976,EY39890,POS-8,FLT-1092,EY6622,9,Security Threat + Geopolitical Airspace Diversion,A6-EYK,Omar,Al-Rashid,Flight Attendant,Flight Attendant,Junior,8,CABIN,SYD,Cabin,2026-08-21,2027-11-24,A350,FLIGHT,2026-01-28T18:41:00Z,2026-01-29T13:41:00Z,18.5,16.5,-3.0,16,max_daily:10; max_weekly:60; max_monthly:100,Y,12,CONFIRMED,WARNING,N,,,0,,N,Y,10.5,4,152,2026-01-29 13:11:00,Y
RST-1977,CREW-1977,EY69582,POS-9,FLT-1092,EY6622,9,Security Threat + Geopolitical Airspace Diversion,A6-EYK,Fatima,Martinez,Flight Attendant,Flight Attendant,Junior,9,CABIN,SIN,Cabin,2028-05-19,2026-11-24,A350,FLIGHT,2026-01-28T18:41:00Z,2026-01-29T13:41:00Z,18.5,16.5,-3.0,16,max_daily:10; max_weekly:60; max_monthly:100,Y,12,CONFIRMED,WARNING,N,,,0,,N,Y,10.5,4,144,2026-01-29 13:11:00,Y
RST-1978,CREW-1978,EY35918,POS-10,FLT-1092,EY6622,9,Security Threat + Geopolitical Airspace Diversion,A6-EYK,Isabella,Tanaka,Flight Attendant,Flight Attendant,Senior,10,CABIN,SIN,Cabin,2028-11-07,2027-01-20,A350,FLIGHT,2026-01-28T18:41:00Z,2026-01-29T13:41:00Z,18.5,16.5,-3.0,16,max_daily:10; max_weekly:60; max_monthly:100,Y,12,CONFIRMED,WARNING,N,,,0,,N,Y,10.5,4,192,2026-01-29 13:11:00,Y
RST-1979,CREW-1979,EY49936,POS-11,FLT-1092,EY6622,9,Security Threat + Geopolitical Airspace Diversion,A6-EYK,Layla,Rossi,Flight Attendant,Flight Attendant,Junior,11,CABIN,SYD,Cabin,2028-07-14,2027-03-11,A350,FLIGHT,2026-01-28T18:41:00Z,2026-01-29T13:41:00Z,18.5,16.5,-3.0,16,max_daily:10; max_weekly:60; max_monthly:100,Y,12,CONFIRMED,WARNING,N,,,0,,N,Y,10.5,4,187,2026-01-29 13:11:00,Y
RST-1980,CREW-1980,EY67976,POS-12,FLT-1092,EY6622,9,Security Threat + Geopolitical Airspace Diversion,A6-EYK,Raj,Wang,Flight Attendant,Flight Attendant,Junior,12,CABIN,AUH,Cabin,2028-06-23,2026-04-10,A350,FLIGHT,2026-01-28T18:41:00Z,2026-01-29T13:41:00Z,18.5,16.5,-3.0,16,max_daily:10; max_weekly:60; max_monthly:100,Y,12,CONFIRMED,WARNING,N,,,0,,N,Y,10.5,4,86,2026-01-29 13:11:00,Y
RST-1981,CREW-1981,EY87079,POS-1,FLT-1093,EY5265,9,Security Threat + Geopolitical Airspace Diversion,A6-EYL,Michael,Singh,Captain,Captain,Junior,1,COCKPIT,JFK,ATPL,2026-11-04,2026-08-22,A350,FLIGHT,2026-01-28T20:14:00Z,2026-01-29T10:14:00Z,13.5,11.5,0.0,14,max_daily:10; max_weekly:60; max_monthly:100,N,10,CONFIRMED,COMPLIANT,N,,,0,,N,Y,5.5,4,50,2026-01-29 09:44:00,Y
RST-1982,CREW-1982,EY20915,POS-2,FLT-1093,EY5265,9,Security Threat + Geopolitical Airspace Diversion,A6-EYL,Hassan,Williams,First Officer,First Officer,Senior,2,COCKPIT,SYD,ATPL,2026-10-25,2027-09-18,A350,FLIGHT,2026-01-28T20:14:00Z,2026-01-29T10:14:00Z,13.5,11.5,0.0,14,max_daily:10; max_weekly:60; max_monthly:100,N,10,CONFIRMED,COMPLIANT,N,,,0,,N,Y,5.5,4,132,2026-01-29 09:44:00,Y
RST-1983,CREW-1983,EY33278,POS-3,FLT-1093,EY5265,9,Security Threat + Geopolitical Airspace Diversion,A6-EYL,John,Patel,Purser,Purser,Junior,3,CABIN,JFK,Cabin,2028-09-20,2026-01-12,A350,FLIGHT,2026-01-28T20:14:00Z,2026-01-29T10:14:00Z,13.5,11.5,2.0,16,max_daily:10; max_weekly:60; max_monthly:100,N,10,CONFIRMED,COMPLIANT,N,,,0,,N,Y,5.5,4,88,2026-01-29 09:44:00,Y
RST-1984,CREW-1984,EY69303,POS-4,FLT-1093,EY5265,9,Security Threat + Geopolitical Airspace Diversion,A6-EYL,Ananya,Patel,Flight Attendant,Flight Attendant,Junior,4,CABIN,SIN,Cabin,2027-03-28,2026-07-28,A350,FLIGHT,2026-01-28T20:14:00Z,2026-01-29T10:14:00Z,13.5,11.5,2.0,16,max_daily:10; max_weekly:60; max_monthly:100,N,10,CONFIRMED,COMPLIANT,N,,,0,,N,Y,5.5,4,96,2026-01-29 09:44:00,Y
RST-1985,CREW-1985,EY95730,POS-5,FLT-1093,EY5265,9,Security Threat + Geopolitical Airspace Diversion,A6-EYL,Hiroshi,Singh,Flight Attendant,Flight Attendant,Junior,5,CABIN,SYD,Cabin,2026-04-04,2027-03-03,A350,FLIGHT,2026-01-28T20:14:00Z,2026-01-29T10:14:00Z,13.5,11.5,2.0,16,max_daily:10; max_weekly:60; max_monthly:100,N,10,CONFIRMED,COMPLIANT,N,,,0,,N,Y,5.5,4,53,2026-01-29 09:44:00,Y
RST-1986,CREW-1986,EY56197,POS-6,FLT-1093,EY5265,9,Security Threat + Geopolitical Airspace Diversion,A6-EYL,Mohammed,Garcia,Flight Attendant,Flight Attendant,Junior,6,CABIN,AUH,Cabin,2028-11-16,2026-09-26,A350,FLIGHT,2026-01-28T20:14:00Z,2026-01-29T10:14:00Z,13.5,11.5,2.0,16,max_daily:10; max_weekly:60; max_monthly:100,N,10,CONFIRMED,COMPLIANT,N,,,0,,N,Y,5.5,4,136,2026-01-29 09:44:00,Y
RST-1987,CREW-1987,EY76794,POS-7,FLT-1093,EY5265,9,Security Threat + Geopolitical Airspace Diversion,A6-EYL,Fatima,Martinez,Flight Attendant,Flight Attendant,Junior,7,CABIN,SIN,Cabin,2027-10-21,2026-07-20,A350,FLIGHT,2026-01-28T20:14:00Z,2026-01-29T10:14:00Z,13.5,11.5,2.0,16,max_daily:10; max_weekly:60; max_monthly:100,N,10,CONFIRMED,COMPLIANT,N,,,0,,N,Y,5.5,4,75,2026-01-29 09:44:00,Y
RST-1988,CREW-1988,EY52569,POS-8,FLT-1093,EY5265,9,Security Threat + Geopolitical Airspace Diversion,A6-EYL,Michael,Wang,Flight Attendant,Flight Attendant,Senior,8,CABIN,AUH,Cabin,2027-11-19,2026-01-14,A350,FLIGHT,2026-01-28T20:14:00Z,2026-01-29T10:14:00Z,13.5,11.5,2.0,16,max_daily:10; max_weekly:60; max_monthly:100,N,10,CONFIRMED,COMPLIANT,N,,,0,,N,Y,5.5,4,68,2026-01-29 09:44:00,Y
RST-1989,CREW-1989,EY62423,POS-9,FLT-1093,EY5265,9,Security Threat + Geopolitical Airspace Diversion,A6-EYL,Mei,Rossi,Flight Attendant,Flight Attendant,Junior,9,CABIN,SYD,Cabin,2028-08-27,2027-11-28,A350,FLIGHT,2026-01-28T20:14:00Z,2026-01-29T10:14:00Z,13.5,11.5,2.0,16,max_daily:10; max_weekly:60; max_monthly:100,N,10,CONFIRMED,COMPLIANT,N,,,0,,N,Y,5.5,4,137,2026-01-29 09:44:00,Y
RST-1990,CREW-1990,EY69073,POS-10,FLT-1093,EY5265,9,Security Threat + Geopolitical Airspace Diversion,A6-EYL,James,Patel,Flight Attendant,Flight Attendant,Junior,10,CABIN,SIN,Cabin,2026-07-20,2027-08-05,A350,FLIGHT,2026-01-28T20:14:00Z,2026-01-29T10:14:00Z,13.5,11.5,2.0,16,max_daily:10; max_weekly:60; max_monthly:100,N,10,CONFIRMED,COMPLIANT,N,,,0,,N,Y,5.5,4,91,2026-01-29 09:44:00,Y
RST-1991,CREW-1991,EY81187,POS-11,FLT-1093,EY5265,9,Security Threat + Geopolitical Airspace Diversion,A6-EYL,Mia,Chen,Flight Attendant,Flight Attendant,Junior,11,CABIN,LHR,Cabin,2027-09-20,2026-11-11,A350,FLIGHT,2026-01-28T20:14:00Z,2026-01-29T10:14:00Z,13.5,11.5,2.0,16,max_daily:10; max_weekly:60; max_monthly:100,N,10,CONFIRMED,COMPLIANT,N,,,0,,N,Y,5.5,4,199,2026-01-29 09:44:00,Y
RST-1992,CREW-1992,EY50851,POS-12,FLT-1093,EY5265,9,Security Threat + Geopolitical Airspace Diversion,A6-EYL,Priya,Kim,Flight Attendant,Flight Attendant,Senior,12,CABIN,SYD,Cabin,2028-05-16,2027-12-17,A350,FLIGHT,2026-01-28T20:14:00Z,2026-01-29T10:14:00Z,13.5,11.5,2.0,16,max_daily:10; max_weekly:60; max_monthly:100,N,10,CONFIRMED,COMPLIANT,N,,,0,,N,Y,5.5,4,170,2026-01-29 09:44:00,Y
RST-1993,CREW-1993,EY45518,POS-1,FLT-1094,EY3160,9,Security Threat + Geopolitical Airspace Diversion,A6-EYM,Olivia,Williams,Captain,Captain,Junior,1,COCKPIT,LHR,ATPL,2026-10-22,2026-08-07,A350,FLIGHT,2026-01-28T04:23:00Z,2026-01-28T19:23:00Z,14.5,12.5,-1.0,14,max_daily:10; max_weekly:60; max_monthly:100,Y,12,CONFIRMED,WARNING,N,,,0,,N,Y,6.5,4,96,2026-01-28 18:53:00,Y
RST-1994,CREW-1994,EY12397,POS-2,FLT-1094,EY3160,9,Security Threat + Geopolitical Airspace Diversion,A6-EYM,Raj,Williams,First Officer,First Officer,Junior,2,COCKPIT,SIN,ATPL,2028-05-16,2027-05-25,A350,FLIGHT,2026-01-28T04:23:00Z,2026-01-28T19:23:00Z,14.5,12.5,-1.0,14,max_daily:10; max_weekly:60; max_monthly:100,Y,12,CONFIRMED,WARNING,N,,,0,,N,Y,6.5,4,70,2026-01-28 18:53:00,Y
RST-1995,CREW-1995,EY68665,POS-3,FLT-1094,EY3160,9,Security Threat + Geopolitical Airspace Diversion,A6-EYM,Hassan,Schmidt,Purser,Purser,Junior,3,CABIN,SIN,Cabin,2026-01-16,2026-04-27,A350,FLIGHT,2026-01-28T04:23:00Z,2026-01-28T19:23:00Z,14.5,12.5,1.0,16,max_daily:10; max_weekly:60; max_monthly:100,N,10,CONFIRMED,COMPLIANT,N,,,0,,N,Y,6.5,4,195,2026-01-28 18:53:00,Y
RST-1996,CREW-1996,EY66387,POS-4,FLT-1094,EY3160,9,Security Threat + Geopolitical Airspace Diversion,A6-EYM,Mia,Ferrari,Flight Attendant,Flight Attendant,Junior,4,CABIN,JFK,Cabin,2026-08-23,2026-07-04,A350,FLIGHT,2026-01-28T04:23:00Z,2026-01-28T19:23:00Z,14.5,12.5,1.0,16,max_daily:10; max_weekly:60; max_monthly:100,N,10,CONFIRMED,COMPLIANT,N,,,0,,N,Y,6.5,4,189,2026-01-28 18:53:00,Y
RST-1997,CREW-1997,EY52846,POS-5,FLT-1094,EY3160,9,Security Threat + Geopolitical Airspace Diversion,A6-EYM,Wei,Brown,Flight Attendant,Flight Attendant,Junior,5,CABIN,LHR,Cabin,2027-06-05,2027-03-06,A350,FLIGHT,2026-01-28T04:23:00Z,2026-01-28T19:23:00Z,14.5,12.5,1.0,16,max_daily:10; max_weekly:60; max_monthly:100,N,10,CONFIRMED,COMPLIANT,N,,,0,,N,Y,6.5,4,91,2026-01-28 18:53:00,Y
RST-1998,CREW-1998,EY63022,POS-6,FLT-1094,EY3160,9,Security Threat + Geopolitical Airspace Diversion,A6-EYM,Hiroshi,Singh,Flight Attendant,Flight Attendant,Junior,6,CABIN,JFK,Cabin,2028-10-02,2027-08-23,A350,FLIGHT,2026-01-28T04:23:00Z,2026-01-28T19:23:00Z,14.5,12.5,1.0,16,max_daily:10; max_weekly:60; max_monthly:100,N,10,CONFIRMED,COMPLIANT,N,,,0,,N,Y,6.5,4,63,2026-01-28 18:53:00,Y
RST-1999,CREW-1999,EY86226,POS-7,FLT-1094,EY3160,9,Security Threat + Geopolitical Airspace Diversion,A6-EYM,Emma,Patel,Flight Attendant,Flight Attendant,Junior,7,CABIN,SYD,Cabin,2027-08-19,2027-07-04,A350,FLIGHT,2026-01-28T04:23:00Z,2026-01-28T19:23:00Z,14.5,12.5,1.0,16,max_daily:10; max_weekly:60; max_monthly:100,N,10,CONFIRMED,COMPLIANT,N,,,0,,N,Y,6.5,4,139,2026-01-28 18:53:00,Y
RST-2000,CREW-2000,EY47682,POS-8,FLT-1094,EY3160,9,Security Threat + Geopolitical Airspace Diversion,A6-EYM,Ananya,Ferrari,Flight Attendant,Flight Attendant,Senior,8,CABIN,AUH,Cabin,2026-03-13,2026-12-09,A350,FLIGHT,2026-01-28T04:23:00Z,2026-01-28T19:23:00Z,14.5,12.5,1.0,16,max_daily:10; max_weekly:60; max_monthly:100,N,10,CONFIRMED,COMPLIANT,N,,,0,,N,Y,6.5,4,157,2026-01-28 18:53:00,Y
RST-2001,CREW-2001,EY53676,POS-9,FLT-1094,EY3160,9,Security Threat + Geopolitical Airspace Diversion,A6-EYM,Maria,Wang,Flight Attendant,Flight Attendant,Junior,9,CABIN,LHR,Cabin,2027-11-17,2027-11-08,A350,FLIGHT,2026-01-28T04:23:00Z,2026-01-28T19:23:00Z,14.5,12.5,1.0,16,max_daily:10; max_weekly:60; max_monthly:100,N,10,CONFIRMED,COMPLIANT,N,,,0,,N,Y,6.5,4,122,2026-01-28 18:53:00,Y
RST-2002,CREW-2002,EY33140,POS-10,FLT-1094,EY3160,9,Security Threat + Geopolitical Airspace Diversion,A6-EYM,Mei,Ferrari,Flight Attendant,Flight Attendant,Junior,10,CABIN,AUH,Cabin,2026-01-28,2027-01-15,A350,FLIGHT,2026-01-28T04:23:00Z,2026-01-28T19:23:00Z,14.5,12.5,1.0,16,max_daily:10; max_weekly:60; max_monthly:100,N,10,CONFIRMED,COMPLIANT,N,,,0,,N,Y,6.5,4,200,2026-01-28 18:53:00,Y
RST-2003,CREW-2003,EY38323,POS-11,FLT-1094,EY3160,9,Security Threat + Geopolitical Airspace Diversion,A6-EYM,Omar,Mueller,Flight Attendant,Flight Attendant,Senior,11,CABIN,SIN,Cabin,2027-11-10,2027-11-06,A350,FLIGHT,2026-01-28T04:23:00Z,2026-01-28T19:23:00Z,14.5,12.5,1.0,16,max_daily:10; max_weekly:60; max_monthly:100,N,10,CONFIRMED,COMPLIANT,N,,,0,,N,Y,6.5,4,129,2026-01-28 18:53:00,Y
RST-2004,CREW-2004,EY94830,POS-12,FLT-1094,EY3160,9,Security Threat + Geopolitical Airspace Diversion,A6-EYM,Emma,Rossi,Flight Attendant,Flight Attendant,Junior,12,CABIN,JFK,Cabin,2026-01-24,2026-02-22,A350,FLIGHT,2026-01-28T04:23:00Z,2026-01-28T19:23:00Z,14.5,12.5,1.0,16,max_daily:10; max_weekly:60; max_monthly:100,N,10,CONFIRMED,COMPLIANT,N,,,0,,N,Y,6.5,4,191,2026-01-28 18:53:00,Y
RST-2005,CREW-2005,EY42352,POS-1,FLT-1095,EY6005,9,Security Threat + Geopolitical Airspace Diversion,A6-EYN,David,Williams,Captain,Captain,Senior,1,COCKPIT,SYD,ATPL,2027-01-22,2027-01-18,A321LR,FLIGHT,2026-01-28T06:35:00Z,2026-01-28T19:35:00Z,12.5,10.5,1.0,14,max_daily:10; max_weekly:60; max_monthly:100,N,10,CONFIRMED,COMPLIANT,N,,,0,,N,Y,4.5,4,91,2026-01-28 19:05:00,Y
RST-2006,CREW-2006,EY31884,POS-2,FLT-1095,EY6005,9,Security Threat + Geopolitical Airspace Diversion,A6-EYN,Hassan,Mueller,First Officer,First Officer,Junior,2,COCKPIT,SIN,ATPL,2028-04-15,2026-11-05,A321LR,FLIGHT,2026-01-28T06:35:00Z,2026-01-28T19:35:00Z,12.5,10.5,1.0,14,max_daily:10; max_weekly:60; max_monthly:100,N,10,CONFIRMED,COMPLIANT,N,,,0,,N,Y,4.5,4,109,2026-01-28 19:05:00,Y
RST-2007,CREW-2007,EY14103,POS-3,FLT-1095,EY6005,9,Security Threat + Geopolitical Airspace Diversion,A6-EYN,Priya,Smith,Purser,Purser,Senior,3,CABIN,LHR,Cabin,2026-01-10,2027-04-20,A321LR,FLIGHT,2026-01-28T06:35:00Z,2026-01-28T19:35:00Z,12.5,10.5,3.0,16,max_daily:10; max_weekly:60; max_monthly:100,N,10,CONFIRMED,COMPLIANT,N,,,0,,N,Y,4.5,4,105,2026-01-28 19:05:00,Y
RST-2008,CREW-2008,EY35218,POS-4,FLT-1095,EY6005,9,Security Threat + Geopolitical Airspace Diversion,A6-EYN,Olivia,Mueller,Flight Attendant,Flight Attendant,Senior,4,CABIN,SIN,Cabin,2027-12-15,2027-05-06,A321LR,FLIGHT,2026-01-28T06:35:00Z,2026-01-28T19:35:00Z,12.5,10.5,3.0,16,max_daily:10; max_weekly:60; max_monthly:100,N,10,CONFIRMED,COMPLIANT,N,,,0,,N,Y,4.5,4,135,2026-01-28 19:05:00,Y
RST-2009,CREW-2009,EY17068,POS-5,FLT-1095,EY6005,9,Security Threat + Geopolitical Airspace Diversion,A6-EYN,Mei,Singh,Flight Attendant,Flight Attendant,Senior,5,CABIN,SYD,Cabin,2026-12-01,2027-08-09,A321LR,FLIGHT,2026-01-28T06:35:00Z,2026-01-28T19:35:00Z,12.5,10.5,3.0,16,max_daily:10; max_weekly:60; max_monthly:100,N,10,CONFIRMED,COMPLIANT,N,,,0,,N,Y,4.5,4,195,2026-01-28 19:05:00,Y
RST-2010,CREW-2010,EY54124,POS-6,FLT-1095,EY6005,9,Security Threat + Geopolitical Airspace Diversion,A6-EYN,Sophia,Garcia,Flight Attendant,Flight Attendant,Junior,6,CABIN,JFK,Cabin,2026-02-27,2027-01-01,A321LR,FLIGHT,2026-01-28T06:35:00Z,2026-01-28T19:35:00Z,12.5,10.5,3.0,16,max_daily:10; max_weekly:60; max_monthly:100,N,10,CONFIRMED,COMPLIANT,N,,,0,,N,Y,4.5,4,83,2026-01-28 19:05:00,Y
RST-2011,CREW-2011,EY15125,POS-1,FLT-1096,EY117,9,Security Threat + Geopolitical Airspace Diversion,A6-EYV,Mei,Patel,Captain,Captain,Junior,1,COCKPIT,LHR,ATPL,2027-07-08,2026-08-27,A320,FLIGHT,2026-01-28T08:16:00Z,2026-01-28T19:16:00Z,10.5,8.5,3.0,14,max_daily:10; max_weekly:60; max_monthly:100,N,10,CONFIRMED,COMPLIANT,N,,,0,,N,N,2.5,4,64,2026-01-28 18:46:00,Y
RST-2012,CREW-2012,EY15866,POS-2,FLT-1096,EY117,9,Security Threat + Geopolitical Airspace Diversion,A6-EYV,Raj,Lee,First Officer,First Officer,Junior,2,COCKPIT,JFK,ATPL,2026-11-21,2026-11-06,A320,FLIGHT,2026-01-28T08:16:00Z,2026-01-28T19:16:00Z,10.5,8.5,3.0,14,max_daily:10; max_weekly:60; max_monthly:100,N,10,CONFIRMED,COMPLIANT,N,,,0,,N,N,2.5,4,157,2026-01-28 18:46:00,Y
RST-2013,CREW-2013,EY15914,POS-3,FLT-1096,EY117,9,Security Threat + Geopolitical Airspace Diversion,A6-EYV,Aisha,Williams,Purser,Purser,Junior,3,CABIN,JFK,Cabin,2027-09-03,2026-12-01,A320,FLIGHT,2026-01-28T08:16:00Z,2026-01-28T19:16:00Z,10.5,8.5,5.0,16,max_daily:10; max_weekly:60; max_monthly:100,N,10,CONFIRMED,COMPLIANT,N,,,0,,N,N,2.5,4,131,2026-01-28 18:46:00,Y
RST-2014,CREW-2014,EY88272,POS-4,FLT-1096,EY117,9,Security Threat + Geopolitical Airspace Diversion,A6-EYV,Mohammed,Chen,Flight Attendant,Flight Attendant,Junior,4,CABIN,JFK,Cabin,2027-12-12,2026-03-19,A320,FLIGHT,2026-01-28T08:16:00Z,2026-01-28T19:16:00Z,10.5,8.5,5.0,16,max_daily:10; max_weekly:60; max_monthly:100,N,10,CONFIRMED,COMPLIANT,N,,,0,,N,N,2.5,4,116,2026-01-28 18:46:00,Y
RST-2015,CREW-2015,EY58168,POS-1,FLT-1097,EY913,9,Security Threat + Geopolitical Airspace Diversion,A6-EYA,Michael,Schmidt,Captain,Captain,Junior,1,COCKPIT,SYD,ATPL,2026-03-12,2026-01-14,A380,FLIGHT,2026-01-28T10:13:00Z,2026-01-29T06:43:00Z,20.0,18.0,-6.5,14,max_daily:10; max_weekly:60; max_monthly:100,Y,12,CONFIRMED,WARNING,N,,,0,,N,Y,12.0,4,50,2026-01-29 06:13:00,Y
RST-2016,CREW-2016,EY44172,POS-2,FLT-1097,EY913,9,Security Threat + Geopolitical Airspace Diversion,A6-EYA,Arjun,Tanaka,First Officer,First Officer,Junior,2,COCKPIT,AUH,ATPL,2027-07-15,2026-11-03,A380,FLIGHT,2026-01-28T10:13:00Z,2026-01-29T06:43:00Z,20.0,18.0,-6.5,14,max_daily:10; max_weekly:60; max_monthly:100,Y,12,CONFIRMED,WARNING,N,,,0,,N,Y,12.0,4,188,2026-01-29 06:13:00,Y
RST-2017,CREW-2017,EY45807,POS-3,FLT-1097,EY913,9,Security Threat + Geopolitical Airspace Diversion,A6-EYA,Michael,Tanaka,Purser,Purser,Junior,3,CABIN,SYD,Cabin,2028-01-28,2027-04-08,A380,FLIGHT,2026-01-28T10:13:00Z,2026-01-29T06:43:00Z,20.0,18.0,-4.5,16,max_daily:10; max_weekly:60; max_monthly:100,Y,12,CONFIRMED,WARNING,N,,,0,,N,Y,12.0,4,92,2026-01-29 06:13:00,Y
RST-2018,CREW-2018,EY83706,POS-4,FLT-1097,EY913,9,Security Threat + Geopolitical Airspace Diversion,A6-EYA,James,Singh,Flight Attendant,Flight Attendant,Junior,4,CABIN,AUH,Cabin,2028-08-17,2026-03-07,A380,FLIGHT,2026-01-28T10:13:00Z,2026-01-29T06:43:00Z,20.0,18.0,-4.5,16,max_daily:10; max_weekly:60; max_monthly:100,Y,12,CONFIRMED,WARNING,N,,,0,,N,Y,12.0,4,181,2026-01-29 06:13:00,Y
RST-2019,CREW-2019,EY26919,POS-5,FLT-1097,EY913,9,Security Threat + Geopolitical Airspace Diversion,A6-EYA,Priya,Johnson,Flight Attendant,Flight Attendant,Junior,5,CABIN,JFK,Cabin,2027-04-06,2027-08-25,A380,FLIGHT,2026-01-28T10:13:00Z,2026-01-29T06:43:00Z,20.0,18.0,-4.5,16,max_daily:10; max_weekly:60; max_monthly:100,Y,12,CONFIRMED,WARNING,N,,,0,,N,Y,12.0,4,134,2026-01-29 06:13:00,Y
RST-2020,CREW-2020,EY28788,POS-6,FLT-1097,EY913,9,Security Threat + Geopolitical Airspace Diversion,A6-EYA,Isabella,Mueller,Flight Attendant,Flight Attendant,Junior,6,CABIN,SIN,Cabin,2028-09-22,2027-04-24,A380,FLIGHT,2026-01-28T10:13:00Z,2026-01-29T06:43:00Z,20.0,18.0,-4.5,16,max_daily:10; max_weekly:60; max_monthly:100,Y,12,CONFIRMED,WARNING,N,,,0,,N,Y,12.0,4,78,2026-01-29 06:13:00,Y
RST-2021,CREW-2021,EY85578,POS-7,FLT-1097,EY913,9,Security Threat + Geopolitical Airspace Diversion,A6-EYA,Raj,Wang,Flight Attendant,Flight Attendant,Senior,7,CABIN,SIN,Cabin,2027-04-09,2026-10-22,A380,FLIGHT,2026-01-28T10:13:00Z,2026-01-29T06:43:00Z,20.0,18.0,-4.5,16,max_daily:10; max_weekly:60; max_monthly:100,Y,12,CONFIRMED,WARNING,N,,,0,,N,Y,12.0,4,65,2026-01-29 06:13:00,Y
RST-2022,CREW-2022,EY57133,POS-8,FLT-1097,EY913,9,Security Threat + Geopolitical Airspace Diversion,A6-EYA,Isabella,Kim,Flight Attendant,Flight Attendant,Junior,8,CABIN,LHR,Cabin,2026-07-08,2026-07-18,A380,FLIGHT,2026-01-28T10:13:00Z,2026-01-29T06:43:00Z,20.0,18.0,-4.5,16,max_daily:10; max_weekly:60; max_monthly:100,Y,12,CONFIRMED,WARNING,N,,,0,,N,Y,12.0,4,53,2026-01-29 06:13:00,Y
RST-2023,CREW-2023,EY53072,POS-9,FLT-1097,EY913,9,Security Threat + Geopolitical Airspace Diversion,A6-EYA,Priya,Wang,Flight Attendant,Flight Attendant,Senior,9,CABIN,SIN,Cabin,2026-08-17,2027-01-03,A380,FLIGHT,2026-01-28T10:13:00Z,2026-01-29T06:43:00Z,20.0,18.0,-4.5,16,max_daily:10; max_weekly:60; max_monthly:100,Y,12,CONFIRMED,WARNING,N,,,0,,N,Y,12.0,4,175,2026-01-29 06:13:00,Y
RST-2024,CREW-2024,EY65348,POS-10,FLT-1097,EY913,9,Security Threat + Geopolitical Airspace Diversion,A6-EYA,Ahmed,Brown,Flight Attendant,Flight Attendant,Junior,10,CABIN,JFK,Cabin,2028-07-17,2027-05-07,A380,FLIGHT,2026-01-28T10:13:00Z,2026-01-29T06:43:00Z,20.0,18.0,-4.5,16,max_daily:10; max_weekly:60; max_monthly:100,Y,12,CONFIRMED,WARNING,N,,,0,,N,Y,12.0,4,160,2026-01-29 06:13:00,Y
RST-2025,CREW-2025,EY71419,POS-11,FLT-1097,EY913,9,Security Threat + Geopolitical Airspace Diversion,A6-EYA,Layla,Kim,Flight Attendant,Flight Attendant,Junior,11,CABIN,SIN,Cabin,2028-10-15,2027-08-21,A380,FLIGHT,2026-01-28T10:13:00Z,2026-01-29T06:43:00Z,20.0,18.0,-4.5,16,max_daily:10; max_weekly:60; max_monthly:100,Y,12,CONFIRMED,WARNING,N,,,0,,N,Y,12.0,4,121,2026-01-29 06:13:00,Y
RST-2026,CREW-2026,EY80432,POS-12,FLT-1097,EY913,9,Security Threat + Geopolitical Airspace Diversion,A6-EYA,Hiroshi,Rossi,Flight Attendant,Flight Attendant,Junior,12,CABIN,AUH,Cabin,2027-12-13,2027-06-24,A380,FLIGHT,2026-01-28T10:13:00Z,2026-01-29T06:43:00Z,20.0,18.0,-4.5,16,max_daily:10; max_weekly:60; max_monthly:100,Y,12,CONFIRMED,WARNING,N,,,0,,N,Y,12.0,4,141,2026-01-29 06:13:00,Y
RST-2027,CREW-2027,EY57019,POS-13,FLT-1097,EY913,9,Security Threat + Geopolitical Airspace Diversion,A6-EYA,Yusuf,Smith,Flight Attendant,Flight Attendant,Senior,13,CABIN,JFK,Cabin,2028-08-09,2027-01-20,A380,FLIGHT,2026-01-28T10:13:00Z,2026-01-29T06:43:00Z,20.0,18.0,-4.5,16,max_daily:10; max_weekly:60; max_monthly:100,Y,12,CONFIRMED,WARNING,N,,,0,,N,Y,12.0,4,183,2026-01-29 06:13:00,Y
RST-2028,CREW-2028,EY92394,POS-14,FLT-1097,EY913,9,Security Threat + Geopolitical Airspace Diversion,A6-EYA,Emma,Schmidt,Flight Attendant,Flight Attendant,Junior,14,CABIN,SYD,Cabin,2027-12-28,2027-01-07,A380,FLIGHT,2026-01-28T10:13:00Z,2026-01-29T06:43:00Z,20.0,18.0,-4.5,16,max_daily:10; max_weekly:60; max_monthly:100,Y,12,CONFIRMED,WARNING,N,,,0,,N,Y,12.0,4,114,2026-01-29 06:13:00,Y
RST-2029,CREW-2029,EY30477,POS-15,FLT-1097,EY913,9,Security Threat + Geopolitical Airspace Diversion,A6-EYA,Ananya,Singh,Flight Attendant,Flight Attendant,Junior,15,CABIN,SYD,Cabin,2026-12-14,2027-04-13,A380,FLIGHT,2026-01-28T10:13:00Z,2026-01-29T06:43:00Z,20.0,18.0,-4.5,16,max_daily:10; max_weekly:60; max_monthly:100,Y,12,CONFIRMED,WARNING,N,,,0,,N,Y,12.0,4,125,2026-01-29 06:13:00,Y
RST-2030,CREW-2030,EY16482,POS-16,FLT-1097,EY913,9,Security Threat + Geopolitical Airspace Diversion,A6-EYA,Carlos,Williams,Flight Attendant,Flight Attendant,Senior,16,CABIN,SIN,Cabin,2026-09-08,2026-02-14,A380,FLIGHT,2026-01-28T10:13:00Z,2026-01-29T06:43:00Z,20.0,18.0,-4.5,16,max_daily:10; max_weekly:60; max_monthly:100,Y,12,CONFIRMED,WARNING,N,,,0,,N,Y,12.0,4,126,2026-01-29 06:13:00,Y
RST-2031,CREW-2031,EY51527,POS-1,FLT-1098,EY433,9,Security Threat + Geopolitical Airspace Diversion,A6-EYF,Aisha,Brown,Captain,Captain,Junior,1,COCKPIT,JFK,ATPL,2026-11-02,2027-11-25,B787-10,FLIGHT,2026-01-28T12:18:00Z,2026-01-28T23:18:00Z,10.5,8.5,3.0,14,max_daily:10; max_weekly:60; max_monthly:100,N,10,CONFIRMED,COMPLIANT,N,,,0,,N,N,2.5,4,150,2026-01-28 22:48:00,Y
RST-2032,CREW-2032,EY87905,POS-2,FLT-1098,EY433,9,Security Threat + Geopolitical Airspace Diversion,A6-EYF,Mia,Johnson,First Officer,First Officer,Junior,2,COCKPIT,SYD,ATPL,2027-05-03,2026-06-01,B787-10,FLIGHT,2026-01-28T12:18:00Z,2026-01-28T23:18:00Z,10.5,8.5,3.0,14,max_daily:10; max_weekly:60; max_monthly:100,N,10,CONFIRMED,COMPLIANT,N,,,0,,N,N,2.5,4,125,2026-01-28 22:48:00,Y
RST-2033,CREW-2033,EY53162,POS-3,FLT-1098,EY433,9,Security Threat + Geopolitical Airspace Diversion,A6-EYF,Hassan,Mueller,Purser,Purser,Junior,3,CABIN,AUH,Cabin,2026-06-15,2026-02-09,B787-10,FLIGHT,2026-01-28T12:18:00Z,2026-01-28T23:18:00Z,10.5,8.5,5.0,16,max_daily:10; max_weekly:60; max_monthly:100,N,10,CONFIRMED,COMPLIANT,N,,,0,,N,N,2.5,4,62,2026-01-28 22:48:00,Y
RST-2034,CREW-2034,EY39057,POS-4,FLT-1098,EY433,9,Security Threat + Geopolitical Airspace Diversion,A6-EYF,Priya,Yamamoto,Flight Attendant,Flight Attendant,Senior,4,CABIN,LHR,Cabin,2026-11-11,2026-03-28,B787-10,FLIGHT,2026-01-28T12:18:00Z,2026-01-28T23:18:00Z,10.5,8.5,5.0,16,max_daily:10; max_weekly:60; max_monthly:100,N,10,CONFIRMED,COMPLIANT,N,,,0,,N,N,2.5,4,138,2026-01-28 22:48:00,Y
RST-2035,CREW-2035,EY99117,POS-5,FLT-1098,EY433,9,Security Threat + Geopolitical Airspace Diversion,A6-EYF,Arjun,Williams,Flight Attendant,Flight Attendant,Junior,5,CABIN,JFK,Cabin,2028-08-04,2026-02-23,B787-10,FLIGHT,2026-01-28T12:18:00Z,2026-01-28T23:18:00Z,10.5,8.5,5.0,16,max_daily:10; max_weekly:60; max_monthly:100,N,10,CONFIRMED,COMPLIANT,N,,,0,,N,N,2.5,4,157,2026-01-28 22:48:00,Y
RST-2036,CREW-2036,EY56343,POS-6,FLT-1098,EY433,9,Security Threat + Geopolitical Airspace Diversion,A6-EYF,Sara,Al-Rashid,Flight Attendant,Flight Attendant,Junior,6,CABIN,SIN,Cabin,2026-06-17,2027-10-08,B787-10,FLIGHT,2026-01-28T12:18:00Z,2026-01-28T23:18:00Z,10.5,8.5,5.0,16,max_daily:10; max_weekly:60; max_monthly:100,N,10,CONFIRMED,COMPLIANT,N,,,0,,N,N,2.5,4,167,2026-01-28 22:48:00,Y
RST-2037,CREW-2037,EY63016,POS-7,FLT-1098,EY433,9,Security Threat + Geopolitical Airspace Diversion,A6-EYF,Yusuf,Brown,Flight Attendant,Flight Attendant,Junior,7,CABIN,JFK,Cabin,2026-04-16,2027-03-14,B787-10,FLIGHT,2026-01-28T12:18:00Z,2026-01-28T23:18:00Z,10.5,8.5,5.0,16,max_daily:10; max_weekly:60; max_monthly:100,N,10,CONFIRMED,COMPLIANT,N,,,0,,N,N,2.5,4,102,2026-01-28 22:48:00,Y
RST-2038,CREW-2038,EY71766,POS-8,FLT-1098,EY433,9,Security Threat + Geopolitical Airspace Diversion,A6-EYF,Maryam,Ferrari,Flight Attendant,Flight Attendant,Junior,8,CABIN,LHR,Cabin,2028-04-06,2026-08-10,B787-10,FLIGHT,2026-01-28T12:18:00Z,2026-01-28T23:18:00Z,10.5,8.5,5.0,16,max_daily:10; max_weekly:60; max_monthly:100,N,10,CONFIRMED,COMPLIANT,N,,,0,,N,N,2.5,4,93,2026-01-28 22:48:00,Y
RST-2039,CREW-2039,EY17161,POS-9,FLT-1098,EY433,9,Security Threat + Geopolitical Airspace Diversion,A6-EYF,Mia,Ferrari,Flight Attendant,Flight Attendant,Junior,9,CABIN,JFK,Cabin,2028-01-18,2027-04-23,B787-10,FLIGHT,2026-01-28T12:18:00Z,2026-01-28T23:18:00Z,10.5,8.5,5.0,16,max_daily:10; max_weekly:60; max_monthly:100,N,10,CONFIRMED,COMPLIANT,N,,,0,,N,N,2.5,4,195,2026-01-28 22:48:00,Y
RST-2040,CREW-2040,EY45073,POS-10,FLT-1098,EY433,9,Security Threat + Geopolitical Airspace Diversion,A6-EYF,Mia,Chen,Flight Attendant,Flight Attendant,Junior,10,CABIN,SIN,Cabin,2026-09-15,2027-12-18,B787-10,FLIGHT,2026-01-28T12:18:00Z,2026-01-28T23:18:00Z,10.5,8.5,5.0,16,max_daily:10; max_weekly:60; max_monthly:100,N,10,CONFIRMED,COMPLIANT,N,,,0,,N,N,2.5,4,81,2026-01-28 22:48:00,Y
RST-2041,CREW-2041,EY53104,POS-1,FLT-1099,EY335,9,Security Threat + Geopolitical Airspace Diversion,A6-EYJ,Hassan,Kim,Captain,Captain,Senior,1,COCKPIT,LHR,ATPL,2026-08-14,2026-03-10,B787-10,FLIGHT,2026-01-28T14:34:00Z,2026-01-29T01:04:00Z,10.0,8.0,3.5,14,max_daily:10; max_weekly:60; max_monthly:100,N,10,CONFIRMED,COMPLIANT,N,,,0,,N,N,2.0,4,149,2026-01-29 00:34:00,Y
RST-2042,CREW-2042,EY81439,POS-2,FLT-1099,EY335,9,Security Threat + Geopolitical Airspace Diversion,A6-EYJ,John,Johnson,First Officer,First Officer,Junior,2,COCKPIT,JFK,ATPL,2027-12-12,2026-02-24,B787-10,FLIGHT,2026-01-28T14:34:00Z,2026-01-29T01:04:00Z,10.0,8.0,3.5,14,max_daily:10; max_weekly:60; max_monthly:100,N,10,CONFIRMED,COMPLIANT,N,,,0,,N,N,2.0,4,96,2026-01-29 00:34:00,Y
RST-2043,CREW-2043,EY50181,POS-3,FLT-1099,EY335,9,Security Threat + Geopolitical Airspace Diversion,A6-EYJ,Layla,Singh,Purser,Purser,Junior,3,CABIN,SYD,Cabin,2027-06-26,2027-04-05,B787-10,FLIGHT,2026-01-28T14:34:00Z,2026-01-29T01:04:00Z,10.0,8.0,5.5,16,max_daily:10; max_weekly:60; max_monthly:100,N,10,CONFIRMED,COMPLIANT,N,,,0,,N,N,2.0,4,161,2026-01-29 00:34:00,Y
RST-2044,CREW-2044,EY58677,POS-4,FLT-1099,EY335,9,Security Threat + Geopolitical Airspace Diversion,A6-EYJ,Hiroshi,Williams,Flight Attendant,Flight Attendant,Junior,4,CABIN,AUH,Cabin,2026-08-05,2026-03-01,B787-10,FLIGHT,2026-01-28T14:34:00Z,2026-01-29T01:04:00Z,10.0,8.0,5.5,16,max_daily:10; max_weekly:60; max_monthly:100,N,10,CONFIRMED,COMPLIANT,N,,,0,,N,N,2.0,4,51,2026-01-29 00:34:00,Y
RST-2045,CREW-2045,EY22841,POS-5,FLT-1099,EY335,9,Security Threat + Geopolitical Airspace Diversion,A6-EYJ,Yusuf,Lee,Flight Attendant,Flight Attendant,Senior,5,CABIN,LHR,Cabin,2028-02-14,2027-08-04,B787-10,FLIGHT,2026-01-28T14:34:00Z,2026-01-29T01:04:00Z,10.0,8.0,5.5,16,max_daily:10; max_weekly:60; max_monthly:100,N,10,CONFIRMED,COMPLIANT,N,,,0,,N,N,2.0,4,145,2026-01-29 00:34:00,Y
RST-2046,CREW-2046,EY78798,POS-6,FLT-1099,EY335,9,Security Threat + Geopolitical Airspace Diversion,A6-EYJ,Hiroshi,Williams,Flight Attendant,Flight Attendant,Senior,6,CABIN,LHR,Cabin,2026-09-18,2027-05-24,B787-10,FLIGHT,2026-01-28T14:34:00Z,2026-01-29T01:04:00Z,10.0,8.0,5.5,16,max_daily:10; max_weekly:60; max_monthly:100,N,10,CONFIRMED,COMPLIANT,N,,,0,,N,N,2.0,4,191,2026-01-29 00:34:00,Y
RST-2047,CREW-2047,EY12752,POS-7,FLT-1099,EY335,9,Security Threat + Geopolitical Airspace Diversion,A6-EYJ,Mia,Williams,Flight Attendant,Flight Attendant,Junior,7,CABIN,SIN,Cabin,2027-07-19,2026-10-18,B787-10,FLIGHT,2026-01-28T14:34:00Z,2026-01-29T01:04:00Z,10.0,8.0,5.5,16,max_daily:10; max_weekly:60; max_monthly:100,N,10,CONFIRMED,COMPLIANT,N,,,0,,N,N,2.0,4,87,2026-01-29 00:34:00,Y
RST-2048,CREW-2048,EY47476,POS-8,FLT-1099,EY335,9,Security Threat + Geopolitical Airspace Diversion,A6-EYJ,Carlos,Mueller,Flight Attendant,Flight Attendant,Junior,8,CABIN,SIN,Cabin,2028-10-10,2027-10-15,B787-10,FLIGHT,2026-01-28T14:34:00Z,2026-01-29T01:04:00Z,10.0,8.0,5.5,16,max_daily:10; max_weekly:60; max_monthly:100,N,10,CONFIRMED,COMPLIANT,N,,,0,,N,N,2.0,4,141,2026-01-29 00:34:00,Y
RST-2049,CREW-2049,EY66813,POS-9,FLT-1099,EY335,9,Security Threat + Geopolitical Airspace Diversion,A6-EYJ,Isabella,Williams,Flight Attendant,Flight Attendant,Junior,9,CABIN,LHR,Cabin,2026-12-09,2026-09-12,B787-10,FLIGHT,2026-01-28T14:34:00Z,2026-01-29T01:04:00Z,10.0,8.0,5.5,16,max_daily:10; max_weekly:60; max_monthly:100,N,10,CONFIRMED,COMPLIANT,N,,,0,,N,N,2.0,4,152,2026-01-29 00:34:00,Y
RST-2050,CREW-2050,EY16420,POS-10,FLT-1099,EY335,9,Security Threat + Geopolitical Airspace Diversion,A6-EYJ,Raj,Smith,Flight Attendant,Flight Attendant,Junior,10,CABIN,JFK,Cabin,2027-11-09,2027-10-27,B787-10,FLIGHT,2026-01-28T14:34:00Z,2026-01-29T01:04:00Z,10.0,8.0,5.5,16,max_daily:10; max_weekly:60; max_monthly:100,N,10,CONFIRMED,COMPLIANT,N,,,0,,N,N,2.0,4,109,2026-01-29 00:34:00,Y
RST-2051,CREW-2051,EY45464,POS-1,FLT-1100,EY1203,9,Security Threat + Geopolitical Airspace Diversion,A6-EYH,Emma,Schmidt,Captain,Captain,Junior,1,COCKPIT,LHR,ATPL,2027-05-04,2027-10-10,B787-10,FLIGHT,2026-01-28T16:44:00Z,2026-01-29T04:14:00Z,11.0,9.0,2.5,14,max_daily:10; max_weekly:60; max_monthly:100,N,10,CONFIRMED,COMPLIANT,N,,,0,,N,N,3.0,4,76,2026-01-29 03:44:00,Y
RST-2052,CREW-2052,EY54283,POS-2,FLT-1100,EY1203,9,Security Threat + Geopolitical Airspace Diversion,A6-EYH,Yusuf,Kim,First Officer,First Officer,Junior,2,COCKPIT,AUH,ATPL,2028-05-28,2026-12-01,B787-10,FLIGHT,2026-01-28T16:44:00Z,2026-01-29T04:14:00Z,11.0,9.0,2.5,14,max_daily:10; max_weekly:60; max_monthly:100,N,10,CONFIRMED,COMPLIANT,N,,,0,,N,N,3.0,4,119,2026-01-29 03:44:00,Y
RST-2053,CREW-2053,EY56454,POS-3,FLT-1100,EY1203,9,Security Threat + Geopolitical Airspace Diversion,A6-EYH,Mei,Yamamoto,Purser,Purser,Senior,3,CABIN,SIN,Cabin,2027-08-05,2026-05-15,B787-10,FLIGHT,2026-01-28T16:44:00Z,2026-01-29T04:14:00Z,11.0,9.0,4.5,16,max_daily:10; max_weekly:60; max_monthly:100,N,10,CONFIRMED,COMPLIANT,N,,,0,,N,N,3.0,4,109,2026-01-29 03:44:00,Y
RST-2054,CREW-2054,EY86896,POS-4,FLT-1100,EY1203,9,Security Threat + Geopolitical Airspace Diversion,A6-EYH,Ananya,Chen,Flight Attendant,Flight Attendant,Junior,4,CABIN,SIN,Cabin,2027-12-17,2026-09-16,B787-10,FLIGHT,2026-01-28T16:44:00Z,2026-01-29T04:14:00Z,11.0,9.0,4.5,16,max_daily:10; max_weekly:60; max_monthly:100,N,10,CONFIRMED,COMPLIANT,N,,,0,,N,N,3.0,4,118,2026-01-29 03:44:00,Y
RST-2055,CREW-2055,EY36714,POS-5,FLT-1100,EY1203,9,Security Threat + Geopolitical Airspace Diversion,A6-EYH,Yusuf,Patel,Flight Attendant,Flight Attendant,Junior,5,CABIN,AUH,Cabin,2027-07-10,2026-01-12,B787-10,FLIGHT,2026-01-28T16:44:00Z,2026-01-29T04:14:00Z,11.0,9.0,4.5,16,max_daily:10; max_weekly:60; max_monthly:100,N,10,CONFIRMED,COMPLIANT,N,,,0,,N,N,3.0,4,146,2026-01-29 03:44:00,Y
RST-2056,CREW-2056,EY34406,POS-6,FLT-1100,EY1203,9,Security Threat + Geopolitical Airspace Diversion,A6-EYH,Sara,Smith,Flight Attendant,Flight Attendant,Junior,6,CABIN,LHR,Cabin,2027-02-03,2027-12-21,B787-10,FLIGHT,2026-01-28T16:44:00Z,2026-01-29T04:14:00Z,11.0,9.0,4.5,16,max_daily:10; max_weekly:60; max_monthly:100,N,10,CONFIRMED,COMPLIANT,N,,,0,,N,N,3.0,4,124,2026-01-29 03:44:00,Y
RST-2057,CREW-2057,EY72595,POS-7,FLT-1100,EY1203,9,Security Threat + Geopolitical Airspace Diversion,A6-EYH,Fatima,Tanaka,Flight Attendant,Flight Attendant,Junior,7,CABIN,SYD,Cabin,2026-02-19,2026-05-08,B787-10,FLIGHT,2026-01-28T16:44:00Z,2026-01-29T04:14:00Z,11.0,9.0,4.5,16,max_daily:10; max_weekly:60; max_monthly:100,N,10,CONFIRMED,COMPLIANT,N,,,0,,N,N,3.0,4,55,2026-01-29 03:44:00,Y
RST-2058,CREW-2058,EY87241,POS-8,FLT-1100,EY1203,9,Security Threat + Geopolitical Airspace Diversion,A6-EYH,Hiroshi,Yamamoto,Flight Attendant,Flight Attendant,Junior,8,CABIN,LHR,Cabin,2027-08-09,2027-07-25,B787-10,FLIGHT,2026-01-28T16:44:00Z,2026-01-29T04:14:00Z,11.0,9.0,4.5,16,max_daily:10; max_weekly:60; max_monthly:100,N,10,CONFIRMED,COMPLIANT,N,,,0,,N,N,3.0,4,89,2026-01-29 03:44:00,Y
RST-2059,CREW-2059,EY53674,POS-9,FLT-1100,EY1203,9,Security Threat + Geopolitical Airspace Diversion,A6-EYH,Omar,Al-Rashid,Flight Attendant,Flight Attendant,Junior,9,CABIN,LHR,Cabin,2026-12-21,2026-06-16,B787-10,FLIGHT,2026-01-28T16:44:00Z,2026-01-29T04:14:00Z,11.0,9.0,4.5,16,max_daily:10; max_weekly:60; max_monthly:100,N,10,CONFIRMED,COMPLIANT,N,,,0,,N,N,3.0,4,146,2026-01-29 03:44:00,Y
RST-2060,CREW-2060,EY52455,POS-10,FLT-1100,EY1203,9,Security Threat + Geopolitical Airspace Diversion,A6-EYH,Michael,Lee,Flight Attendant,Flight Attendant,Junior,10,CABIN,SYD,Cabin,2027-11-03,2026-08-22,B787-10,FLIGHT,2026-01-28T16:44:00Z,2026-01-29T04:14:00Z,11.0,9.0,4.5,16,max_daily:10; max_weekly:60; max_monthly:100,N,10,CONFIRMED,COMPLIANT,N,,,0,,N,N,3.0,4,121,2026-01-29 03:44:00,Y
RST-2061,CREW-2061,EY50365,POS-1,FLT-1101,EY171,9,Security Threat + Geopolitical Airspace Diversion,A6-EYQ,John,Al-Rashid,Captain,Captain,Junior,1,COCKPIT,LHR,ATPL,2028-12-16,2027-08-27,A320,FLIGHT,2026-01-28T18:36:00Z,2026-01-29T08:06:00Z,13.0,11.0,0.5,14,max_daily:10; max_weekly:60; max_monthly:100,N,10,CONFIRMED,COMPLIANT,N,,,0,,N,Y,5.0,4,163,2026-01-29 07:36:00,Y
RST-2062,CREW-2062,EY76324,POS-2,FLT-1101,EY171,9,Security Threat + Geopolitical Airspace Diversion,A6-EYQ,Omar,Patel,First Officer,First Officer,Junior,2,COCKPIT,SYD,ATPL,2026-11-02,2026-07-07,A320,FLIGHT,2026-01-28T18:36:00Z,2026-01-29T08:06:00Z,13.0,11.0,0.5,14,max_daily:10; max_weekly:60; max_monthly:100,N,10,CONFIRMED,COMPLIANT,N,,,0,,N,Y,5.0,4,116,2026-01-29 07:36:00,Y
RST-2063,CREW-2063,EY48054,POS-3,FLT-1101,EY171,9,Security Threat + Geopolitical Airspace Diversion,A6-EYQ,Yuki,Ferrari,Purser,Purser,Junior,3,CABIN,LHR,Cabin,2026-09-15,2027-11-20,A320,FLIGHT,2026-01-28T18:36:00Z,2026-01-29T08:06:00Z,13.0,11.0,2.5,16,max_daily:10; max_weekly:60; max_monthly:100,N,10,CONFIRMED,COMPLIANT,N,,,0,,N,Y,5.0,4,122,2026-01-29 07:36:00,Y
RST-2064,CREW-2064,EY49638,POS-4,FLT-1101,EY171,9,Security Threat + Geopolitical Airspace Diversion,A6-EYQ,Sara,Ferrari,Flight Attendant,Flight Attendant,Junior,4,CABIN,JFK,Cabin,2027-06-07,2026-09-06,A320,FLIGHT,2026-01-28T18:36:00Z,2026-01-29T08:06:00Z,13.0,11.0,2.5,16,max_daily:10; max_weekly:60; max_monthly:100,N,10,CONFIRMED,COMPLIANT,N,,,0,,N,Y,5.0,4,121,2026-01-29 07:36:00,Y
RST-2065,CREW-2065,EY80163,POS-1,FLT-1102,EY8087,9,Security Threat + Geopolitical Airspace Diversion,A6-EYI,Aisha,Rossi,Captain,Captain,Senior,1,COCKPIT,JFK,ATPL,2026-03-27,2026-09-13,B787-10,FLIGHT,2026-01-28T20:03:00Z,2026-01-29T08:33:00Z,12.0,10.0,1.5,14,max_daily:10; max_weekly:60; max_monthly:100,N,10,CONFIRMED,COMPLIANT,N,,,0,,N,N,4.0,4,152,2026-01-29 08:03:00,Y
RST-2066,CREW-2066,EY70220,POS-2,FLT-1102,EY8087,9,Security Threat + Geopolitical Airspace Diversion,A6-EYI,Mei,Kim,First Officer,First Officer,Junior,2,COCKPIT,LHR,ATPL,2027-07-04,2027-05-11,B787-10,FLIGHT,2026-01-28T20:03:00Z,2026-01-29T08:33:00Z,12.0,10.0,1.5,14,max_daily:10; max_weekly:60; max_monthly:100,N,10,CONFIRMED,COMPLIANT,N,,,0,,N,N,4.0,4,191,2026-01-29 08:03:00,Y
RST-2067,CREW-2067,EY85429,POS-3,FLT-1102,EY8087,9,Security Threat + Geopolitical Airspace Diversion,A6-EYI,Robert,Schmidt,Purser,Purser,Senior,3,CABIN,JFK,Cabin,2028-09-26,2027-06-12,B787-10,FLIGHT,2026-01-28T20:03:00Z,2026-01-29T08:33:00Z,12.0,10.0,3.5,16,max_daily:10; max_weekly:60; max_monthly:100,N,10,CONFIRMED,COMPLIANT,N,,,0,,N,N,4.0,4,77,2026-01-29 08:03:00,Y
RST-2068,CREW-2068,EY91648,POS-4,FLT-1102,EY8087,9,Security Threat + Geopolitical Airspace Diversion,A6-EYI,Emma,Williams,Flight Attendant,Flight Attendant,Junior,4,CABIN,JFK,Cabin,2028-05-02,2026-05-12,B787-10,FLIGHT,2026-01-28T20:03:00Z,2026-01-29T08:33:00Z,12.0,10.0,3.5,16,max_daily:10; max_weekly:60; max_monthly:100,N,10,CONFIRMED,COMPLIANT,N,,,0,,N,N,4.0,4,120,2026-01-29 08:03:00,Y
RST-2069,CREW-2069,EY70796,POS-5,FLT-1102,EY8087,9,Security Threat + Geopolitical Airspace Diversion,A6-EYI,Michael,Wang,Flight Attendant,Flight Attendant,Senior,5,CABIN,SIN,Cabin,2026-06-20,2026-06-27,B787-10,FLIGHT,2026-01-28T20:03:00Z,2026-01-29T08:33:00Z,12.0,10.0,3.5,16,max_daily:10; max_weekly:60; max_monthly:100,N,10,CONFIRMED,COMPLIANT,N,,,0,,N,N,4.0,4,133,2026-01-29 08:03:00,Y
RST-2070,CREW-2070,EY92740,POS-6,FLT-1102,EY8087,9,Security Threat + Geopolitical Airspace Diversion,A6-EYI,Maria,Williams,Flight Attendant,Flight Attendant,Junior,6,CABIN,AUH,Cabin,2026-04-17,2027-07-26,B787-10,FLIGHT,2026-01-28T20:03:00Z,2026-01-29T08:33:00Z,12.0,10.0,3.5,16,max_daily:10; max_weekly:60; max_monthly:100,N,10,CONFIRMED,COMPLIANT,N,,,0,,N,N,4.0,4,104,2026-01-29 08:03:00,Y
RST-2071,CREW-2071,EY99692,POS-7,FLT-1102,EY8087,9,Security Threat + Geopolitical Airspace Diversion,A6-EYI,Wei,Williams,Flight Attendant,Flight Attendant,Junior,7,CABIN,AUH,Cabin,2026-07-03,2027-08-06,B787-10,FLIGHT,2026-01-28T20:03:00Z,2026-01-29T08:33:00Z,12.0,10.0,3.5,16,max_daily:10; max_weekly:60; max_monthly:100,N,10,CONFIRMED,COMPLIANT,N,,,0,,N,N,4.0,4,133,2026-01-29 08:03:00,Y
RST-2072,CREW-2072,EY86396,POS-8,FLT-1102,EY8087,9,Security Threat + Geopolitical Airspace Diversion,A6-EYI,Maryam,Al-Rashid,Flight Attendant,Flight Attendant,Senior,8,CABIN,LHR,Cabin,2027-07-01,2027-10-20,B787-10,FLIGHT,2026-01-28T20:03:00Z,2026-01-29T08:33:00Z,12.0,10.0,3.5,16,max_daily:10; max_weekly:60; max_monthly:100,N,10,CONFIRMED,COMPLIANT,N,,,0,,N,N,4.0,4,72,2026-01-29 08:03:00,Y
RST-2073,CREW-2073,EY95785,POS-9,FLT-1102,EY8087,9,Security Threat + Geopolitical Airspace Diversion,A6-EYI,Arjun,Singh,Flight Attendant,Flight Attendant,Junior,9,CABIN,AUH,Cabin,2026-05-27,2026-11-24,B787-10,FLIGHT,2026-01-28T20:03:00Z,2026-01-29T08:33:00Z,12.0,10.0,3.5,16,max_daily:10; max_weekly:60; max_monthly:100,N,10,CONFIRMED,COMPLIANT,N,,,0,,N,N,4.0,4,165,2026-01-29 08:03:00,Y
RST-2074,CREW-2074,EY87182,POS-10,FLT-1102,EY8087,9,Security Threat + Geopolitical Airspace Diversion,A6-EYI,Mia,Wang,Flight Attendant,Flight Attendant,Senior,10,CABIN,AUH,Cabin,2026-04-18,2026-10-25,B787-10,FLIGHT,2026-01-28T20:03:00Z,2026-01-29T08:33:00Z,12.0,10.0,3.5,16,max_daily:10; max_weekly:60; max_monthly:100,N,10,CONFIRMED,COMPLIANT,N,,,0,,N,N,4.0,4,99,2026-01-29 08:03:00,Y
RST-2075,CREW-2075,EY71074,POS-1,FLT-1103,EY8185,9,Security Threat + Geopolitical Airspace Diversion,A6-EYG,Carlos,Smith,Captain,Captain,Junior,1,COCKPIT,LHR,ATPL,2026-01-23,2026-03-27,B787-10,FLIGHT,2026-01-28T04:25:00Z,2026-01-28T19:55:00Z,15.0,13.0,-1.5,14,max_daily:10; max_weekly:60; max_monthly:100,Y,12,CONFIRMED,WARNING,N,,,0,,N,Y,7.0,4,172,2026-01-28 19:25:00,Y
RST-2076,CREW-2076,EY79135,POS-2,FLT-1103,EY8185,9,Security Threat + Geopolitical Airspace Diversion,A6-EYG,Olivia,Mueller,First Officer,First Officer,Junior,2,COCKPIT,AUH,ATPL,2027-10-09,2027-12-19,B787-10,FLIGHT,2026-01-28T04:25:00Z,2026-01-28T19:55:00Z,15.0,13.0,-1.5,14,max_daily:10; max_weekly:60; max_monthly:100,Y,12,CONFIRMED,WARNING,N,,,0,,N,Y,7.0,4,90,2026-01-28 19:25:00,Y
RST-2077,CREW-2077,EY43955,POS-3,FLT-1103,EY8185,9,Security Threat + Geopolitical Airspace Diversion,A6-EYG,Yusuf,Mueller,Purser,Purser,Junior,3,CABIN,SIN,Cabin,2028-05-03,2026-07-06,B787-10,FLIGHT,2026-01-28T04:25:00Z,2026-01-28T19:55:00Z,15.0,13.0,0.5,16,max_daily:10; max_weekly:60; max_monthly:100,N,10,CONFIRMED,COMPLIANT,N,,,0,,N,Y,7.0,4,133,2026-01-28 19:25:00,Y
RST-2078,CREW-2078,EY77600,POS-4,FLT-1103,EY8185,9,Security Threat + Geopolitical Airspace Diversion,A6-EYG,Carlos,Schmidt,Flight Attendant,Flight Attendant,Junior,4,CABIN,AUH,Cabin,2028-08-22,2026-08-28,B787-10,FLIGHT,2026-01-28T04:25:00Z,2026-01-28T19:55:00Z,15.0,13.0,0.5,16,max_daily:10; max_weekly:60; max_monthly:100,N,10,CONFIRMED,COMPLIANT,N,,,0,,N,Y,7.0,4,84,2026-01-28 19:25:00,Y
RST-2079,CREW-2079,EY65476,POS-5,FLT-1103,EY8185,9,Security Threat + Geopolitical Airspace Diversion,A6-EYG,Isabella,Khan,Flight Attendant,Flight Attendant,Senior,5,CABIN,SYD,Cabin,2028-07-11,2026-08-20,B787-10,FLIGHT,2026-01-28T04:25:00Z,2026-01-28T19:55:00Z,15.0,13.0,0.5,16,max_daily:10; max_weekly:60; max_monthly:100,N,10,CONFIRMED,COMPLIANT,N,,,0,,N,Y,7.0,4,187,2026-01-28 19:25:00,Y
RST-2080,CREW-2080,EY69821,POS-6,FLT-1103,EY8185,9,Security Threat + Geopolitical Airspace Diversion,A6-EYG,Yusuf,Al-Rashid,Flight Attendant,Flight Attendant,Junior,6,CABIN,JFK,Cabin,2028-09-26,2026-01-24,B787-10,FLIGHT,2026-01-28T04:25:00Z,2026-01-28T19:55:00Z,15.0,13.0,0.5,16,max_daily:10; max_weekly:60; max_monthly:100,N,10,CONFIRMED,COMPLIANT,N,,,0,,N,Y,7.0,4,93,2026-01-28 19:25:00,Y
RST-2081,CREW-2081,EY84084,POS-7,FLT-1103,EY8185,9,Security Threat + Geopolitical Airspace Diversion,A6-EYG,Yuki,Garcia,Flight Attendant,Flight Attendant,Junior,7,CABIN,SYD,Cabin,2027-05-03,2027-03-05,B787-10,FLIGHT,2026-01-28T04:25:00Z,2026-01-28T19:55:00Z,15.0,13.0,0.5,16,max_daily:10; max_weekly:60; max_monthly:100,N,10,CONFIRMED,COMPLIANT,N,,,0,,N,Y,7.0,4,167,2026-01-28 19:25:00,Y
RST-2082,CREW-2082,EY80113,POS-8,FLT-1103,EY8185,9,Security Threat + Geopolitical Airspace Diversion,A6-EYG,Michael,Mueller,Flight Attendant,Flight Attendant,Junior,8,CABIN,SIN,Cabin,2027-11-22,2026-11-05,B787-10,FLIGHT,2026-01-28T04:25:00Z,2026-01-28T19:55:00Z,15.0,13.0,0.5,16,max_daily:10; max_weekly:60; max_monthly:100,N,10,CONFIRMED,COMPLIANT,N,,,0,,N,Y,7.0,4,57,2026-01-28 19:25:00,Y
RST-2083,CREW-2083,EY25836,POS-9,FLT-1103,EY8185,9,Security Threat + Geopolitical Airspace Diversion,A6-EYG,Robert,Patel,Flight Attendant,Flight Attendant,Junior,9,CABIN,SIN,Cabin,2028-07-12,2027-10-22,B787-10,FLIGHT,2026-01-28T04:25:00Z,2026-01-28T19:55:00Z,15.0,13.0,0.5,16,max_daily:10; max_weekly:60; max_monthly:100,N,10,CONFIRMED,COMPLIANT,N,,,0,,N,Y,7.0,4,88,2026-01-28 19:25:00,Y
RST-2084,CREW-2084,EY33953,POS-10,FLT-1103,EY8185,9,Security Threat + Geopolitical Airspace Diversion,A6-EYG,Emma,Khan,Flight Attendant,Flight Attendant,Junior,10,CABIN,AUH,Cabin,2027-10-24,2027-02-03,B787-10,FLIGHT,2026-01-28T04:25:00Z,2026-01-28T19:55:00Z,15.0,13.0,0.5,16,max_daily:10; max_weekly:60; max_monthly:100,N,10,CONFIRMED,COMPLIANT,N,,,0,,N,Y,7.0,4,187,2026-01-28 19:25:00,Y
RST-2085,CREW-2085,EY26457,POS-1,FLT-1104,EY118,9,Security Threat + Geopolitical Airspace Diversion,A6-EYV,Emma,Tanaka,Captain,Captain,Junior,1,COCKPIT,LHR,ATPL,2026-01-03,2026-07-16,A320,FLIGHT,2026-01-28T06:07:00Z,2026-01-28T22:07:00Z,15.5,13.5,-2.0,14,max_daily:10; max_weekly:60; max_monthly:100,Y,12,CONFIRMED,WARNING,N,,,0,,N,Y,7.5,4,149,2026-01-28 21:37:00,Y
RST-2086,CREW-2086,EY95587,POS-2,FLT-1104,EY118,9,Security Threat + Geopolitical Airspace Diversion,A6-EYV,Omar,Ferrari,First Officer,First Officer,Junior,2,COCKPIT,JFK,ATPL,2028-07-05,2026-04-22,A320,FLIGHT,2026-01-28T06:07:00Z,2026-01-28T22:07:00Z,15.5,13.5,-2.0,14,max_daily:10; max_weekly:60; max_monthly:100,Y,12,CONFIRMED,WARNING,N,,,0,,N,Y,7.5,4,108,2026-01-28 21:37:00,Y
RST-2087,CREW-2087,EY37443,POS-3,FLT-1104,EY118,9,Security Threat + Geopolitical Airspace Diversion,A6-EYV,Hiroshi,Schmidt,Purser,Purser,Senior,3,CABIN,AUH,Cabin,2027-12-14,2026-03-05,A320,FLIGHT,2026-01-28T06:07:00Z,2026-01-28T22:07:00Z,15.5,13.5,0.0,16,max_daily:10; max_weekly:60; max_monthly:100,N,10,CONFIRMED,COMPLIANT,N,,,0,,N,Y,7.5,4,196,2026-01-28 21:37:00,Y
RST-2088,CREW-2088,EY80791,POS-4,FLT-1104,EY118,9,Security Threat + Geopolitical Airspace Diversion,A6-EYV,Olivia,Singh,Flight Attendant,Flight Attendant,Junior,4,CABIN,SIN,Cabin,2028-02-28,2026-01-07,A320,FLIGHT,2026-01-28T06:07:00Z,2026-01-28T22:07:00Z,15.5,13.5,0.0,16,max_daily:10; max_weekly:60; max_monthly:100,N,10,CONFIRMED,COMPLIANT,N,,,0,,N,Y,7.5,4,84,2026-01-28 21:37:00,Y
RST-2089,CREW-2089,EY47979,POS-1,FLT-1105,EY8086,10,Medical Emergency + Tarmac Delay + Slot Unavailability,A6-EYI,Emma,Khan,Captain,Captain,Junior,1,COCKPIT,SYD,ATPL,2028-11-22,2027-06-21,B787-10,FLIGHT,2026-01-29T04:58:00Z,2026-01-29T19:28:00Z,14.0,12.0,-0.5,14,max_daily:10; max_weekly:60; max_monthly:100,Y,12,CONFIRMED,WARNING,N,,,0,,N,Y,6.0,4,135,2026-01-29 18:58:00,Y
RST-2090,CREW-2090,EY33117,POS-2,FLT-1105,EY8086,10,Medical Emergency + Tarmac Delay + Slot Unavailability,A6-EYI,Maryam,Al-Rashid,First Officer,First Officer,Junior,2,COCKPIT,SYD,ATPL,2026-11-09,2026-10-10,B787-10,FLIGHT,2026-01-29T04:58:00Z,2026-01-29T19:28:00Z,14.0,12.0,-0.5,14,max_daily:10; max_weekly:60; max_monthly:100,Y,12,CONFIRMED,WARNING,N,,,0,,N,Y,6.0,4,115,2026-01-29 18:58:00,Y
RST-2091,CREW-2091,EY70733,POS-3,FLT-1105,EY8086,10,Medical Emergency + Tarmac Delay + Slot Unavailability,A6-EYI,Yuki,Williams,Purser,Purser,Junior,3,CABIN,AUH,Cabin,2027-05-15,2026-02-19,B787-10,FLIGHT,2026-01-29T04:58:00Z,2026-01-29T19:28:00Z,14.0,12.0,1.5,16,max_daily:10; max_weekly:60; max_monthly:100,N,10,CONFIRMED,COMPLIANT,N,,,0,,N,Y,6.0,4,75,2026-01-29 18:58:00,Y
RST-2092,CREW-2092,EY37457,POS-4,FLT-1105,EY8086,10,Medical Emergency + Tarmac Delay + Slot Unavailability,A6-EYI,James,Mueller,Flight Attendant,Flight Attendant,Junior,4,CABIN,SIN,Cabin,2028-12-05,2026-11-02,B787-10,FLIGHT,2026-01-29T04:58:00Z,2026-01-29T19:28:00Z,14.0,12.0,1.5,16,max_daily:10; max_weekly:60; max_monthly:100,N,10,CONFIRMED,COMPLIANT,N,,,0,,N,Y,6.0,4,162,2026-01-29 18:58:00,Y
RST-2093,CREW-2093,EY65857,POS-5,FLT-1105,EY8086,10,Medical Emergency + Tarmac Delay + Slot Unavailability,A6-EYI,Carlos,Brown,Flight Attendant,Flight Attendant,Senior,5,CABIN,LHR,Cabin,2027-07-19,2027-12-20,B787-10,FLIGHT,2026-01-29T04:58:00Z,2026-01-29T19:28:00Z,14.0,12.0,1.5,16,max_daily:10; max_weekly:60; max_monthly:100,N,10,CONFIRMED,COMPLIANT,N,,,0,,N,Y,6.0,4,50,2026-01-29 18:58:00,Y
RST-2094,CREW-2094,EY42056,POS-6,FLT-1105,EY8086,10,Medical Emergency + Tarmac Delay + Slot Unavailability,A6-EYI,Mei,Schmidt,Flight Attendant,Flight Attendant,Junior,6,CABIN,SYD,Cabin,2027-06-16,2027-05-11,B787-10,FLIGHT,2026-01-29T04:58:00Z,2026-01-29T19:28:00Z,14.0,12.0,1.5,16,max_daily:10; max_weekly:60; max_monthly:100,N,10,CONFIRMED,COMPLIANT,N,,,0,,N,Y,6.0,4,106,2026-01-29 18:58:00,Y
RST-2095,CREW-2095,EY28723,POS-7,FLT-1105,EY8086,10,Medical Emergency + Tarmac Delay + Slot Unavailability,A6-EYI,Wei,Schmidt,Flight Attendant,Flight Attendant,Junior,7,CABIN,AUH,Cabin,2026-07-26,2027-01-11,B787-10,FLIGHT,2026-01-29T04:58:00Z,2026-01-29T19:28:00Z,14.0,12.0,1.5,16,max_daily:10; max_weekly:60; max_monthly:100,N,10,CONFIRMED,COMPLIANT,N,,,0,,N,Y,6.0,4,182,2026-01-29 18:58:00,Y
RST-2096,CREW-2096,EY41950,POS-8,FLT-1105,EY8086,10,Medical Emergency + Tarmac Delay + Slot Unavailability,A6-EYI,Olivia,Khan,Flight Attendant,Flight Attendant,Junior,8,CABIN,SYD,Cabin,2028-06-05,2026-03-28,B787-10,FLIGHT,2026-01-29T04:58:00Z,2026-01-29T19:28:00Z,14.0,12.0,1.5,16,max_daily:10; max_weekly:60; max_monthly:100,N,10,CONFIRMED,COMPLIANT,N,,,0,,N,Y,6.0,4,102,2026-01-29 18:58:00,Y
RST-2097,CREW-2097,EY63224,POS-9,FLT-1105,EY8086,10,Medical Emergency + Tarmac Delay + Slot Unavailability,A6-EYI,Yuki,Johnson,Flight Attendant,Flight Attendant,Senior,9,CABIN,SYD,Cabin,2026-09-24,2026-10-07,B787-10,FLIGHT,2026-01-29T04:58:00Z,2026-01-29T19:28:00Z,14.0,12.0,1.5,16,max_daily:10; max_weekly:60; max_monthly:100,N,10,CONFIRMED,COMPLIANT,N,,,0,,N,Y,6.0,4,191,2026-01-29 18:58:00,Y
RST-2098,CREW-2098,EY59094,POS-10,FLT-1105,EY8086,10,Medical Emergency + Tarmac Delay + Slot Unavailability,A6-EYI,Maria,Singh,Flight Attendant,Flight Attendant,Junior,10,CABIN,JFK,Cabin,2028-04-12,2027-08-21,B787-10,FLIGHT,2026-01-29T04:58:00Z,2026-01-29T19:28:00Z,14.0,12.0,1.5,16,max_daily:10; max_weekly:60; max_monthly:100,N,10,CONFIRMED,COMPLIANT,N,,,0,,N,Y,6.0,4,106,2026-01-29 18:58:00,Y
RST-2099,CREW-2099,EY17361,POS-1,FLT-1106,EY8087,10,Medical Emergency + Tarmac Delay + Slot Unavailability,A6-EYI,Michael,Tanaka,Captain,Captain,Junior,1,COCKPIT,SIN,ATPL,2026-04-08,2027-12-20,B787-10,FLIGHT,2026-01-29T06:50:00Z,2026-01-29T21:20:00Z,14.0,12.0,-0.5,14,max_daily:10; max_weekly:60; max_monthly:100,Y,12,CONFIRMED,WARNING,N,,,0,,N,Y,6.0,4,157,2026-01-29 20:50:00,Y
RST-2100,CREW-2100,EY62064,POS-2,FLT-1106,EY8087,10,Medical Emergency + Tarmac Delay + Slot Unavailability,A6-EYI,Raj,Lee,First Officer,First Officer,Senior,2,COCKPIT,SIN,ATPL,2028-07-16,2027-12-01,B787-10,FLIGHT,2026-01-29T06:50:00Z,2026-01-29T21:20:00Z,14.0,12.0,-0.5,14,max_daily:10; max_weekly:60; max_monthly:100,Y,12,CONFIRMED,WARNING,N,,,0,,N,Y,6.0,4,145,2026-01-29 20:50:00,Y
RST-2101,CREW-2101,EY51938,POS-3,FLT-1106,EY8087,10,Medical Emergency + Tarmac Delay + Slot Unavailability,A6-EYI,Ahmed,Garcia,Purser,Purser,Junior,3,CABIN,JFK,Cabin,2027-01-26,2027-01-17,B787-10,FLIGHT,2026-01-29T06:50:00Z,2026-01-29T21:20:00Z,14.0,12.0,1.5,16,max_daily:10; max_weekly:60; max_monthly:100,N,10,CONFIRMED,COMPLIANT,N,,,0,,N,Y,6.0,4,176,2026-01-29 20:50:00,Y
RST-2102,CREW-2102,EY28001,POS-4,FLT-1106,EY8087,10,Medical Emergency + Tarmac Delay + Slot Unavailability,A6-EYI,Layla,Smith,Flight Attendant,Flight Attendant,Senior,4,CABIN,AUH,Cabin,2028-03-12,2027-12-23,B787-10,FLIGHT,2026-01-29T06:50:00Z,2026-01-29T21:20:00Z,14.0,12.0,1.5,16,max_daily:10; max_weekly:60; max_monthly:100,N,10,CONFIRMED,COMPLIANT,N,,,0,,N,Y,6.0,4,50,2026-01-29 20:50:00,Y
RST-2103,CREW-2103,EY70832,POS-5,FLT-1106,EY8087,10,Medical Emergency + Tarmac Delay + Slot Unavailability,A6-EYI,Mia,Yamamoto,Flight Attendant,Flight Attendant,Junior,5,CABIN,AUH,Cabin,2027-06-09,2026-03-03,B787-10,FLIGHT,2026-01-29T06:50:00Z,2026-01-29T21:20:00Z,14.0,12.0,1.5,16,max_daily:10; max_weekly:60; max_monthly:100,N,10,CONFIRMED,COMPLIANT,N,,,0,,N,Y,6.0,4,166,2026-01-29 20:50:00,Y
RST-2104,CREW-2104,EY29455,POS-6,FLT-1106,EY8087,10,Medical Emergency + Tarmac Delay + Slot Unavailability,A6-EYI,Robert,Williams,Flight Attendant,Flight Attendant,Junior,6,CABIN,SIN,Cabin,2026-02-11,2027-08-06,B787-10,FLIGHT,2026-01-29T06:50:00Z,2026-01-29T21:20:00Z,14.0,12.0,1.5,16,max_daily:10; max_weekly:60; max_monthly:100,N,10,CONFIRMED,COMPLIANT,N,,,0,,N,Y,6.0,4,170,2026-01-29 20:50:00,Y
RST-2105,CREW-2105,EY25421,POS-7,FLT-1106,EY8087,10,Medical Emergency + Tarmac Delay + Slot Unavailability,A6-EYI,Maria,Ferrari,Flight Attendant,Flight Attendant,Senior,7,CABIN,JFK,Cabin,2028-03-07,2026-07-16,B787-10,FLIGHT,2026-01-29T06:50:00Z,2026-01-29T21:20:00Z,14.0,12.0,1.5,16,max_daily:10; max_weekly:60; max_monthly:100,N,10,CONFIRMED,COMPLIANT,N,,,0,,N,Y,6.0,4,89,2026-01-29 20:50:00,Y
RST-2106,CREW-2106,EY16013,POS-8,FLT-1106,EY8087,10,Medical Emergency + Tarmac Delay + Slot Unavailability,A6-EYI,Yusuf,Williams,Flight Attendant,Flight Attendant,Junior,8,CABIN,LHR,Cabin,2028-04-28,2026-07-17,B787-10,FLIGHT,2026-01-29T06:50:00Z,2026-01-29T21:20:00Z,14.0,12.0,1.5,16,max_daily:10; max_weekly:60; max_monthly:100,N,10,CONFIRMED,COMPLIANT,N,,,0,,N,Y,6.0,4,139,2026-01-29 20:50:00,Y
RST-2107,CREW-2107,EY58073,POS-9,FLT-1106,EY8087,10,Medical Emergency + Tarmac Delay + Slot Unavailability,A6-EYI,Wei,Tanaka,Flight Attendant,Flight Attendant,Junior,9,CABIN,SIN,Cabin,2026-09-06,2027-03-03,B787-10,FLIGHT,2026-01-29T06:50:00Z,2026-01-29T21:20:00Z,14.0,12.0,1.5,16,max_daily:10; max_weekly:60; max_monthly:100,N,10,CONFIRMED,COMPLIANT,N,,,0,,N,Y,6.0,4,78,2026-01-29 20:50:00,Y
RST-2108,CREW-2108,EY46499,POS-10,FLT-1106,EY8087,10,Medical Emergency + Tarmac Delay + Slot Unavailability,A6-EYI,Priya,Singh,Flight Attendant,Flight Attendant,Junior,10,CABIN,LHR,Cabin,2028-01-11,2026-06-03,B787-10,FLIGHT,2026-01-29T06:50:00Z,2026-01-29T21:20:00Z,14.0,12.0,1.5,16,max_daily:10; max_weekly:60; max_monthly:100,N,10,CONFIRMED,COMPLIANT,N,,,0,,N,Y,6.0,4,59,2026-01-29 20:50:00,Y
RST-2109,CREW-2109,EY72460,POS-1,FLT-1107,EY334,10,Medical Emergency + Tarmac Delay + Slot Unavailability,A6-EYJ,Layla,Martinez,Captain,Captain,Junior,1,COCKPIT,JFK,ATPL,2028-12-28,2027-03-05,B787-10,FLIGHT,2026-01-29T08:29:00Z,2026-01-30T01:59:00Z,17.0,15.0,-3.5,14,max_daily:10; max_weekly:60; max_monthly:100,Y,12,CONFIRMED,WARNING,N,,,0,,N,Y,9.0,4,142,2026-01-30 01:29:00,N
RST-2110,CREW-2110,EY66996,POS-2,FLT-1107,EY334,10,Medical Emergency + Tarmac Delay + Slot Unavailability,A6-EYJ,Mohammed,Singh,First Officer,First Officer,Junior,2,COCKPIT,SIN,ATPL,2026-04-23,2026-01-13,B787-10,FLIGHT,2026-01-29T08:29:00Z,2026-01-30T01:59:00Z,17.0,15.0,-3.5,14,max_daily:10; max_weekly:60; max_monthly:100,Y,12,CONFIRMED,WARNING,N,,,0,,N,Y,9.0,4,175,2026-01-30 01:29:00,N
RST-2111,CREW-2111,EY55614,POS-3,FLT-1107,EY334,10,Medical Emergency + Tarmac Delay + Slot Unavailability,A6-EYJ,Hiroshi,Wang,Purser,Purser,Junior,3,CABIN,JFK,Cabin,2027-02-18,2027-06-24,B787-10,FLIGHT,2026-01-29T08:29:00Z,2026-01-30T01:59:00Z,17.0,15.0,-1.5,16,max_daily:10; max_weekly:60; max_monthly:100,Y,12,CONFIRMED,WARNING,N,,,0,,N,Y,9.0,4,161,2026-01-30 01:29:00,N
RST-2112,CREW-2112,EY26049,POS-4,FLT-1107,EY334,10,Medical Emergency + Tarmac Delay + Slot Unavailability,A6-EYJ,Mia,Lee,Flight Attendant,Flight Attendant,Junior,4,CABIN,SYD,Cabin,2026-06-15,2026-07-09,B787-10,FLIGHT,2026-01-29T08:29:00Z,2026-01-30T01:59:00Z,17.0,15.0,-1.5,16,max_daily:10; max_weekly:60; max_monthly:100,Y,12,CONFIRMED,WARNING,N,,,0,,N,Y,9.0,4,124,2026-01-30 01:29:00,N
RST-2113,CREW-2113,EY39781,POS-5,FLT-1107,EY334,10,Medical Emergency + Tarmac Delay + Slot Unavailability,A6-EYJ,Priya,Garcia,Flight Attendant,Flight Attendant,Senior,5,CABIN,AUH,Cabin,2026-02-16,2027-12-26,B787-10,FLIGHT,2026-01-29T08:29:00Z,2026-01-30T01:59:00Z,17.0,15.0,-1.5,16,max_daily:10; max_weekly:60; max_monthly:100,Y,12,CONFIRMED,WARNING,N,,,0,,N,Y,9.0,4,54,2026-01-30 01:29:00,N
RST-2114,CREW-2114,EY39446,POS-6,FLT-1107,EY334,10,Medical Emergency + Tarmac Delay + Slot Unavailability,A6-EYJ,Fatima,Smith,Flight Attendant,Flight Attendant,Junior,6,CABIN,SYD,Cabin,2027-04-18,2027-11-22,B787-10,FLIGHT,2026-01-29T08:29:00Z,2026-01-30T01:59:00Z,17.0,15.0,-1.5,16,max_daily:10; max_weekly:60; max_monthly:100,Y,12,CONFIRMED,WARNING,N,,,0,,N,Y,9.0,4,128,2026-01-30 01:29:00,N
RST-2115,CREW-2115,EY16009,POS-7,FLT-1107,EY334,10,Medical Emergency + Tarmac Delay + Slot Unavailability,A6-EYJ,Fatima,Johnson,Flight Attendant,Flight Attendant,Junior,7,CABIN,JFK,Cabin,2026-06-21,2026-08-10,B787-10,FLIGHT,2026-01-29T08:29:00Z,2026-01-30T01:59:00Z,17.0,15.0,-1.5,16,max_daily:10; max_weekly:60; max_monthly:100,Y,12,CONFIRMED,WARNING,N,,,0,,N,Y,9.0,4,118,2026-01-30 01:29:00,N
RST-2116,CREW-2116,EY65976,POS-8,FLT-1107,EY334,10,Medical Emergency + Tarmac Delay + Slot Unavailability,A6-EYJ,Hiroshi,Schmidt,Flight Attendant,Flight Attendant,Junior,8,CABIN,LHR,Cabin,2028-11-08,2027-04-03,B787-10,FLIGHT,2026-01-29T08:29:00Z,2026-01-30T01:59:00Z,17.0,15.0,-1.5,16,max_daily:10; max_weekly:60; max_monthly:100,Y,12,CONFIRMED,WARNING,N,,,0,,N,Y,9.0,4,163,2026-01-30 01:29:00,N
RST-2117,CREW-2117,EY34193,POS-9,FLT-1107,EY334,10,Medical Emergency + Tarmac Delay + Slot Unavailability,A6-EYJ,Maria,Kim,Flight Attendant,Flight Attendant,Junior,9,CABIN,LHR,Cabin,2028-07-05,2026-02-11,B787-10,FLIGHT,2026-01-29T08:29:00Z,2026-01-30T01:59:00Z,17.0,15.0,-1.5,16,max_daily:10; max_weekly:60; max_monthly:100,Y,12,CONFIRMED,WARNING,N,,,0,,N,Y,9.0,4,54,2026-01-30 01:29:00,N
RST-2118,CREW-2118,EY93235,POS-10,FLT-1107,EY334,10,Medical Emergency + Tarmac Delay + Slot Unavailability,A6-EYJ,Isabella,Kim,Flight Attendant,Flight Attendant,Junior,10,CABIN,SYD,Cabin,2028-10-24,2026-12-06,B787-10,FLIGHT,2026-01-29T08:29:00Z,2026-01-30T01:59:00Z,17.0,15.0,-1.5,16,max_daily:10; max_weekly:60; max_monthly:100,Y,12,CONFIRMED,WARNING,N,,,0,,N,Y,9.0,4,80,2026-01-30 01:29:00,N
RST-2119,CREW-2119,EY31472,POS-1,FLT-1108,EY401,11,EY401 Typhoon -> EY406 LIAC,A6-EYU,Yusuf,Ferrari,Captain,Captain,Junior,1,COCKPIT,SYD,ATPL,2026-03-16,2027-09-27,A320,FLIGHT,2026-01-31T04:38:00Z,2026-01-31T17:08:00Z,12.0,10.0,1.5,14,max_daily:10; max_weekly:60; max_monthly:100,N,10,CONFIRMED,COMPLIANT,N,,,0,,N,N,4.0,4,110,2026-01-31 16:38:00,Y
RST-2120,CREW-2120,EY60473,POS-2,FLT-1108,EY401,11,EY401 Typhoon -> EY406 LIAC,A6-EYU,Sara,Rossi,First Officer,First Officer,Junior,2,COCKPIT,SIN,ATPL,2028-01-01,2027-04-09,A320,FLIGHT,2026-01-31T04:38:00Z,2026-01-31T17:08:00Z,12.0,10.0,1.5,14,max_daily:10; max_weekly:60; max_monthly:100,N,10,CONFIRMED,COMPLIANT,N,,,0,,N,N,4.0,4,147,2026-01-31 16:38:00,Y
RST-2121,CREW-2121,EY32814,POS-3,FLT-1108,EY401,11,EY401 Typhoon -> EY406 LIAC,A6-EYU,Ahmed,Patel,Purser,Purser,Junior,3,CABIN,SYD,Cabin,2026-01-17,2027-04-25,A320,FLIGHT,2026-01-31T04:38:00Z,2026-01-31T17:08:00Z,12.0,10.0,3.5,16,max_daily:10; max_weekly:60; max_monthly:100,N,10,CONFIRMED,COMPLIANT,N,,,0,,N,N,4.0,4,149,2026-01-31 16:38:00,Y
RST-2122,CREW-2122,EY86567,POS-4,FLT-1108,EY401,11,EY401 Typhoon -> EY406 LIAC,A6-EYU,Mei,Khan,Flight Attendant,Flight Attendant,Junior,4,CABIN,JFK,Cabin,2026-03-06,2026-09-19,A320,FLIGHT,2026-01-31T04:38:00Z,2026-01-31T17:08:00Z,12.0,10.0,3.5,16,max_daily:10; max_weekly:60; max_monthly:100,N,10,CONFIRMED,COMPLIANT,N,,,0,,N,N,4.0,4,54,2026-01-31 16:38:00,Y
RST-2123,CREW-2123,EY87273,POS-1,FLT-1109,EY406,11,EY401 Typhoon -> EY406 LIAC,A6-EYU,Maryam,Khan,Captain,Captain,Junior,1,COCKPIT,SIN,ATPL,2028-12-07,2026-12-07,A320,FLIGHT,2026-01-31T06:02:00Z,2026-01-31T16:32:00Z,10.0,8.0,3.5,14,max_daily:10; max_weekly:60; max_monthly:100,N,10,CONFIRMED,COMPLIANT,N,,,0,,N,N,2.0,4,119,2026-01-31 16:02:00,Y
RST-2124,CREW-2124,EY90940,POS-2,FLT-1109,EY406,11,EY401 Typhoon -> EY406 LIAC,A6-EYU,Arjun,Tanaka,First Officer,First Officer,Junior,2,COCKPIT,JFK,ATPL,2026-03-21,2027-03-08,A320,FLIGHT,2026-01-31T06:02:00Z,2026-01-31T16:32:00Z,10.0,8.0,3.5,14,max_daily:10; max_weekly:60; max_monthly:100,N,10,CONFIRMED,COMPLIANT,N,,,0,,N,N,2.0,4,122,2026-01-31 16:02:00,Y
RST-2125,CREW-2125,EY23054,POS-3,FLT-1109,EY406,11,EY401 Typhoon -> EY406 LIAC,A6-EYU,Mohammed,Martinez,Purser,Purser,Junior,3,CABIN,SYD,Cabin,2027-04-06,2027-05-18,A320,FLIGHT,2026-01-31T06:02:00Z,2026-01-31T16:32:00Z,10.0,8.0,5.5,16,max_daily:10; max_weekly:60; max_monthly:100,N,10,CONFIRMED,COMPLIANT,N,,,0,,N,N,2.0,4,60,2026-01-31 16:02:00,Y
RST-2126,CREW-2126,EY93968,POS-4,FLT-1109,EY406,11,EY401 Typhoon -> EY406 LIAC,A6-EYU,Robert,Patel,Flight Attendant,Flight Attendant,Junior,4,CABIN,LHR,Cabin,2028-11-09,2027-08-07,A320,FLIGHT,2026-01-31T06:02:00Z,2026-01-31T16:32:00Z,10.0,8.0,5.5,16,max_daily:10; max_weekly:60; max_monthly:100,N,10,CONFIRMED,COMPLIANT,N,,,0,,N,N,2.0,4,64,2026-01-31 16:02:00,Y
RST-2127,CREW-2127,EY69186,POS-1,FLT-1110,EY454,11,EY401 Typhoon -> EY406 LIAC,A6-EYA,John,Garcia,Captain,Captain,Junior,1,COCKPIT,JFK,ATPL,2026-06-02,2026-08-17,A380,FLIGHT,2026-01-31T08:11:00Z,2026-01-31T23:26:00Z,14.8,12.8,-1.2,14,max_daily:10; max_weekly:60; max_monthly:100,Y,12,CONFIRMED,WARNING,N,,,0,,N,Y,6.8,4,81,2026-01-31 22:56:00,N
RST-2128,CREW-2128,EY32457,POS-2,FLT-1110,EY454,11,EY401 Typhoon -> EY406 LIAC,A6-EYA,Robert,Tanaka,First Officer,First Officer,Junior,2,COCKPIT,LHR,ATPL,2028-10-25,2026-01-22,A380,FLIGHT,2026-01-31T08:11:00Z,2026-01-31T23:26:00Z,14.8,12.8,-1.2,14,max_daily:10; max_weekly:60; max_monthly:100,Y,12,CONFIRMED,WARNING,N,,,0,,N,Y,6.8,4,144,2026-01-31 22:56:00,N
RST-2129,CREW-2129,EY36706,POS-3,FLT-1110,EY454,11,EY401 Typhoon -> EY406 LIAC,A6-EYA,Aisha,Chen,Purser,Purser,Junior,3,CABIN,AUH,Cabin,2027-08-07,2026-04-05,A380,FLIGHT,2026-01-31T08:11:00Z,2026-01-31T23:26:00Z,14.8,12.8,0.8,16,max_daily:10; max_weekly:60; max_monthly:100,N,10,CONFIRMED,COMPLIANT,N,,,0,,N,Y,6.8,4,77,2026-01-31 22:56:00,N
RST-2130,CREW-2130,EY91781,POS-4,FLT-1110,EY454,11,EY401 Typhoon -> EY406 LIAC,A6-EYA,Omar,Patel,Flight Attendant,Flight Attendant,Junior,4,CABIN,AUH,Cabin,2027-09-25,2027-07-27,A380,FLIGHT,2026-01-31T08:11:00Z,2026-01-31T23:26:00Z,14.8,12.8,0.8,16,max_daily:10; max_weekly:60; max_monthly:100,N,10,CONFIRMED,COMPLIANT,N,,,0,,N,Y,6.8,4,191,2026-01-31 22:56:00,N
RST-2131,CREW-2131,EY29713,POS-5,FLT-1110,EY454,11,EY401 Typhoon -> EY406 LIAC,A6-EYA,John,Brown,Flight Attendant,Flight Attendant,Junior,5,CABIN,AUH,Cabin,2028-11-02,2026-08-21,A380,FLIGHT,2026-01-31T08:11:00Z,2026-01-31T23:26:00Z,14.8,12.8,0.8,16,max_daily:10; max_weekly:60; max_monthly:100,N,10,CONFIRMED,COMPLIANT,N,,,0,,N,Y,6.8,4,139,2026-01-31 22:56:00,N
RST-2132,CREW-2132,EY21163,POS-6,FLT-1110,EY454,11,EY401 Typhoon -> EY406 LIAC,A6-EYA,Hiroshi,Ferrari,Flight Attendant,Flight Attendant,Senior,6,CABIN,AUH,Cabin,2027-08-10,2027-12-21,A380,FLIGHT,2026-01-31T08:11:00Z,2026-01-31T23:26:00Z,14.8,12.8,0.8,16,max_daily:10; max_weekly:60; max_monthly:100,N,10,CONFIRMED,COMPLIANT,N,,,0,,N,Y,6.8,4,184,2026-01-31 22:56:00,N
RST-2133,CREW-2133,EY82241,POS-7,FLT-1110,EY454,11,EY401 Typhoon -> EY406 LIAC,A6-EYA,Olivia,Patel,Flight Attendant,Flight Attendant,Junior,7,CABIN,JFK,Cabin,2028-07-26,2027-03-04,A380,FLIGHT,2026-01-31T08:11:00Z,2026-01-31T23:26:00Z,14.8,12.8,0.8,16,max_daily:10; max_weekly:60; max_monthly:100,N,10,CONFIRMED,COMPLIANT,N,,,0,,N,Y,6.8,4,167,2026-01-31 22:56:00,N
RST-2134,CREW-2134,EY93002,POS-8,FLT-1110,EY454,11,EY401 Typhoon -> EY406 LIAC,A6-EYA,Arjun,Garcia,Flight Attendant,Flight Attendant,Junior,8,CABIN,SYD,Cabin,2027-12-15,2027-08-19,A380,FLIGHT,2026-01-31T08:11:00Z,2026-01-31T23:26:00Z,14.8,12.8,0.8,16,max_daily:10; max_weekly:60; max_monthly:100,N,10,CONFIRMED,COMPLIANT,N,,,0,,N,Y,6.8,4,114,2026-01-31 22:56:00,N
RST-2135,CREW-2135,EY13694,POS-9,FLT-1110,EY454,11,EY401 Typhoon -> EY406 LIAC,A6-EYA,Mei,Garcia,Flight Attendant,Flight Attendant,Junior,9,CABIN,AUH,Cabin,2026-09-11,2026-09-21,A380,FLIGHT,2026-01-31T08:11:00Z,2026-01-31T23:26:00Z,14.8,12.8,0.8,16,max_daily:10; max_weekly:60; max_monthly:100,N,10,CONFIRMED,COMPLIANT,N,,,0,,N,Y,6.8,4,95,2026-01-31 22:56:00,N
RST-2136,CREW-2136,EY80396,POS-10,FLT-1110,EY454,11,EY401 Typhoon -> EY406 LIAC,A6-EYA,Arjun,Williams,Flight Attendant,Flight Attendant,Senior,10,CABIN,SIN,Cabin,2027-10-27,2027-09-03,A380,FLIGHT,2026-01-31T08:11:00Z,2026-01-31T23:26:00Z,14.8,12.8,0.8,16,max_daily:10; max_weekly:60; max_monthly:100,N,10,CONFIRMED,COMPLIANT,N,,,0,,N,Y,6.8,4,73,2026-01-31 22:56:00,N
RST-2137,CREW-2137,EY79555,POS-11,FLT-1110,EY454,11,EY401 Typhoon -> EY406 LIAC,A6-EYA,David,Smith,Flight Attendant,Flight Attendant,Junior,11,CABIN,AUH,Cabin,2026-11-11,2026-04-01,A380,FLIGHT,2026-01-31T08:11:00Z,2026-01-31T23:26:00Z,14.8,12.8,0.8,16,max_daily:10; max_weekly:60; max_monthly:100,N,10,CONFIRMED,COMPLIANT,N,,,0,,N,Y,6.8,4,133,2026-01-31 22:56:00,N
RST-2138,CREW-2138,EY24560,POS-12,FLT-1110,EY454,11,EY401 Typhoon -> EY406 LIAC,A6-EYA,Hiroshi,Rossi,Flight Attendant,Flight Attendant,Senior,12,CABIN,SYD,Cabin,2028-09-23,2027-07-11,A380,FLIGHT,2026-01-31T08:11:00Z,2026-01-31T23:26:00Z,14.8,12.8,0.8,16,max_daily:10; max_weekly:60; max_monthly:100,N,10,CONFIRMED,COMPLIANT,N,,,0,,N,Y,6.8,4,148,2026-01-31 22:56:00,N
RST-2139,CREW-2139,EY59002,POS-13,FLT-1110,EY454,11,EY401 Typhoon -> EY406 LIAC,A6-EYA,Wei,Johnson,Flight Attendant,Flight Attendant,Senior,13,CABIN,JFK,Cabin,2026-03-14,2027-08-07,A380,FLIGHT,2026-01-31T08:11:00Z,2026-01-31T23:26:00Z,14.8,12.8,0.8,16,max_daily:10; max_weekly:60; max_monthly:100,N,10,CONFIRMED,COMPLIANT,N,,,0,,N,Y,6.8,4,192,2026-01-31 22:56:00,N
RST-2140,CREW-2140,EY95419,POS-14,FLT-1110,EY454,11,EY401 Typhoon -> EY406 LIAC,A6-EYA,Mohammed,Martinez,Flight Attendant,Flight Attendant,Junior,14,CABIN,AUH,Cabin,2026-08-25,2027-11-19,A380,FLIGHT,2026-01-31T08:11:00Z,2026-01-31T23:26:00Z,14.8,12.8,0.8,16,max_daily:10; max_weekly:60; max_monthly:100,N,10,CONFIRMED,COMPLIANT,N,,,0,,N,Y,6.8,4,108,2026-01-31 22:56:00,N
RST-2141,CREW-2141,EY50216,POS-15,FLT-1110,EY454,11,EY401 Typhoon -> EY406 LIAC,A6-EYA,Omar,Rossi,Flight Attendant,Flight Attendant,Senior,15,CABIN,SIN,Cabin,2026-03-06,2027-04-21,A380,FLIGHT,2026-01-31T08:11:00Z,2026-01-31T23:26:00Z,14.8,12.8,0.8,16,max_daily:10; max_weekly:60; max_monthly:100,N,10,CONFIRMED,COMPLIANT,N,,,0,,N,Y,6.8,4,165,2026-01-31 22:56:00,N
RST-2142,CREW-2142,EY89268,POS-16,FLT-1110,EY454,11,EY401 Typhoon -> EY406 LIAC,A6-EYA,Mei,Martinez,Flight Attendant,Flight Attendant,Junior,16,CABIN,LHR,Cabin,2026-04-27,2026-12-17,A380,FLIGHT,2026-01-31T08:11:00Z,2026-01-31T23:26:00Z,14.8,12.8,0.8,16,max_daily:10; max_weekly:60; max_monthly:100,N,10,CONFIRMED,COMPLIANT,N,,,0,,N,Y,6.8,4,187,2026-01-31 22:56:00,N
RST-2143,CREW-2143,EY60661,POS-1,FLT-1111,EY334,11,EY401 Typhoon -> EY406 LIAC,A6-EYJ,Arjun,Martinez,Captain,Captain,Senior,1,COCKPIT,LHR,ATPL,2028-12-17,2027-09-09,B787-10,FLIGHT,2026-01-31T10:22:00Z,2026-01-31T22:22:00Z,11.5,9.5,2.0,14,max_daily:10; max_weekly:60; max_monthly:100,N,10,CONFIRMED,COMPLIANT,N,,,0,,N,N,3.5,4,199,2026-01-31 21:52:00,N
RST-2144,CREW-2144,EY51211,POS-2,FLT-1111,EY334,11,EY401 Typhoon -> EY406 LIAC,A6-EYJ,John,Johnson,First Officer,First Officer,Junior,2,COCKPIT,JFK,ATPL,2027-03-20,2026-06-16,B787-10,FLIGHT,2026-01-31T10:22:00Z,2026-01-31T22:22:00Z,11.5,9.5,2.0,14,max_daily:10; max_weekly:60; max_monthly:100,N,10,CONFIRMED,COMPLIANT,N,,,0,,N,N,3.5,4,96,2026-01-31 21:52:00,N
RST-2145,CREW-2145,EY73063,POS-3,FLT-1111,EY334,11,EY401 Typhoon -> EY406 LIAC,A6-EYJ,Omar,Mueller,Purser,Purser,Junior,3,CABIN,SIN,Cabin,2027-11-07,2027-09-11,B787-10,FLIGHT,2026-01-31T10:22:00Z,2026-01-31T22:22:00Z,11.5,9.5,4.0,16,max_daily:10; max_weekly:60; max_monthly:100,N,10,CONFIRMED,COMPLIANT,N,,,0,,N,N,3.5,4,147,2026-01-31 21:52:00,N
RST-2146,CREW-2146,EY20742,POS-4,FLT-1111,EY334,11,EY401 Typhoon -> EY406 LIAC,A6-EYJ,Yusuf,Schmidt,Flight Attendant,Flight Attendant,Junior,4,CABIN,AUH,Cabin,2028-09-03,2026-08-19,B787-10,FLIGHT,2026-01-31T10:22:00Z,2026-01-31T22:22:00Z,11.5,9.5,4.0,16,max_daily:10; max_weekly:60; max_monthly:100,N,10,CONFIRMED,COMPLIANT,N,,,0,,N,N,3.5,4,179,2026-01-31 21:52:00,N
RST-2147,CREW-2147,EY20709,POS-5,FLT-1111,EY334,11,EY401 Typhoon -> EY406 LIAC,A6-EYJ,Michael,Kim,Flight Attendant,Flight Attendant,Junior,5,CABIN,SIN,Cabin,2026-06-09,2027-12-21,B787-10,FLIGHT,2026-01-31T10:22:00Z,2026-01-31T22:22:00Z,11.5,9.5,4.0,16,max_daily:10; max_weekly:60; max_monthly:100,N,10,CONFIRMED,COMPLIANT,N,,,0,,N,N,3.5,4,88,2026-01-31 21:52:00,N
RST-2148,CREW-2148,EY90824,POS-6,FLT-1111,EY334,11,EY401 Typhoon -> EY406 LIAC,A6-EYJ,Olivia,Garcia,Flight Attendant,Flight Attendant,Senior,6,CABIN,JFK,Cabin,2026-11-23,2027-01-23,B787-10,FLIGHT,2026-01-31T10:22:00Z,2026-01-31T22:22:00Z,11.5,9.5,4.0,16,max_daily:10; max_weekly:60; max_monthly:100,N,10,CONFIRMED,COMPLIANT,N,,,0,,N,N,3.5,4,69,2026-01-31 21:52:00,N
RST-2149,CREW-2149,EY96435,POS-7,FLT-1111,EY334,11,EY401 Typhoon -> EY406 LIAC,A6-EYJ,Olivia,Williams,Flight Attendant,Flight Attendant,Junior,7,CABIN,AUH,Cabin,2026-12-16,2026-07-16,B787-10,FLIGHT,2026-01-31T10:22:00Z,2026-01-31T22:22:00Z,11.5,9.5,4.0,16,max_daily:10; max_weekly:60; max_monthly:100,N,10,CONFIRMED,COMPLIANT,N,,,0,,N,N,3.5,4,59,2026-01-31 21:52:00,N
RST-2150,CREW-2150,EY36549,POS-8,FLT-1111,EY334,11,EY401 Typhoon -> EY406 LIAC,A6-EYJ,Fatima,Williams,Flight Attendant,Flight Attendant,Junior,8,CABIN,JFK,Cabin,2027-01-05,2027-12-06,B787-10,FLIGHT,2026-01-31T10:22:00Z,2026-01-31T22:22:00Z,11.5,9.5,4.0,16,max_daily:10; max_weekly:60; max_monthly:100,N,10,CONFIRMED,COMPLIANT,N,,,0,,N,N,3.5,4,85,2026-01-31 21:52:00,N
RST-2151,CREW-2151,EY82815,POS-9,FLT-1111,EY334,11,EY401 Typhoon -> EY406 LIAC,A6-EYJ,Isabella,Smith,Flight Attendant,Flight Attendant,Junior,9,CABIN,SIN,Cabin,2028-06-09,2027-10-05,B787-10,FLIGHT,2026-01-31T10:22:00Z,2026-01-31T22:22:00Z,11.5,9.5,4.0,16,max_daily:10; max_weekly:60; max_monthly:100,N,10,CONFIRMED,COMPLIANT,N,,,0,,N,N,3.5,4,189,2026-01-31 21:52:00,N
RST-2152,CREW-2152,EY86493,POS-10,FLT-1111,EY334,11,EY401 Typhoon -> EY406 LIAC,A6-EYJ,Carlos,Yamamoto,Flight Attendant,Flight Attendant,Junior,10,CABIN,AUH,Cabin,2027-05-22,2026-10-18,B787-10,FLIGHT,2026-01-31T10:22:00Z,2026-01-31T22:22:00Z,11.5,9.5,4.0,16,max_daily:10; max_weekly:60; max_monthly:100,N,10,CONFIRMED,COMPLIANT,N,,,0,,N,N,3.5,4,92,2026-01-31 21:52:00,N
RST-2153,CREW-2153,EY72993,POS-1,FLT-1112,EY25,11,EY401 Typhoon -> EY406 LIAC,A6-EYF,Yuki,Yamamoto,Captain,Captain,Junior,1,COCKPIT,AUH,ATPL,2027-04-16,2026-04-13,B787-10,FLIGHT,2026-01-31T12:21:00Z,2026-02-01T00:16:00Z,11.4,9.4,2.1,14,max_daily:10; max_weekly:60; max_monthly:100,N,10,CONFIRMED,COMPLIANT,N,,,0,,N,N,3.4,4,82,2026-01-31 23:46:00,N
RST-2154,CREW-2154,EY94494,POS-2,FLT-1112,EY25,11,EY401 Typhoon -> EY406 LIAC,A6-EYF,Olivia,Ferrari,First Officer,First Officer,Junior,2,COCKPIT,SIN,ATPL,2028-09-20,2027-01-15,B787-10,FLIGHT,2026-01-31T12:21:00Z,2026-02-01T00:16:00Z,11.4,9.4,2.1,14,max_daily:10; max_weekly:60; max_monthly:100,N,10,CONFIRMED,COMPLIANT,N,,,0,,N,N,3.4,4,57,2026-01-31 23:46:00,N
RST-2155,CREW-2155,EY33072,POS-3,FLT-1112,EY25,11,EY401 Typhoon -> EY406 LIAC,A6-EYF,James,Patel,Purser,Purser,Senior,3,CABIN,SIN,Cabin,2026-11-25,2027-09-06,B787-10,FLIGHT,2026-01-31T12:21:00Z,2026-02-01T00:16:00Z,11.4,9.4,4.1,16,max_daily:10; max_weekly:60; max_monthly:100,N,10,CONFIRMED,COMPLIANT,N,,,0,,N,N,3.4,4,189,2026-01-31 23:46:00,N
RST-2156,CREW-2156,EY70795,POS-4,FLT-1112,EY25,11,EY401 Typhoon -> EY406 LIAC,A6-EYF,Priya,Schmidt,Flight Attendant,Flight Attendant,Junior,4,CABIN,LHR,Cabin,2027-04-25,2027-05-19,B787-10,FLIGHT,2026-01-31T12:21:00Z,2026-02-01T00:16:00Z,11.4,9.4,4.1,16,max_daily:10; max_weekly:60; max_monthly:100,N,10,CONFIRMED,COMPLIANT,N,,,0,,N,N,3.4,4,161,2026-01-31 23:46:00,N
RST-2157,CREW-2157,EY46522,POS-5,FLT-1112,EY25,11,EY401 Typhoon -> EY406 LIAC,A6-EYF,Aisha,Kim,Flight Attendant,Flight Attendant,Junior,5,CABIN,SIN,Cabin,2028-05-17,2027-07-10,B787-10,FLIGHT,2026-01-31T12:21:00Z,2026-02-01T00:16:00Z,11.4,9.4,4.1,16,max_daily:10; max_weekly:60; max_monthly:100,N,10,CONFIRMED,COMPLIANT,N,,,0,,N,N,3.4,4,64,2026-01-31 23:46:00,N
RST-2158,CREW-2158,EY69939,POS-6,FLT-1112,EY25,11,EY401 Typhoon -> EY406 LIAC,A6-EYF,Mia,Tanaka,Flight Attendant,Flight Attendant,Junior,6,CABIN,AUH,Cabin,2027-08-01,2026-03-22,B787-10,FLIGHT,2026-01-31T12:21:00Z,2026-02-01T00:16:00Z,11.4,9.4,4.1,16,max_daily:10; max_weekly:60; max_monthly:100,N,10,CONFIRMED,COMPLIANT,N,,,0,,N,N,3.4,4,80,2026-01-31 23:46:00,N
RST-2159,CREW-2159,EY98956,POS-7,FLT-1112,EY25,11,EY401 Typhoon -> EY406 LIAC,A6-EYF,Carlos,Al-Rashid,Flight Attendant,Flight Attendant,Junior,7,CABIN,LHR,Cabin,2028-11-28,2026-02-06,B787-10,FLIGHT,2026-01-31T12:21:00Z,2026-02-01T00:16:00Z,11.4,9.4,4.1,16,max_daily:10; max_weekly:60; max_monthly:100,N,10,CONFIRMED,COMPLIANT,N,,,0,,N,N,3.4,4,80,2026-01-31 23:46:00,N
RST-2160,CREW-2160,EY69102,POS-8,FLT-1112,EY25,11,EY401 Typhoon -> EY406 LIAC,A6-EYF,Ahmed,Yamamoto,Flight Attendant,Flight Attendant,Junior,8,CABIN,SIN,Cabin,2026-07-19,2026-04-16,B787-10,FLIGHT,2026-01-31T12:21:00Z,2026-02-01T00:16:00Z,11.4,9.4,4.1,16,max_daily:10; max_weekly:60; max_monthly:100,N,10,CONFIRMED,COMPLIANT,N,,,0,,N,N,3.4,4,196,2026-01-31 23:46:00,N
RST-2161,CREW-2161,EY85351,POS-9,FLT-1112,EY25,11,EY401 Typhoon -> EY406 LIAC,A6-EYF,Robert,Schmidt,Flight Attendant,Flight Attendant,Senior,9,CABIN,LHR,Cabin,2027-04-25,2026-05-10,B787-10,FLIGHT,2026-01-31T12:21:00Z,2026-02-01T00:16:00Z,11.4,9.4,4.1,16,max_daily:10; max_weekly:60; max_monthly:100,N,10,CONFIRMED,COMPLIANT,N,,,0,,N,N,3.4,4,113,2026-01-31 23:46:00,N
RST-2162,CREW-2162,EY93176,POS-10,FLT-1112,EY25,11,EY401 Typhoon -> EY406 LIAC,A6-EYF,Priya,Ferrari,Flight Attendant,Flight Attendant,Junior,10,CABIN,JFK,Cabin,2026-12-18,2026-03-14,B787-10,FLIGHT,2026-01-31T12:21:00Z,2026-02-01T00:16:00Z,11.4,9.4,4.1,16,max_daily:10; max_weekly:60; max_monthly:100,N,10,CONFIRMED,COMPLIANT,N,,,0,,N,N,3.4,4,102,2026-01-31 23:46:00,N
RST-2163,CREW-2163,EY58600,POS-1,FLT-1113,EY101,11,EY401 Typhoon -> EY406 LIAC,A6-EYB,Hiroshi,Wang,Captain,Captain,Senior,1,COCKPIT,SYD,ATPL,2028-10-25,2027-05-16,A380,FLIGHT,2026-01-31T14:52:00Z,2026-02-01T05:02:00Z,13.7,11.7,-0.2,14,max_daily:10; max_weekly:60; max_monthly:100,Y,12,CONFIRMED,WARNING,N,,,0,,N,Y,5.7,4,57,2026-02-01 04:32:00,N
RST-2164,CREW-2164,EY59273,POS-2,FLT-1113,EY101,11,EY401 Typhoon -> EY406 LIAC,A6-EYB,Ahmed,Williams,First Officer,First Officer,Junior,2,COCKPIT,AUH,ATPL,2027-02-02,2027-12-02,A380,FLIGHT,2026-01-31T14:52:00Z,2026-02-01T05:02:00Z,13.7,11.7,-0.2,14,max_daily:10; max_weekly:60; max_monthly:100,Y,12,CONFIRMED,WARNING,N,,,0,,N,Y,5.7,4,144,2026-02-01 04:32:00,N
RST-2165,CREW-2165,EY34161,POS-3,FLT-1113,EY101,11,EY401 Typhoon -> EY406 LIAC,A6-EYB,Robert,Brown,Purser,Purser,Junior,3,CABIN,AUH,Cabin,2026-02-10,2027-04-16,A380,FLIGHT,2026-01-31T14:52:00Z,2026-02-01T05:02:00Z,13.7,11.7,1.8,16,max_daily:10; max_weekly:60; max_monthly:100,N,10,CONFIRMED,COMPLIANT,N,,,0,,N,Y,5.7,4,126,2026-02-01 04:32:00,N
RST-2166,CREW-2166,EY80518,POS-4,FLT-1113,EY101,11,EY401 Typhoon -> EY406 LIAC,A6-EYB,Priya,Smith,Flight Attendant,Flight Attendant,Junior,4,CABIN,SYD,Cabin,2026-02-06,2027-09-22,A380,FLIGHT,2026-01-31T14:52:00Z,2026-02-01T05:02:00Z,13.7,11.7,1.8,16,max_daily:10; max_weekly:60; max_monthly:100,N,10,CONFIRMED,COMPLIANT,N,,,0,,N,Y,5.7,4,193,2026-02-01 04:32:00,N
RST-2167,CREW-2167,EY58361,POS-5,FLT-1113,EY101,11,EY401 Typhoon -> EY406 LIAC,A6-EYB,Hassan,Singh,Flight Attendant,Flight Attendant,Junior,5,CABIN,JFK,Cabin,2026-10-21,2027-08-04,A380,FLIGHT,2026-01-31T14:52:00Z,2026-02-01T05:02:00Z,13.7,11.7,1.8,16,max_daily:10; max_weekly:60; max_monthly:100,N,10,CONFIRMED,COMPLIANT,N,,,0,,N,Y,5.7,4,78,2026-02-01 04:32:00,N
RST-2168,CREW-2168,EY76455,POS-6,FLT-1113,EY101,11,EY401 Typhoon -> EY406 LIAC,A6-EYB,Arjun,Lee,Flight Attendant,Flight Attendant,Senior,6,CABIN,AUH,Cabin,2026-09-18,2026-07-26,A380,FLIGHT,2026-01-31T14:52:00Z,2026-02-01T05:02:00Z,13.7,11.7,1.8,16,max_daily:10; max_weekly:60; max_monthly:100,N,10,CONFIRMED,COMPLIANT,N,,,0,,N,Y,5.7,4,84,2026-02-01 04:32:00,N
RST-2169,CREW-2169,EY43914,POS-7,FLT-1113,EY101,11,EY401 Typhoon -> EY406 LIAC,A6-EYB,Aisha,Mueller,Flight Attendant,Flight Attendant,Junior,7,CABIN,JFK,Cabin,2026-06-11,2026-12-08,A380,FLIGHT,2026-01-31T14:52:00Z,2026-02-01T05:02:00Z,13.7,11.7,1.8,16,max_daily:10; max_weekly:60; max_monthly:100,N,10,CONFIRMED,COMPLIANT,N,,,0,,N,Y,5.7,4,69,2026-02-01 04:32:00,N
RST-2170,CREW-2170,EY83376,POS-8,FLT-1113,EY101,11,EY401 Typhoon -> EY406 LIAC,A6-EYB,Hassan,Tanaka,Flight Attendant,Flight Attendant,Junior,8,CABIN,SYD,Cabin,2026-01-13,2026-09-06,A380,FLIGHT,2026-01-31T14:52:00Z,2026-02-01T05:02:00Z,13.7,11.7,1.8,16,max_daily:10; max_weekly:60; max_monthly:100,N,10,CONFIRMED,COMPLIANT,N,,,0,,N,Y,5.7,4,68,2026-02-01 04:32:00,N
RST-2171,CREW-2171,EY33780,POS-9,FLT-1113,EY101,11,EY401 Typhoon -> EY406 LIAC,A6-EYB,Priya,Mueller,Flight Attendant,Flight Attendant,Senior,9,CABIN,SYD,Cabin,2027-04-08,2026-01-16,A380,FLIGHT,2026-01-31T14:52:00Z,2026-02-01T05:02:00Z,13.7,11.7,1.8,16,max_daily:10; max_weekly:60; max_monthly:100,N,10,CONFIRMED,COMPLIANT,N,,,0,,N,Y,5.7,4,200,2026-02-01 04:32:00,N
RST-2172,CREW-2172,EY99481,POS-10,FLT-1113,EY101,11,EY401 Typhoon -> EY406 LIAC,A6-EYB,Hassan,Rossi,Flight Attendant,Flight Attendant,Junior,10,CABIN,SYD,Cabin,2028-03-09,2027-03-15,A380,FLIGHT,2026-01-31T14:52:00Z,2026-02-01T05:02:00Z,13.7,11.7,1.8,16,max_daily:10; max_weekly:60; max_monthly:100,N,10,CONFIRMED,COMPLIANT,N,,,0,,N,Y,5.7,4,133,2026-02-01 04:32:00,N
RST-2173,CREW-2173,EY73045,POS-11,FLT-1113,EY101,11,EY401 Typhoon -> EY406 LIAC,A6-EYB,Priya,Khan,Flight Attendant,Flight Attendant,Junior,11,CABIN,LHR,Cabin,2028-11-27,2026-01-19,A380,FLIGHT,2026-01-31T14:52:00Z,2026-02-01T05:02:00Z,13.7,11.7,1.8,16,max_daily:10; max_weekly:60; max_monthly:100,N,10,CONFIRMED,COMPLIANT,N,,,0,,N,Y,5.7,4,161,2026-02-01 04:32:00,N
RST-2174,CREW-2174,EY50243,POS-12,FLT-1113,EY101,11,EY401 Typhoon -> EY406 LIAC,A6-EYB,Priya,Al-Rashid,Flight Attendant,Flight Attendant,Senior,12,CABIN,JFK,Cabin,2026-04-15,2027-08-24,A380,FLIGHT,2026-01-31T14:52:00Z,2026-02-01T05:02:00Z,13.7,11.7,1.8,16,max_daily:10; max_weekly:60; max_monthly:100,N,10,CONFIRMED,COMPLIANT,N,,,0,,N,Y,5.7,4,122,2026-02-01 04:32:00,N
RST-2175,CREW-2175,EY29581,POS-13,FLT-1113,EY101,11,EY401 Typhoon -> EY406 LIAC,A6-EYB,Omar,Al-Rashid,Flight Attendant,Flight Attendant,Senior,13,CABIN,JFK,Cabin,2027-09-23,2026-08-14,A380,FLIGHT,2026-01-31T14:52:00Z,2026-02-01T05:02:00Z,13.7,11.7,1.8,16,max_daily:10; max_weekly:60; max_monthly:100,N,10,CONFIRMED,COMPLIANT,N,,,0,,N,Y,5.7,4,192,2026-02-01 04:32:00,N
RST-2176,CREW-2176,EY19520,POS-14,FLT-1113,EY101,11,EY401 Typhoon -> EY406 LIAC,A6-EYB,Emma,Al-Rashid,Flight Attendant,Flight Attendant,Junior,14,CABIN,SYD,Cabin,2028-03-16,2026-05-20,A380,FLIGHT,2026-01-31T14:52:00Z,2026-02-01T05:02:00Z,13.7,11.7,1.8,16,max_daily:10; max_weekly:60; max_monthly:100,N,10,CONFIRMED,COMPLIANT,N,,,0,,N,Y,5.7,4,85,2026-02-01 04:32:00,N
RST-2177,CREW-2177,EY85036,POS-15,FLT-1113,EY101,11,EY401 Typhoon -> EY406 LIAC,A6-EYB,James,Khan,Flight Attendant,Flight Attendant,Junior,15,CABIN,SIN,Cabin,2026-07-27,2027-11-28,A380,FLIGHT,2026-01-31T14:52:00Z,2026-02-01T05:02:00Z,13.7,11.7,1.8,16,max_daily:10; max_weekly:60; max_monthly:100,N,10,CONFIRMED,COMPLIANT,N,,,0,,N,Y,5.7,4,143,2026-02-01 04:32:00,N
RST-2178,CREW-2178,EY38731,POS-16,FLT-1113,EY101,11,EY401 Typhoon -> EY406 LIAC,A6-EYB,Omar,Khan,Flight Attendant,Flight Attendant,Junior,16,CABIN,AUH,Cabin,2028-08-03,2027-02-04,A380,FLIGHT,2026-01-31T14:52:00Z,2026-02-01T05:02:00Z,13.7,11.7,1.8,16,max_daily:10; max_weekly:60; max_monthly:100,N,10,CONFIRMED,COMPLIANT,N,,,0,,N,Y,5.7,4,167,2026-02-01 04:32:00,N
RST-2179,CREW-2179,EY47119,POS-1,FLT-1114,EY170,11,EY401 Typhoon -> EY406 LIAC,A6-EYQ,Carlos,Patel,Captain,Captain,Junior,1,COCKPIT,LHR,ATPL,2027-08-23,2027-07-17,A320,FLIGHT,2026-01-31T16:52:00Z,2026-01-31T22:42:00Z,5.3,3.3,8.2,14,max_daily:10; max_weekly:60; max_monthly:100,N,10,CONFIRMED,COMPLIANT,N,,,0,,N,N,0.0,4,67,2026-01-31 22:12:00,N
RST-2180,CREW-2180,EY62170,POS-2,FLT-1114,EY170,11,EY401 Typhoon -> EY406 LIAC,A6-EYQ,Emma,Martinez,First Officer,First Officer,Junior,2,COCKPIT,SYD,ATPL,2027-09-02,2026-02-12,A320,FLIGHT,2026-01-31T16:52:00Z,2026-01-31T22:42:00Z,5.3,3.3,8.2,14,max_daily:10; max_weekly:60; max_monthly:100,N,10,CONFIRMED,COMPLIANT,N,,,0,,N,N,0.0,4,185,2026-01-31 22:12:00,N
RST-2181,CREW-2181,EY85167,POS-3,FLT-1114,EY170,11,EY401 Typhoon -> EY406 LIAC,A6-EYQ,James,Chen,Purser,Purser,Senior,3,CABIN,AUH,Cabin,2026-02-13,2027-03-10,A320,FLIGHT,2026-01-31T16:52:00Z,2026-01-31T22:42:00Z,5.3,3.3,10.2,16,max_daily:10; max_weekly:60; max_monthly:100,N,10,CONFIRMED,COMPLIANT,N,,,0,,N,N,0.0,4,99,2026-01-31 22:12:00,N
RST-2182,CREW-2182,EY36581,POS-4,FLT-1114,EY170,11,EY401 Typhoon -> EY406 LIAC,A6-EYQ,Ahmed,Tanaka,Flight Attendant,Flight Attendant,Senior,4,CABIN,LHR,Cabin,2027-01-20,2026-12-16,A320,FLIGHT,2026-01-31T16:52:00Z,2026-01-31T22:42:00Z,5.3,3.3,10.2,16,max_daily:10; max_weekly:60; max_monthly:100,N,10,CONFIRMED,COMPLIANT,N,,,0,,N,N,0.0,4,139,2026-01-31 22:12:00,N
RST-2183,CREW-2183,EY90198,POS-1,FLT-1115,EY472,11,EY401 Typhoon -> EY406 LIAC,A6-EYH,Emma,Tanaka,Captain,Captain,Junior,1,COCKPIT,SYD,ATPL,2028-11-07,2027-12-12,B787-10,FLIGHT,2026-01-31T18:12:00Z,2026-02-01T08:17:00Z,13.6,11.6,-0.1,14,max_daily:10; max_weekly:60; max_monthly:100,Y,12,CONFIRMED,WARNING,N,,,0,,N,Y,5.6,4,55,2026-02-01 07:47:00,N
RST-2184,CREW-2184,EY44480,POS-2,FLT-1115,EY472,11,EY401 Typhoon -> EY406 LIAC,A6-EYH,Hassan,Rossi,First Officer,First Officer,Junior,2,COCKPIT,SYD,ATPL,2026-12-16,2026-03-12,B787-10,FLIGHT,2026-01-31T18:12:00Z,2026-02-01T08:17:00Z,13.6,11.6,-0.1,14,max_daily:10; max_weekly:60; max_monthly:100,Y,12,CONFIRMED,WARNING,N,,,0,,N,Y,5.6,4,142,2026-02-01 07:47:00,N
RST-2185,CREW-2185,EY99324,POS-3,FLT-1115,EY472,11,EY401 Typhoon -> EY406 LIAC,A6-EYH,Yuki,Johnson,Purser,Purser,Junior,3,CABIN,LHR,Cabin,2027-01-06,2027-07-09,B787-10,FLIGHT,2026-01-31T18:12:00Z,2026-02-01T08:17:00Z,13.6,11.6,1.9,16,max_daily:10; max_weekly:60; max_monthly:100,N,10,CONFIRMED,COMPLIANT,N,,,0,,N,Y,5.6,4,89,2026-02-01 07:47:00,N
RST-2186,CREW-2186,EY35922,POS-4,FLT-1115,EY472,11,EY401 Typhoon -> EY406 LIAC,A6-EYH,Isabella,Al-Rashid,Flight Attendant,Flight Attendant,Junior,4,CABIN,SIN,Cabin,2026-10-02,2027-07-08,B787-10,FLIGHT,2026-01-31T18:12:00Z,2026-02-01T08:17:00Z,13.6,11.6,1.9,16,max_daily:10; max_weekly:60; max_monthly:100,N,10,CONFIRMED,COMPLIANT,N,,,0,,N,Y,5.6,4,108,2026-02-01 07:47:00,N
RST-2187,CREW-2187,EY30568,POS-5,FLT-1115,EY472,11,EY401 Typhoon -> EY406 LIAC,A6-EYH,Arjun,Singh,Flight Attendant,Flight Attendant,Junior,5,CABIN,JFK,Cabin,2026-02-16,2027-09-15,B787-10,FLIGHT,2026-01-31T18:12:00Z,2026-02-01T08:17:00Z,13.6,11.6,1.9,16,max_daily:10; max_weekly:60; max_monthly:100,N,10,CONFIRMED,COMPLIANT,N,,,0,,N,Y,5.6,4,154,2026-02-01 07:47:00,N
RST-2188,CREW-2188,EY89373,POS-6,FLT-1115,EY472,11,EY401 Typhoon -> EY406 LIAC,A6-EYH,Mohammed,Martinez,Flight Attendant,Flight Attendant,Senior,6,CABIN,LHR,Cabin,2026-04-08,2026-09-09,B787-10,FLIGHT,2026-01-31T18:12:00Z,2026-02-01T08:17:00Z,13.6,11.6,1.9,16,max_daily:10; max_weekly:60; max_monthly:100,N,10,CONFIRMED,COMPLIANT,N,,,0,,N,Y,5.6,4,113,2026-02-01 07:47:00,N
RST-2189,CREW-2189,EY65050,POS-7,FLT-1115,EY472,11,EY401 Typhoon -> EY406 LIAC,A6-EYH,Priya,Schmidt,Flight Attendant,Flight Attendant,Senior,7,CABIN,LHR,Cabin,2027-08-03,2026-08-08,B787-10,FLIGHT,2026-01-31T18:12:00Z,2026-02-01T08:17:00Z,13.6,11.6,1.9,16,max_daily:10; max_weekly:60; max_monthly:100,N,10,CONFIRMED,COMPLIANT,N,,,0,,N,Y,5.6,4,143,2026-02-01 07:47:00,N
RST-2190,CREW-2190,EY33129,POS-8,FLT-1115,EY472,11,EY401 Typhoon -> EY406 LIAC,A6-EYH,John,Al-Rashid,Flight Attendant,Flight Attendant,Junior,8,CABIN,LHR,Cabin,2028-06-19,2027-11-07,B787-10,FLIGHT,2026-01-31T18:12:00Z,2026-02-01T08:17:00Z,13.6,11.6,1.9,16,max_daily:10; max_weekly:60; max_monthly:100,N,10,CONFIRMED,COMPLIANT,N,,,0,,N,Y,5.6,4,177,2026-02-01 07:47:00,N
RST-2191,CREW-2191,EY36465,POS-9,FLT-1115,EY472,11,EY401 Typhoon -> EY406 LIAC,A6-EYH,Olivia,Singh,Flight Attendant,Flight Attendant,Junior,9,CABIN,AUH,Cabin,2027-09-05,2027-06-06,B787-10,FLIGHT,2026-01-31T18:12:00Z,2026-02-01T08:17:00Z,13.6,11.6,1.9,16,max_daily:10; max_weekly:60; max_monthly:100,N,10,CONFIRMED,COMPLIANT,N,,,0,,N,Y,5.6,4,109,2026-02-01 07:47:00,N
RST-2192,CREW-2192,EY54701,POS-10,FLT-1115,EY472,11,EY401 Typhoon -> EY406 LIAC,A6-EYH,Maryam,Williams,Flight Attendant,Flight Attendant,Junior,10,CABIN,AUH,Cabin,2028-02-12,2027-03-02,B787-10,FLIGHT,2026-01-31T18:12:00Z,2026-02-01T08:17:00Z,13.6,11.6,1.9,16,max_daily:10; max_weekly:60; max_monthly:100,N,10,CONFIRMED,COMPLIANT,N,,,0,,N,Y,5.6,4,153,2026-02-01 07:47:00,N
RST-2193,CREW-2193,EY70421,POS-1,FLT-1116,EY313,11,EY401 Typhoon -> EY406 LIAC,A6-EYN,Yusuf,Al-Rashid,Captain,Captain,Senior,1,COCKPIT,JFK,ATPL,2026-03-28,2026-03-06,A321LR,FLIGHT,2026-01-31T20:48:00Z,2026-02-01T02:33:00Z,5.2,3.2,8.2,14,max_daily:10; max_weekly:60; max_monthly:100,N,10,CONFIRMED,COMPLIANT,N,,,0,,N,N,0.0,4,195,2026-02-01 02:03:00,N
RST-2194,CREW-2194,EY26636,POS-2,FLT-1116,EY313,11,EY401 Typhoon -> EY406 LIAC,A6-EYN,Fatima,Schmidt,First Officer,First Officer,Junior,2,COCKPIT,LHR,ATPL,2026-09-24,2026-10-27,A321LR,FLIGHT,2026-01-31T20:48:00Z,2026-02-01T02:33:00Z,5.2,3.2,8.2,14,max_daily:10; max_weekly:60; max_monthly:100,N,10,CONFIRMED,COMPLIANT,N,,,0,,N,N,0.0,4,197,2026-02-01 02:03:00,N
RST-2195,CREW-2195,EY63114,POS-3,FLT-1116,EY313,11,EY401 Typhoon -> EY406 LIAC,A6-EYN,Aisha,Ferrari,Purser,Purser,Junior,3,CABIN,LHR,Cabin,2026-04-23,2027-08-22,A321LR,FLIGHT,2026-01-31T20:48:00Z,2026-02-01T02:33:00Z,5.2,3.2,10.2,16,max_daily:10; max_weekly:60; max_monthly:100,N,10,CONFIRMED,COMPLIANT,N,,,0,,N,N,0.0,4,67,2026-02-01 02:03:00,N
RST-2196,CREW-2196,EY15357,POS-4,FLT-1116,EY313,11,EY401 Typhoon -> EY406 LIAC,A6-EYN,Hassan,Wang,Flight Attendant,Flight Attendant,Junior,4,CABIN,AUH,Cabin,2027-02-05,2027-08-13,A321LR,FLIGHT,2026-01-31T20:48:00Z,2026-02-01T02:33:00Z,5.2,3.2,10.2,16,max_daily:10; max_weekly:60; max_monthly:100,N,10,CONFIRMED,COMPLIANT,N,,,0,,N,N,0.0,4,117,2026-02-01 02:03:00,N
RST-2197,CREW-2197,EY11909,POS-5,FLT-1116,EY313,11,EY401 Typhoon -> EY406 LIAC,A6-EYN,Yusuf,Williams,Flight Attendant,Flight Attendant,Senior,5,CABIN,LHR,Cabin,2027-07-10,2026-12-27,A321LR,FLIGHT,2026-01-31T20:48:00Z,2026-02-01T02:33:00Z,5.2,3.2,10.2,16,max_daily:10; max_weekly:60; max_monthly:100,N,10,CONFIRMED,COMPLIANT,N,,,0,,N,N,0.0,4,119,2026-02-01 02:03:00,N
RST-2198,CREW-2198,EY43699,POS-6,FLT-1116,EY313,11,EY401 Typhoon -> EY406 LIAC,A6-EYN,Emma,Martinez,Flight Attendant,Flight Attendant,Junior,6,CABIN,AUH,Cabin,2028-12-09,2026-09-21,A321LR,FLIGHT,2026-01-31T20:48:00Z,2026-02-01T02:33:00Z,5.2,3.2,10.2,16,max_daily:10; max_weekly:60; max_monthly:100,N,10,CONFIRMED,COMPLIANT,N,,,0,,N,N,0.0,4,196,2026-02-01 02:03:00,N
RST-2199,CREW-2199,EY44402,POS-1,FLT-1117,EY424,11,EY401 Typhoon -> EY406 LIAC,A6-EYO,Maryam,Ferrari,Captain,Captain,Junior,1,COCKPIT,AUH,ATPL,2028-09-24,2027-07-07,A321LR,FLIGHT,2026-01-31T04:28:00Z,2026-01-31T21:28:00Z,16.5,14.5,-3.0,14,max_daily:10; max_weekly:60; max_monthly:100,Y,12,CONFIRMED,WARNING,N,,,0,,N,Y,8.5,4,187,2026-01-31 20:58:00,N
RST-2200,CREW-2200,EY78870,POS-2,FLT-1117,EY424,11,EY401 Typhoon -> EY406 LIAC,A6-EYO,Sara,Patel,First Officer,First Officer,Senior,2,COCKPIT,LHR,ATPL,2028-06-23,2026-12-11,A321LR,FLIGHT,2026-01-31T04:28:00Z,2026-01-31T21:28:00Z,16.5,14.5,-3.0,14,max_daily:10; max_weekly:60; max_monthly:100,Y,12,CONFIRMED,WARNING,N,,,0,,N,Y,8.5,4,80,2026-01-31 20:58:00,N
RST-2201,CREW-2201,EY62511,POS-3,FLT-1117,EY424,11,EY401 Typhoon -> EY406 LIAC,A6-EYO,Aisha,Williams,Purser,Purser,Junior,3,CABIN,SYD,Cabin,2027-07-09,2026-11-23,A321LR,FLIGHT,2026-01-31T04:28:00Z,2026-01-31T21:28:00Z,16.5,14.5,-1.0,16,max_daily:10; max_weekly:60; max_monthly:100,Y,12,CONFIRMED,WARNING,N,,,0,,N,Y,8.5,4,183,2026-01-31 20:58:00,N
RST-2202,CREW-2202,EY64913,POS-4,FLT-1117,EY424,11,EY401 Typhoon -> EY406 LIAC,A6-EYO,Mia,Al-Rashid,Flight Attendant,Flight Attendant,Junior,4,CABIN,LHR,Cabin,2026-05-18,2027-05-23,A321LR,FLIGHT,2026-01-31T04:28:00Z,2026-01-31T21:28:00Z,16.5,14.5,-1.0,16,max_daily:10; max_weekly:60; max_monthly:100,Y,12,CONFIRMED,WARNING,N,,,0,,N,Y,8.5,4,94,2026-01-31 20:58:00,N
RST-2203,CREW-2203,EY12470,POS-5,FLT-1117,EY424,11,EY401 Typhoon -> EY406 LIAC,A6-EYO,Mohammed,Johnson,Flight Attendant,Flight Attendant,Junior,5,CABIN,SIN,Cabin,2028-06-19,2027-07-08,A321LR,FLIGHT,2026-01-31T04:28:00Z,2026-01-31T21:28:00Z,16.5,14.5,-1.0,16,max_daily:10; max_weekly:60; max_monthly:100,Y,12,CONFIRMED,WARNING,N,,,0,,N,Y,8.5,4,63,2026-01-31 20:58:00,N
RST-2204,CREW-2204,EY28575,POS-6,FLT-1117,EY424,11,EY401 Typhoon -> EY406 LIAC,A6-EYO,Olivia,Chen,Flight Attendant,Flight Attendant,Senior,6,CABIN,JFK,Cabin,2027-03-23,2027-09-01,A321LR,FLIGHT,2026-01-31T04:28:00Z,2026-01-31T21:28:00Z,16.5,14.5,-1.0,16,max_daily:10; max_weekly:60; max_monthly:100,Y,12,CONFIRMED,WARNING,N,,,0,,N,Y,8.5,4,188,2026-01-31 20:58:00,N
