shipment_id,awb_number,flight_id,flight_number,scenario_id,scenario_name,aircraft_registration,origin,destination,cargo_type,weight_kg,volume_cbm,pieces,is_temperature_sensitive,required_temp_min,required_temp_max,is_dangerous_goods,dg_class,priority,status,shipper_name,consignee_name
CGO-1001,762-25849926,FLT-1001,EY117,1,Bangkok Typhoon + Critical MEL Aircraft,A6-EYV,BKK,AUH,General,973,2.84,45,N,,,N,,EXPRESS,DELAYED,Shipper 14,Consignee 71
CGO-1002,119-57344179,FLT-1001,EY117,1,Bangkok Typhoon + Critical MEL Aircraft,A6-EYV,BKK,AUH,Live Animals,1118,3.91,37,N,,,N,,EXPRESS,DELAYED,Shipper 10,Consignee 31
CGO-1003,898-72872448,FLT-1001,EY117,1,Bangkok Typhoon + Critical MEL Aircraft,A6-EYV,BKK,AUH,Live Animals,1869,1.54,23,N,,,N,,EXPRESS,DELAYED,Shipper 58,Consignee 35
CGO-1004,852-51745804,FLT-1001,EY117,1,Bangkok Typhoon + Critical MEL Aircraft,A6-EYV,BKK,AUH,General,826,7.23,30,N,,,N,,STANDARD,DELAYED,Shipper 80,Consignee 97
CGO-1005,645-34447804,FLT-1001,EY117,1,Bangkok Typhoon + Critical MEL Aircraft,A6-EYV,BKK,AUH,Live Animals,334,9.14,44,N,,,N,,STANDARD,DELAYED,Shipper 33,Consignee 98
CGO-1006,419-67144789,FLT-1001,EY117,1,Bangkok Typhoon + Critical MEL Aircraft,A6-EYV,BKK,AUH,Perishable,1052,3.55,46,Y,2.0,8.0,N,,ECONOMY,DELAYED,Shipper 71,Consignee 65
CGO-1007,308-44045603,FLT-1001,EY117,1,Bangkok Typhoon + Critical MEL Aircraft,A6-EYV,BKK,AUH,Perishable,774,7.91,10,Y,2.0,8.0,N,,STANDARD,DELAYED,Shipper 31,Consignee 50
CGO-1008,885-63843728,FLT-1001,EY117,1,Bangkok Typhoon + Critical MEL Aircraft,A6-EYV,BKK,AUH,Perishable,112,0.68,44,Y,2.0,8.0,N,,EXPRESS,DELAYED,Shipper 45,Consignee 46
CGO-1009,530-46432656,FLT-1001,EY117,1,Bangkok Typhoon + Critical MEL Aircraft,A6-EYV,BKK,AUH,General,1683,7.02,17,N,,,N,,STANDARD,DELAYED,Shipper 95,Consignee 70
CGO-1010,180-39404692,FLT-1001,EY117,1,Bangkok Typhoon + Critical MEL Aircraft,A6-EYV,BKK,AUH,Perishable,548,3.76,35,Y,2.0,8.0,N,,STANDARD,DELAYED,Shipper 77,Consignee 9
CGO-1011,931-12015363,FLT-1001,EY117,1,Bangkok Typhoon + Critical MEL Aircraft,A6-EYV,BKK,AUH,Live Animals,129,7.76,32,N,,,N,,STANDARD,DELAYED,Shipper 74,Consignee 4
CGO-1012,889-59783795,FLT-1001,EY117,1,Bangkok Typhoon + Critical MEL Aircraft,A6-EYV,BKK,AUH,Valuables,1863,9.46,26,N,,,N,,EXPRESS,DELAYED,Shipper 75,Consignee 21
CGO-1013,580-41908508,FLT-1001,EY117,1,Bangkok Typhoon + Critical MEL Aircraft,A6-EYV,BKK,AUH,General,224,1.58,13,N,,,N,,EXPRESS,DELAYED,Shipper 79,Consignee 99
CGO-1014,855-95652344,FLT-1001,EY117,1,Bangkok Typhoon + Critical MEL Aircraft,A6-EYV,BKK,AUH,Valuables,1958,3.07,46,N,,,N,,ECONOMY,DELAYED,Shipper 88,Consignee 61
CGO-1015,323-92027741,FLT-1001,EY117,1,Bangkok Typhoon + Critical MEL Aircraft,A6-EYV,BKK,AUH,Dangerous Goods,1024,5.81,7,N,,,Y,4.1,STANDARD,DELAYED,Shipper 20,Consignee 10
CGO-1016,670-93157193,FLT-1001,EY117,1,Bangkok Typhoon + Critical MEL Aircraft,A6-EYV,BKK,AUH,Valuables,1373,5.63,35,N,,,N,,EXPRESS,DELAYED,Shipper 64,Consignee 31
CGO-1017,557-78007277,FLT-1001,EY117,1,Bangkok Typhoon + Critical MEL Aircraft,A6-EYV,BKK,AUH,Dangerous Goods,268,3.86,17,N,,,Y,9.0,EXPRESS,DELAYED,Shipper 94,Consignee 55
CGO-1018,625-60930362,FLT-1002,EY5293,1,Bangkok Typhoon + Critical MEL Aircraft,A6-EYU,AUH,BKK,Perishable,1016,7.11,9,Y,2.0,8.0,N,,ECONOMY,DELAYED,Shipper 38,Consignee 70
CGO-1019,234-95801182,FLT-1002,EY5293,1,Bangkok Typhoon + Critical MEL Aircraft,A6-EYU,AUH,BKK,General,637,3.22,21,N,,,N,,ECONOMY,DELAYED,Shipper 64,Consignee 72
CGO-1020,426-15504406,FLT-1002,EY5293,1,Bangkok Typhoon + Critical MEL Aircraft,A6-EYU,AUH,BKK,Live Animals,1775,5.8,5,N,,,N,,STANDARD,DELAYED,Shipper 77,Consignee 40
CGO-1021,584-18995678,FLT-1002,EY5293,1,Bangkok Typhoon + Critical MEL Aircraft,A6-EYU,AUH,BKK,Live Animals,1294,1.32,44,N,,,N,,EXPRESS,DELAYED,Shipper 16,Consignee 35
CGO-1022,391-27295036,FLT-1002,EY5293,1,Bangkok Typhoon + Critical MEL Aircraft,A6-EYU,AUH,BKK,Dangerous Goods,1994,1.74,16,N,,,Y,8.0,STANDARD,DELAYED,Shipper 3,Consignee 82
CGO-1023,821-80920039,FLT-1002,EY5293,1,Bangkok Typhoon + Critical MEL Aircraft,A6-EYU,AUH,BKK,Dangerous Goods,111,4.0,49,N,,,Y,4.1,STANDARD,DELAYED,Shipper 43,Consignee 31
CGO-1024,537-10899621,FLT-1002,EY5293,1,Bangkok Typhoon + Critical MEL Aircraft,A6-EYU,AUH,BKK,Valuables,1159,3.49,24,N,,,N,,STANDARD,DELAYED,Shipper 77,Consignee 46
CGO-1025,593-36712617,FLT-1002,EY5293,1,Bangkok Typhoon + Critical MEL Aircraft,A6-EYU,AUH,BKK,Live Animals,415,7.88,9,N,,,N,,EXPRESS,DELAYED,Shipper 93,Consignee 53
CGO-1026,358-54948264,FLT-1002,EY5293,1,Bangkok Typhoon + Critical MEL Aircraft,A6-EYU,AUH,BKK,Pharmaceuticals,552,8.09,37,Y,-20.0,8.0,N,,EXPRESS,DELAYED,Shipper 70,Consignee 69
CGO-1027,471-22637348,FLT-1002,EY5293,1,Bangkok Typhoon + Critical MEL Aircraft,A6-EYU,AUH,BKK,Perishable,727,4.03,34,Y,2.0,8.0,N,,EXPRESS,DELAYED,Shipper 52,Consignee 40
CGO-1028,345-45123967,FLT-1003,EY454,1,Bangkok Typhoon + Critical MEL Aircraft,A6-EYA,AUH,SYD,Dangerous Goods,1820,3.42,50,N,,,Y,8.0,EXPRESS,ON_TIME,Shipper 73,Consignee 37
CGO-1029,489-97896793,FLT-1003,EY454,1,Bangkok Typhoon + Critical MEL Aircraft,A6-EYA,AUH,SYD,Live Animals,1587,2.42,17,N,,,N,,ECONOMY,ON_TIME,Shipper 37,Consignee 7
CGO-1030,440-12262453,FLT-1003,EY454,1,Bangkok Typhoon + Critical MEL Aircraft,A6-EYA,AUH,SYD,Valuables,307,6.12,45,N,,,N,,EXPRESS,ON_TIME,Shipper 89,Consignee 28
CGO-1031,553-23301329,FLT-1003,EY454,1,Bangkok Typhoon + Critical MEL Aircraft,A6-EYA,AUH,SYD,Perishable,1447,1.47,10,Y,2.0,8.0,N,,ECONOMY,ON_TIME,Shipper 43,Consignee 90
CGO-1032,479-51519098,FLT-1003,EY454,1,Bangkok Typhoon + Critical MEL Aircraft,A6-EYA,AUH,SYD,Live Animals,1684,8.56,2,N,,,N,,STANDARD,ON_TIME,Shipper 2,Consignee 8
CGO-1033,423-39154464,FLT-1003,EY454,1,Bangkok Typhoon + Critical MEL Aircraft,A6-EYA,AUH,SYD,General,1838,7.14,40,N,,,N,,STANDARD,ON_TIME,Shipper 97,Consignee 30
CGO-1034,170-98656808,FLT-1003,EY454,1,Bangkok Typhoon + Critical MEL Aircraft,A6-EYA,AUH,SYD,Dangerous Goods,784,7.26,35,N,,,Y,3.0,STANDARD,ON_TIME,Shipper 58,Consignee 36
CGO-1035,614-83363464,FLT-1003,EY454,1,Bangkok Typhoon + Critical MEL Aircraft,A6-EYA,AUH,SYD,Live Animals,360,7.32,28,N,,,N,,EXPRESS,ON_TIME,Shipper 1,Consignee 34
CGO-1036,516-60060920,FLT-1003,EY454,1,Bangkok Typhoon + Critical MEL Aircraft,A6-EYA,AUH,SYD,Valuables,601,7.26,2,N,,,N,,ECONOMY,ON_TIME,Shipper 64,Consignee 82
CGO-1037,301-80419246,FLT-1003,EY454,1,Bangkok Typhoon + Critical MEL Aircraft,A6-EYA,AUH,SYD,Dangerous Goods,155,1.53,5,N,,,Y,3.0,STANDARD,ON_TIME,Shipper 79,Consignee 35
CGO-1038,101-92690367,FLT-1003,EY454,1,Bangkok Typhoon + Critical MEL Aircraft,A6-EYA,AUH,SYD,Live Animals,140,5.41,9,N,,,N,,ECONOMY,ON_TIME,Shipper 11,Consignee 55
CGO-1039,569-80080896,FLT-1003,EY454,1,Bangkok Typhoon + Critical MEL Aircraft,A6-EYA,AUH,SYD,Dangerous Goods,703,0.69,2,N,,,Y,9.0,EXPRESS,ON_TIME,Shipper 32,Consignee 10
CGO-1040,903-35463769,FLT-1003,EY454,1,Bangkok Typhoon + Critical MEL Aircraft,A6-EYA,AUH,SYD,Perishable,443,3.73,28,Y,2.0,8.0,N,,EXPRESS,ON_TIME,Shipper 59,Consignee 60
CGO-1041,991-35106441,FLT-1003,EY454,1,Bangkok Typhoon + Critical MEL Aircraft,A6-EYA,AUH,SYD,Dangerous Goods,1579,5.91,24,N,,,Y,4.1,ECONOMY,ON_TIME,Shipper 49,Consignee 38
CGO-1042,451-80047079,FLT-1004,EY334,1,Bangkok Typhoon + Critical MEL Aircraft,A6-EYJ,AUH,CDG,General,408,7.64,48,N,,,N,,EXPRESS,ON_TIME,Shipper 48,Consignee 70
CGO-1043,585-94196193,FLT-1004,EY334,1,Bangkok Typhoon + Critical MEL Aircraft,A6-EYJ,AUH,CDG,Perishable,1448,9.03,23,Y,2.0,8.0,N,,STANDARD,ON_TIME,Shipper 75,Consignee 20
CGO-1044,240-23276728,FLT-1004,EY334,1,Bangkok Typhoon + Critical MEL Aircraft,A6-EYJ,AUH,CDG,General,128,7.09,27,N,,,N,,EXPRESS,ON_TIME,Shipper 23,Consignee 66
CGO-1045,302-18505064,FLT-1004,EY334,1,Bangkok Typhoon + Critical MEL Aircraft,A6-EYJ,AUH,CDG,Perishable,1351,0.68,24,Y,2.0,8.0,N,,EXPRESS,ON_TIME,Shipper 56,Consignee 96
CGO-1046,527-21528332,FLT-1004,EY334,1,Bangkok Typhoon + Critical MEL Aircraft,A6-EYJ,AUH,CDG,Pharmaceuticals,835,2.16,40,Y,-20.0,8.0,N,,STANDARD,ON_TIME,Shipper 83,Consignee 95
CGO-1047,904-77247172,FLT-1004,EY334,1,Bangkok Typhoon + Critical MEL Aircraft,A6-EYJ,AUH,CDG,Live Animals,1165,2.27,27,N,,,N,,ECONOMY,ON_TIME,Shipper 63,Consignee 72
CGO-1048,730-78138387,FLT-1004,EY334,1,Bangkok Typhoon + Critical MEL Aircraft,A6-EYJ,AUH,CDG,Valuables,805,0.54,24,N,,,N,,ECONOMY,ON_TIME,Shipper 35,Consignee 3
CGO-1049,799-41507434,FLT-1004,EY334,1,Bangkok Typhoon + Critical MEL Aircraft,A6-EYJ,AUH,CDG,Dangerous Goods,992,5.58,22,N,,,Y,8.0,ECONOMY,ON_TIME,Shipper 7,Consignee 48
CGO-1050,871-37760761,FLT-1004,EY334,1,Bangkok Typhoon + Critical MEL Aircraft,A6-EYJ,AUH,CDG,Live Animals,1116,2.68,25,N,,,N,,ECONOMY,ON_TIME,Shipper 64,Consignee 87
CGO-1051,882-84592848,FLT-1005,EY25,1,Bangkok Typhoon + Critical MEL Aircraft,A6-EYF,AUH,LHR,Perishable,800,1.54,28,Y,2.0,8.0,N,,STANDARD,ON_TIME,Shipper 78,Consignee 74
CGO-1052,901-56082854,FLT-1005,EY25,1,Bangkok Typhoon + Critical MEL Aircraft,A6-EYF,AUH,LHR,Valuables,397,4.4,11,N,,,N,,EXPRESS,ON_TIME,Shipper 37,Consignee 59
CGO-1053,581-24861100,FLT-1005,EY25,1,Bangkok Typhoon + Critical MEL Aircraft,A6-EYF,AUH,LHR,General,843,5.76,41,N,,,N,,EXPRESS,ON_TIME,Shipper 46,Consignee 81
CGO-1054,102-31425081,FLT-1005,EY25,1,Bangkok Typhoon + Critical MEL Aircraft,A6-EYF,AUH,LHR,Perishable,1890,3.69,9,Y,2.0,8.0,N,,EXPRESS,ON_TIME,Shipper 9,Consignee 70
CGO-1055,882-32610684,FLT-1005,EY25,1,Bangkok Typhoon + Critical MEL Aircraft,A6-EYF,AUH,LHR,General,684,6.44,47,N,,,N,,EXPRESS,ON_TIME,Shipper 15,Consignee 54
CGO-1056,906-47593360,FLT-1005,EY25,1,Bangkok Typhoon + Critical MEL Aircraft,A6-EYF,AUH,LHR,General,324,9.53,38,N,,,N,,ECONOMY,ON_TIME,Shipper 11,Consignee 19
CGO-1057,931-57097009,FLT-1005,EY25,1,Bangkok Typhoon + Critical MEL Aircraft,A6-EYF,AUH,LHR,General,1230,7.68,45,N,,,N,,EXPRESS,ON_TIME,Shipper 69,Consignee 11
CGO-1058,499-33345907,FLT-1005,EY25,1,Bangkok Typhoon + Critical MEL Aircraft,A6-EYF,AUH,LHR,Dangerous Goods,1445,5.44,40,N,,,Y,4.1,STANDARD,ON_TIME,Shipper 38,Consignee 8
CGO-1059,595-79685891,FLT-1005,EY25,1,Bangkok Typhoon + Critical MEL Aircraft,A6-EYF,AUH,LHR,Pharmaceuticals,1847,1.32,16,Y,-20.0,8.0,N,,ECONOMY,ON_TIME,Shipper 22,Consignee 57
CGO-1060,474-35082132,FLT-1006,EY101,1,Bangkok Typhoon + Critical MEL Aircraft,A6-EYB,AUH,JFK,Perishable,1088,0.71,26,Y,2.0,8.0,N,,ECONOMY,ON_TIME,Shipper 32,Consignee 71
CGO-1061,803-50800445,FLT-1006,EY101,1,Bangkok Typhoon + Critical MEL Aircraft,A6-EYB,AUH,JFK,Live Animals,915,7.2,12,N,,,N,,ECONOMY,ON_TIME,Shipper 47,Consignee 45
CGO-1062,473-26985555,FLT-1006,EY101,1,Bangkok Typhoon + Critical MEL Aircraft,A6-EYB,AUH,JFK,General,211,7.44,38,N,,,N,,ECONOMY,ON_TIME,Shipper 60,Consignee 70
CGO-1063,980-39478087,FLT-1006,EY101,1,Bangkok Typhoon + Critical MEL Aircraft,A6-EYB,AUH,JFK,Perishable,947,7.06,2,Y,2.0,8.0,N,,ECONOMY,ON_TIME,Shipper 44,Consignee 70
CGO-1064,887-81983825,FLT-1006,EY101,1,Bangkok Typhoon + Critical MEL Aircraft,A6-EYB,AUH,JFK,Pharmaceuticals,617,5.24,21,Y,-20.0,8.0,N,,STANDARD,ON_TIME,Shipper 6,Consignee 91
CGO-1065,354-54119346,FLT-1006,EY101,1,Bangkok Typhoon + Critical MEL Aircraft,A6-EYB,AUH,JFK,Valuables,830,3.26,41,N,,,N,,EXPRESS,ON_TIME,Shipper 72,Consignee 89
CGO-1066,525-12149228,FLT-1006,EY101,1,Bangkok Typhoon + Critical MEL Aircraft,A6-EYB,AUH,JFK,Valuables,899,2.33,5,N,,,N,,STANDARD,ON_TIME,Shipper 83,Consignee 90
CGO-1067,212-76276231,FLT-1006,EY101,1,Bangkok Typhoon + Critical MEL Aircraft,A6-EYB,AUH,JFK,Valuables,204,6.67,16,N,,,N,,ECONOMY,ON_TIME,Shipper 37,Consignee 58
CGO-1068,677-32650201,FLT-1006,EY101,1,Bangkok Typhoon + Critical MEL Aircraft,A6-EYB,AUH,JFK,Perishable,1858,8.24,50,Y,2.0,8.0,N,,STANDARD,ON_TIME,Shipper 74,Consignee 54
CGO-1069,189-70351790,FLT-1006,EY101,1,Bangkok Typhoon + Critical MEL Aircraft,A6-EYB,AUH,JFK,Dangerous Goods,1516,9.99,41,N,,,Y,3.0,ECONOMY,ON_TIME,Shipper 74,Consignee 87
CGO-1070,110-65903794,FLT-1006,EY101,1,Bangkok Typhoon + Critical MEL Aircraft,A6-EYB,AUH,JFK,Perishable,1808,4.12,42,Y,2.0,8.0,N,,ECONOMY,ON_TIME,Shipper 13,Consignee 50
CGO-1071,661-53924798,FLT-1006,EY101,1,Bangkok Typhoon + Critical MEL Aircraft,A6-EYB,AUH,JFK,General,1054,7.24,38,N,,,N,,EXPRESS,ON_TIME,Shipper 33,Consignee 26
CGO-1072,597-76487005,FLT-1006,EY101,1,Bangkok Typhoon + Critical MEL Aircraft,A6-EYB,AUH,JFK,General,754,6.49,21,N,,,N,,EXPRESS,ON_TIME,Shipper 99,Consignee 17
CGO-1073,520-35374286,FLT-1006,EY101,1,Bangkok Typhoon + Critical MEL Aircraft,A6-EYB,AUH,JFK,Valuables,254,4.25,32,N,,,N,,EXPRESS,ON_TIME,Shipper 100,Consignee 86
CGO-1074,146-77638089,FLT-1007,EY170,1,Bangkok Typhoon + Critical MEL Aircraft,A6-EYQ,AUH,DEL,Valuables,125,9.04,42,N,,,N,,ECONOMY,ON_TIME,Shipper 59,Consignee 48
CGO-1075,433-44300917,FLT-1007,EY170,1,Bangkok Typhoon + Critical MEL Aircraft,A6-EYQ,AUH,DEL,Perishable,105,1.88,44,Y,2.0,8.0,N,,STANDARD,ON_TIME,Shipper 56,Consignee 56
CGO-1076,638-63287586,FLT-1007,EY170,1,Bangkok Typhoon + Critical MEL Aircraft,A6-EYQ,AUH,DEL,Dangerous Goods,54,5.7,47,N,,,Y,8.0,ECONOMY,ON_TIME,Shipper 48,Consignee 48
CGO-1077,732-84044951,FLT-1007,EY170,1,Bangkok Typhoon + Critical MEL Aircraft,A6-EYQ,AUH,DEL,Valuables,1635,7.52,12,N,,,N,,STANDARD,ON_TIME,Shipper 83,Consignee 46
CGO-1078,891-70848103,FLT-1007,EY170,1,Bangkok Typhoon + Critical MEL Aircraft,A6-EYQ,AUH,DEL,General,799,6.79,13,N,,,N,,EXPRESS,ON_TIME,Shipper 85,Consignee 12
CGO-1079,888-76296731,FLT-1007,EY170,1,Bangkok Typhoon + Critical MEL Aircraft,A6-EYQ,AUH,DEL,Perishable,117,9.26,43,Y,2.0,8.0,N,,EXPRESS,ON_TIME,Shipper 29,Consignee 73
CGO-1080,395-23637375,FLT-1007,EY170,1,Bangkok Typhoon + Critical MEL Aircraft,A6-EYQ,AUH,DEL,Valuables,1199,8.39,41,N,,,N,,EXPRESS,ON_TIME,Shipper 95,Consignee 8
CGO-1081,698-28700771,FLT-1007,EY170,1,Bangkok Typhoon + Critical MEL Aircraft,A6-EYQ,AUH,DEL,Dangerous Goods,449,5.23,26,N,,,Y,8.0,EXPRESS,ON_TIME,Shipper 65,Consignee 76
CGO-1082,460-64942523,FLT-1007,EY170,1,Bangkok Typhoon + Critical MEL Aircraft,A6-EYQ,AUH,DEL,Dangerous Goods,1293,5.85,36,N,,,Y,9.0,EXPRESS,ON_TIME,Shipper 83,Consignee 27
CGO-1083,712-83182574,FLT-1008,EY472,1,Bangkok Typhoon + Critical MEL Aircraft,A6-EYH,AUH,SIN,Perishable,1110,3.33,44,Y,2.0,8.0,N,,EXPRESS,ON_TIME,Shipper 73,Consignee 51
CGO-1084,917-94987085,FLT-1008,EY472,1,Bangkok Typhoon + Critical MEL Aircraft,A6-EYH,AUH,SIN,General,1109,1.01,46,N,,,N,,STANDARD,ON_TIME,Shipper 11,Consignee 94
CGO-1085,729-87337367,FLT-1008,EY472,1,Bangkok Typhoon + Critical MEL Aircraft,A6-EYH,AUH,SIN,Valuables,1033,4.53,43,N,,,N,,ECONOMY,ON_TIME,Shipper 14,Consignee 95
CGO-1086,611-50383141,FLT-1008,EY472,1,Bangkok Typhoon + Critical MEL Aircraft,A6-EYH,AUH,SIN,Valuables,124,4.65,12,N,,,N,,STANDARD,ON_TIME,Shipper 4,Consignee 24
CGO-1087,299-83865636,FLT-1008,EY472,1,Bangkok Typhoon + Critical MEL Aircraft,A6-EYH,AUH,SIN,Pharmaceuticals,868,3.57,38,Y,-20.0,8.0,N,,EXPRESS,ON_TIME,Shipper 57,Consignee 56
CGO-1088,404-57944636,FLT-1008,EY472,1,Bangkok Typhoon + Critical MEL Aircraft,A6-EYH,AUH,SIN,Live Animals,753,3.18,46,N,,,N,,ECONOMY,ON_TIME,Shipper 20,Consignee 87
CGO-1089,885-65964188,FLT-1008,EY472,1,Bangkok Typhoon + Critical MEL Aircraft,A6-EYH,AUH,SIN,Live Animals,225,3.95,21,N,,,N,,STANDARD,ON_TIME,Shipper 7,Consignee 40
CGO-1090,825-53896501,FLT-1008,EY472,1,Bangkok Typhoon + Critical MEL Aircraft,A6-EYH,AUH,SIN,Dangerous Goods,1438,8.06,27,N,,,Y,3.0,EXPRESS,ON_TIME,Shipper 50,Consignee 7
CGO-1091,889-29833835,FLT-1008,EY472,1,Bangkok Typhoon + Critical MEL Aircraft,A6-EYH,AUH,SIN,Perishable,714,4.0,42,Y,2.0,8.0,N,,EXPRESS,ON_TIME,Shipper 86,Consignee 79
CGO-1092,253-97717461,FLT-1009,EY313,1,Bangkok Typhoon + Critical MEL Aircraft,A6-EYN,AUH,JED,Valuables,1657,2.48,8,N,,,N,,STANDARD,ON_TIME,Shipper 89,Consignee 98
CGO-1093,486-95823499,FLT-1009,EY313,1,Bangkok Typhoon + Critical MEL Aircraft,A6-EYN,AUH,JED,General,1449,7.11,46,N,,,N,,EXPRESS,ON_TIME,Shipper 66,Consignee 10
CGO-1094,273-63065543,FLT-1009,EY313,1,Bangkok Typhoon + Critical MEL Aircraft,A6-EYN,AUH,JED,Live Animals,1422,3.58,9,N,,,N,,STANDARD,ON_TIME,Shipper 84,Consignee 80
CGO-1095,643-32776583,FLT-1009,EY313,1,Bangkok Typhoon + Critical MEL Aircraft,A6-EYN,AUH,JED,Dangerous Goods,1384,1.47,5,N,,,Y,9.0,EXPRESS,ON_TIME,Shipper 8,Consignee 68
CGO-1096,700-64780529,FLT-1009,EY313,1,Bangkok Typhoon + Critical MEL Aircraft,A6-EYN,AUH,JED,General,1898,8.08,44,N,,,N,,EXPRESS,ON_TIME,Shipper 82,Consignee 93
CGO-1097,614-61857492,FLT-1009,EY313,1,Bangkok Typhoon + Critical MEL Aircraft,A6-EYN,AUH,JED,Live Animals,1497,8.88,40,N,,,N,,EXPRESS,ON_TIME,Shipper 98,Consignee 16
CGO-1098,330-59905985,FLT-1009,EY313,1,Bangkok Typhoon + Critical MEL Aircraft,A6-EYN,AUH,JED,Valuables,1227,2.61,26,N,,,N,,EXPRESS,ON_TIME,Shipper 84,Consignee 18
CGO-1099,906-46598574,FLT-1009,EY313,1,Bangkok Typhoon + Critical MEL Aircraft,A6-EYN,AUH,JED,General,1643,6.73,45,N,,,N,,ECONOMY,ON_TIME,Shipper 47,Consignee 33
CGO-1100,669-42268804,FLT-1009,EY313,1,Bangkok Typhoon + Critical MEL Aircraft,A6-EYN,AUH,JED,General,279,7.96,43,N,,,N,,ECONOMY,ON_TIME,Shipper 15,Consignee 41
CGO-1101,770-87696242,FLT-1009,EY313,1,Bangkok Typhoon + Critical MEL Aircraft,A6-EYN,AUH,JED,Live Animals,177,7.17,3,N,,,N,,EXPRESS,ON_TIME,Shipper 23,Consignee 47
CGO-1102,191-19825174,FLT-1010,EY424,1,Bangkok Typhoon + Critical MEL Aircraft,A6-EYO,AUH,SIN,General,932,4.29,11,N,,,N,,STANDARD,ON_TIME,Shipper 6,Consignee 2
CGO-1103,534-52373489,FLT-1010,EY424,1,Bangkok Typhoon + Critical MEL Aircraft,A6-EYO,AUH,SIN,Pharmaceuticals,1723,7.16,8,Y,-20.0,8.0,N,,EXPRESS,ON_TIME,Shipper 52,Consignee 50
CGO-1104,523-48807583,FLT-1010,EY424,1,Bangkok Typhoon + Critical MEL Aircraft,A6-EYO,AUH,SIN,Pharmaceuticals,1076,7.58,40,Y,-20.0,8.0,N,,EXPRESS,ON_TIME,Shipper 10,Consignee 19
CGO-1105,392-79781431,FLT-1010,EY424,1,Bangkok Typhoon + Critical MEL Aircraft,A6-EYO,AUH,SIN,General,206,3.79,10,N,,,N,,STANDARD,ON_TIME,Shipper 59,Consignee 75
CGO-1106,383-99418920,FLT-1010,EY424,1,Bangkok Typhoon + Critical MEL Aircraft,A6-EYO,AUH,SIN,Valuables,811,7.6,11,N,,,N,,ECONOMY,ON_TIME,Shipper 30,Consignee 87
CGO-1107,702-34933718,FLT-1010,EY424,1,Bangkok Typhoon + Critical MEL Aircraft,A6-EYO,AUH,SIN,Pharmaceuticals,1982,9.39,13,Y,-20.0,8.0,N,,EXPRESS,ON_TIME,Shipper 53,Consignee 97
CGO-1108,340-78027783,FLT-1010,EY424,1,Bangkok Typhoon + Critical MEL Aircraft,A6-EYO,AUH,SIN,Valuables,1640,3.39,6,N,,,N,,ECONOMY,ON_TIME,Shipper 68,Consignee 2
CGO-1109,493-45055954,FLT-1010,EY424,1,Bangkok Typhoon + Critical MEL Aircraft,A6-EYO,AUH,SIN,Perishable,1524,6.85,29,Y,2.0,8.0,N,,ECONOMY,ON_TIME,Shipper 73,Consignee 24
CGO-1110,588-42518840,FLT-1010,EY424,1,Bangkok Typhoon + Critical MEL Aircraft,A6-EYO,AUH,SIN,Dangerous Goods,1811,5.06,16,N,,,Y,4.1,STANDARD,ON_TIME,Shipper 11,Consignee 53
CGO-1111,682-20298317,FLT-1010,EY424,1,Bangkok Typhoon + Critical MEL Aircraft,A6-EYO,AUH,SIN,Live Animals,1367,1.97,16,N,,,N,,STANDARD,ON_TIME,Shipper 82,Consignee 6
CGO-1112,740-14690405,FLT-1011,EY8184,2,London Fog + Multiple Aircraft AOG,A6-EYK,AUH,LHR,Valuables,335,9.67,6,N,,,N,,STANDARD,DELAYED,Shipper 35,Consignee 52
CGO-1113,279-11668647,FLT-1011,EY8184,2,London Fog + Multiple Aircraft AOG,A6-EYK,AUH,LHR,Pharmaceuticals,1749,9.6,30,Y,-20.0,8.0,N,,ECONOMY,DELAYED,Shipper 45,Consignee 80
CGO-1114,831-59455494,FLT-1011,EY8184,2,London Fog + Multiple Aircraft AOG,A6-EYK,AUH,LHR,Live Animals,650,6.21,34,N,,,N,,ECONOMY,DELAYED,Shipper 8,Consignee 70
CGO-1115,418-52585048,FLT-1011,EY8184,2,London Fog + Multiple Aircraft AOG,A6-EYK,AUH,LHR,Perishable,1276,6.21,2,Y,2.0,8.0,N,,STANDARD,DELAYED,Shipper 74,Consignee 86
CGO-1116,617-75741322,FLT-1011,EY8184,2,London Fog + Multiple Aircraft AOG,A6-EYK,AUH,LHR,Perishable,288,0.95,9,Y,2.0,8.0,N,,ECONOMY,DELAYED,Shipper 26,Consignee 42
CGO-1117,429-65083741,FLT-1011,EY8184,2,London Fog + Multiple Aircraft AOG,A6-EYK,AUH,LHR,Valuables,1282,3.34,20,N,,,N,,ECONOMY,DELAYED,Shipper 13,Consignee 21
CGO-1118,912-97366978,FLT-1011,EY8184,2,London Fog + Multiple Aircraft AOG,A6-EYK,AUH,LHR,Pharmaceuticals,1887,3.35,36,Y,-20.0,8.0,N,,EXPRESS,DELAYED,Shipper 30,Consignee 7
CGO-1119,788-58635098,FLT-1011,EY8184,2,London Fog + Multiple Aircraft AOG,A6-EYK,AUH,LHR,Valuables,520,9.27,5,N,,,N,,STANDARD,DELAYED,Shipper 84,Consignee 75
CGO-1120,566-34967915,FLT-1012,EY6268,2,London Fog + Multiple Aircraft AOG,A6-EYL,AUH,LHR,Dangerous Goods,1567,1.47,16,N,,,Y,8.0,ECONOMY,DELAYED,Shipper 78,Consignee 30
CGO-1121,812-86582991,FLT-1012,EY6268,2,London Fog + Multiple Aircraft AOG,A6-EYL,AUH,LHR,Valuables,50,2.64,29,N,,,N,,EXPRESS,DELAYED,Shipper 63,Consignee 7
CGO-1122,522-42231358,FLT-1012,EY6268,2,London Fog + Multiple Aircraft AOG,A6-EYL,AUH,LHR,General,1057,8.3,45,N,,,N,,STANDARD,DELAYED,Shipper 15,Consignee 61
CGO-1123,916-23108821,FLT-1012,EY6268,2,London Fog + Multiple Aircraft AOG,A6-EYL,AUH,LHR,Live Animals,1330,4.98,33,N,,,N,,ECONOMY,DELAYED,Shipper 51,Consignee 73
CGO-1124,500-66830271,FLT-1012,EY6268,2,London Fog + Multiple Aircraft AOG,A6-EYL,AUH,LHR,General,1752,2.65,12,N,,,N,,STANDARD,DELAYED,Shipper 13,Consignee 73
CGO-1125,959-83547226,FLT-1012,EY6268,2,London Fog + Multiple Aircraft AOG,A6-EYL,AUH,LHR,Valuables,1675,1.67,17,N,,,N,,ECONOMY,DELAYED,Shipper 7,Consignee 2
CGO-1126,697-13292314,FLT-1012,EY6268,2,London Fog + Multiple Aircraft AOG,A6-EYL,AUH,LHR,General,1533,6.76,19,N,,,N,,ECONOMY,DELAYED,Shipper 36,Consignee 15
CGO-1127,751-93304779,FLT-1012,EY6268,2,London Fog + Multiple Aircraft AOG,A6-EYL,AUH,LHR,Dangerous Goods,1429,9.64,46,N,,,Y,9.0,ECONOMY,DELAYED,Shipper 31,Consignee 35
CGO-1128,823-67431342,FLT-1012,EY6268,2,London Fog + Multiple Aircraft AOG,A6-EYL,AUH,LHR,General,1334,2.87,26,N,,,N,,EXPRESS,DELAYED,Shipper 45,Consignee 67
CGO-1129,793-66272934,FLT-1013,EY25,2,London Fog + Multiple Aircraft AOG,A6-EYF,LHR,AUH,Dangerous Goods,1239,4.11,43,N,,,Y,4.1,ECONOMY,DELAYED,Shipper 44,Consignee 20
CGO-1130,622-47856631,FLT-1013,EY25,2,London Fog + Multiple Aircraft AOG,A6-EYF,LHR,AUH,Live Animals,493,8.87,4,N,,,N,,EXPRESS,DELAYED,Shipper 2,Consignee 44
CGO-1131,130-20312107,FLT-1013,EY25,2,London Fog + Multiple Aircraft AOG,A6-EYF,LHR,AUH,Live Animals,822,9.93,29,N,,,N,,EXPRESS,DELAYED,Shipper 50,Consignee 65
CGO-1132,513-60918850,FLT-1013,EY25,2,London Fog + Multiple Aircraft AOG,A6-EYF,LHR,AUH,Perishable,790,9.81,37,Y,2.0,8.0,N,,EXPRESS,DELAYED,Shipper 47,Consignee 41
CGO-1133,974-65545690,FLT-1013,EY25,2,London Fog + Multiple Aircraft AOG,A6-EYF,LHR,AUH,Pharmaceuticals,1875,7.48,21,Y,-20.0,8.0,N,,STANDARD,DELAYED,Shipper 13,Consignee 25
CGO-1134,798-16225284,FLT-1013,EY25,2,London Fog + Multiple Aircraft AOG,A6-EYF,LHR,AUH,Valuables,1891,8.66,16,N,,,N,,ECONOMY,DELAYED,Shipper 12,Consignee 68
CGO-1135,789-42050879,FLT-1013,EY25,2,London Fog + Multiple Aircraft AOG,A6-EYF,LHR,AUH,Pharmaceuticals,866,7.38,25,Y,-20.0,8.0,N,,ECONOMY,DELAYED,Shipper 30,Consignee 24
CGO-1136,243-33770471,FLT-1013,EY25,2,London Fog + Multiple Aircraft AOG,A6-EYF,LHR,AUH,Valuables,1723,4.98,35,N,,,N,,STANDARD,DELAYED,Shipper 73,Consignee 90
CGO-1137,698-87504292,FLT-1013,EY25,2,London Fog + Multiple Aircraft AOG,A6-EYF,LHR,AUH,Valuables,1724,2.47,36,N,,,N,,EXPRESS,DELAYED,Shipper 49,Consignee 2
CGO-1138,364-57769091,FLT-1013,EY25,2,London Fog + Multiple Aircraft AOG,A6-EYF,LHR,AUH,Valuables,1380,2.05,37,N,,,N,,ECONOMY,DELAYED,Shipper 4,Consignee 64
CGO-1139,531-38806302,FLT-1013,EY25,2,London Fog + Multiple Aircraft AOG,A6-EYF,LHR,AUH,Dangerous Goods,973,4.22,43,N,,,Y,8.0,EXPRESS,DELAYED,Shipper 12,Consignee 100
CGO-1140,344-35209950,FLT-1013,EY25,2,London Fog + Multiple Aircraft AOG,A6-EYF,LHR,AUH,Valuables,1013,3.57,49,N,,,N,,STANDARD,DELAYED,Shipper 72,Consignee 41
CGO-1141,903-16788188,FLT-1013,EY25,2,London Fog + Multiple Aircraft AOG,A6-EYF,LHR,AUH,Dangerous Goods,1732,3.19,39,N,,,Y,9.0,ECONOMY,DELAYED,Shipper 50,Consignee 70
CGO-1142,568-15899306,FLT-1014,EY19,2,London Fog + Multiple Aircraft AOG,A6-EYG,LHR,AUH,Pharmaceuticals,599,7.83,42,Y,-20.0,8.0,N,,ECONOMY,DELAYED,Shipper 88,Consignee 17
CGO-1143,826-16440134,FLT-1014,EY19,2,London Fog + Multiple Aircraft AOG,A6-EYG,LHR,AUH,General,346,8.05,15,N,,,N,,ECONOMY,DELAYED,Shipper 34,Consignee 82
CGO-1144,964-54806123,FLT-1014,EY19,2,London Fog + Multiple Aircraft AOG,A6-EYG,LHR,AUH,Perishable,995,1.66,20,Y,2.0,8.0,N,,EXPRESS,DELAYED,Shipper 72,Consignee 98
CGO-1145,942-89926598,FLT-1014,EY19,2,London Fog + Multiple Aircraft AOG,A6-EYG,LHR,AUH,Pharmaceuticals,1521,7.94,35,Y,-20.0,8.0,N,,ECONOMY,DELAYED,Shipper 44,Consignee 79
CGO-1146,415-20824317,FLT-1014,EY19,2,London Fog + Multiple Aircraft AOG,A6-EYG,LHR,AUH,Dangerous Goods,311,9.02,37,N,,,Y,3.0,STANDARD,DELAYED,Shipper 12,Consignee 83
CGO-1147,634-48064788,FLT-1014,EY19,2,London Fog + Multiple Aircraft AOG,A6-EYG,LHR,AUH,Dangerous Goods,1631,7.31,25,N,,,Y,4.1,ECONOMY,DELAYED,Shipper 50,Consignee 47
CGO-1148,284-68269782,FLT-1014,EY19,2,London Fog + Multiple Aircraft AOG,A6-EYG,LHR,AUH,Perishable,1779,5.31,45,Y,2.0,8.0,N,,EXPRESS,DELAYED,Shipper 14,Consignee 14
CGO-1149,398-21343793,FLT-1014,EY19,2,London Fog + Multiple Aircraft AOG,A6-EYG,LHR,AUH,Pharmaceuticals,488,8.37,13,Y,-20.0,8.0,N,,ECONOMY,DELAYED,Shipper 24,Consignee 44
CGO-1150,729-88262763,FLT-1014,EY19,2,London Fog + Multiple Aircraft AOG,A6-EYG,LHR,AUH,Perishable,520,4.98,25,Y,2.0,8.0,N,,STANDARD,DELAYED,Shipper 39,Consignee 40
CGO-1151,750-41574394,FLT-1014,EY19,2,London Fog + Multiple Aircraft AOG,A6-EYG,LHR,AUH,Pharmaceuticals,86,1.24,45,Y,-20.0,8.0,N,,STANDARD,DELAYED,Shipper 28,Consignee 65
CGO-1152,581-77619952,FLT-1014,EY19,2,London Fog + Multiple Aircraft AOG,A6-EYG,LHR,AUH,General,1742,0.97,49,N,,,N,,STANDARD,DELAYED,Shipper 58,Consignee 52
CGO-1153,817-86048990,FLT-1014,EY19,2,London Fog + Multiple Aircraft AOG,A6-EYG,LHR,AUH,Valuables,222,6.49,26,N,,,N,,ECONOMY,DELAYED,Shipper 31,Consignee 54
CGO-1154,191-44222819,FLT-1014,EY19,2,London Fog + Multiple Aircraft AOG,A6-EYG,LHR,AUH,General,1442,1.66,13,N,,,N,,STANDARD,DELAYED,Shipper 19,Consignee 32
CGO-1155,521-16163865,FLT-1014,EY19,2,London Fog + Multiple Aircraft AOG,A6-EYG,LHR,AUH,Valuables,1709,6.39,14,N,,,N,,STANDARD,DELAYED,Shipper 25,Consignee 98
CGO-1156,346-23732068,FLT-1014,EY19,2,London Fog + Multiple Aircraft AOG,A6-EYG,LHR,AUH,Pharmaceuticals,1877,3.34,13,Y,-20.0,8.0,N,,STANDARD,DELAYED,Shipper 75,Consignee 60
CGO-1157,969-95193167,FLT-1015,EY11,2,London Fog + Multiple Aircraft AOG,A6-EYH,LHR,AUH,General,266,8.02,9,N,,,N,,ECONOMY,DELAYED,Shipper 11,Consignee 95
CGO-1158,438-47783123,FLT-1015,EY11,2,London Fog + Multiple Aircraft AOG,A6-EYH,LHR,AUH,Dangerous Goods,55,3.36,45,N,,,Y,4.1,ECONOMY,DELAYED,Shipper 25,Consignee 21
CGO-1159,929-54512217,FLT-1015,EY11,2,London Fog + Multiple Aircraft AOG,A6-EYH,LHR,AUH,Dangerous Goods,1882,7.33,31,N,,,Y,3.0,ECONOMY,DELAYED,Shipper 79,Consignee 64
CGO-1160,133-59794743,FLT-1015,EY11,2,London Fog + Multiple Aircraft AOG,A6-EYH,LHR,AUH,General,866,5.97,42,N,,,N,,EXPRESS,DELAYED,Shipper 65,Consignee 41
CGO-1161,349-27894413,FLT-1015,EY11,2,London Fog + Multiple Aircraft AOG,A6-EYH,LHR,AUH,Pharmaceuticals,777,7.59,20,Y,-20.0,8.0,N,,STANDARD,DELAYED,Shipper 46,Consignee 10
CGO-1162,661-35371098,FLT-1015,EY11,2,London Fog + Multiple Aircraft AOG,A6-EYH,LHR,AUH,Live Animals,962,5.19,34,N,,,N,,EXPRESS,DELAYED,Shipper 95,Consignee 67
CGO-1163,673-52066698,FLT-1015,EY11,2,London Fog + Multiple Aircraft AOG,A6-EYH,LHR,AUH,Perishable,931,8.03,2,Y,2.0,8.0,N,,STANDARD,DELAYED,Shipper 6,Consignee 3
CGO-1164,866-70037071,FLT-1016,EY26,2,London Fog + Multiple Aircraft AOG,A6-EYF,AUH,LHR,Pharmaceuticals,1068,9.69,3,Y,-20.0,8.0,N,,EXPRESS,DELAYED,Shipper 69,Consignee 63
CGO-1165,918-91704490,FLT-1016,EY26,2,London Fog + Multiple Aircraft AOG,A6-EYF,AUH,LHR,Perishable,1829,7.44,2,Y,2.0,8.0,N,,ECONOMY,DELAYED,Shipper 59,Consignee 4
CGO-1166,862-51188659,FLT-1016,EY26,2,London Fog + Multiple Aircraft AOG,A6-EYF,AUH,LHR,Dangerous Goods,732,4.81,7,N,,,Y,8.0,STANDARD,DELAYED,Shipper 100,Consignee 89
CGO-1167,368-86506529,FLT-1016,EY26,2,London Fog + Multiple Aircraft AOG,A6-EYF,AUH,LHR,Perishable,975,9.77,13,Y,2.0,8.0,N,,ECONOMY,DELAYED,Shipper 96,Consignee 17
CGO-1168,806-97375495,FLT-1016,EY26,2,London Fog + Multiple Aircraft AOG,A6-EYF,AUH,LHR,Perishable,1290,0.89,4,Y,2.0,8.0,N,,STANDARD,DELAYED,Shipper 18,Consignee 37
CGO-1169,545-77981745,FLT-1016,EY26,2,London Fog + Multiple Aircraft AOG,A6-EYF,AUH,LHR,General,1583,3.96,17,N,,,N,,ECONOMY,DELAYED,Shipper 24,Consignee 35
CGO-1170,717-60768919,FLT-1016,EY26,2,London Fog + Multiple Aircraft AOG,A6-EYF,AUH,LHR,Dangerous Goods,365,9.41,29,N,,,Y,3.0,STANDARD,DELAYED,Shipper 51,Consignee 16
CGO-1171,477-67215573,FLT-1016,EY26,2,London Fog + Multiple Aircraft AOG,A6-EYF,AUH,LHR,Pharmaceuticals,239,4.4,41,Y,-20.0,8.0,N,,STANDARD,DELAYED,Shipper 69,Consignee 83
CGO-1172,575-55321065,FLT-1016,EY26,2,London Fog + Multiple Aircraft AOG,A6-EYF,AUH,LHR,Live Animals,1478,6.37,18,N,,,N,,EXPRESS,DELAYED,Shipper 4,Consignee 3
CGO-1173,731-81427045,FLT-1016,EY26,2,London Fog + Multiple Aircraft AOG,A6-EYF,AUH,LHR,Live Animals,875,3.95,9,N,,,N,,ECONOMY,DELAYED,Shipper 51,Consignee 66
CGO-1174,802-62617038,FLT-1016,EY26,2,London Fog + Multiple Aircraft AOG,A6-EYF,AUH,LHR,Dangerous Goods,268,10.0,19,N,,,Y,8.0,EXPRESS,DELAYED,Shipper 5,Consignee 92
CGO-1175,735-92418950,FLT-1016,EY26,2,London Fog + Multiple Aircraft AOG,A6-EYF,AUH,LHR,Pharmaceuticals,359,9.06,9,Y,-20.0,8.0,N,,ECONOMY,DELAYED,Shipper 28,Consignee 35
CGO-1176,719-91919989,FLT-1016,EY26,2,London Fog + Multiple Aircraft AOG,A6-EYF,AUH,LHR,Perishable,1942,6.81,10,Y,2.0,8.0,N,,EXPRESS,DELAYED,Shipper 56,Consignee 15
CGO-1177,489-43478386,FLT-1016,EY26,2,London Fog + Multiple Aircraft AOG,A6-EYF,AUH,LHR,Live Animals,1722,2.44,28,N,,,N,,STANDARD,DELAYED,Shipper 57,Consignee 84
CGO-1178,244-55645718,FLT-1016,EY26,2,London Fog + Multiple Aircraft AOG,A6-EYF,AUH,LHR,Pharmaceuticals,1524,6.07,16,Y,-20.0,8.0,N,,ECONOMY,DELAYED,Shipper 39,Consignee 30
CGO-1179,236-23854923,FLT-1016,EY26,2,London Fog + Multiple Aircraft AOG,A6-EYF,AUH,LHR,Dangerous Goods,1705,2.76,36,N,,,Y,3.0,ECONOMY,DELAYED,Shipper 60,Consignee 68
CGO-1180,553-63350604,FLT-1016,EY26,2,London Fog + Multiple Aircraft AOG,A6-EYF,AUH,LHR,Perishable,142,1.55,11,Y,2.0,8.0,N,,ECONOMY,DELAYED,Shipper 68,Consignee 39
CGO-1181,668-82501397,FLT-1016,EY26,2,London Fog + Multiple Aircraft AOG,A6-EYF,AUH,LHR,Dangerous Goods,814,1.35,43,N,,,Y,4.1,ECONOMY,DELAYED,Shipper 90,Consignee 10
CGO-1182,216-21793191,FLT-1016,EY26,2,London Fog + Multiple Aircraft AOG,A6-EYF,AUH,LHR,Live Animals,945,2.01,43,N,,,N,,STANDARD,DELAYED,Shipper 34,Consignee 85
CGO-1183,421-65552305,FLT-1017,EY20,2,London Fog + Multiple Aircraft AOG,A6-EYG,AUH,LHR,Valuables,1003,6.63,4,N,,,N,,STANDARD,DELAYED,Shipper 46,Consignee 52
CGO-1184,904-95107723,FLT-1017,EY20,2,London Fog + Multiple Aircraft AOG,A6-EYG,AUH,LHR,Dangerous Goods,1876,6.59,15,N,,,Y,4.1,ECONOMY,DELAYED,Shipper 93,Consignee 96
CGO-1185,542-80611244,FLT-1017,EY20,2,London Fog + Multiple Aircraft AOG,A6-EYG,AUH,LHR,Perishable,161,5.12,28,Y,2.0,8.0,N,,EXPRESS,DELAYED,Shipper 39,Consignee 18
CGO-1186,426-35908830,FLT-1017,EY20,2,London Fog + Multiple Aircraft AOG,A6-EYG,AUH,LHR,General,413,9.17,38,N,,,N,,STANDARD,DELAYED,Shipper 49,Consignee 50
CGO-1187,457-51540405,FLT-1017,EY20,2,London Fog + Multiple Aircraft AOG,A6-EYG,AUH,LHR,Pharmaceuticals,936,5.49,18,Y,-20.0,8.0,N,,ECONOMY,DELAYED,Shipper 16,Consignee 34
CGO-1188,362-27505863,FLT-1017,EY20,2,London Fog + Multiple Aircraft AOG,A6-EYG,AUH,LHR,Dangerous Goods,1061,7.9,36,N,,,Y,4.1,EXPRESS,DELAYED,Shipper 62,Consignee 17
CGO-1189,817-90241299,FLT-1017,EY20,2,London Fog + Multiple Aircraft AOG,A6-EYG,AUH,LHR,Live Animals,986,2.87,48,N,,,N,,ECONOMY,DELAYED,Shipper 45,Consignee 100
CGO-1190,789-64359488,FLT-1017,EY20,2,London Fog + Multiple Aircraft AOG,A6-EYG,AUH,LHR,Dangerous Goods,604,7.09,27,N,,,Y,9.0,STANDARD,DELAYED,Shipper 81,Consignee 86
CGO-1191,858-60091502,FLT-1017,EY20,2,London Fog + Multiple Aircraft AOG,A6-EYG,AUH,LHR,General,741,8.35,34,N,,,N,,STANDARD,DELAYED,Shipper 82,Consignee 98
CGO-1192,469-26507809,FLT-1017,EY20,2,London Fog + Multiple Aircraft AOG,A6-EYG,AUH,LHR,Dangerous Goods,347,8.3,17,N,,,Y,4.1,EXPRESS,DELAYED,Shipper 38,Consignee 31
CGO-1193,751-36821779,FLT-1017,EY20,2,London Fog + Multiple Aircraft AOG,A6-EYG,AUH,LHR,Perishable,1079,9.71,27,Y,2.0,8.0,N,,STANDARD,DELAYED,Shipper 52,Consignee 87
CGO-1194,192-91815853,FLT-1017,EY20,2,London Fog + Multiple Aircraft AOG,A6-EYG,AUH,LHR,Perishable,835,3.83,42,Y,2.0,8.0,N,,STANDARD,DELAYED,Shipper 19,Consignee 95
CGO-1195,265-45507052,FLT-1017,EY20,2,London Fog + Multiple Aircraft AOG,A6-EYG,AUH,LHR,Perishable,1071,4.44,41,Y,2.0,8.0,N,,EXPRESS,DELAYED,Shipper 52,Consignee 41
CGO-1196,754-22606485,FLT-1017,EY20,2,London Fog + Multiple Aircraft AOG,A6-EYG,AUH,LHR,General,1530,0.85,3,N,,,N,,ECONOMY,DELAYED,Shipper 56,Consignee 76
CGO-1197,223-11336258,FLT-1017,EY20,2,London Fog + Multiple Aircraft AOG,A6-EYG,AUH,LHR,Perishable,351,2.08,39,Y,2.0,8.0,N,,EXPRESS,DELAYED,Shipper 63,Consignee 18
CGO-1198,695-13954297,FLT-1017,EY20,2,London Fog + Multiple Aircraft AOG,A6-EYG,AUH,LHR,Pharmaceuticals,1372,2.27,10,Y,-20.0,8.0,N,,STANDARD,DELAYED,Shipper 100,Consignee 74
CGO-1199,120-32941279,FLT-1017,EY20,2,London Fog + Multiple Aircraft AOG,A6-EYG,AUH,LHR,Dangerous Goods,1349,1.63,50,N,,,Y,9.0,EXPRESS,DELAYED,Shipper 33,Consignee 49
CGO-1200,989-64329384,FLT-1017,EY20,2,London Fog + Multiple Aircraft AOG,A6-EYG,AUH,LHR,Valuables,812,9.97,4,N,,,N,,ECONOMY,DELAYED,Shipper 77,Consignee 69
CGO-1201,336-49995414,FLT-1018,EY12,2,London Fog + Multiple Aircraft AOG,A6-EYH,AUH,LHR,Valuables,465,5.93,45,N,,,N,,ECONOMY,DELAYED,Shipper 3,Consignee 28
CGO-1202,849-65643586,FLT-1018,EY12,2,London Fog + Multiple Aircraft AOG,A6-EYH,AUH,LHR,Perishable,1259,1.9,12,Y,2.0,8.0,N,,EXPRESS,DELAYED,Shipper 51,Consignee 83
CGO-1203,156-12307382,FLT-1018,EY12,2,London Fog + Multiple Aircraft AOG,A6-EYH,AUH,LHR,Live Animals,1195,3.93,17,N,,,N,,ECONOMY,DELAYED,Shipper 25,Consignee 5
CGO-1204,153-22533574,FLT-1018,EY12,2,London Fog + Multiple Aircraft AOG,A6-EYH,AUH,LHR,Perishable,639,6.88,11,Y,2.0,8.0,N,,EXPRESS,DELAYED,Shipper 12,Consignee 95
CGO-1205,770-53542240,FLT-1018,EY12,2,London Fog + Multiple Aircraft AOG,A6-EYH,AUH,LHR,General,146,0.52,48,N,,,N,,STANDARD,DELAYED,Shipper 23,Consignee 35
CGO-1206,645-26953713,FLT-1018,EY12,2,London Fog + Multiple Aircraft AOG,A6-EYH,AUH,LHR,Live Animals,451,4.13,2,N,,,N,,STANDARD,DELAYED,Shipper 50,Consignee 24
CGO-1207,787-91827882,FLT-1018,EY12,2,London Fog + Multiple Aircraft AOG,A6-EYH,AUH,LHR,General,1811,3.91,32,N,,,N,,ECONOMY,DELAYED,Shipper 79,Consignee 1
CGO-1208,259-79385175,FLT-1018,EY12,2,London Fog + Multiple Aircraft AOG,A6-EYH,AUH,LHR,Dangerous Goods,714,3.68,17,N,,,Y,9.0,ECONOMY,DELAYED,Shipper 56,Consignee 88
CGO-1209,779-58359477,FLT-1018,EY12,2,London Fog + Multiple Aircraft AOG,A6-EYH,AUH,LHR,Perishable,1194,7.71,47,Y,2.0,8.0,N,,EXPRESS,DELAYED,Shipper 59,Consignee 3
CGO-1210,443-13374778,FLT-1018,EY12,2,London Fog + Multiple Aircraft AOG,A6-EYH,AUH,LHR,General,137,3.42,22,N,,,N,,STANDARD,DELAYED,Shipper 53,Consignee 78
CGO-1211,890-68494009,FLT-1018,EY12,2,London Fog + Multiple Aircraft AOG,A6-EYH,AUH,LHR,Dangerous Goods,481,5.07,47,N,,,Y,9.0,ECONOMY,DELAYED,Shipper 96,Consignee 87
CGO-1212,212-61719380,FLT-1018,EY12,2,London Fog + Multiple Aircraft AOG,A6-EYH,AUH,LHR,General,1127,8.51,48,N,,,N,,STANDARD,DELAYED,Shipper 37,Consignee 28
CGO-1213,240-85695813,FLT-1018,EY12,2,London Fog + Multiple Aircraft AOG,A6-EYH,AUH,LHR,Pharmaceuticals,1051,3.25,20,Y,-20.0,8.0,N,,ECONOMY,DELAYED,Shipper 28,Consignee 33
CGO-1214,523-93980627,FLT-1018,EY12,2,London Fog + Multiple Aircraft AOG,A6-EYH,AUH,LHR,Live Animals,350,7.43,19,N,,,N,,ECONOMY,DELAYED,Shipper 19,Consignee 90
CGO-1215,826-91023839,FLT-1018,EY12,2,London Fog + Multiple Aircraft AOG,A6-EYH,AUH,LHR,General,933,6.98,42,N,,,N,,ECONOMY,DELAYED,Shipper 2,Consignee 75
CGO-1216,546-51812835,FLT-1018,EY12,2,London Fog + Multiple Aircraft AOG,A6-EYH,AUH,LHR,Dangerous Goods,310,1.27,5,N,,,Y,9.0,EXPRESS,DELAYED,Shipper 74,Consignee 46
CGO-1217,582-75578606,FLT-1018,EY12,2,London Fog + Multiple Aircraft AOG,A6-EYH,AUH,LHR,Pharmaceuticals,1528,6.02,44,Y,-20.0,8.0,N,,STANDARD,DELAYED,Shipper 47,Consignee 5
CGO-1218,176-51503110,FLT-1018,EY12,2,London Fog + Multiple Aircraft AOG,A6-EYH,AUH,LHR,Dangerous Goods,1307,8.38,20,N,,,Y,9.0,ECONOMY,DELAYED,Shipper 74,Consignee 9
CGO-1219,371-32928583,FLT-1018,EY12,2,London Fog + Multiple Aircraft AOG,A6-EYH,AUH,LHR,Perishable,1131,0.7,6,Y,2.0,8.0,N,,STANDARD,DELAYED,Shipper 68,Consignee 45
CGO-1220,387-46037346,FLT-1019,EY334,2,London Fog + Multiple Aircraft AOG,A6-EYI,AUH,CDG,Dangerous Goods,366,0.76,48,N,,,Y,3.0,STANDARD,ON_TIME,Shipper 89,Consignee 10
CGO-1221,198-92425498,FLT-1019,EY334,2,London Fog + Multiple Aircraft AOG,A6-EYI,AUH,CDG,Dangerous Goods,1490,4.37,35,N,,,Y,8.0,ECONOMY,ON_TIME,Shipper 55,Consignee 84
CGO-1222,844-37915829,FLT-1019,EY334,2,London Fog + Multiple Aircraft AOG,A6-EYI,AUH,CDG,Dangerous Goods,974,5.81,34,N,,,Y,8.0,EXPRESS,ON_TIME,Shipper 25,Consignee 18
CGO-1223,912-19038368,FLT-1019,EY334,2,London Fog + Multiple Aircraft AOG,A6-EYI,AUH,CDG,Perishable,1924,7.71,41,Y,2.0,8.0,N,,ECONOMY,ON_TIME,Shipper 13,Consignee 86
CGO-1224,524-40616225,FLT-1019,EY334,2,London Fog + Multiple Aircraft AOG,A6-EYI,AUH,CDG,Live Animals,948,7.19,26,N,,,N,,EXPRESS,ON_TIME,Shipper 25,Consignee 65
CGO-1225,822-13474106,FLT-1020,EY1202,2,London Fog + Multiple Aircraft AOG,A6-EYJ,AUH,DEL,General,1226,4.62,4,N,,,N,,EXPRESS,ON_TIME,Shipper 11,Consignee 83
CGO-1226,558-33796862,FLT-1020,EY1202,2,London Fog + Multiple Aircraft AOG,A6-EYJ,AUH,DEL,Dangerous Goods,1939,4.71,7,N,,,Y,3.0,STANDARD,ON_TIME,Shipper 4,Consignee 16
CGO-1227,910-24541543,FLT-1020,EY1202,2,London Fog + Multiple Aircraft AOG,A6-EYJ,AUH,DEL,Dangerous Goods,248,6.89,49,N,,,Y,8.0,STANDARD,ON_TIME,Shipper 46,Consignee 36
CGO-1228,940-50239874,FLT-1020,EY1202,2,London Fog + Multiple Aircraft AOG,A6-EYJ,AUH,DEL,General,1928,8.35,42,N,,,N,,ECONOMY,ON_TIME,Shipper 51,Consignee 25
CGO-1229,484-57003354,FLT-1020,EY1202,2,London Fog + Multiple Aircraft AOG,A6-EYJ,AUH,DEL,Live Animals,1419,3.54,9,N,,,N,,EXPRESS,ON_TIME,Shipper 58,Consignee 81
CGO-1230,353-93256856,FLT-1020,EY1202,2,London Fog + Multiple Aircraft AOG,A6-EYJ,AUH,DEL,Live Animals,435,9.11,48,N,,,N,,STANDARD,ON_TIME,Shipper 5,Consignee 45
CGO-1231,378-42923954,FLT-1020,EY1202,2,London Fog + Multiple Aircraft AOG,A6-EYJ,AUH,DEL,Dangerous Goods,470,9.5,37,N,,,Y,4.1,STANDARD,ON_TIME,Shipper 46,Consignee 33
CGO-1232,500-93195060,FLT-1020,EY1202,2,London Fog + Multiple Aircraft AOG,A6-EYJ,AUH,DEL,Dangerous Goods,1477,4.39,40,N,,,Y,3.0,STANDARD,ON_TIME,Shipper 99,Consignee 59
CGO-1233,409-55538748,FLT-1020,EY1202,2,London Fog + Multiple Aircraft AOG,A6-EYJ,AUH,DEL,General,676,4.18,2,N,,,N,,EXPRESS,ON_TIME,Shipper 75,Consignee 53
CGO-1234,190-38232377,FLT-1020,EY1202,2,London Fog + Multiple Aircraft AOG,A6-EYJ,AUH,DEL,Perishable,1035,5.75,11,Y,2.0,8.0,N,,STANDARD,ON_TIME,Shipper 61,Consignee 52
CGO-1235,749-64880742,FLT-1020,EY1202,2,London Fog + Multiple Aircraft AOG,A6-EYJ,AUH,DEL,Pharmaceuticals,1528,9.46,33,Y,-20.0,8.0,N,,EXPRESS,ON_TIME,Shipper 39,Consignee 25
CGO-1236,751-18933322,FLT-1020,EY1202,2,London Fog + Multiple Aircraft AOG,A6-EYJ,AUH,DEL,Live Animals,1671,9.82,34,N,,,N,,ECONOMY,ON_TIME,Shipper 27,Consignee 27
CGO-1237,238-11383831,FLT-1020,EY1202,2,London Fog + Multiple Aircraft AOG,A6-EYJ,AUH,DEL,Pharmaceuticals,99,7.28,40,Y,-20.0,8.0,N,,ECONOMY,ON_TIME,Shipper 9,Consignee 89
CGO-1238,695-85776702,FLT-1020,EY1202,2,London Fog + Multiple Aircraft AOG,A6-EYJ,AUH,DEL,Pharmaceuticals,688,2.69,31,Y,-20.0,8.0,N,,STANDARD,ON_TIME,Shipper 64,Consignee 89
CGO-1239,926-65177748,FLT-1020,EY1202,2,London Fog + Multiple Aircraft AOG,A6-EYJ,AUH,DEL,Dangerous Goods,1418,2.58,28,N,,,Y,8.0,STANDARD,ON_TIME,Shipper 41,Consignee 85
CGO-1240,340-11709584,FLT-1020,EY1202,2,London Fog + Multiple Aircraft AOG,A6-EYJ,AUH,DEL,Perishable,378,9.38,19,Y,2.0,8.0,N,,ECONOMY,ON_TIME,Shipper 4,Consignee 46
CGO-1241,598-97437369,FLT-1020,EY1202,2,London Fog + Multiple Aircraft AOG,A6-EYJ,AUH,DEL,General,1597,2.04,17,N,,,N,,ECONOMY,ON_TIME,Shipper 66,Consignee 98
CGO-1242,355-41920359,FLT-1020,EY1202,2,London Fog + Multiple Aircraft AOG,A6-EYJ,AUH,DEL,Pharmaceuticals,1328,6.08,24,Y,-20.0,8.0,N,,STANDARD,ON_TIME,Shipper 99,Consignee 81
CGO-1243,814-51897019,FLT-1020,EY1202,2,London Fog + Multiple Aircraft AOG,A6-EYJ,AUH,DEL,Pharmaceuticals,298,5.66,14,Y,-20.0,8.0,N,,EXPRESS,ON_TIME,Shipper 87,Consignee 16
CGO-1244,592-11600621,FLT-1020,EY1202,2,London Fog + Multiple Aircraft AOG,A6-EYJ,AUH,DEL,Perishable,474,0.57,1,Y,2.0,8.0,N,,STANDARD,ON_TIME,Shipper 24,Consignee 78
CGO-1245,186-73780222,FLT-1021,EY639,2,London Fog + Multiple Aircraft AOG,A6-EYA,AUH,JFK,General,1296,5.77,8,N,,,N,,STANDARD,DELAYED,Shipper 69,Consignee 63
CGO-1246,554-39329087,FLT-1021,EY639,2,London Fog + Multiple Aircraft AOG,A6-EYA,AUH,JFK,General,512,6.36,17,N,,,N,,STANDARD,DELAYED,Shipper 74,Consignee 11
CGO-1247,667-13185771,FLT-1021,EY639,2,London Fog + Multiple Aircraft AOG,A6-EYA,AUH,JFK,Perishable,195,5.84,30,Y,2.0,8.0,N,,STANDARD,DELAYED,Shipper 76,Consignee 96
CGO-1248,759-25113510,FLT-1021,EY639,2,London Fog + Multiple Aircraft AOG,A6-EYA,AUH,JFK,Valuables,1262,1.01,8,N,,,N,,STANDARD,DELAYED,Shipper 56,Consignee 100
CGO-1249,107-55312388,FLT-1021,EY639,2,London Fog + Multiple Aircraft AOG,A6-EYA,AUH,JFK,General,1889,9.08,18,N,,,N,,EXPRESS,DELAYED,Shipper 78,Consignee 61
CGO-1250,649-33061755,FLT-1021,EY639,2,London Fog + Multiple Aircraft AOG,A6-EYA,AUH,JFK,General,1134,6.81,42,N,,,N,,EXPRESS,DELAYED,Shipper 22,Consignee 3
CGO-1251,995-32662487,FLT-1021,EY639,2,London Fog + Multiple Aircraft AOG,A6-EYA,AUH,JFK,Perishable,1968,3.53,36,Y,2.0,8.0,N,,EXPRESS,DELAYED,Shipper 19,Consignee 92
CGO-1252,584-99655475,FLT-1021,EY639,2,London Fog + Multiple Aircraft AOG,A6-EYA,AUH,JFK,Live Animals,343,0.52,5,N,,,N,,STANDARD,DELAYED,Shipper 28,Consignee 90
CGO-1253,442-44047087,FLT-1021,EY639,2,London Fog + Multiple Aircraft AOG,A6-EYA,AUH,JFK,Valuables,1817,5.27,49,N,,,N,,ECONOMY,DELAYED,Shipper 94,Consignee 99
CGO-1254,671-69653393,FLT-1022,EY454,2,London Fog + Multiple Aircraft AOG,A6-EYB,AUH,SYD,Valuables,1873,9.03,20,N,,,N,,STANDARD,DELAYED,Shipper 19,Consignee 92
CGO-1255,866-73445209,FLT-1022,EY454,2,London Fog + Multiple Aircraft AOG,A6-EYB,AUH,SYD,Perishable,686,2.27,29,Y,2.0,8.0,N,,EXPRESS,DELAYED,Shipper 30,Consignee 21
CGO-1256,441-75454305,FLT-1022,EY454,2,London Fog + Multiple Aircraft AOG,A6-EYB,AUH,SYD,Dangerous Goods,1904,2.62,30,N,,,Y,4.1,STANDARD,DELAYED,Shipper 65,Consignee 21
CGO-1257,819-36062197,FLT-1022,EY454,2,London Fog + Multiple Aircraft AOG,A6-EYB,AUH,SYD,Perishable,351,6.34,48,Y,2.0,8.0,N,,EXPRESS,DELAYED,Shipper 89,Consignee 38
CGO-1258,103-86616932,FLT-1022,EY454,2,London Fog + Multiple Aircraft AOG,A6-EYB,AUH,SYD,Valuables,1486,2.31,40,N,,,N,,EXPRESS,DELAYED,Shipper 97,Consignee 16
CGO-1259,228-27609522,FLT-1022,EY454,2,London Fog + Multiple Aircraft AOG,A6-EYB,AUH,SYD,Pharmaceuticals,731,3.89,47,Y,-20.0,8.0,N,,STANDARD,DELAYED,Shipper 58,Consignee 96
CGO-1260,792-27535845,FLT-1022,EY454,2,London Fog + Multiple Aircraft AOG,A6-EYB,AUH,SYD,Valuables,1014,8.59,1,N,,,N,,STANDARD,DELAYED,Shipper 8,Consignee 27
CGO-1261,228-25689657,FLT-1022,EY454,2,London Fog + Multiple Aircraft AOG,A6-EYB,AUH,SYD,General,966,1.85,7,N,,,N,,EXPRESS,DELAYED,Shipper 79,Consignee 87
CGO-1262,561-77295569,FLT-1022,EY454,2,London Fog + Multiple Aircraft AOG,A6-EYB,AUH,SYD,Pharmaceuticals,1703,6.29,38,Y,-20.0,8.0,N,,STANDARD,DELAYED,Shipper 47,Consignee 17
CGO-1263,341-44918158,FLT-1022,EY454,2,London Fog + Multiple Aircraft AOG,A6-EYB,AUH,SYD,Dangerous Goods,331,6.27,25,N,,,Y,9.0,STANDARD,DELAYED,Shipper 62,Consignee 37
CGO-1264,310-44340626,FLT-1022,EY454,2,London Fog + Multiple Aircraft AOG,A6-EYB,AUH,SYD,Perishable,328,9.16,29,Y,2.0,8.0,N,,ECONOMY,DELAYED,Shipper 94,Consignee 27
CGO-1265,201-84221994,FLT-1022,EY454,2,London Fog + Multiple Aircraft AOG,A6-EYB,AUH,SYD,Valuables,1642,2.13,42,N,,,N,,ECONOMY,DELAYED,Shipper 9,Consignee 30
CGO-1266,866-30573359,FLT-1022,EY454,2,London Fog + Multiple Aircraft AOG,A6-EYB,AUH,SYD,General,1906,1.53,40,N,,,N,,EXPRESS,DELAYED,Shipper 65,Consignee 85
CGO-1267,490-46027947,FLT-1022,EY454,2,London Fog + Multiple Aircraft AOG,A6-EYB,AUH,SYD,General,1073,6.83,17,N,,,N,,STANDARD,DELAYED,Shipper 97,Consignee 81
CGO-1268,482-52069370,FLT-1022,EY454,2,London Fog + Multiple Aircraft AOG,A6-EYB,AUH,SYD,General,977,3.36,28,N,,,N,,STANDARD,DELAYED,Shipper 14,Consignee 66
CGO-1269,218-18774044,FLT-1022,EY454,2,London Fog + Multiple Aircraft AOG,A6-EYB,AUH,SYD,Pharmaceuticals,418,7.06,11,Y,-20.0,8.0,N,,ECONOMY,DELAYED,Shipper 79,Consignee 68
CGO-1270,967-96003554,FLT-1022,EY454,2,London Fog + Multiple Aircraft AOG,A6-EYB,AUH,SYD,Pharmaceuticals,643,9.59,8,Y,-20.0,8.0,N,,EXPRESS,DELAYED,Shipper 49,Consignee 23
CGO-1271,558-85632681,FLT-1022,EY454,2,London Fog + Multiple Aircraft AOG,A6-EYB,AUH,SYD,Pharmaceuticals,1258,4.8,45,Y,-20.0,8.0,N,,STANDARD,DELAYED,Shipper 35,Consignee 43
CGO-1272,890-90519481,FLT-1023,EY3105,3,Singapore Thunderstorms + MEL Expiry Cascade,A6-EYM,AUH,SIN,Pharmaceuticals,728,4.39,2,Y,-20.0,8.0,N,,ECONOMY,DELAYED,Shipper 14,Consignee 18
CGO-1273,333-85651536,FLT-1023,EY3105,3,Singapore Thunderstorms + MEL Expiry Cascade,A6-EYM,AUH,SIN,General,421,5.26,3,N,,,N,,EXPRESS,DELAYED,Shipper 90,Consignee 14
CGO-1274,627-44858256,FLT-1023,EY3105,3,Singapore Thunderstorms + MEL Expiry Cascade,A6-EYM,AUH,SIN,Dangerous Goods,1567,0.79,16,N,,,Y,3.0,STANDARD,DELAYED,Shipper 39,Consignee 28
CGO-1275,967-17948985,FLT-1023,EY3105,3,Singapore Thunderstorms + MEL Expiry Cascade,A6-EYM,AUH,SIN,General,666,3.87,45,N,,,N,,EXPRESS,DELAYED,Shipper 71,Consignee 48
CGO-1276,424-79117992,FLT-1023,EY3105,3,Singapore Thunderstorms + MEL Expiry Cascade,A6-EYM,AUH,SIN,Dangerous Goods,1407,8.35,34,N,,,Y,8.0,EXPRESS,DELAYED,Shipper 93,Consignee 43
CGO-1277,352-52995313,FLT-1023,EY3105,3,Singapore Thunderstorms + MEL Expiry Cascade,A6-EYM,AUH,SIN,Valuables,460,1.53,50,N,,,N,,ECONOMY,DELAYED,Shipper 64,Consignee 3
CGO-1278,297-89409089,FLT-1023,EY3105,3,Singapore Thunderstorms + MEL Expiry Cascade,A6-EYM,AUH,SIN,General,1240,2.24,16,N,,,N,,EXPRESS,DELAYED,Shipper 88,Consignee 36
CGO-1279,238-96740687,FLT-1023,EY3105,3,Singapore Thunderstorms + MEL Expiry Cascade,A6-EYM,AUH,SIN,Dangerous Goods,1684,2.34,35,N,,,Y,9.0,STANDARD,DELAYED,Shipper 79,Consignee 45
CGO-1280,578-37308975,FLT-1023,EY3105,3,Singapore Thunderstorms + MEL Expiry Cascade,A6-EYM,AUH,SIN,Dangerous Goods,917,8.3,8,N,,,Y,4.1,STANDARD,DELAYED,Shipper 71,Consignee 92
CGO-1281,371-88668271,FLT-1023,EY3105,3,Singapore Thunderstorms + MEL Expiry Cascade,A6-EYM,AUH,SIN,Live Animals,736,9.05,40,N,,,N,,EXPRESS,DELAYED,Shipper 72,Consignee 35
CGO-1282,634-99953859,FLT-1023,EY3105,3,Singapore Thunderstorms + MEL Expiry Cascade,A6-EYM,AUH,SIN,Pharmaceuticals,1525,7.18,39,Y,-20.0,8.0,N,,EXPRESS,DELAYED,Shipper 66,Consignee 98
CGO-1283,434-46671048,FLT-1023,EY3105,3,Singapore Thunderstorms + MEL Expiry Cascade,A6-EYM,AUH,SIN,Valuables,424,2.41,45,N,,,N,,STANDARD,DELAYED,Shipper 100,Consignee 44
CGO-1284,877-48791508,FLT-1023,EY3105,3,Singapore Thunderstorms + MEL Expiry Cascade,A6-EYM,AUH,SIN,Pharmaceuticals,1217,1.15,11,Y,-20.0,8.0,N,,ECONOMY,DELAYED,Shipper 57,Consignee 17
CGO-1285,536-59216431,FLT-1023,EY3105,3,Singapore Thunderstorms + MEL Expiry Cascade,A6-EYM,AUH,SIN,Dangerous Goods,1311,9.79,47,N,,,Y,3.0,STANDARD,DELAYED,Shipper 27,Consignee 13
CGO-1286,642-52041295,FLT-1023,EY3105,3,Singapore Thunderstorms + MEL Expiry Cascade,A6-EYM,AUH,SIN,Pharmaceuticals,505,3.25,40,Y,-20.0,8.0,N,,EXPRESS,DELAYED,Shipper 58,Consignee 18
CGO-1287,752-96128605,FLT-1023,EY3105,3,Singapore Thunderstorms + MEL Expiry Cascade,A6-EYM,AUH,SIN,Pharmaceuticals,1904,9.33,37,Y,-20.0,8.0,N,,ECONOMY,DELAYED,Shipper 63,Consignee 83
CGO-1288,912-38748611,FLT-1023,EY3105,3,Singapore Thunderstorms + MEL Expiry Cascade,A6-EYM,AUH,SIN,Valuables,1400,1.27,42,N,,,N,,STANDARD,DELAYED,Shipper 98,Consignee 4
CGO-1289,914-27244314,FLT-1023,EY3105,3,Singapore Thunderstorms + MEL Expiry Cascade,A6-EYM,AUH,SIN,Perishable,782,9.6,41,Y,2.0,8.0,N,,STANDARD,DELAYED,Shipper 17,Consignee 5
CGO-1290,304-33483415,FLT-1024,EY472,3,Singapore Thunderstorms + MEL Expiry Cascade,A6-EYH,SIN,AUH,Live Animals,1714,6.25,40,N,,,N,,EXPRESS,DELAYED,Shipper 93,Consignee 76
CGO-1291,274-58277984,FLT-1024,EY472,3,Singapore Thunderstorms + MEL Expiry Cascade,A6-EYH,SIN,AUH,Perishable,1370,3.74,19,Y,2.0,8.0,N,,ECONOMY,DELAYED,Shipper 90,Consignee 4
CGO-1292,472-84523355,FLT-1024,EY472,3,Singapore Thunderstorms + MEL Expiry Cascade,A6-EYH,SIN,AUH,Live Animals,280,3.19,14,N,,,N,,STANDARD,DELAYED,Shipper 83,Consignee 97
CGO-1293,396-51048318,FLT-1024,EY472,3,Singapore Thunderstorms + MEL Expiry Cascade,A6-EYH,SIN,AUH,General,755,8.73,24,N,,,N,,STANDARD,DELAYED,Shipper 97,Consignee 30
CGO-1294,384-12992001,FLT-1024,EY472,3,Singapore Thunderstorms + MEL Expiry Cascade,A6-EYH,SIN,AUH,Pharmaceuticals,733,8.26,43,Y,-20.0,8.0,N,,ECONOMY,DELAYED,Shipper 79,Consignee 98
CGO-1295,428-94752880,FLT-1024,EY472,3,Singapore Thunderstorms + MEL Expiry Cascade,A6-EYH,SIN,AUH,Valuables,1711,4.91,43,N,,,N,,EXPRESS,DELAYED,Shipper 50,Consignee 20
CGO-1296,639-64002290,FLT-1024,EY472,3,Singapore Thunderstorms + MEL Expiry Cascade,A6-EYH,SIN,AUH,General,1646,8.94,31,N,,,N,,EXPRESS,DELAYED,Shipper 1,Consignee 85
CGO-1297,664-39223855,FLT-1024,EY472,3,Singapore Thunderstorms + MEL Expiry Cascade,A6-EYH,SIN,AUH,Live Animals,90,8.45,20,N,,,N,,EXPRESS,DELAYED,Shipper 93,Consignee 22
CGO-1298,407-43477221,FLT-1024,EY472,3,Singapore Thunderstorms + MEL Expiry Cascade,A6-EYH,SIN,AUH,Live Animals,852,2.67,4,N,,,N,,ECONOMY,DELAYED,Shipper 16,Consignee 94
CGO-1299,233-61391051,FLT-1024,EY472,3,Singapore Thunderstorms + MEL Expiry Cascade,A6-EYH,SIN,AUH,Perishable,1513,2.23,11,Y,2.0,8.0,N,,ECONOMY,DELAYED,Shipper 83,Consignee 9
CGO-1300,271-44242434,FLT-1024,EY472,3,Singapore Thunderstorms + MEL Expiry Cascade,A6-EYH,SIN,AUH,General,1402,6.64,19,N,,,N,,EXPRESS,DELAYED,Shipper 31,Consignee 33
CGO-1301,947-14854161,FLT-1024,EY472,3,Singapore Thunderstorms + MEL Expiry Cascade,A6-EYH,SIN,AUH,Dangerous Goods,1140,6.17,35,N,,,Y,3.0,STANDARD,DELAYED,Shipper 33,Consignee 59
CGO-1302,914-60349347,FLT-1024,EY472,3,Singapore Thunderstorms + MEL Expiry Cascade,A6-EYH,SIN,AUH,Pharmaceuticals,382,7.66,42,Y,-20.0,8.0,N,,ECONOMY,DELAYED,Shipper 97,Consignee 87
CGO-1303,562-95056330,FLT-1024,EY472,3,Singapore Thunderstorms + MEL Expiry Cascade,A6-EYH,SIN,AUH,Live Animals,1042,5.78,41,N,,,N,,EXPRESS,DELAYED,Shipper 56,Consignee 31
CGO-1304,801-47415432,FLT-1024,EY472,3,Singapore Thunderstorms + MEL Expiry Cascade,A6-EYH,SIN,AUH,Dangerous Goods,1551,6.02,25,N,,,Y,3.0,STANDARD,DELAYED,Shipper 92,Consignee 77
CGO-1305,845-78107254,FLT-1024,EY472,3,Singapore Thunderstorms + MEL Expiry Cascade,A6-EYH,SIN,AUH,Perishable,1891,3.72,1,Y,2.0,8.0,N,,STANDARD,DELAYED,Shipper 6,Consignee 31
CGO-1306,545-92923284,FLT-1024,EY472,3,Singapore Thunderstorms + MEL Expiry Cascade,A6-EYH,SIN,AUH,Valuables,312,2.45,37,N,,,N,,EXPRESS,DELAYED,Shipper 40,Consignee 10
CGO-1307,811-89673890,FLT-1024,EY472,3,Singapore Thunderstorms + MEL Expiry Cascade,A6-EYH,SIN,AUH,Valuables,589,2.96,34,N,,,N,,ECONOMY,DELAYED,Shipper 69,Consignee 71
CGO-1308,357-50000337,FLT-1024,EY472,3,Singapore Thunderstorms + MEL Expiry Cascade,A6-EYH,SIN,AUH,Dangerous Goods,581,0.86,40,N,,,Y,9.0,EXPRESS,DELAYED,Shipper 22,Consignee 27
CGO-1309,515-10948449,FLT-1024,EY472,3,Singapore Thunderstorms + MEL Expiry Cascade,A6-EYH,SIN,AUH,General,352,5.34,19,N,,,N,,ECONOMY,DELAYED,Shipper 73,Consignee 73
CGO-1310,184-82063593,FLT-1025,EY424,3,Singapore Thunderstorms + MEL Expiry Cascade,A6-EYN,AUH,SIN,Dangerous Goods,381,1.04,50,N,,,Y,4.1,STANDARD,DELAYED,Shipper 78,Consignee 70
CGO-1311,733-29107730,FLT-1025,EY424,3,Singapore Thunderstorms + MEL Expiry Cascade,A6-EYN,AUH,SIN,Valuables,1352,2.66,27,N,,,N,,EXPRESS,DELAYED,Shipper 44,Consignee 3
CGO-1312,325-12490335,FLT-1025,EY424,3,Singapore Thunderstorms + MEL Expiry Cascade,A6-EYN,AUH,SIN,Valuables,1311,5.92,29,N,,,N,,ECONOMY,DELAYED,Shipper 62,Consignee 29
CGO-1313,224-95668350,FLT-1025,EY424,3,Singapore Thunderstorms + MEL Expiry Cascade,A6-EYN,AUH,SIN,General,1130,4.66,2,N,,,N,,EXPRESS,DELAYED,Shipper 32,Consignee 23
CGO-1314,142-94169760,FLT-1025,EY424,3,Singapore Thunderstorms + MEL Expiry Cascade,A6-EYN,AUH,SIN,Live Animals,257,2.43,38,N,,,N,,EXPRESS,DELAYED,Shipper 14,Consignee 45
CGO-1315,475-45477761,FLT-1025,EY424,3,Singapore Thunderstorms + MEL Expiry Cascade,A6-EYN,AUH,SIN,Valuables,1375,7.24,8,N,,,N,,ECONOMY,DELAYED,Shipper 89,Consignee 91
CGO-1316,674-64958832,FLT-1025,EY424,3,Singapore Thunderstorms + MEL Expiry Cascade,A6-EYN,AUH,SIN,Perishable,432,5.39,18,Y,2.0,8.0,N,,EXPRESS,DELAYED,Shipper 91,Consignee 23
CGO-1317,637-93564674,FLT-1025,EY424,3,Singapore Thunderstorms + MEL Expiry Cascade,A6-EYN,AUH,SIN,Perishable,1432,8.56,32,Y,2.0,8.0,N,,ECONOMY,DELAYED,Shipper 82,Consignee 31
CGO-1318,319-61708353,FLT-1025,EY424,3,Singapore Thunderstorms + MEL Expiry Cascade,A6-EYN,AUH,SIN,Perishable,1380,3.94,9,Y,2.0,8.0,N,,STANDARD,DELAYED,Shipper 77,Consignee 90
CGO-1319,822-51109038,FLT-1025,EY424,3,Singapore Thunderstorms + MEL Expiry Cascade,A6-EYN,AUH,SIN,Dangerous Goods,1461,9.33,48,N,,,Y,9.0,EXPRESS,DELAYED,Shipper 81,Consignee 60
CGO-1320,820-50866174,FLT-1025,EY424,3,Singapore Thunderstorms + MEL Expiry Cascade,A6-EYN,AUH,SIN,Dangerous Goods,1462,8.03,48,N,,,Y,4.1,ECONOMY,DELAYED,Shipper 48,Consignee 43
CGO-1321,515-36494815,FLT-1025,EY424,3,Singapore Thunderstorms + MEL Expiry Cascade,A6-EYN,AUH,SIN,Dangerous Goods,1593,2.9,34,N,,,Y,9.0,EXPRESS,DELAYED,Shipper 30,Consignee 32
CGO-1322,190-38011043,FLT-1025,EY424,3,Singapore Thunderstorms + MEL Expiry Cascade,A6-EYN,AUH,SIN,Perishable,324,2.42,11,Y,2.0,8.0,N,,STANDARD,DELAYED,Shipper 21,Consignee 62
CGO-1323,825-63500678,FLT-1025,EY424,3,Singapore Thunderstorms + MEL Expiry Cascade,A6-EYN,AUH,SIN,General,836,2.39,46,N,,,N,,ECONOMY,DELAYED,Shipper 37,Consignee 70
CGO-1324,682-84049242,FLT-1025,EY424,3,Singapore Thunderstorms + MEL Expiry Cascade,A6-EYN,AUH,SIN,Perishable,1627,6.1,40,Y,2.0,8.0,N,,EXPRESS,DELAYED,Shipper 65,Consignee 7
CGO-1325,205-43979704,FLT-1025,EY424,3,Singapore Thunderstorms + MEL Expiry Cascade,A6-EYN,AUH,SIN,Valuables,1954,1.21,17,N,,,N,,EXPRESS,DELAYED,Shipper 65,Consignee 66
CGO-1326,183-80528679,FLT-1025,EY424,3,Singapore Thunderstorms + MEL Expiry Cascade,A6-EYN,AUH,SIN,General,1930,0.82,20,N,,,N,,ECONOMY,DELAYED,Shipper 49,Consignee 63
CGO-1327,912-41936134,FLT-1025,EY424,3,Singapore Thunderstorms + MEL Expiry Cascade,A6-EYN,AUH,SIN,Live Animals,1683,9.02,48,N,,,N,,ECONOMY,DELAYED,Shipper 20,Consignee 24
CGO-1328,821-62084137,FLT-1026,EY868,3,Singapore Thunderstorms + MEL Expiry Cascade,A6-EYO,SIN,AUH,Dangerous Goods,328,2.86,28,N,,,Y,8.0,EXPRESS,DELAYED,Shipper 78,Consignee 30
CGO-1329,185-90485037,FLT-1026,EY868,3,Singapore Thunderstorms + MEL Expiry Cascade,A6-EYO,SIN,AUH,General,366,4.43,2,N,,,N,,STANDARD,DELAYED,Shipper 35,Consignee 34
CGO-1330,572-13753062,FLT-1026,EY868,3,Singapore Thunderstorms + MEL Expiry Cascade,A6-EYO,SIN,AUH,Live Animals,1158,5.83,29,N,,,N,,EXPRESS,DELAYED,Shipper 63,Consignee 6
CGO-1331,789-76430574,FLT-1026,EY868,3,Singapore Thunderstorms + MEL Expiry Cascade,A6-EYO,SIN,AUH,Live Animals,194,5.53,47,N,,,N,,EXPRESS,DELAYED,Shipper 83,Consignee 34
CGO-1332,233-80022849,FLT-1026,EY868,3,Singapore Thunderstorms + MEL Expiry Cascade,A6-EYO,SIN,AUH,General,989,2.41,25,N,,,N,,STANDARD,DELAYED,Shipper 41,Consignee 37
CGO-1333,225-40805094,FLT-1026,EY868,3,Singapore Thunderstorms + MEL Expiry Cascade,A6-EYO,SIN,AUH,Perishable,1492,6.11,2,Y,2.0,8.0,N,,ECONOMY,DELAYED,Shipper 85,Consignee 27
CGO-1334,332-94876577,FLT-1026,EY868,3,Singapore Thunderstorms + MEL Expiry Cascade,A6-EYO,SIN,AUH,Dangerous Goods,1268,5.89,22,N,,,Y,8.0,EXPRESS,DELAYED,Shipper 8,Consignee 19
CGO-1335,359-39588918,FLT-1026,EY868,3,Singapore Thunderstorms + MEL Expiry Cascade,A6-EYO,SIN,AUH,Live Animals,722,8.83,28,N,,,N,,STANDARD,DELAYED,Shipper 91,Consignee 76
CGO-1336,467-81477893,FLT-1026,EY868,3,Singapore Thunderstorms + MEL Expiry Cascade,A6-EYO,SIN,AUH,Live Animals,1294,7.48,19,N,,,N,,EXPRESS,DELAYED,Shipper 20,Consignee 74
CGO-1337,413-18392378,FLT-1026,EY868,3,Singapore Thunderstorms + MEL Expiry Cascade,A6-EYO,SIN,AUH,Perishable,425,1.13,15,Y,2.0,8.0,N,,ECONOMY,DELAYED,Shipper 85,Consignee 91
CGO-1338,425-29016642,FLT-1026,EY868,3,Singapore Thunderstorms + MEL Expiry Cascade,A6-EYO,SIN,AUH,Valuables,1968,5.54,47,N,,,N,,EXPRESS,DELAYED,Shipper 99,Consignee 69
CGO-1339,324-93853576,FLT-1026,EY868,3,Singapore Thunderstorms + MEL Expiry Cascade,A6-EYO,SIN,AUH,Dangerous Goods,1459,6.68,33,N,,,Y,9.0,STANDARD,DELAYED,Shipper 10,Consignee 15
CGO-1340,645-78431970,FLT-1026,EY868,3,Singapore Thunderstorms + MEL Expiry Cascade,A6-EYO,SIN,AUH,Valuables,600,8.23,8,N,,,N,,ECONOMY,DELAYED,Shipper 49,Consignee 72
CGO-1341,851-28643431,FLT-1026,EY868,3,Singapore Thunderstorms + MEL Expiry Cascade,A6-EYO,SIN,AUH,General,381,7.0,2,N,,,N,,ECONOMY,DELAYED,Shipper 35,Consignee 37
CGO-1342,693-54193982,FLT-1026,EY868,3,Singapore Thunderstorms + MEL Expiry Cascade,A6-EYO,SIN,AUH,Perishable,1947,2.82,17,Y,2.0,8.0,N,,EXPRESS,DELAYED,Shipper 96,Consignee 21
CGO-1343,142-52944520,FLT-1026,EY868,3,Singapore Thunderstorms + MEL Expiry Cascade,A6-EYO,SIN,AUH,Live Animals,993,6.32,15,N,,,N,,ECONOMY,DELAYED,Shipper 1,Consignee 59
CGO-1344,934-24583544,FLT-1026,EY868,3,Singapore Thunderstorms + MEL Expiry Cascade,A6-EYO,SIN,AUH,Valuables,1738,2.55,46,N,,,N,,EXPRESS,DELAYED,Shipper 31,Consignee 39
CGO-1345,929-51804464,FLT-1027,EY473,3,Singapore Thunderstorms + MEL Expiry Cascade,A6-EYH,AUH,SIN,General,1344,8.8,42,N,,,N,,EXPRESS,DELAYED,Shipper 28,Consignee 42
CGO-1346,172-36030561,FLT-1027,EY473,3,Singapore Thunderstorms + MEL Expiry Cascade,A6-EYH,AUH,SIN,Pharmaceuticals,751,8.59,33,Y,-20.0,8.0,N,,STANDARD,DELAYED,Shipper 17,Consignee 54
CGO-1347,282-94309413,FLT-1027,EY473,3,Singapore Thunderstorms + MEL Expiry Cascade,A6-EYH,AUH,SIN,Valuables,819,3.57,43,N,,,N,,ECONOMY,DELAYED,Shipper 33,Consignee 28
CGO-1348,489-81059721,FLT-1027,EY473,3,Singapore Thunderstorms + MEL Expiry Cascade,A6-EYH,AUH,SIN,General,1015,2.12,25,N,,,N,,EXPRESS,DELAYED,Shipper 14,Consignee 42
CGO-1349,567-57041275,FLT-1027,EY473,3,Singapore Thunderstorms + MEL Expiry Cascade,A6-EYH,AUH,SIN,Perishable,438,3.38,33,Y,2.0,8.0,N,,STANDARD,DELAYED,Shipper 63,Consignee 27
CGO-1350,654-52129132,FLT-1027,EY473,3,Singapore Thunderstorms + MEL Expiry Cascade,A6-EYH,AUH,SIN,Perishable,1822,5.88,11,Y,2.0,8.0,N,,EXPRESS,DELAYED,Shipper 74,Consignee 22
CGO-1351,703-92018074,FLT-1027,EY473,3,Singapore Thunderstorms + MEL Expiry Cascade,A6-EYH,AUH,SIN,Pharmaceuticals,810,5.34,45,Y,-20.0,8.0,N,,STANDARD,DELAYED,Shipper 48,Consignee 26
CGO-1352,693-92382161,FLT-1027,EY473,3,Singapore Thunderstorms + MEL Expiry Cascade,A6-EYH,AUH,SIN,Live Animals,1321,3.65,21,N,,,N,,ECONOMY,DELAYED,Shipper 97,Consignee 90
CGO-1353,286-82933252,FLT-1028,EY425,3,Singapore Thunderstorms + MEL Expiry Cascade,A6-EYN,SIN,AUH,Perishable,1734,4.32,11,Y,2.0,8.0,N,,EXPRESS,DELAYED,Shipper 29,Consignee 20
CGO-1354,348-34677333,FLT-1028,EY425,3,Singapore Thunderstorms + MEL Expiry Cascade,A6-EYN,SIN,AUH,Pharmaceuticals,234,3.08,11,Y,-20.0,8.0,N,,EXPRESS,DELAYED,Shipper 83,Consignee 22
CGO-1355,735-65056246,FLT-1028,EY425,3,Singapore Thunderstorms + MEL Expiry Cascade,A6-EYN,SIN,AUH,Perishable,364,0.94,32,Y,2.0,8.0,N,,ECONOMY,DELAYED,Shipper 60,Consignee 75
CGO-1356,748-95439466,FLT-1028,EY425,3,Singapore Thunderstorms + MEL Expiry Cascade,A6-EYN,SIN,AUH,Valuables,980,9.0,50,N,,,N,,ECONOMY,DELAYED,Shipper 49,Consignee 26
CGO-1357,966-96750627,FLT-1028,EY425,3,Singapore Thunderstorms + MEL Expiry Cascade,A6-EYN,SIN,AUH,Perishable,1406,1.93,7,Y,2.0,8.0,N,,EXPRESS,DELAYED,Shipper 40,Consignee 53
CGO-1358,103-38029206,FLT-1028,EY425,3,Singapore Thunderstorms + MEL Expiry Cascade,A6-EYN,SIN,AUH,Pharmaceuticals,1495,7.72,9,Y,-20.0,8.0,N,,ECONOMY,DELAYED,Shipper 80,Consignee 42
CGO-1359,860-92032667,FLT-1028,EY425,3,Singapore Thunderstorms + MEL Expiry Cascade,A6-EYN,SIN,AUH,Dangerous Goods,805,4.29,21,N,,,Y,4.1,EXPRESS,DELAYED,Shipper 21,Consignee 2
CGO-1360,328-88737224,FLT-1028,EY425,3,Singapore Thunderstorms + MEL Expiry Cascade,A6-EYN,SIN,AUH,Dangerous Goods,1931,5.15,39,N,,,Y,3.0,STANDARD,DELAYED,Shipper 11,Consignee 52
CGO-1361,157-37358477,FLT-1028,EY425,3,Singapore Thunderstorms + MEL Expiry Cascade,A6-EYN,SIN,AUH,Pharmaceuticals,1046,8.66,17,Y,-20.0,8.0,N,,STANDARD,DELAYED,Shipper 28,Consignee 48
CGO-1362,403-35173846,FLT-1028,EY425,3,Singapore Thunderstorms + MEL Expiry Cascade,A6-EYN,SIN,AUH,Pharmaceuticals,1274,8.65,34,Y,-20.0,8.0,N,,ECONOMY,DELAYED,Shipper 32,Consignee 25
CGO-1363,612-78585653,FLT-1028,EY425,3,Singapore Thunderstorms + MEL Expiry Cascade,A6-EYN,SIN,AUH,Pharmaceuticals,865,1.11,25,Y,-20.0,8.0,N,,STANDARD,DELAYED,Shipper 99,Consignee 97
CGO-1364,926-66440325,FLT-1028,EY425,3,Singapore Thunderstorms + MEL Expiry Cascade,A6-EYN,SIN,AUH,Dangerous Goods,1870,2.88,22,N,,,Y,8.0,EXPRESS,DELAYED,Shipper 66,Consignee 95
CGO-1365,191-48635895,FLT-1028,EY425,3,Singapore Thunderstorms + MEL Expiry Cascade,A6-EYN,SIN,AUH,Perishable,1002,0.52,8,Y,2.0,8.0,N,,STANDARD,DELAYED,Shipper 49,Consignee 40
CGO-1366,600-95552275,FLT-1029,EY869,3,Singapore Thunderstorms + MEL Expiry Cascade,A6-EYO,AUH,SIN,General,355,9.83,13,N,,,N,,EXPRESS,DELAYED,Shipper 5,Consignee 83
CGO-1367,747-92227309,FLT-1029,EY869,3,Singapore Thunderstorms + MEL Expiry Cascade,A6-EYO,AUH,SIN,General,1525,5.47,20,N,,,N,,STANDARD,DELAYED,Shipper 63,Consignee 39
CGO-1368,813-20087941,FLT-1029,EY869,3,Singapore Thunderstorms + MEL Expiry Cascade,A6-EYO,AUH,SIN,Valuables,348,5.7,10,N,,,N,,STANDARD,DELAYED,Shipper 12,Consignee 64
CGO-1369,556-79652871,FLT-1029,EY869,3,Singapore Thunderstorms + MEL Expiry Cascade,A6-EYO,AUH,SIN,Valuables,1175,3.54,17,N,,,N,,EXPRESS,DELAYED,Shipper 16,Consignee 47
CGO-1370,406-62358298,FLT-1029,EY869,3,Singapore Thunderstorms + MEL Expiry Cascade,A6-EYO,AUH,SIN,Dangerous Goods,562,6.58,29,N,,,Y,4.1,ECONOMY,DELAYED,Shipper 40,Consignee 75
CGO-1371,772-81297884,FLT-1029,EY869,3,Singapore Thunderstorms + MEL Expiry Cascade,A6-EYO,AUH,SIN,Pharmaceuticals,104,3.72,11,Y,-20.0,8.0,N,,ECONOMY,DELAYED,Shipper 72,Consignee 67
CGO-1372,566-85654810,FLT-1029,EY869,3,Singapore Thunderstorms + MEL Expiry Cascade,A6-EYO,AUH,SIN,Dangerous Goods,748,0.9,39,N,,,Y,8.0,EXPRESS,DELAYED,Shipper 79,Consignee 62
CGO-1373,814-13629870,FLT-1029,EY869,3,Singapore Thunderstorms + MEL Expiry Cascade,A6-EYO,AUH,SIN,Valuables,165,8.84,20,N,,,N,,STANDARD,DELAYED,Shipper 20,Consignee 12
CGO-1374,878-75715083,FLT-1029,EY869,3,Singapore Thunderstorms + MEL Expiry Cascade,A6-EYO,AUH,SIN,Live Animals,1575,1.12,49,N,,,N,,STANDARD,DELAYED,Shipper 45,Consignee 4
CGO-1375,148-46458416,FLT-1030,EY334,3,Singapore Thunderstorms + MEL Expiry Cascade,A6-EYJ,AUH,CDG,Dangerous Goods,1015,9.14,9,N,,,Y,3.0,STANDARD,ON_TIME,Shipper 60,Consignee 98
CGO-1376,164-97823543,FLT-1030,EY334,3,Singapore Thunderstorms + MEL Expiry Cascade,A6-EYJ,AUH,CDG,Pharmaceuticals,1234,9.51,40,Y,-20.0,8.0,N,,STANDARD,ON_TIME,Shipper 78,Consignee 20
CGO-1377,450-38094690,FLT-1030,EY334,3,Singapore Thunderstorms + MEL Expiry Cascade,A6-EYJ,AUH,CDG,Valuables,1932,5.14,43,N,,,N,,EXPRESS,ON_TIME,Shipper 60,Consignee 25
CGO-1378,331-50757502,FLT-1030,EY334,3,Singapore Thunderstorms + MEL Expiry Cascade,A6-EYJ,AUH,CDG,Valuables,1690,0.69,24,N,,,N,,STANDARD,ON_TIME,Shipper 30,Consignee 75
CGO-1379,953-58955496,FLT-1030,EY334,3,Singapore Thunderstorms + MEL Expiry Cascade,A6-EYJ,AUH,CDG,Pharmaceuticals,1989,7.62,35,Y,-20.0,8.0,N,,STANDARD,ON_TIME,Shipper 26,Consignee 21
CGO-1380,668-51268469,FLT-1030,EY334,3,Singapore Thunderstorms + MEL Expiry Cascade,A6-EYJ,AUH,CDG,Valuables,383,4.5,30,N,,,N,,STANDARD,ON_TIME,Shipper 45,Consignee 79
CGO-1381,756-72845924,FLT-1030,EY334,3,Singapore Thunderstorms + MEL Expiry Cascade,A6-EYJ,AUH,CDG,Perishable,1259,9.69,38,Y,2.0,8.0,N,,STANDARD,ON_TIME,Shipper 1,Consignee 86
CGO-1382,302-15806515,FLT-1030,EY334,3,Singapore Thunderstorms + MEL Expiry Cascade,A6-EYJ,AUH,CDG,Perishable,1475,3.26,13,Y,2.0,8.0,N,,ECONOMY,ON_TIME,Shipper 99,Consignee 53
CGO-1383,707-26599161,FLT-1030,EY334,3,Singapore Thunderstorms + MEL Expiry Cascade,A6-EYJ,AUH,CDG,Dangerous Goods,1094,1.78,13,N,,,Y,9.0,ECONOMY,ON_TIME,Shipper 8,Consignee 96
CGO-1384,876-67921137,FLT-1030,EY334,3,Singapore Thunderstorms + MEL Expiry Cascade,A6-EYJ,AUH,CDG,Valuables,850,5.94,31,N,,,N,,EXPRESS,ON_TIME,Shipper 28,Consignee 48
CGO-1385,757-70394438,FLT-1030,EY334,3,Singapore Thunderstorms + MEL Expiry Cascade,A6-EYJ,AUH,CDG,Perishable,740,9.86,3,Y,2.0,8.0,N,,STANDARD,ON_TIME,Shipper 1,Consignee 31
CGO-1386,772-74492872,FLT-1031,EY2796,4,Paris Winter Storm + Temperature-Controlled Cargo Crisis,A6-EYI,AUH,CDG,Dangerous Goods,971,4.63,47,N,,,Y,3.0,STANDARD,DELAYED,Shipper 2,Consignee 64
CGO-1387,516-62662804,FLT-1031,EY2796,4,Paris Winter Storm + Temperature-Controlled Cargo Crisis,A6-EYI,AUH,CDG,Pharmaceuticals,1282,2.37,48,Y,-20.0,8.0,N,,ECONOMY,DELAYED,Shipper 97,Consignee 10
CGO-1388,581-21998925,FLT-1031,EY2796,4,Paris Winter Storm + Temperature-Controlled Cargo Crisis,A6-EYI,AUH,CDG,Live Animals,939,6.06,20,N,,,N,,ECONOMY,DELAYED,Shipper 48,Consignee 27
CGO-1389,207-97153482,FLT-1031,EY2796,4,Paris Winter Storm + Temperature-Controlled Cargo Crisis,A6-EYI,AUH,CDG,Live Animals,1198,4.9,26,N,,,N,,EXPRESS,DELAYED,Shipper 35,Consignee 94
CGO-1390,977-70078679,FLT-1031,EY2796,4,Paris Winter Storm + Temperature-Controlled Cargo Crisis,A6-EYI,AUH,CDG,Pharmaceuticals,112,9.98,38,Y,-20.0,8.0,N,,EXPRESS,DELAYED,Shipper 38,Consignee 8
CGO-1391,191-18514899,FLT-1031,EY2796,4,Paris Winter Storm + Temperature-Controlled Cargo Crisis,A6-EYI,AUH,CDG,Perishable,777,5.1,2,Y,2.0,8.0,N,,ECONOMY,DELAYED,Shipper 69,Consignee 78
CGO-1392,286-40535026,FLT-1031,EY2796,4,Paris Winter Storm + Temperature-Controlled Cargo Crisis,A6-EYI,AUH,CDG,Live Animals,517,3.98,26,N,,,N,,ECONOMY,DELAYED,Shipper 78,Consignee 1
CGO-1393,354-99302018,FLT-1031,EY2796,4,Paris Winter Storm + Temperature-Controlled Cargo Crisis,A6-EYI,AUH,CDG,Valuables,1532,6.24,44,N,,,N,,EXPRESS,DELAYED,Shipper 1,Consignee 47
CGO-1394,670-21396547,FLT-1031,EY2796,4,Paris Winter Storm + Temperature-Controlled Cargo Crisis,A6-EYI,AUH,CDG,Pharmaceuticals,1930,9.69,43,Y,-20.0,8.0,N,,ECONOMY,DELAYED,Shipper 61,Consignee 68
CGO-1395,603-85319663,FLT-1031,EY2796,4,Paris Winter Storm + Temperature-Controlled Cargo Crisis,A6-EYI,AUH,CDG,General,1461,9.3,50,N,,,N,,EXPRESS,DELAYED,Shipper 99,Consignee 69
CGO-1396,490-43375131,FLT-1031,EY2796,4,Paris Winter Storm + Temperature-Controlled Cargo Crisis,A6-EYI,AUH,CDG,Perishable,453,2.3,32,Y,2.0,8.0,N,,STANDARD,DELAYED,Shipper 7,Consignee 27
CGO-1397,110-14094205,FLT-1031,EY2796,4,Paris Winter Storm + Temperature-Controlled Cargo Crisis,A6-EYI,AUH,CDG,Dangerous Goods,1665,5.57,15,N,,,Y,4.1,STANDARD,DELAYED,Shipper 37,Consignee 32
CGO-1398,710-10323748,FLT-1031,EY2796,4,Paris Winter Storm + Temperature-Controlled Cargo Crisis,A6-EYI,AUH,CDG,Live Animals,206,3.6,35,N,,,N,,ECONOMY,DELAYED,Shipper 49,Consignee 73
CGO-1399,551-47762002,FLT-1031,EY2796,4,Paris Winter Storm + Temperature-Controlled Cargo Crisis,A6-EYI,AUH,CDG,Dangerous Goods,600,8.18,10,N,,,Y,8.0,STANDARD,DELAYED,Shipper 53,Consignee 47
CGO-1400,159-17301010,FLT-1031,EY2796,4,Paris Winter Storm + Temperature-Controlled Cargo Crisis,A6-EYI,AUH,CDG,General,346,8.82,42,N,,,N,,ECONOMY,DELAYED,Shipper 72,Consignee 21
CGO-1401,555-89349099,FLT-1031,EY2796,4,Paris Winter Storm + Temperature-Controlled Cargo Crisis,A6-EYI,AUH,CDG,Valuables,1086,2.87,1,N,,,N,,STANDARD,DELAYED,Shipper 55,Consignee 32
CGO-1402,338-77852706,FLT-1032,EY334,4,Paris Winter Storm + Temperature-Controlled Cargo Crisis,A6-EYJ,AUH,CDG,General,715,2.96,42,N,,,N,,STANDARD,DELAYED,Shipper 80,Consignee 9
CGO-1403,925-56825687,FLT-1032,EY334,4,Paris Winter Storm + Temperature-Controlled Cargo Crisis,A6-EYJ,AUH,CDG,Pharmaceuticals,1986,9.18,46,Y,-20.0,8.0,N,,ECONOMY,DELAYED,Shipper 40,Consignee 84
CGO-1404,540-78069976,FLT-1032,EY334,4,Paris Winter Storm + Temperature-Controlled Cargo Crisis,A6-EYJ,AUH,CDG,Live Animals,800,8.51,9,N,,,N,,ECONOMY,DELAYED,Shipper 74,Consignee 18
CGO-1405,791-99534576,FLT-1032,EY334,4,Paris Winter Storm + Temperature-Controlled Cargo Crisis,A6-EYJ,AUH,CDG,Valuables,1796,7.26,41,N,,,N,,EXPRESS,DELAYED,Shipper 47,Consignee 99
CGO-1406,828-69501205,FLT-1032,EY334,4,Paris Winter Storm + Temperature-Controlled Cargo Crisis,A6-EYJ,AUH,CDG,Valuables,1183,8.0,21,N,,,N,,STANDARD,DELAYED,Shipper 27,Consignee 61
CGO-1407,823-37216576,FLT-1032,EY334,4,Paris Winter Storm + Temperature-Controlled Cargo Crisis,A6-EYJ,AUH,CDG,General,1927,1.31,12,N,,,N,,STANDARD,DELAYED,Shipper 100,Consignee 18
CGO-1408,985-84538992,FLT-1032,EY334,4,Paris Winter Storm + Temperature-Controlled Cargo Crisis,A6-EYJ,AUH,CDG,Valuables,811,4.66,43,N,,,N,,STANDARD,DELAYED,Shipper 72,Consignee 44
CGO-1409,326-50118046,FLT-1032,EY334,4,Paris Winter Storm + Temperature-Controlled Cargo Crisis,A6-EYJ,AUH,CDG,Valuables,588,8.33,14,N,,,N,,STANDARD,DELAYED,Shipper 79,Consignee 78
CGO-1410,318-42467674,FLT-1032,EY334,4,Paris Winter Storm + Temperature-Controlled Cargo Crisis,A6-EYJ,AUH,CDG,Perishable,743,6.87,3,Y,2.0,8.0,N,,ECONOMY,DELAYED,Shipper 66,Consignee 53
CGO-1411,476-90225315,FLT-1032,EY334,4,Paris Winter Storm + Temperature-Controlled Cargo Crisis,A6-EYJ,AUH,CDG,Pharmaceuticals,1845,9.0,26,Y,-20.0,8.0,N,,STANDARD,DELAYED,Shipper 68,Consignee 26
CGO-1412,782-34063703,FLT-1032,EY334,4,Paris Winter Storm + Temperature-Controlled Cargo Crisis,A6-EYJ,AUH,CDG,Dangerous Goods,1114,9.02,29,N,,,Y,9.0,EXPRESS,DELAYED,Shipper 22,Consignee 80
CGO-1413,794-59182612,FLT-1032,EY334,4,Paris Winter Storm + Temperature-Controlled Cargo Crisis,A6-EYJ,AUH,CDG,Dangerous Goods,459,6.47,41,N,,,Y,9.0,ECONOMY,DELAYED,Shipper 24,Consignee 66
CGO-1414,669-98873194,FLT-1032,EY334,4,Paris Winter Storm + Temperature-Controlled Cargo Crisis,A6-EYJ,AUH,CDG,General,1044,2.89,3,N,,,N,,STANDARD,DELAYED,Shipper 88,Consignee 77
CGO-1415,103-42185073,FLT-1032,EY334,4,Paris Winter Storm + Temperature-Controlled Cargo Crisis,A6-EYJ,AUH,CDG,Pharmaceuticals,1955,5.14,32,Y,-20.0,8.0,N,,EXPRESS,DELAYED,Shipper 70,Consignee 94
CGO-1416,826-46372847,FLT-1032,EY334,4,Paris Winter Storm + Temperature-Controlled Cargo Crisis,A6-EYJ,AUH,CDG,General,187,3.85,37,N,,,N,,STANDARD,DELAYED,Shipper 41,Consignee 7
CGO-1417,334-44093115,FLT-1032,EY334,4,Paris Winter Storm + Temperature-Controlled Cargo Crisis,A6-EYJ,AUH,CDG,General,837,5.03,45,N,,,N,,STANDARD,DELAYED,Shipper 41,Consignee 29
CGO-1418,633-97342239,FLT-1032,EY334,4,Paris Winter Storm + Temperature-Controlled Cargo Crisis,A6-EYJ,AUH,CDG,Dangerous Goods,1743,6.62,33,N,,,Y,4.1,ECONOMY,DELAYED,Shipper 60,Consignee 24
CGO-1419,880-21103753,FLT-1032,EY334,4,Paris Winter Storm + Temperature-Controlled Cargo Crisis,A6-EYJ,AUH,CDG,Pharmaceuticals,1711,7.45,30,Y,-20.0,8.0,N,,ECONOMY,DELAYED,Shipper 29,Consignee 65
CGO-1420,227-60058882,FLT-1033,EY1677,4,Paris Winter Storm + Temperature-Controlled Cargo Crisis,A6-EYK,AUH,CDG,General,410,5.56,50,N,,,N,,STANDARD,DELAYED,Shipper 30,Consignee 77
CGO-1421,960-23859391,FLT-1033,EY1677,4,Paris Winter Storm + Temperature-Controlled Cargo Crisis,A6-EYK,AUH,CDG,Dangerous Goods,83,7.48,4,N,,,Y,4.1,STANDARD,DELAYED,Shipper 43,Consignee 33
CGO-1422,447-81228939,FLT-1033,EY1677,4,Paris Winter Storm + Temperature-Controlled Cargo Crisis,A6-EYK,AUH,CDG,Perishable,487,8.93,18,Y,2.0,8.0,N,,ECONOMY,DELAYED,Shipper 52,Consignee 11
CGO-1423,373-96889839,FLT-1033,EY1677,4,Paris Winter Storm + Temperature-Controlled Cargo Crisis,A6-EYK,AUH,CDG,Pharmaceuticals,1144,7.62,24,Y,-20.0,8.0,N,,STANDARD,DELAYED,Shipper 94,Consignee 9
CGO-1424,311-73324822,FLT-1033,EY1677,4,Paris Winter Storm + Temperature-Controlled Cargo Crisis,A6-EYK,AUH,CDG,Dangerous Goods,1081,7.74,48,N,,,Y,8.0,STANDARD,DELAYED,Shipper 5,Consignee 22
CGO-1425,650-26687416,FLT-1033,EY1677,4,Paris Winter Storm + Temperature-Controlled Cargo Crisis,A6-EYK,AUH,CDG,Perishable,1860,8.57,7,Y,2.0,8.0,N,,ECONOMY,DELAYED,Shipper 41,Consignee 21
CGO-1426,885-33437622,FLT-1034,EY462,4,Paris Winter Storm + Temperature-Controlled Cargo Crisis,A6-EYL,AUH,FRA,Live Animals,448,6.52,30,N,,,N,,ECONOMY,DELAYED,Shipper 12,Consignee 85
CGO-1427,826-46601563,FLT-1034,EY462,4,Paris Winter Storm + Temperature-Controlled Cargo Crisis,A6-EYL,AUH,FRA,Valuables,294,9.83,1,N,,,N,,ECONOMY,DELAYED,Shipper 48,Consignee 13
CGO-1428,670-93534552,FLT-1034,EY462,4,Paris Winter Storm + Temperature-Controlled Cargo Crisis,A6-EYL,AUH,FRA,Pharmaceuticals,601,9.66,2,Y,-20.0,8.0,N,,STANDARD,DELAYED,Shipper 49,Consignee 68
CGO-1429,451-34716800,FLT-1034,EY462,4,Paris Winter Storm + Temperature-Controlled Cargo Crisis,A6-EYL,AUH,FRA,Pharmaceuticals,96,1.47,36,Y,-20.0,8.0,N,,ECONOMY,DELAYED,Shipper 59,Consignee 4
CGO-1430,385-70818428,FLT-1034,EY462,4,Paris Winter Storm + Temperature-Controlled Cargo Crisis,A6-EYL,AUH,FRA,Valuables,1353,1.36,27,N,,,N,,STANDARD,DELAYED,Shipper 31,Consignee 71
CGO-1431,728-30406743,FLT-1035,EY2797,4,Paris Winter Storm + Temperature-Controlled Cargo Crisis,A6-EYI,CDG,AUH,Valuables,1809,5.03,26,N,,,N,,STANDARD,DELAYED,Shipper 22,Consignee 99
CGO-1432,618-55854308,FLT-1035,EY2797,4,Paris Winter Storm + Temperature-Controlled Cargo Crisis,A6-EYI,CDG,AUH,Dangerous Goods,1081,3.31,4,N,,,Y,8.0,STANDARD,DELAYED,Shipper 95,Consignee 83
CGO-1433,822-33265662,FLT-1035,EY2797,4,Paris Winter Storm + Temperature-Controlled Cargo Crisis,A6-EYI,CDG,AUH,Valuables,1786,5.47,49,N,,,N,,EXPRESS,DELAYED,Shipper 47,Consignee 100
CGO-1434,437-92781097,FLT-1035,EY2797,4,Paris Winter Storm + Temperature-Controlled Cargo Crisis,A6-EYI,CDG,AUH,Live Animals,1843,6.0,20,N,,,N,,ECONOMY,DELAYED,Shipper 67,Consignee 80
CGO-1435,153-99848384,FLT-1035,EY2797,4,Paris Winter Storm + Temperature-Controlled Cargo Crisis,A6-EYI,CDG,AUH,Pharmaceuticals,1616,6.83,7,Y,-20.0,8.0,N,,STANDARD,DELAYED,Shipper 66,Consignee 90
CGO-1436,743-98072471,FLT-1035,EY2797,4,Paris Winter Storm + Temperature-Controlled Cargo Crisis,A6-EYI,CDG,AUH,Dangerous Goods,1859,8.12,26,N,,,Y,4.1,ECONOMY,DELAYED,Shipper 71,Consignee 4
CGO-1437,507-32388003,FLT-1035,EY2797,4,Paris Winter Storm + Temperature-Controlled Cargo Crisis,A6-EYI,CDG,AUH,Perishable,1523,9.35,15,Y,2.0,8.0,N,,ECONOMY,DELAYED,Shipper 20,Consignee 68
CGO-1438,835-65696927,FLT-1035,EY2797,4,Paris Winter Storm + Temperature-Controlled Cargo Crisis,A6-EYI,CDG,AUH,Live Animals,958,7.2,35,N,,,N,,ECONOMY,DELAYED,Shipper 10,Consignee 33
CGO-1439,256-83981326,FLT-1035,EY2797,4,Paris Winter Storm + Temperature-Controlled Cargo Crisis,A6-EYI,CDG,AUH,Live Animals,1017,7.67,21,N,,,N,,EXPRESS,DELAYED,Shipper 26,Consignee 72
CGO-1440,913-78848736,FLT-1035,EY2797,4,Paris Winter Storm + Temperature-Controlled Cargo Crisis,A6-EYI,CDG,AUH,Dangerous Goods,881,9.74,22,N,,,Y,3.0,ECONOMY,DELAYED,Shipper 95,Consignee 74
CGO-1441,195-47145991,FLT-1035,EY2797,4,Paris Winter Storm + Temperature-Controlled Cargo Crisis,A6-EYI,CDG,AUH,Live Animals,1909,9.59,16,N,,,N,,ECONOMY,DELAYED,Shipper 48,Consignee 24
CGO-1442,949-60268944,FLT-1035,EY2797,4,Paris Winter Storm + Temperature-Controlled Cargo Crisis,A6-EYI,CDG,AUH,Perishable,1055,3.37,26,Y,2.0,8.0,N,,STANDARD,DELAYED,Shipper 33,Consignee 95
CGO-1443,682-72304015,FLT-1035,EY2797,4,Paris Winter Storm + Temperature-Controlled Cargo Crisis,A6-EYI,CDG,AUH,General,434,4.15,50,N,,,N,,ECONOMY,DELAYED,Shipper 90,Consignee 50
CGO-1444,880-92481925,FLT-1036,EY335,4,Paris Winter Storm + Temperature-Controlled Cargo Crisis,A6-EYJ,CDG,AUH,Live Animals,1371,3.31,38,N,,,N,,ECONOMY,DELAYED,Shipper 56,Consignee 35
CGO-1445,409-28078722,FLT-1036,EY335,4,Paris Winter Storm + Temperature-Controlled Cargo Crisis,A6-EYJ,CDG,AUH,General,357,0.74,33,N,,,N,,EXPRESS,DELAYED,Shipper 28,Consignee 21
CGO-1446,421-47197536,FLT-1036,EY335,4,Paris Winter Storm + Temperature-Controlled Cargo Crisis,A6-EYJ,CDG,AUH,Live Animals,1061,7.97,16,N,,,N,,EXPRESS,DELAYED,Shipper 86,Consignee 98
CGO-1447,123-55903770,FLT-1036,EY335,4,Paris Winter Storm + Temperature-Controlled Cargo Crisis,A6-EYJ,CDG,AUH,Perishable,712,1.64,19,Y,2.0,8.0,N,,STANDARD,DELAYED,Shipper 61,Consignee 14
CGO-1448,294-21816916,FLT-1036,EY335,4,Paris Winter Storm + Temperature-Controlled Cargo Crisis,A6-EYJ,CDG,AUH,General,1213,3.61,17,N,,,N,,STANDARD,DELAYED,Shipper 9,Consignee 71
CGO-1449,372-10774873,FLT-1036,EY335,4,Paris Winter Storm + Temperature-Controlled Cargo Crisis,A6-EYJ,CDG,AUH,Perishable,1326,8.59,47,Y,2.0,8.0,N,,EXPRESS,DELAYED,Shipper 91,Consignee 20
CGO-1450,581-28405862,FLT-1036,EY335,4,Paris Winter Storm + Temperature-Controlled Cargo Crisis,A6-EYJ,CDG,AUH,General,1825,7.8,7,N,,,N,,STANDARD,DELAYED,Shipper 75,Consignee 33
CGO-1451,667-12493464,FLT-1036,EY335,4,Paris Winter Storm + Temperature-Controlled Cargo Crisis,A6-EYJ,CDG,AUH,Live Animals,1278,5.58,16,N,,,N,,ECONOMY,DELAYED,Shipper 86,Consignee 48
CGO-1452,997-96903001,FLT-1037,EY1678,4,Paris Winter Storm + Temperature-Controlled Cargo Crisis,A6-EYK,CDG,AUH,General,688,9.08,40,N,,,N,,ECONOMY,DELAYED,Shipper 22,Consignee 73
CGO-1453,499-39226009,FLT-1037,EY1678,4,Paris Winter Storm + Temperature-Controlled Cargo Crisis,A6-EYK,CDG,AUH,Valuables,1417,4.64,20,N,,,N,,STANDARD,DELAYED,Shipper 55,Consignee 92
CGO-1454,942-73571918,FLT-1037,EY1678,4,Paris Winter Storm + Temperature-Controlled Cargo Crisis,A6-EYK,CDG,AUH,Pharmaceuticals,1743,9.15,18,Y,-20.0,8.0,N,,ECONOMY,DELAYED,Shipper 35,Consignee 92
CGO-1455,950-40951220,FLT-1037,EY1678,4,Paris Winter Storm + Temperature-Controlled Cargo Crisis,A6-EYK,CDG,AUH,Pharmaceuticals,843,3.4,12,Y,-20.0,8.0,N,,STANDARD,DELAYED,Shipper 10,Consignee 2
CGO-1456,661-24205680,FLT-1037,EY1678,4,Paris Winter Storm + Temperature-Controlled Cargo Crisis,A6-EYK,CDG,AUH,General,765,1.71,24,N,,,N,,ECONOMY,DELAYED,Shipper 94,Consignee 46
CGO-1457,569-47708445,FLT-1037,EY1678,4,Paris Winter Storm + Temperature-Controlled Cargo Crisis,A6-EYK,CDG,AUH,Dangerous Goods,1567,1.92,23,N,,,Y,3.0,ECONOMY,DELAYED,Shipper 69,Consignee 83
CGO-1458,701-60015091,FLT-1037,EY1678,4,Paris Winter Storm + Temperature-Controlled Cargo Crisis,A6-EYK,CDG,AUH,General,858,9.87,45,N,,,N,,STANDARD,DELAYED,Shipper 39,Consignee 48
CGO-1459,302-64044773,FLT-1037,EY1678,4,Paris Winter Storm + Temperature-Controlled Cargo Crisis,A6-EYK,CDG,AUH,Pharmaceuticals,827,6.66,16,Y,-20.0,8.0,N,,EXPRESS,DELAYED,Shipper 69,Consignee 41
CGO-1460,629-53794441,FLT-1037,EY1678,4,Paris Winter Storm + Temperature-Controlled Cargo Crisis,A6-EYK,CDG,AUH,Dangerous Goods,1566,2.5,43,N,,,Y,9.0,ECONOMY,DELAYED,Shipper 100,Consignee 95
CGO-1461,685-25725616,FLT-1038,EY463,4,Paris Winter Storm + Temperature-Controlled Cargo Crisis,A6-EYL,FRA,AUH,General,634,3.59,46,N,,,N,,EXPRESS,DELAYED,Shipper 52,Consignee 90
CGO-1462,597-55760211,FLT-1038,EY463,4,Paris Winter Storm + Temperature-Controlled Cargo Crisis,A6-EYL,FRA,AUH,General,336,5.4,14,N,,,N,,EXPRESS,DELAYED,Shipper 49,Consignee 70
CGO-1463,535-81263718,FLT-1038,EY463,4,Paris Winter Storm + Temperature-Controlled Cargo Crisis,A6-EYL,FRA,AUH,Live Animals,323,6.17,50,N,,,N,,STANDARD,DELAYED,Shipper 6,Consignee 87
CGO-1464,474-71938248,FLT-1038,EY463,4,Paris Winter Storm + Temperature-Controlled Cargo Crisis,A6-EYL,FRA,AUH,Dangerous Goods,1393,5.75,2,N,,,Y,4.1,EXPRESS,DELAYED,Shipper 65,Consignee 50
CGO-1465,413-80221482,FLT-1038,EY463,4,Paris Winter Storm + Temperature-Controlled Cargo Crisis,A6-EYL,FRA,AUH,Pharmaceuticals,1102,3.07,23,Y,-20.0,8.0,N,,STANDARD,DELAYED,Shipper 41,Consignee 30
CGO-1466,585-78528289,FLT-1038,EY463,4,Paris Winter Storm + Temperature-Controlled Cargo Crisis,A6-EYL,FRA,AUH,Dangerous Goods,219,5.41,24,N,,,Y,8.0,ECONOMY,DELAYED,Shipper 84,Consignee 34
CGO-1467,500-18315221,FLT-1038,EY463,4,Paris Winter Storm + Temperature-Controlled Cargo Crisis,A6-EYL,FRA,AUH,Perishable,1460,1.76,34,Y,2.0,8.0,N,,EXPRESS,DELAYED,Shipper 55,Consignee 59
CGO-1468,605-38203812,FLT-1038,EY463,4,Paris Winter Storm + Temperature-Controlled Cargo Crisis,A6-EYL,FRA,AUH,Dangerous Goods,1861,8.91,42,N,,,Y,3.0,STANDARD,DELAYED,Shipper 85,Consignee 11
CGO-1469,389-93330322,FLT-1038,EY463,4,Paris Winter Storm + Temperature-Controlled Cargo Crisis,A6-EYL,FRA,AUH,Pharmaceuticals,1348,5.07,47,Y,-20.0,8.0,N,,ECONOMY,DELAYED,Shipper 41,Consignee 71
CGO-1470,745-66581504,FLT-1038,EY463,4,Paris Winter Storm + Temperature-Controlled Cargo Crisis,A6-EYL,FRA,AUH,General,1205,7.5,35,N,,,N,,ECONOMY,DELAYED,Shipper 70,Consignee 80
CGO-1471,879-38500883,FLT-1038,EY463,4,Paris Winter Storm + Temperature-Controlled Cargo Crisis,A6-EYL,FRA,AUH,Pharmaceuticals,1495,1.15,30,Y,-20.0,8.0,N,,EXPRESS,DELAYED,Shipper 96,Consignee 94
CGO-1472,886-26985246,FLT-1038,EY463,4,Paris Winter Storm + Temperature-Controlled Cargo Crisis,A6-EYL,FRA,AUH,Pharmaceuticals,620,8.25,28,Y,-20.0,8.0,N,,EXPRESS,DELAYED,Shipper 38,Consignee 11
CGO-1473,353-98373033,FLT-1039,EY8396,5,Dubai Sandstorm + Hub Congestion + Multiple MEL Aircraft,A6-EYM,AUH,DOH,Valuables,1365,4.93,23,N,,,N,,EXPRESS,DELAYED,Shipper 66,Consignee 56
CGO-1474,728-26449524,FLT-1039,EY8396,5,Dubai Sandstorm + Hub Congestion + Multiple MEL Aircraft,A6-EYM,AUH,DOH,Valuables,1739,3.69,19,N,,,N,,EXPRESS,DELAYED,Shipper 86,Consignee 52
CGO-1475,496-17556091,FLT-1039,EY8396,5,Dubai Sandstorm + Hub Congestion + Multiple MEL Aircraft,A6-EYM,AUH,DOH,Pharmaceuticals,289,7.68,30,Y,-20.0,8.0,N,,STANDARD,DELAYED,Shipper 52,Consignee 30
CGO-1476,617-81274096,FLT-1039,EY8396,5,Dubai Sandstorm + Hub Congestion + Multiple MEL Aircraft,A6-EYM,AUH,DOH,Live Animals,1139,9.57,18,N,,,N,,EXPRESS,DELAYED,Shipper 44,Consignee 58
CGO-1477,921-30261972,FLT-1039,EY8396,5,Dubai Sandstorm + Hub Congestion + Multiple MEL Aircraft,A6-EYM,AUH,DOH,Perishable,1858,3.21,25,Y,2.0,8.0,N,,STANDARD,DELAYED,Shipper 96,Consignee 45
CGO-1478,309-76493427,FLT-1039,EY8396,5,Dubai Sandstorm + Hub Congestion + Multiple MEL Aircraft,A6-EYM,AUH,DOH,Live Animals,1722,2.56,32,N,,,N,,STANDARD,DELAYED,Shipper 25,Consignee 69
CGO-1479,868-28485702,FLT-1039,EY8396,5,Dubai Sandstorm + Hub Congestion + Multiple MEL Aircraft,A6-EYM,AUH,DOH,General,233,5.98,18,N,,,N,,EXPRESS,DELAYED,Shipper 41,Consignee 64
CGO-1480,663-79054837,FLT-1039,EY8396,5,Dubai Sandstorm + Hub Congestion + Multiple MEL Aircraft,A6-EYM,AUH,DOH,Live Animals,1814,1.82,1,N,,,N,,EXPRESS,DELAYED,Shipper 1,Consignee 91
CGO-1481,155-26607748,FLT-1039,EY8396,5,Dubai Sandstorm + Hub Congestion + Multiple MEL Aircraft,A6-EYM,AUH,DOH,General,1969,4.58,19,N,,,N,,STANDARD,DELAYED,Shipper 26,Consignee 50
CGO-1482,649-82333295,FLT-1039,EY8396,5,Dubai Sandstorm + Hub Congestion + Multiple MEL Aircraft,A6-EYM,AUH,DOH,Valuables,479,0.96,14,N,,,N,,EXPRESS,DELAYED,Shipper 69,Consignee 69
CGO-1483,656-21842201,FLT-1040,EY4943,5,Dubai Sandstorm + Hub Congestion + Multiple MEL Aircraft,A6-EYN,AUH,DOH,Valuables,407,6.95,9,N,,,N,,EXPRESS,DELAYED,Shipper 19,Consignee 38
CGO-1484,311-63800866,FLT-1040,EY4943,5,Dubai Sandstorm + Hub Congestion + Multiple MEL Aircraft,A6-EYN,AUH,DOH,General,1976,5.85,10,N,,,N,,ECONOMY,DELAYED,Shipper 96,Consignee 80
CGO-1485,356-86962983,FLT-1040,EY4943,5,Dubai Sandstorm + Hub Congestion + Multiple MEL Aircraft,A6-EYN,AUH,DOH,Perishable,1154,2.13,15,Y,2.0,8.0,N,,EXPRESS,DELAYED,Shipper 80,Consignee 29
CGO-1486,282-48683427,FLT-1040,EY4943,5,Dubai Sandstorm + Hub Congestion + Multiple MEL Aircraft,A6-EYN,AUH,DOH,Dangerous Goods,821,3.1,45,N,,,Y,9.0,STANDARD,DELAYED,Shipper 47,Consignee 48
CGO-1487,895-80377907,FLT-1040,EY4943,5,Dubai Sandstorm + Hub Congestion + Multiple MEL Aircraft,A6-EYN,AUH,DOH,Live Animals,1013,0.85,42,N,,,N,,STANDARD,DELAYED,Shipper 92,Consignee 62
CGO-1488,385-18959863,FLT-1040,EY4943,5,Dubai Sandstorm + Hub Congestion + Multiple MEL Aircraft,A6-EYN,AUH,DOH,General,1618,8.2,7,N,,,N,,EXPRESS,DELAYED,Shipper 84,Consignee 79
CGO-1489,589-54236748,FLT-1040,EY4943,5,Dubai Sandstorm + Hub Congestion + Multiple MEL Aircraft,A6-EYN,AUH,DOH,Valuables,1504,8.96,2,N,,,N,,STANDARD,DELAYED,Shipper 35,Consignee 15
CGO-1490,103-11747030,FLT-1040,EY4943,5,Dubai Sandstorm + Hub Congestion + Multiple MEL Aircraft,A6-EYN,AUH,DOH,Pharmaceuticals,717,5.98,3,Y,-20.0,8.0,N,,EXPRESS,DELAYED,Shipper 94,Consignee 97
CGO-1491,297-60049844,FLT-1040,EY4943,5,Dubai Sandstorm + Hub Congestion + Multiple MEL Aircraft,A6-EYN,AUH,DOH,Valuables,1575,7.1,50,N,,,N,,EXPRESS,DELAYED,Shipper 73,Consignee 98
CGO-1492,508-73771340,FLT-1040,EY4943,5,Dubai Sandstorm + Hub Congestion + Multiple MEL Aircraft,A6-EYN,AUH,DOH,Perishable,167,4.76,39,Y,2.0,8.0,N,,EXPRESS,DELAYED,Shipper 24,Consignee 44
CGO-1493,763-94021568,FLT-1041,EY912,5,Dubai Sandstorm + Hub Congestion + Multiple MEL Aircraft,A6-EYA,JFK,AUH,Perishable,418,8.26,50,Y,2.0,8.0,N,,EXPRESS,DELAYED,Shipper 88,Consignee 43
CGO-1494,654-97494961,FLT-1041,EY912,5,Dubai Sandstorm + Hub Congestion + Multiple MEL Aircraft,A6-EYA,JFK,AUH,Pharmaceuticals,1198,4.58,23,Y,-20.0,8.0,N,,STANDARD,DELAYED,Shipper 85,Consignee 53
CGO-1495,262-59230221,FLT-1041,EY912,5,Dubai Sandstorm + Hub Congestion + Multiple MEL Aircraft,A6-EYA,JFK,AUH,Valuables,507,0.89,21,N,,,N,,STANDARD,DELAYED,Shipper 95,Consignee 8
CGO-1496,339-97585479,FLT-1041,EY912,5,Dubai Sandstorm + Hub Congestion + Multiple MEL Aircraft,A6-EYA,JFK,AUH,Dangerous Goods,138,1.21,44,N,,,Y,8.0,ECONOMY,DELAYED,Shipper 69,Consignee 9
CGO-1497,731-71904420,FLT-1041,EY912,5,Dubai Sandstorm + Hub Congestion + Multiple MEL Aircraft,A6-EYA,JFK,AUH,Valuables,943,2.84,39,N,,,N,,ECONOMY,DELAYED,Shipper 83,Consignee 17
CGO-1498,496-60843946,FLT-1041,EY912,5,Dubai Sandstorm + Hub Congestion + Multiple MEL Aircraft,A6-EYA,JFK,AUH,Pharmaceuticals,1676,7.39,42,Y,-20.0,8.0,N,,ECONOMY,DELAYED,Shipper 12,Consignee 95
CGO-1499,607-93369193,FLT-1041,EY912,5,Dubai Sandstorm + Hub Congestion + Multiple MEL Aircraft,A6-EYA,JFK,AUH,Pharmaceuticals,948,0.76,3,Y,-20.0,8.0,N,,STANDARD,DELAYED,Shipper 4,Consignee 94
CGO-1500,751-96268049,FLT-1041,EY912,5,Dubai Sandstorm + Hub Congestion + Multiple MEL Aircraft,A6-EYA,JFK,AUH,Valuables,1199,3.16,40,N,,,N,,STANDARD,DELAYED,Shipper 42,Consignee 28
CGO-1501,263-86679391,FLT-1041,EY912,5,Dubai Sandstorm + Hub Congestion + Multiple MEL Aircraft,A6-EYA,JFK,AUH,General,1392,3.26,30,N,,,N,,EXPRESS,DELAYED,Shipper 84,Consignee 66
CGO-1502,296-40034726,FLT-1041,EY912,5,Dubai Sandstorm + Hub Congestion + Multiple MEL Aircraft,A6-EYA,JFK,AUH,Perishable,362,6.84,10,Y,2.0,8.0,N,,EXPRESS,DELAYED,Shipper 96,Consignee 21
CGO-1503,967-35147317,FLT-1041,EY912,5,Dubai Sandstorm + Hub Congestion + Multiple MEL Aircraft,A6-EYA,JFK,AUH,Dangerous Goods,535,0.96,10,N,,,Y,3.0,EXPRESS,DELAYED,Shipper 39,Consignee 96
CGO-1504,902-59258330,FLT-1041,EY912,5,Dubai Sandstorm + Hub Congestion + Multiple MEL Aircraft,A6-EYA,JFK,AUH,Pharmaceuticals,1446,9.43,11,Y,-20.0,8.0,N,,EXPRESS,DELAYED,Shipper 7,Consignee 3
CGO-1505,261-72997101,FLT-1041,EY912,5,Dubai Sandstorm + Hub Congestion + Multiple MEL Aircraft,A6-EYA,JFK,AUH,General,1614,0.74,49,N,,,N,,STANDARD,DELAYED,Shipper 82,Consignee 88
CGO-1506,739-64425934,FLT-1041,EY912,5,Dubai Sandstorm + Hub Congestion + Multiple MEL Aircraft,A6-EYA,JFK,AUH,General,809,6.9,43,N,,,N,,EXPRESS,DELAYED,Shipper 63,Consignee 82
CGO-1507,310-41996415,FLT-1041,EY912,5,Dubai Sandstorm + Hub Congestion + Multiple MEL Aircraft,A6-EYA,JFK,AUH,General,513,4.24,29,N,,,N,,EXPRESS,DELAYED,Shipper 12,Consignee 11
CGO-1508,202-50359684,FLT-1041,EY912,5,Dubai Sandstorm + Hub Congestion + Multiple MEL Aircraft,A6-EYA,JFK,AUH,Pharmaceuticals,467,2.39,11,Y,-20.0,8.0,N,,STANDARD,DELAYED,Shipper 65,Consignee 73
CGO-1509,969-56907544,FLT-1041,EY912,5,Dubai Sandstorm + Hub Congestion + Multiple MEL Aircraft,A6-EYA,JFK,AUH,Dangerous Goods,1269,5.07,12,N,,,Y,4.1,STANDARD,DELAYED,Shipper 54,Consignee 91
CGO-1510,807-44951726,FLT-1041,EY912,5,Dubai Sandstorm + Hub Congestion + Multiple MEL Aircraft,A6-EYA,JFK,AUH,Dangerous Goods,1105,3.28,40,N,,,Y,4.1,EXPRESS,DELAYED,Shipper 43,Consignee 61
CGO-1511,543-88856686,FLT-1042,EY639,5,Dubai Sandstorm + Hub Congestion + Multiple MEL Aircraft,A6-EYB,AUH,JFK,Valuables,186,8.72,9,N,,,N,,STANDARD,DELAYED,Shipper 23,Consignee 3
CGO-1512,853-73280754,FLT-1042,EY639,5,Dubai Sandstorm + Hub Congestion + Multiple MEL Aircraft,A6-EYB,AUH,JFK,Valuables,1842,2.32,29,N,,,N,,EXPRESS,DELAYED,Shipper 38,Consignee 8
CGO-1513,961-88354487,FLT-1042,EY639,5,Dubai Sandstorm + Hub Congestion + Multiple MEL Aircraft,A6-EYB,AUH,JFK,Valuables,420,9.22,49,N,,,N,,EXPRESS,DELAYED,Shipper 94,Consignee 2
CGO-1514,277-57461793,FLT-1042,EY639,5,Dubai Sandstorm + Hub Congestion + Multiple MEL Aircraft,A6-EYB,AUH,JFK,General,940,9.03,47,N,,,N,,ECONOMY,DELAYED,Shipper 75,Consignee 96
CGO-1515,905-37167687,FLT-1042,EY639,5,Dubai Sandstorm + Hub Congestion + Multiple MEL Aircraft,A6-EYB,AUH,JFK,Live Animals,288,6.29,31,N,,,N,,EXPRESS,DELAYED,Shipper 75,Consignee 23
CGO-1516,605-88282037,FLT-1042,EY639,5,Dubai Sandstorm + Hub Congestion + Multiple MEL Aircraft,A6-EYB,AUH,JFK,General,230,3.04,3,N,,,N,,EXPRESS,DELAYED,Shipper 72,Consignee 56
CGO-1517,966-86278876,FLT-1042,EY639,5,Dubai Sandstorm + Hub Congestion + Multiple MEL Aircraft,A6-EYB,AUH,JFK,Dangerous Goods,1332,3.09,48,N,,,Y,9.0,EXPRESS,DELAYED,Shipper 46,Consignee 4
CGO-1518,122-60210862,FLT-1042,EY639,5,Dubai Sandstorm + Hub Congestion + Multiple MEL Aircraft,A6-EYB,AUH,JFK,Dangerous Goods,74,3.26,45,N,,,Y,9.0,EXPRESS,DELAYED,Shipper 59,Consignee 9
CGO-1519,307-17957883,FLT-1042,EY639,5,Dubai Sandstorm + Hub Congestion + Multiple MEL Aircraft,A6-EYB,AUH,JFK,Perishable,1979,3.94,42,Y,2.0,8.0,N,,STANDARD,DELAYED,Shipper 41,Consignee 82
CGO-1520,648-91246691,FLT-1042,EY639,5,Dubai Sandstorm + Hub Congestion + Multiple MEL Aircraft,A6-EYB,AUH,JFK,Dangerous Goods,839,2.94,6,N,,,Y,8.0,EXPRESS,DELAYED,Shipper 57,Consignee 61
CGO-1521,428-28481558,FLT-1043,EY432,5,Dubai Sandstorm + Hub Congestion + Multiple MEL Aircraft,A6-EYF,LHR,AUH,Perishable,487,1.22,35,Y,2.0,8.0,N,,STANDARD,DELAYED,Shipper 100,Consignee 6
CGO-1522,408-73480500,FLT-1043,EY432,5,Dubai Sandstorm + Hub Congestion + Multiple MEL Aircraft,A6-EYF,LHR,AUH,Pharmaceuticals,1624,5.15,22,Y,-20.0,8.0,N,,ECONOMY,DELAYED,Shipper 53,Consignee 77
CGO-1523,595-24720232,FLT-1043,EY432,5,Dubai Sandstorm + Hub Congestion + Multiple MEL Aircraft,A6-EYF,LHR,AUH,Dangerous Goods,397,5.78,34,N,,,Y,3.0,EXPRESS,DELAYED,Shipper 100,Consignee 100
CGO-1524,437-97239355,FLT-1043,EY432,5,Dubai Sandstorm + Hub Congestion + Multiple MEL Aircraft,A6-EYF,LHR,AUH,Pharmaceuticals,1073,7.75,31,Y,-20.0,8.0,N,,STANDARD,DELAYED,Shipper 48,Consignee 21
CGO-1525,692-21202891,FLT-1043,EY432,5,Dubai Sandstorm + Hub Congestion + Multiple MEL Aircraft,A6-EYF,LHR,AUH,Dangerous Goods,1969,7.41,13,N,,,Y,4.1,STANDARD,DELAYED,Shipper 34,Consignee 63
CGO-1526,797-66997150,FLT-1043,EY432,5,Dubai Sandstorm + Hub Congestion + Multiple MEL Aircraft,A6-EYF,LHR,AUH,Live Animals,1226,7.08,36,N,,,N,,STANDARD,DELAYED,Shipper 12,Consignee 35
CGO-1527,808-82377264,FLT-1043,EY432,5,Dubai Sandstorm + Hub Congestion + Multiple MEL Aircraft,A6-EYF,LHR,AUH,Dangerous Goods,1492,3.74,37,N,,,Y,9.0,EXPRESS,DELAYED,Shipper 88,Consignee 25
CGO-1528,498-98028434,FLT-1044,EY8184,5,Dubai Sandstorm + Hub Congestion + Multiple MEL Aircraft,A6-EYG,AUH,LHR,Dangerous Goods,680,1.97,1,N,,,Y,9.0,ECONOMY,DELAYED,Shipper 84,Consignee 15
CGO-1529,345-57932742,FLT-1044,EY8184,5,Dubai Sandstorm + Hub Congestion + Multiple MEL Aircraft,A6-EYG,AUH,LHR,Perishable,1277,1.37,24,Y,2.0,8.0,N,,ECONOMY,DELAYED,Shipper 4,Consignee 90
CGO-1530,477-41406449,FLT-1044,EY8184,5,Dubai Sandstorm + Hub Congestion + Multiple MEL Aircraft,A6-EYG,AUH,LHR,Live Animals,1997,7.86,17,N,,,N,,STANDARD,DELAYED,Shipper 74,Consignee 63
CGO-1531,224-16991774,FLT-1044,EY8184,5,Dubai Sandstorm + Hub Congestion + Multiple MEL Aircraft,A6-EYG,AUH,LHR,Dangerous Goods,1733,4.06,19,N,,,Y,3.0,EXPRESS,DELAYED,Shipper 96,Consignee 9
CGO-1532,920-83435746,FLT-1044,EY8184,5,Dubai Sandstorm + Hub Congestion + Multiple MEL Aircraft,A6-EYG,AUH,LHR,Pharmaceuticals,619,8.94,3,Y,-20.0,8.0,N,,EXPRESS,DELAYED,Shipper 13,Consignee 1
CGO-1533,856-59983110,FLT-1044,EY8184,5,Dubai Sandstorm + Hub Congestion + Multiple MEL Aircraft,A6-EYG,AUH,LHR,Perishable,352,4.1,47,Y,2.0,8.0,N,,ECONOMY,DELAYED,Shipper 51,Consignee 21
CGO-1534,594-99138055,FLT-1044,EY8184,5,Dubai Sandstorm + Hub Congestion + Multiple MEL Aircraft,A6-EYG,AUH,LHR,Perishable,1470,1.39,10,Y,2.0,8.0,N,,EXPRESS,DELAYED,Shipper 20,Consignee 35
CGO-1535,605-16924980,FLT-1044,EY8184,5,Dubai Sandstorm + Hub Congestion + Multiple MEL Aircraft,A6-EYG,AUH,LHR,Dangerous Goods,1721,8.57,15,N,,,Y,4.1,EXPRESS,DELAYED,Shipper 36,Consignee 56
CGO-1536,984-35430841,FLT-1044,EY8184,5,Dubai Sandstorm + Hub Congestion + Multiple MEL Aircraft,A6-EYG,AUH,LHR,Valuables,783,5.66,34,N,,,N,,ECONOMY,DELAYED,Shipper 61,Consignee 81
CGO-1537,594-99403264,FLT-1044,EY8184,5,Dubai Sandstorm + Hub Congestion + Multiple MEL Aircraft,A6-EYG,AUH,LHR,General,1144,4.81,26,N,,,N,,EXPRESS,DELAYED,Shipper 52,Consignee 17
CGO-1538,401-79910575,FLT-1044,EY8184,5,Dubai Sandstorm + Hub Congestion + Multiple MEL Aircraft,A6-EYG,AUH,LHR,Live Animals,706,9.85,3,N,,,N,,EXPRESS,DELAYED,Shipper 28,Consignee 86
CGO-1539,832-11965405,FLT-1044,EY8184,5,Dubai Sandstorm + Hub Congestion + Multiple MEL Aircraft,A6-EYG,AUH,LHR,General,241,6.84,11,N,,,N,,EXPRESS,DELAYED,Shipper 98,Consignee 64
CGO-1540,153-73887593,FLT-1044,EY8184,5,Dubai Sandstorm + Hub Congestion + Multiple MEL Aircraft,A6-EYG,AUH,LHR,Dangerous Goods,1070,3.02,16,N,,,Y,4.1,ECONOMY,DELAYED,Shipper 64,Consignee 64
CGO-1541,220-68766540,FLT-1045,EY1202,5,Dubai Sandstorm + Hub Congestion + Multiple MEL Aircraft,A6-EYH,AUH,DEL,Pharmaceuticals,1592,5.9,16,Y,-20.0,8.0,N,,EXPRESS,DELAYED,Shipper 87,Consignee 36
CGO-1542,401-40636364,FLT-1045,EY1202,5,Dubai Sandstorm + Hub Congestion + Multiple MEL Aircraft,A6-EYH,AUH,DEL,Perishable,1102,1.15,25,Y,2.0,8.0,N,,ECONOMY,DELAYED,Shipper 4,Consignee 89
CGO-1543,843-57342734,FLT-1045,EY1202,5,Dubai Sandstorm + Hub Congestion + Multiple MEL Aircraft,A6-EYH,AUH,DEL,Pharmaceuticals,784,3.78,36,Y,-20.0,8.0,N,,STANDARD,DELAYED,Shipper 92,Consignee 71
CGO-1544,970-40458518,FLT-1045,EY1202,5,Dubai Sandstorm + Hub Congestion + Multiple MEL Aircraft,A6-EYH,AUH,DEL,Pharmaceuticals,1868,4.89,37,Y,-20.0,8.0,N,,EXPRESS,DELAYED,Shipper 24,Consignee 48
CGO-1545,560-45498566,FLT-1045,EY1202,5,Dubai Sandstorm + Hub Congestion + Multiple MEL Aircraft,A6-EYH,AUH,DEL,Live Animals,1778,5.68,3,N,,,N,,EXPRESS,DELAYED,Shipper 42,Consignee 73
CGO-1546,492-21857751,FLT-1045,EY1202,5,Dubai Sandstorm + Hub Congestion + Multiple MEL Aircraft,A6-EYH,AUH,DEL,Perishable,1322,8.8,12,Y,2.0,8.0,N,,STANDARD,DELAYED,Shipper 13,Consignee 91
CGO-1547,374-63604057,FLT-1045,EY1202,5,Dubai Sandstorm + Hub Congestion + Multiple MEL Aircraft,A6-EYH,AUH,DEL,Dangerous Goods,927,5.98,1,N,,,Y,8.0,STANDARD,DELAYED,Shipper 77,Consignee 11
CGO-1548,664-88696237,FLT-1045,EY1202,5,Dubai Sandstorm + Hub Congestion + Multiple MEL Aircraft,A6-EYH,AUH,DEL,Pharmaceuticals,505,0.53,24,Y,-20.0,8.0,N,,STANDARD,DELAYED,Shipper 28,Consignee 88
CGO-1549,266-87695142,FLT-1045,EY1202,5,Dubai Sandstorm + Hub Congestion + Multiple MEL Aircraft,A6-EYH,AUH,DEL,Dangerous Goods,423,5.55,31,N,,,Y,4.1,ECONOMY,DELAYED,Shipper 65,Consignee 79
CGO-1550,492-24834847,FLT-1045,EY1202,5,Dubai Sandstorm + Hub Congestion + Multiple MEL Aircraft,A6-EYH,AUH,DEL,Valuables,1144,4.3,32,N,,,N,,ECONOMY,DELAYED,Shipper 81,Consignee 35
CGO-1551,572-87476477,FLT-1045,EY1202,5,Dubai Sandstorm + Hub Congestion + Multiple MEL Aircraft,A6-EYH,AUH,DEL,Live Animals,1470,5.18,23,N,,,N,,STANDARD,DELAYED,Shipper 79,Consignee 11
CGO-1552,466-58392492,FLT-1045,EY1202,5,Dubai Sandstorm + Hub Congestion + Multiple MEL Aircraft,A6-EYH,AUH,DEL,General,197,0.86,9,N,,,N,,EXPRESS,DELAYED,Shipper 26,Consignee 12
CGO-1553,775-71477088,FLT-1045,EY1202,5,Dubai Sandstorm + Hub Congestion + Multiple MEL Aircraft,A6-EYH,AUH,DEL,Valuables,1797,8.7,41,N,,,N,,STANDARD,DELAYED,Shipper 70,Consignee 74
CGO-1554,329-49018628,FLT-1045,EY1202,5,Dubai Sandstorm + Hub Congestion + Multiple MEL Aircraft,A6-EYH,AUH,DEL,Live Animals,335,1.25,18,N,,,N,,EXPRESS,DELAYED,Shipper 36,Consignee 82
CGO-1555,523-30270847,FLT-1046,EY170,5,Dubai Sandstorm + Hub Congestion + Multiple MEL Aircraft,A6-EYQ,AUH,DEL,General,1278,4.45,38,N,,,N,,EXPRESS,DELAYED,Shipper 25,Consignee 25
CGO-1556,366-40170641,FLT-1046,EY170,5,Dubai Sandstorm + Hub Congestion + Multiple MEL Aircraft,A6-EYQ,AUH,DEL,Live Animals,146,3.0,10,N,,,N,,EXPRESS,DELAYED,Shipper 29,Consignee 14
CGO-1557,898-58788250,FLT-1046,EY170,5,Dubai Sandstorm + Hub Congestion + Multiple MEL Aircraft,A6-EYQ,AUH,DEL,Dangerous Goods,700,1.44,27,N,,,Y,4.1,STANDARD,DELAYED,Shipper 56,Consignee 80
CGO-1558,816-75155016,FLT-1046,EY170,5,Dubai Sandstorm + Hub Congestion + Multiple MEL Aircraft,A6-EYQ,AUH,DEL,General,1125,2.41,12,N,,,N,,ECONOMY,DELAYED,Shipper 4,Consignee 59
CGO-1559,623-97077429,FLT-1046,EY170,5,Dubai Sandstorm + Hub Congestion + Multiple MEL Aircraft,A6-EYQ,AUH,DEL,Pharmaceuticals,848,8.82,34,Y,-20.0,8.0,N,,EXPRESS,DELAYED,Shipper 8,Consignee 15
CGO-1560,568-36206730,FLT-1046,EY170,5,Dubai Sandstorm + Hub Congestion + Multiple MEL Aircraft,A6-EYQ,AUH,DEL,Pharmaceuticals,1539,2.04,44,Y,-20.0,8.0,N,,STANDARD,DELAYED,Shipper 58,Consignee 63
CGO-1561,973-14309195,FLT-1046,EY170,5,Dubai Sandstorm + Hub Congestion + Multiple MEL Aircraft,A6-EYQ,AUH,DEL,Live Animals,1605,7.95,11,N,,,N,,EXPRESS,DELAYED,Shipper 76,Consignee 13
CGO-1562,473-39554731,FLT-1046,EY170,5,Dubai Sandstorm + Hub Congestion + Multiple MEL Aircraft,A6-EYQ,AUH,DEL,General,68,9.74,31,N,,,N,,ECONOMY,DELAYED,Shipper 76,Consignee 73
CGO-1563,928-68878581,FLT-1046,EY170,5,Dubai Sandstorm + Hub Congestion + Multiple MEL Aircraft,A6-EYQ,AUH,DEL,Live Animals,1010,3.5,41,N,,,N,,ECONOMY,DELAYED,Shipper 100,Consignee 1
CGO-1564,876-93935573,FLT-1046,EY170,5,Dubai Sandstorm + Hub Congestion + Multiple MEL Aircraft,A6-EYQ,AUH,DEL,Pharmaceuticals,1815,2.48,40,Y,-20.0,8.0,N,,ECONOMY,DELAYED,Shipper 21,Consignee 53
CGO-1565,191-14265864,FLT-1046,EY170,5,Dubai Sandstorm + Hub Congestion + Multiple MEL Aircraft,A6-EYQ,AUH,DEL,General,1529,1.31,29,N,,,N,,EXPRESS,DELAYED,Shipper 17,Consignee 70
CGO-1566,481-93099483,FLT-1046,EY170,5,Dubai Sandstorm + Hub Congestion + Multiple MEL Aircraft,A6-EYQ,AUH,DEL,Live Animals,1079,3.05,25,N,,,N,,STANDARD,DELAYED,Shipper 53,Consignee 60
CGO-1567,471-90021369,FLT-1046,EY170,5,Dubai Sandstorm + Hub Congestion + Multiple MEL Aircraft,A6-EYQ,AUH,DEL,Pharmaceuticals,1994,2.77,8,Y,-20.0,8.0,N,,STANDARD,DELAYED,Shipper 85,Consignee 98
CGO-1568,391-94582957,FLT-1047,EY8397,5,Dubai Sandstorm + Hub Congestion + Multiple MEL Aircraft,A6-EYM,DOH,AUH,Valuables,1316,4.95,46,N,,,N,,STANDARD,DELAYED,Shipper 50,Consignee 48
CGO-1569,939-22479339,FLT-1047,EY8397,5,Dubai Sandstorm + Hub Congestion + Multiple MEL Aircraft,A6-EYM,DOH,AUH,Perishable,881,2.26,32,Y,2.0,8.0,N,,EXPRESS,DELAYED,Shipper 40,Consignee 37
CGO-1570,552-95983177,FLT-1047,EY8397,5,Dubai Sandstorm + Hub Congestion + Multiple MEL Aircraft,A6-EYM,DOH,AUH,Live Animals,258,9.03,27,N,,,N,,STANDARD,DELAYED,Shipper 77,Consignee 99
CGO-1571,840-63520734,FLT-1047,EY8397,5,Dubai Sandstorm + Hub Congestion + Multiple MEL Aircraft,A6-EYM,DOH,AUH,General,1971,9.99,45,N,,,N,,STANDARD,DELAYED,Shipper 92,Consignee 19
CGO-1572,190-67482913,FLT-1047,EY8397,5,Dubai Sandstorm + Hub Congestion + Multiple MEL Aircraft,A6-EYM,DOH,AUH,Live Animals,900,5.54,43,N,,,N,,ECONOMY,DELAYED,Shipper 37,Consignee 30
CGO-1573,561-99105943,FLT-1047,EY8397,5,Dubai Sandstorm + Hub Congestion + Multiple MEL Aircraft,A6-EYM,DOH,AUH,Pharmaceuticals,664,3.95,37,Y,-20.0,8.0,N,,STANDARD,DELAYED,Shipper 29,Consignee 9
CGO-1574,653-77621524,FLT-1047,EY8397,5,Dubai Sandstorm + Hub Congestion + Multiple MEL Aircraft,A6-EYM,DOH,AUH,Perishable,474,4.22,10,Y,2.0,8.0,N,,ECONOMY,DELAYED,Shipper 68,Consignee 87
CGO-1575,353-47228804,FLT-1047,EY8397,5,Dubai Sandstorm + Hub Congestion + Multiple MEL Aircraft,A6-EYM,DOH,AUH,Perishable,1915,1.62,46,Y,2.0,8.0,N,,STANDARD,DELAYED,Shipper 30,Consignee 31
CGO-1576,724-33582274,FLT-1047,EY8397,5,Dubai Sandstorm + Hub Congestion + Multiple MEL Aircraft,A6-EYM,DOH,AUH,Live Animals,1396,3.17,34,N,,,N,,STANDARD,DELAYED,Shipper 52,Consignee 76
CGO-1577,367-45764395,FLT-1047,EY8397,5,Dubai Sandstorm + Hub Congestion + Multiple MEL Aircraft,A6-EYM,DOH,AUH,Perishable,680,7.85,22,Y,2.0,8.0,N,,EXPRESS,DELAYED,Shipper 28,Consignee 50
CGO-1578,890-70631924,FLT-1047,EY8397,5,Dubai Sandstorm + Hub Congestion + Multiple MEL Aircraft,A6-EYM,DOH,AUH,Pharmaceuticals,762,1.38,4,Y,-20.0,8.0,N,,EXPRESS,DELAYED,Shipper 73,Consignee 89
CGO-1579,542-75006143,FLT-1047,EY8397,5,Dubai Sandstorm + Hub Congestion + Multiple MEL Aircraft,A6-EYM,DOH,AUH,General,1936,4.3,36,N,,,N,,EXPRESS,DELAYED,Shipper 40,Consignee 29
CGO-1580,258-93721269,FLT-1047,EY8397,5,Dubai Sandstorm + Hub Congestion + Multiple MEL Aircraft,A6-EYM,DOH,AUH,Live Animals,1881,5.84,49,N,,,N,,ECONOMY,DELAYED,Shipper 66,Consignee 93
CGO-1581,214-84529361,FLT-1047,EY8397,5,Dubai Sandstorm + Hub Congestion + Multiple MEL Aircraft,A6-EYM,DOH,AUH,General,1065,8.45,42,N,,,N,,STANDARD,DELAYED,Shipper 46,Consignee 22
CGO-1582,611-23955151,FLT-1047,EY8397,5,Dubai Sandstorm + Hub Congestion + Multiple MEL Aircraft,A6-EYM,DOH,AUH,General,162,4.5,15,N,,,N,,ECONOMY,DELAYED,Shipper 29,Consignee 54
CGO-1583,735-44114970,FLT-1047,EY8397,5,Dubai Sandstorm + Hub Congestion + Multiple MEL Aircraft,A6-EYM,DOH,AUH,Valuables,1743,9.79,22,N,,,N,,ECONOMY,DELAYED,Shipper 56,Consignee 36
CGO-1584,162-55034087,FLT-1047,EY8397,5,Dubai Sandstorm + Hub Congestion + Multiple MEL Aircraft,A6-EYM,DOH,AUH,Perishable,1781,8.72,40,Y,2.0,8.0,N,,EXPRESS,DELAYED,Shipper 59,Consignee 52
CGO-1585,592-72071116,FLT-1047,EY8397,5,Dubai Sandstorm + Hub Congestion + Multiple MEL Aircraft,A6-EYM,DOH,AUH,Valuables,1171,9.24,11,N,,,N,,STANDARD,DELAYED,Shipper 13,Consignee 87
CGO-1586,598-84975850,FLT-1047,EY8397,5,Dubai Sandstorm + Hub Congestion + Multiple MEL Aircraft,A6-EYM,DOH,AUH,Dangerous Goods,275,1.37,19,N,,,Y,3.0,EXPRESS,DELAYED,Shipper 56,Consignee 7
CGO-1587,698-14255498,FLT-1048,EY4944,5,Dubai Sandstorm + Hub Congestion + Multiple MEL Aircraft,A6-EYN,DOH,AUH,Live Animals,1171,5.66,31,N,,,N,,EXPRESS,DELAYED,Shipper 5,Consignee 81
CGO-1588,866-64123638,FLT-1048,EY4944,5,Dubai Sandstorm + Hub Congestion + Multiple MEL Aircraft,A6-EYN,DOH,AUH,Dangerous Goods,694,2.36,18,N,,,Y,9.0,STANDARD,DELAYED,Shipper 29,Consignee 44
CGO-1589,433-96184357,FLT-1048,EY4944,5,Dubai Sandstorm + Hub Congestion + Multiple MEL Aircraft,A6-EYN,DOH,AUH,Pharmaceuticals,1859,9.75,40,Y,-20.0,8.0,N,,ECONOMY,DELAYED,Shipper 35,Consignee 60
CGO-1590,405-94836835,FLT-1048,EY4944,5,Dubai Sandstorm + Hub Congestion + Multiple MEL Aircraft,A6-EYN,DOH,AUH,General,854,6.28,6,N,,,N,,STANDARD,DELAYED,Shipper 47,Consignee 35
CGO-1591,127-82603554,FLT-1048,EY4944,5,Dubai Sandstorm + Hub Congestion + Multiple MEL Aircraft,A6-EYN,DOH,AUH,Perishable,1982,3.72,9,Y,2.0,8.0,N,,EXPRESS,DELAYED,Shipper 69,Consignee 51
CGO-1592,217-98799125,FLT-1048,EY4944,5,Dubai Sandstorm + Hub Congestion + Multiple MEL Aircraft,A6-EYN,DOH,AUH,Dangerous Goods,1719,4.7,37,N,,,Y,4.1,STANDARD,DELAYED,Shipper 90,Consignee 13
CGO-1593,703-38700445,FLT-1048,EY4944,5,Dubai Sandstorm + Hub Congestion + Multiple MEL Aircraft,A6-EYN,DOH,AUH,General,1312,3.45,43,N,,,N,,ECONOMY,DELAYED,Shipper 10,Consignee 7
CGO-1594,353-24637637,FLT-1048,EY4944,5,Dubai Sandstorm + Hub Congestion + Multiple MEL Aircraft,A6-EYN,DOH,AUH,Dangerous Goods,817,2.66,15,N,,,Y,4.1,ECONOMY,DELAYED,Shipper 86,Consignee 6
CGO-1595,907-37552247,FLT-1048,EY4944,5,Dubai Sandstorm + Hub Congestion + Multiple MEL Aircraft,A6-EYN,DOH,AUH,Pharmaceuticals,867,5.8,3,Y,-20.0,8.0,N,,ECONOMY,DELAYED,Shipper 50,Consignee 11
CGO-1596,149-24534815,FLT-1048,EY4944,5,Dubai Sandstorm + Hub Congestion + Multiple MEL Aircraft,A6-EYN,DOH,AUH,General,1382,6.89,2,N,,,N,,ECONOMY,DELAYED,Shipper 6,Consignee 24
CGO-1597,751-15545625,FLT-1049,EY913,5,Dubai Sandstorm + Hub Congestion + Multiple MEL Aircraft,A6-EYA,AUH,JFK,Valuables,1782,5.66,20,N,,,N,,STANDARD,DELAYED,Shipper 8,Consignee 91
CGO-1598,408-12122377,FLT-1049,EY913,5,Dubai Sandstorm + Hub Congestion + Multiple MEL Aircraft,A6-EYA,AUH,JFK,General,1499,0.95,31,N,,,N,,EXPRESS,DELAYED,Shipper 4,Consignee 39
CGO-1599,783-99192427,FLT-1049,EY913,5,Dubai Sandstorm + Hub Congestion + Multiple MEL Aircraft,A6-EYA,AUH,JFK,General,424,9.48,42,N,,,N,,ECONOMY,DELAYED,Shipper 51,Consignee 81
CGO-1600,514-48660426,FLT-1049,EY913,5,Dubai Sandstorm + Hub Congestion + Multiple MEL Aircraft,A6-EYA,AUH,JFK,Live Animals,880,0.56,50,N,,,N,,ECONOMY,DELAYED,Shipper 29,Consignee 27
CGO-1601,557-59440741,FLT-1049,EY913,5,Dubai Sandstorm + Hub Congestion + Multiple MEL Aircraft,A6-EYA,AUH,JFK,Perishable,360,6.16,40,Y,2.0,8.0,N,,STANDARD,DELAYED,Shipper 20,Consignee 47
CGO-1602,266-45047844,FLT-1049,EY913,5,Dubai Sandstorm + Hub Congestion + Multiple MEL Aircraft,A6-EYA,AUH,JFK,General,159,6.26,8,N,,,N,,ECONOMY,DELAYED,Shipper 22,Consignee 87
CGO-1603,448-36083899,FLT-1049,EY913,5,Dubai Sandstorm + Hub Congestion + Multiple MEL Aircraft,A6-EYA,AUH,JFK,Perishable,1098,3.18,10,Y,2.0,8.0,N,,EXPRESS,DELAYED,Shipper 13,Consignee 83
CGO-1604,854-71134508,FLT-1050,EY433,5,Dubai Sandstorm + Hub Congestion + Multiple MEL Aircraft,A6-EYF,AUH,LHR,Pharmaceuticals,445,4.91,27,Y,-20.0,8.0,N,,STANDARD,DELAYED,Shipper 45,Consignee 34
CGO-1605,491-10158141,FLT-1050,EY433,5,Dubai Sandstorm + Hub Congestion + Multiple MEL Aircraft,A6-EYF,AUH,LHR,Pharmaceuticals,852,2.02,3,Y,-20.0,8.0,N,,STANDARD,DELAYED,Shipper 35,Consignee 30
CGO-1606,661-91169138,FLT-1050,EY433,5,Dubai Sandstorm + Hub Congestion + Multiple MEL Aircraft,A6-EYF,AUH,LHR,Dangerous Goods,594,3.49,19,N,,,Y,9.0,ECONOMY,DELAYED,Shipper 70,Consignee 66
CGO-1607,674-63333210,FLT-1050,EY433,5,Dubai Sandstorm + Hub Congestion + Multiple MEL Aircraft,A6-EYF,AUH,LHR,Valuables,1264,8.06,29,N,,,N,,ECONOMY,DELAYED,Shipper 74,Consignee 63
CGO-1608,605-78133856,FLT-1050,EY433,5,Dubai Sandstorm + Hub Congestion + Multiple MEL Aircraft,A6-EYF,AUH,LHR,General,1393,1.4,1,N,,,N,,STANDARD,DELAYED,Shipper 94,Consignee 17
CGO-1609,249-36006880,FLT-1050,EY433,5,Dubai Sandstorm + Hub Congestion + Multiple MEL Aircraft,A6-EYF,AUH,LHR,Dangerous Goods,1512,9.31,15,N,,,Y,3.0,EXPRESS,DELAYED,Shipper 50,Consignee 54
CGO-1610,352-97032724,FLT-1050,EY433,5,Dubai Sandstorm + Hub Congestion + Multiple MEL Aircraft,A6-EYF,AUH,LHR,General,429,2.88,25,N,,,N,,EXPRESS,DELAYED,Shipper 27,Consignee 33
CGO-1611,591-11994261,FLT-1050,EY433,5,Dubai Sandstorm + Hub Congestion + Multiple MEL Aircraft,A6-EYF,AUH,LHR,Valuables,330,2.72,32,N,,,N,,STANDARD,DELAYED,Shipper 56,Consignee 48
CGO-1612,871-53284127,FLT-1050,EY433,5,Dubai Sandstorm + Hub Congestion + Multiple MEL Aircraft,A6-EYF,AUH,LHR,Pharmaceuticals,1305,1.04,20,Y,-20.0,8.0,N,,ECONOMY,DELAYED,Shipper 9,Consignee 60
CGO-1613,430-63289504,FLT-1051,EY1203,5,Dubai Sandstorm + Hub Congestion + Multiple MEL Aircraft,A6-EYH,DEL,AUH,General,818,2.91,43,N,,,N,,EXPRESS,DELAYED,Shipper 28,Consignee 26
CGO-1614,102-59555509,FLT-1051,EY1203,5,Dubai Sandstorm + Hub Congestion + Multiple MEL Aircraft,A6-EYH,DEL,AUH,General,96,1.07,3,N,,,N,,STANDARD,DELAYED,Shipper 55,Consignee 60
CGO-1615,618-41151801,FLT-1051,EY1203,5,Dubai Sandstorm + Hub Congestion + Multiple MEL Aircraft,A6-EYH,DEL,AUH,General,1322,4.12,10,N,,,N,,STANDARD,DELAYED,Shipper 98,Consignee 98
CGO-1616,836-59803869,FLT-1051,EY1203,5,Dubai Sandstorm + Hub Congestion + Multiple MEL Aircraft,A6-EYH,DEL,AUH,Dangerous Goods,411,3.17,39,N,,,Y,3.0,STANDARD,DELAYED,Shipper 76,Consignee 64
CGO-1617,171-56285358,FLT-1051,EY1203,5,Dubai Sandstorm + Hub Congestion + Multiple MEL Aircraft,A6-EYH,DEL,AUH,Valuables,1785,6.54,22,N,,,N,,EXPRESS,DELAYED,Shipper 75,Consignee 24
CGO-1618,871-60165178,FLT-1051,EY1203,5,Dubai Sandstorm + Hub Congestion + Multiple MEL Aircraft,A6-EYH,DEL,AUH,Pharmaceuticals,1327,5.03,29,Y,-20.0,8.0,N,,ECONOMY,DELAYED,Shipper 23,Consignee 62
CGO-1619,684-25430202,FLT-1051,EY1203,5,Dubai Sandstorm + Hub Congestion + Multiple MEL Aircraft,A6-EYH,DEL,AUH,General,170,8.02,48,N,,,N,,EXPRESS,DELAYED,Shipper 96,Consignee 39
CGO-1620,721-22206214,FLT-1051,EY1203,5,Dubai Sandstorm + Hub Congestion + Multiple MEL Aircraft,A6-EYH,DEL,AUH,Valuables,878,5.54,31,N,,,N,,EXPRESS,DELAYED,Shipper 44,Consignee 42
CGO-1621,761-90980436,FLT-1051,EY1203,5,Dubai Sandstorm + Hub Congestion + Multiple MEL Aircraft,A6-EYH,DEL,AUH,Live Animals,1890,9.46,2,N,,,N,,ECONOMY,DELAYED,Shipper 48,Consignee 79
CGO-1622,659-57645054,FLT-1051,EY1203,5,Dubai Sandstorm + Hub Congestion + Multiple MEL Aircraft,A6-EYH,DEL,AUH,Dangerous Goods,924,5.1,30,N,,,Y,4.1,EXPRESS,DELAYED,Shipper 57,Consignee 77
CGO-1623,401-89891034,FLT-1051,EY1203,5,Dubai Sandstorm + Hub Congestion + Multiple MEL Aircraft,A6-EYH,DEL,AUH,General,1958,6.83,49,N,,,N,,ECONOMY,DELAYED,Shipper 86,Consignee 3
CGO-1624,150-34170665,FLT-1051,EY1203,5,Dubai Sandstorm + Hub Congestion + Multiple MEL Aircraft,A6-EYH,DEL,AUH,Live Animals,823,9.36,19,N,,,N,,EXPRESS,DELAYED,Shipper 69,Consignee 71
CGO-1625,487-55744730,FLT-1051,EY1203,5,Dubai Sandstorm + Hub Congestion + Multiple MEL Aircraft,A6-EYH,DEL,AUH,General,728,2.67,47,N,,,N,,STANDARD,DELAYED,Shipper 27,Consignee 76
CGO-1626,827-18478697,FLT-1051,EY1203,5,Dubai Sandstorm + Hub Congestion + Multiple MEL Aircraft,A6-EYH,DEL,AUH,General,412,5.11,17,N,,,N,,STANDARD,DELAYED,Shipper 67,Consignee 63
CGO-1627,612-40273620,FLT-1051,EY1203,5,Dubai Sandstorm + Hub Congestion + Multiple MEL Aircraft,A6-EYH,DEL,AUH,Pharmaceuticals,375,7.69,12,Y,-20.0,8.0,N,,STANDARD,DELAYED,Shipper 70,Consignee 13
CGO-1628,834-43916502,FLT-1051,EY1203,5,Dubai Sandstorm + Hub Congestion + Multiple MEL Aircraft,A6-EYH,DEL,AUH,Perishable,1837,1.99,43,Y,2.0,8.0,N,,STANDARD,DELAYED,Shipper 83,Consignee 56
CGO-1629,861-85739026,FLT-1051,EY1203,5,Dubai Sandstorm + Hub Congestion + Multiple MEL Aircraft,A6-EYH,DEL,AUH,Pharmaceuticals,786,4.47,36,Y,-20.0,8.0,N,,STANDARD,DELAYED,Shipper 44,Consignee 14
CGO-1630,892-32217056,FLT-1052,EY171,5,Dubai Sandstorm + Hub Congestion + Multiple MEL Aircraft,A6-EYQ,DEL,AUH,Live Animals,1486,8.29,1,N,,,N,,ECONOMY,DELAYED,Shipper 85,Consignee 2
CGO-1631,110-58994574,FLT-1052,EY171,5,Dubai Sandstorm + Hub Congestion + Multiple MEL Aircraft,A6-EYQ,DEL,AUH,General,562,7.06,3,N,,,N,,ECONOMY,DELAYED,Shipper 87,Consignee 19
CGO-1632,206-36405605,FLT-1052,EY171,5,Dubai Sandstorm + Hub Congestion + Multiple MEL Aircraft,A6-EYQ,DEL,AUH,Dangerous Goods,983,6.23,26,N,,,Y,8.0,ECONOMY,DELAYED,Shipper 15,Consignee 82
CGO-1633,259-77247959,FLT-1052,EY171,5,Dubai Sandstorm + Hub Congestion + Multiple MEL Aircraft,A6-EYQ,DEL,AUH,Valuables,1599,5.05,41,N,,,N,,EXPRESS,DELAYED,Shipper 18,Consignee 55
CGO-1634,492-98492663,FLT-1052,EY171,5,Dubai Sandstorm + Hub Congestion + Multiple MEL Aircraft,A6-EYQ,DEL,AUH,Pharmaceuticals,1862,6.4,20,Y,-20.0,8.0,N,,STANDARD,DELAYED,Shipper 28,Consignee 74
CGO-1635,650-67566035,FLT-1052,EY171,5,Dubai Sandstorm + Hub Congestion + Multiple MEL Aircraft,A6-EYQ,DEL,AUH,Dangerous Goods,1097,0.67,50,N,,,Y,9.0,EXPRESS,DELAYED,Shipper 92,Consignee 15
CGO-1636,909-24850684,FLT-1052,EY171,5,Dubai Sandstorm + Hub Congestion + Multiple MEL Aircraft,A6-EYQ,DEL,AUH,General,235,0.6,43,N,,,N,,EXPRESS,DELAYED,Shipper 3,Consignee 45
CGO-1637,850-95403971,FLT-1052,EY171,5,Dubai Sandstorm + Hub Congestion + Multiple MEL Aircraft,A6-EYQ,DEL,AUH,Live Animals,1457,5.23,33,N,,,N,,ECONOMY,DELAYED,Shipper 21,Consignee 50
CGO-1638,657-93411775,FLT-1052,EY171,5,Dubai Sandstorm + Hub Congestion + Multiple MEL Aircraft,A6-EYQ,DEL,AUH,Pharmaceuticals,935,6.09,5,Y,-20.0,8.0,N,,ECONOMY,DELAYED,Shipper 66,Consignee 50
CGO-1639,439-77242876,FLT-1052,EY171,5,Dubai Sandstorm + Hub Congestion + Multiple MEL Aircraft,A6-EYQ,DEL,AUH,Live Animals,1018,4.82,25,N,,,N,,STANDARD,DELAYED,Shipper 7,Consignee 64
CGO-1640,671-48436315,FLT-1052,EY171,5,Dubai Sandstorm + Hub Congestion + Multiple MEL Aircraft,A6-EYQ,DEL,AUH,Perishable,1754,9.18,37,Y,2.0,8.0,N,,EXPRESS,DELAYED,Shipper 67,Consignee 60
CGO-1641,698-77343810,FLT-1052,EY171,5,Dubai Sandstorm + Hub Congestion + Multiple MEL Aircraft,A6-EYQ,DEL,AUH,Pharmaceuticals,1821,1.49,48,Y,-20.0,8.0,N,,STANDARD,DELAYED,Shipper 54,Consignee 2
CGO-1642,638-86460018,FLT-1052,EY171,5,Dubai Sandstorm + Hub Congestion + Multiple MEL Aircraft,A6-EYQ,DEL,AUH,Live Animals,1657,4.83,22,N,,,N,,STANDARD,DELAYED,Shipper 24,Consignee 95
CGO-1643,240-35686825,FLT-1052,EY171,5,Dubai Sandstorm + Hub Congestion + Multiple MEL Aircraft,A6-EYQ,DEL,AUH,Pharmaceuticals,742,5.96,32,Y,-20.0,8.0,N,,EXPRESS,DELAYED,Shipper 91,Consignee 4
CGO-1644,638-61500479,FLT-1052,EY171,5,Dubai Sandstorm + Hub Congestion + Multiple MEL Aircraft,A6-EYQ,DEL,AUH,General,242,7.1,25,N,,,N,,STANDARD,DELAYED,Shipper 6,Consignee 43
CGO-1645,170-80605830,FLT-1052,EY171,5,Dubai Sandstorm + Hub Congestion + Multiple MEL Aircraft,A6-EYQ,DEL,AUH,General,483,7.71,10,N,,,N,,ECONOMY,DELAYED,Shipper 2,Consignee 20
CGO-1646,774-91558891,FLT-1053,EY7151,6,Multiple Aircraft AOG + Engine Failure Cascade,A6-EYD,AUH,CAI,Perishable,393,2.26,3,Y,2.0,8.0,N,,EXPRESS,DELAYED,Shipper 46,Consignee 47
CGO-1647,818-54050898,FLT-1053,EY7151,6,Multiple Aircraft AOG + Engine Failure Cascade,A6-EYD,AUH,CAI,Live Animals,1591,8.73,27,N,,,N,,EXPRESS,DELAYED,Shipper 19,Consignee 54
CGO-1648,959-26596600,FLT-1053,EY7151,6,Multiple Aircraft AOG + Engine Failure Cascade,A6-EYD,AUH,CAI,Live Animals,980,2.9,42,N,,,N,,STANDARD,DELAYED,Shipper 69,Consignee 53
CGO-1649,833-50252056,FLT-1053,EY7151,6,Multiple Aircraft AOG + Engine Failure Cascade,A6-EYD,AUH,CAI,Dangerous Goods,1567,4.76,21,N,,,Y,3.0,ECONOMY,DELAYED,Shipper 64,Consignee 23
CGO-1650,131-41501311,FLT-1053,EY7151,6,Multiple Aircraft AOG + Engine Failure Cascade,A6-EYD,AUH,CAI,Perishable,1219,4.33,32,Y,2.0,8.0,N,,STANDARD,DELAYED,Shipper 92,Consignee 79
CGO-1651,575-89105955,FLT-1053,EY7151,6,Multiple Aircraft AOG + Engine Failure Cascade,A6-EYD,AUH,CAI,Dangerous Goods,528,3.47,11,N,,,Y,8.0,EXPRESS,DELAYED,Shipper 59,Consignee 48
CGO-1652,466-56593076,FLT-1054,EY3102,6,Multiple Aircraft AOG + Engine Failure Cascade,A6-EYE,AUH,FCO,Pharmaceuticals,1427,3.14,11,Y,-20.0,8.0,N,,ECONOMY,DELAYED,Shipper 52,Consignee 50
CGO-1653,182-30427432,FLT-1054,EY3102,6,Multiple Aircraft AOG + Engine Failure Cascade,A6-EYE,AUH,FCO,Valuables,225,5.85,27,N,,,N,,EXPRESS,DELAYED,Shipper 45,Consignee 10
CGO-1654,804-87705607,FLT-1054,EY3102,6,Multiple Aircraft AOG + Engine Failure Cascade,A6-EYE,AUH,FCO,Live Animals,1336,3.93,31,N,,,N,,ECONOMY,DELAYED,Shipper 84,Consignee 36
CGO-1655,615-57786668,FLT-1054,EY3102,6,Multiple Aircraft AOG + Engine Failure Cascade,A6-EYE,AUH,FCO,Perishable,1456,2.72,31,Y,2.0,8.0,N,,STANDARD,DELAYED,Shipper 44,Consignee 1
CGO-1656,364-23754540,FLT-1054,EY3102,6,Multiple Aircraft AOG + Engine Failure Cascade,A6-EYE,AUH,FCO,Valuables,385,5.74,36,N,,,N,,EXPRESS,DELAYED,Shipper 87,Consignee 58
CGO-1657,666-71138916,FLT-1054,EY3102,6,Multiple Aircraft AOG + Engine Failure Cascade,A6-EYE,AUH,FCO,Pharmaceuticals,617,2.2,34,Y,-20.0,8.0,N,,STANDARD,DELAYED,Shipper 53,Consignee 34
CGO-1658,291-78393593,FLT-1054,EY3102,6,Multiple Aircraft AOG + Engine Failure Cascade,A6-EYE,AUH,FCO,Live Animals,301,4.25,48,N,,,N,,STANDARD,DELAYED,Shipper 75,Consignee 35
CGO-1659,830-22927099,FLT-1054,EY3102,6,Multiple Aircraft AOG + Engine Failure Cascade,A6-EYE,AUH,FCO,General,474,2.39,31,N,,,N,,EXPRESS,DELAYED,Shipper 16,Consignee 64
CGO-1660,418-51163450,FLT-1054,EY3102,6,Multiple Aircraft AOG + Engine Failure Cascade,A6-EYE,AUH,FCO,Perishable,1015,3.99,35,Y,2.0,8.0,N,,ECONOMY,DELAYED,Shipper 70,Consignee 45
CGO-1661,724-40196183,FLT-1054,EY3102,6,Multiple Aircraft AOG + Engine Failure Cascade,A6-EYE,AUH,FCO,Pharmaceuticals,527,5.67,17,Y,-20.0,8.0,N,,STANDARD,DELAYED,Shipper 75,Consignee 98
CGO-1662,413-73098688,FLT-1055,EY003,6,Multiple Aircraft AOG + Engine Failure Cascade,A6-EYK,AUH,DEL,Perishable,1036,3.56,3,Y,2.0,8.0,N,,STANDARD,DELAYED,Shipper 80,Consignee 34
CGO-1663,428-32010727,FLT-1055,EY003,6,Multiple Aircraft AOG + Engine Failure Cascade,A6-EYK,AUH,DEL,Dangerous Goods,815,4.63,7,N,,,Y,4.1,STANDARD,DELAYED,Shipper 95,Consignee 86
CGO-1664,332-68282421,FLT-1055,EY003,6,Multiple Aircraft AOG + Engine Failure Cascade,A6-EYK,AUH,DEL,Live Animals,489,0.95,22,N,,,N,,ECONOMY,DELAYED,Shipper 82,Consignee 77
CGO-1665,736-61533687,FLT-1055,EY003,6,Multiple Aircraft AOG + Engine Failure Cascade,A6-EYK,AUH,DEL,Valuables,861,5.95,37,N,,,N,,STANDARD,DELAYED,Shipper 41,Consignee 49
CGO-1666,940-79049614,FLT-1055,EY003,6,Multiple Aircraft AOG + Engine Failure Cascade,A6-EYK,AUH,DEL,General,339,5.0,16,N,,,N,,EXPRESS,DELAYED,Shipper 80,Consignee 82
CGO-1667,706-46368932,FLT-1055,EY003,6,Multiple Aircraft AOG + Engine Failure Cascade,A6-EYK,AUH,DEL,General,503,1.77,24,N,,,N,,ECONOMY,DELAYED,Shipper 39,Consignee 80
CGO-1668,363-12466595,FLT-1055,EY003,6,Multiple Aircraft AOG + Engine Failure Cascade,A6-EYK,AUH,DEL,Pharmaceuticals,1431,2.22,41,Y,-20.0,8.0,N,,STANDARD,DELAYED,Shipper 90,Consignee 67
CGO-1669,462-97797221,FLT-1055,EY003,6,Multiple Aircraft AOG + Engine Failure Cascade,A6-EYK,AUH,DEL,Perishable,203,5.28,12,Y,2.0,8.0,N,,STANDARD,DELAYED,Shipper 45,Consignee 84
CGO-1670,558-47403178,FLT-1055,EY003,6,Multiple Aircraft AOG + Engine Failure Cascade,A6-EYK,AUH,DEL,Pharmaceuticals,761,9.37,49,Y,-20.0,8.0,N,,STANDARD,DELAYED,Shipper 89,Consignee 70
CGO-1671,842-62699867,FLT-1055,EY003,6,Multiple Aircraft AOG + Engine Failure Cascade,A6-EYK,AUH,DEL,Dangerous Goods,1442,2.54,13,N,,,Y,9.0,STANDARD,DELAYED,Shipper 95,Consignee 3
CGO-1672,992-29227790,FLT-1055,EY003,6,Multiple Aircraft AOG + Engine Failure Cascade,A6-EYK,AUH,DEL,Dangerous Goods,1899,1.72,28,N,,,Y,3.0,STANDARD,DELAYED,Shipper 67,Consignee 66
CGO-1673,818-60881800,FLT-1055,EY003,6,Multiple Aircraft AOG + Engine Failure Cascade,A6-EYK,AUH,DEL,General,150,3.58,15,N,,,N,,STANDARD,DELAYED,Shipper 6,Consignee 31
CGO-1674,682-31074123,FLT-1055,EY003,6,Multiple Aircraft AOG + Engine Failure Cascade,A6-EYK,AUH,DEL,Valuables,1723,3.72,33,N,,,N,,EXPRESS,DELAYED,Shipper 10,Consignee 18
CGO-1675,824-82888124,FLT-1055,EY003,6,Multiple Aircraft AOG + Engine Failure Cascade,A6-EYK,AUH,DEL,General,1322,9.42,39,N,,,N,,STANDARD,DELAYED,Shipper 30,Consignee 82
CGO-1676,928-15047664,FLT-1056,EY7152,6,Multiple Aircraft AOG + Engine Failure Cascade,A6-EYD,CAI,AUH,Dangerous Goods,346,7.62,8,N,,,Y,4.1,EXPRESS,DELAYED,Shipper 56,Consignee 82
CGO-1677,200-49217496,FLT-1056,EY7152,6,Multiple Aircraft AOG + Engine Failure Cascade,A6-EYD,CAI,AUH,Live Animals,556,1.48,47,N,,,N,,STANDARD,DELAYED,Shipper 89,Consignee 97
CGO-1678,925-22745652,FLT-1056,EY7152,6,Multiple Aircraft AOG + Engine Failure Cascade,A6-EYD,CAI,AUH,Valuables,1702,5.98,42,N,,,N,,STANDARD,DELAYED,Shipper 46,Consignee 35
CGO-1679,378-44922938,FLT-1056,EY7152,6,Multiple Aircraft AOG + Engine Failure Cascade,A6-EYD,CAI,AUH,Valuables,1534,2.27,10,N,,,N,,STANDARD,DELAYED,Shipper 30,Consignee 11
CGO-1680,420-72110764,FLT-1056,EY7152,6,Multiple Aircraft AOG + Engine Failure Cascade,A6-EYD,CAI,AUH,Dangerous Goods,1831,1.06,27,N,,,Y,8.0,ECONOMY,DELAYED,Shipper 23,Consignee 55
CGO-1681,267-71565297,FLT-1056,EY7152,6,Multiple Aircraft AOG + Engine Failure Cascade,A6-EYD,CAI,AUH,Valuables,693,1.63,19,N,,,N,,EXPRESS,DELAYED,Shipper 65,Consignee 41
CGO-1682,712-80035690,FLT-1056,EY7152,6,Multiple Aircraft AOG + Engine Failure Cascade,A6-EYD,CAI,AUH,Live Animals,250,1.07,4,N,,,N,,ECONOMY,DELAYED,Shipper 87,Consignee 49
CGO-1683,267-90705869,FLT-1056,EY7152,6,Multiple Aircraft AOG + Engine Failure Cascade,A6-EYD,CAI,AUH,Dangerous Goods,1762,5.4,41,N,,,Y,3.0,STANDARD,DELAYED,Shipper 41,Consignee 50
CGO-1684,677-53069393,FLT-1056,EY7152,6,Multiple Aircraft AOG + Engine Failure Cascade,A6-EYD,CAI,AUH,Dangerous Goods,479,4.41,43,N,,,Y,3.0,ECONOMY,DELAYED,Shipper 38,Consignee 51
CGO-1685,359-25941210,FLT-1056,EY7152,6,Multiple Aircraft AOG + Engine Failure Cascade,A6-EYD,CAI,AUH,General,1951,2.78,6,N,,,N,,EXPRESS,DELAYED,Shipper 13,Consignee 85
CGO-1686,903-73412808,FLT-1056,EY7152,6,Multiple Aircraft AOG + Engine Failure Cascade,A6-EYD,CAI,AUH,Dangerous Goods,1285,4.99,19,N,,,Y,8.0,ECONOMY,DELAYED,Shipper 100,Consignee 100
CGO-1687,939-94038324,FLT-1056,EY7152,6,Multiple Aircraft AOG + Engine Failure Cascade,A6-EYD,CAI,AUH,Valuables,1738,7.91,29,N,,,N,,STANDARD,DELAYED,Shipper 95,Consignee 72
CGO-1688,708-87680392,FLT-1056,EY7152,6,Multiple Aircraft AOG + Engine Failure Cascade,A6-EYD,CAI,AUH,Perishable,734,1.24,17,Y,2.0,8.0,N,,EXPRESS,DELAYED,Shipper 51,Consignee 30
CGO-1689,271-45551540,FLT-1057,EY3103,6,Multiple Aircraft AOG + Engine Failure Cascade,A6-EYE,FCO,AUH,Dangerous Goods,831,8.65,2,N,,,Y,3.0,ECONOMY,DELAYED,Shipper 10,Consignee 78
CGO-1690,524-77384423,FLT-1057,EY3103,6,Multiple Aircraft AOG + Engine Failure Cascade,A6-EYE,FCO,AUH,Dangerous Goods,1504,5.19,9,N,,,Y,4.1,STANDARD,DELAYED,Shipper 69,Consignee 61
CGO-1691,873-89715410,FLT-1057,EY3103,6,Multiple Aircraft AOG + Engine Failure Cascade,A6-EYE,FCO,AUH,Perishable,1308,2.96,26,Y,2.0,8.0,N,,ECONOMY,DELAYED,Shipper 59,Consignee 39
CGO-1692,237-45062849,FLT-1057,EY3103,6,Multiple Aircraft AOG + Engine Failure Cascade,A6-EYE,FCO,AUH,Pharmaceuticals,1139,7.14,28,Y,-20.0,8.0,N,,ECONOMY,DELAYED,Shipper 79,Consignee 14
CGO-1693,975-10634545,FLT-1057,EY3103,6,Multiple Aircraft AOG + Engine Failure Cascade,A6-EYE,FCO,AUH,Dangerous Goods,1099,3.24,14,N,,,Y,3.0,ECONOMY,DELAYED,Shipper 69,Consignee 98
CGO-1694,671-81280352,FLT-1057,EY3103,6,Multiple Aircraft AOG + Engine Failure Cascade,A6-EYE,FCO,AUH,Perishable,1910,9.64,2,Y,2.0,8.0,N,,EXPRESS,DELAYED,Shipper 20,Consignee 46
CGO-1695,470-52318610,FLT-1057,EY3103,6,Multiple Aircraft AOG + Engine Failure Cascade,A6-EYE,FCO,AUH,Pharmaceuticals,1120,8.91,25,Y,-20.0,8.0,N,,ECONOMY,DELAYED,Shipper 48,Consignee 86
CGO-1696,275-22819269,FLT-1057,EY3103,6,Multiple Aircraft AOG + Engine Failure Cascade,A6-EYE,FCO,AUH,Perishable,1842,5.37,6,Y,2.0,8.0,N,,ECONOMY,DELAYED,Shipper 58,Consignee 52
CGO-1697,705-87744116,FLT-1057,EY3103,6,Multiple Aircraft AOG + Engine Failure Cascade,A6-EYE,FCO,AUH,Valuables,484,3.79,15,N,,,N,,STANDARD,DELAYED,Shipper 31,Consignee 41
CGO-1698,523-84995244,FLT-1057,EY3103,6,Multiple Aircraft AOG + Engine Failure Cascade,A6-EYE,FCO,AUH,Dangerous Goods,153,6.98,37,N,,,Y,4.1,STANDARD,DELAYED,Shipper 28,Consignee 81
CGO-1699,596-15645549,FLT-1057,EY3103,6,Multiple Aircraft AOG + Engine Failure Cascade,A6-EYE,FCO,AUH,Pharmaceuticals,1516,7.62,28,Y,-20.0,8.0,N,,EXPRESS,DELAYED,Shipper 48,Consignee 68
CGO-1700,713-29202134,FLT-1057,EY3103,6,Multiple Aircraft AOG + Engine Failure Cascade,A6-EYE,FCO,AUH,Live Animals,1470,9.32,28,N,,,N,,STANDARD,DELAYED,Shipper 62,Consignee 2
CGO-1701,589-53381390,FLT-1057,EY3103,6,Multiple Aircraft AOG + Engine Failure Cascade,A6-EYE,FCO,AUH,Perishable,1351,4.28,49,Y,2.0,8.0,N,,STANDARD,DELAYED,Shipper 67,Consignee 69
CGO-1702,826-87815734,FLT-1057,EY3103,6,Multiple Aircraft AOG + Engine Failure Cascade,A6-EYE,FCO,AUH,Perishable,313,9.7,11,Y,2.0,8.0,N,,EXPRESS,DELAYED,Shipper 54,Consignee 23
CGO-1703,627-42948533,FLT-1057,EY3103,6,Multiple Aircraft AOG + Engine Failure Cascade,A6-EYE,FCO,AUH,Dangerous Goods,996,6.51,3,N,,,Y,4.1,ECONOMY,DELAYED,Shipper 86,Consignee 80
CGO-1704,106-11593374,FLT-1057,EY3103,6,Multiple Aircraft AOG + Engine Failure Cascade,A6-EYE,FCO,AUH,Pharmaceuticals,824,3.09,14,Y,-20.0,8.0,N,,ECONOMY,DELAYED,Shipper 98,Consignee 5
CGO-1705,547-79460317,FLT-1057,EY3103,6,Multiple Aircraft AOG + Engine Failure Cascade,A6-EYE,FCO,AUH,Perishable,553,1.61,10,Y,2.0,8.0,N,,EXPRESS,DELAYED,Shipper 27,Consignee 18
CGO-1706,257-86041158,FLT-1057,EY3103,6,Multiple Aircraft AOG + Engine Failure Cascade,A6-EYE,FCO,AUH,Valuables,283,5.73,33,N,,,N,,ECONOMY,DELAYED,Shipper 24,Consignee 36
CGO-1707,940-63897469,FLT-1058,EY004,6,Multiple Aircraft AOG + Engine Failure Cascade,A6-EYK,DEL,AUH,Pharmaceuticals,908,2.13,31,Y,-20.0,8.0,N,,EXPRESS,DELAYED,Shipper 16,Consignee 49
CGO-1708,112-54604937,FLT-1058,EY004,6,Multiple Aircraft AOG + Engine Failure Cascade,A6-EYK,DEL,AUH,Live Animals,693,4.8,6,N,,,N,,STANDARD,DELAYED,Shipper 40,Consignee 2
CGO-1709,215-88516693,FLT-1058,EY004,6,Multiple Aircraft AOG + Engine Failure Cascade,A6-EYK,DEL,AUH,Perishable,1489,3.43,36,Y,2.0,8.0,N,,ECONOMY,DELAYED,Shipper 4,Consignee 80
CGO-1710,441-32465253,FLT-1058,EY004,6,Multiple Aircraft AOG + Engine Failure Cascade,A6-EYK,DEL,AUH,Dangerous Goods,789,7.0,46,N,,,Y,4.1,EXPRESS,DELAYED,Shipper 12,Consignee 92
CGO-1711,838-95987121,FLT-1058,EY004,6,Multiple Aircraft AOG + Engine Failure Cascade,A6-EYK,DEL,AUH,General,1567,1.48,26,N,,,N,,EXPRESS,DELAYED,Shipper 39,Consignee 42
CGO-1712,508-85935748,FLT-1058,EY004,6,Multiple Aircraft AOG + Engine Failure Cascade,A6-EYK,DEL,AUH,Dangerous Goods,427,7.59,23,N,,,Y,9.0,STANDARD,DELAYED,Shipper 35,Consignee 32
CGO-1713,708-45981272,FLT-1058,EY004,6,Multiple Aircraft AOG + Engine Failure Cascade,A6-EYK,DEL,AUH,Perishable,1390,3.77,11,Y,2.0,8.0,N,,STANDARD,DELAYED,Shipper 99,Consignee 62
CGO-1714,562-41769628,FLT-1058,EY004,6,Multiple Aircraft AOG + Engine Failure Cascade,A6-EYK,DEL,AUH,Live Animals,348,9.07,36,N,,,N,,STANDARD,DELAYED,Shipper 93,Consignee 67
CGO-1715,869-73158433,FLT-1058,EY004,6,Multiple Aircraft AOG + Engine Failure Cascade,A6-EYK,DEL,AUH,General,1192,1.87,45,N,,,N,,STANDARD,DELAYED,Shipper 40,Consignee 96
CGO-1716,247-78440041,FLT-1058,EY004,6,Multiple Aircraft AOG + Engine Failure Cascade,A6-EYK,DEL,AUH,Dangerous Goods,1911,3.01,46,N,,,Y,8.0,ECONOMY,DELAYED,Shipper 29,Consignee 51
CGO-1717,688-24978798,FLT-1058,EY004,6,Multiple Aircraft AOG + Engine Failure Cascade,A6-EYK,DEL,AUH,Perishable,1982,6.49,35,Y,2.0,8.0,N,,STANDARD,DELAYED,Shipper 60,Consignee 32
CGO-1718,323-16988333,FLT-1058,EY004,6,Multiple Aircraft AOG + Engine Failure Cascade,A6-EYK,DEL,AUH,Live Animals,209,8.96,47,N,,,N,,EXPRESS,DELAYED,Shipper 43,Consignee 31
CGO-1719,388-63683824,FLT-1058,EY004,6,Multiple Aircraft AOG + Engine Failure Cascade,A6-EYK,DEL,AUH,Perishable,1459,7.67,33,Y,2.0,8.0,N,,EXPRESS,DELAYED,Shipper 10,Consignee 16
CGO-1720,727-10166840,FLT-1059,EY8086,6,Multiple Aircraft AOG + Engine Failure Cascade,A6-EYL,AUH,FCO,Valuables,1625,3.95,39,N,,,N,,STANDARD,DELAYED,Shipper 19,Consignee 45
CGO-1721,751-31721617,FLT-1059,EY8086,6,Multiple Aircraft AOG + Engine Failure Cascade,A6-EYL,AUH,FCO,Dangerous Goods,1786,8.7,50,N,,,Y,9.0,ECONOMY,DELAYED,Shipper 14,Consignee 43
CGO-1722,942-31876028,FLT-1059,EY8086,6,Multiple Aircraft AOG + Engine Failure Cascade,A6-EYL,AUH,FCO,Dangerous Goods,1967,2.72,30,N,,,Y,3.0,STANDARD,DELAYED,Shipper 28,Consignee 13
CGO-1723,217-32960880,FLT-1059,EY8086,6,Multiple Aircraft AOG + Engine Failure Cascade,A6-EYL,AUH,FCO,General,243,7.22,32,N,,,N,,STANDARD,DELAYED,Shipper 43,Consignee 26
CGO-1724,289-14542907,FLT-1059,EY8086,6,Multiple Aircraft AOG + Engine Failure Cascade,A6-EYL,AUH,FCO,Valuables,1581,6.69,17,N,,,N,,EXPRESS,DELAYED,Shipper 16,Consignee 71
CGO-1725,376-76644298,FLT-1060,EY912,6,Multiple Aircraft AOG + Engine Failure Cascade,A6-EYA,JFK,AUH,Live Animals,409,6.32,48,N,,,N,,EXPRESS,ON_TIME,Shipper 65,Consignee 97
CGO-1726,212-10602489,FLT-1060,EY912,6,Multiple Aircraft AOG + Engine Failure Cascade,A6-EYA,JFK,AUH,Live Animals,611,0.91,50,N,,,N,,STANDARD,ON_TIME,Shipper 37,Consignee 77
CGO-1727,308-35428753,FLT-1060,EY912,6,Multiple Aircraft AOG + Engine Failure Cascade,A6-EYA,JFK,AUH,Valuables,1585,6.98,33,N,,,N,,EXPRESS,ON_TIME,Shipper 56,Consignee 55
CGO-1728,862-13114383,FLT-1060,EY912,6,Multiple Aircraft AOG + Engine Failure Cascade,A6-EYA,JFK,AUH,Pharmaceuticals,449,7.74,43,Y,-20.0,8.0,N,,EXPRESS,ON_TIME,Shipper 28,Consignee 91
CGO-1729,298-67639712,FLT-1060,EY912,6,Multiple Aircraft AOG + Engine Failure Cascade,A6-EYA,JFK,AUH,Perishable,1230,3.87,42,Y,2.0,8.0,N,,EXPRESS,ON_TIME,Shipper 52,Consignee 71
CGO-1730,481-27355522,FLT-1060,EY912,6,Multiple Aircraft AOG + Engine Failure Cascade,A6-EYA,JFK,AUH,Dangerous Goods,1717,8.25,3,N,,,Y,8.0,EXPRESS,ON_TIME,Shipper 85,Consignee 13
CGO-1731,620-46657125,FLT-1060,EY912,6,Multiple Aircraft AOG + Engine Failure Cascade,A6-EYA,JFK,AUH,Dangerous Goods,697,5.64,23,N,,,Y,8.0,STANDARD,ON_TIME,Shipper 68,Consignee 65
CGO-1732,585-42746428,FLT-1060,EY912,6,Multiple Aircraft AOG + Engine Failure Cascade,A6-EYA,JFK,AUH,Perishable,132,0.88,26,Y,2.0,8.0,N,,STANDARD,ON_TIME,Shipper 56,Consignee 41
CGO-1733,279-33090659,FLT-1061,EY8086,7,Crew Out of Hours + Insufficient Cabin Crew Crisis,A6-EYI,AUH,FCO,Live Animals,880,7.63,23,N,,,N,,EXPRESS,DELAYED,Shipper 90,Consignee 44
CGO-1734,542-67108939,FLT-1061,EY8086,7,Crew Out of Hours + Insufficient Cabin Crew Crisis,A6-EYI,AUH,FCO,General,1039,3.98,15,N,,,N,,ECONOMY,DELAYED,Shipper 38,Consignee 22
CGO-1735,681-64739952,FLT-1061,EY8086,7,Crew Out of Hours + Insufficient Cabin Crew Crisis,A6-EYI,AUH,FCO,Dangerous Goods,806,3.62,5,N,,,Y,8.0,ECONOMY,DELAYED,Shipper 57,Consignee 6
CGO-1736,291-55193450,FLT-1061,EY8086,7,Crew Out of Hours + Insufficient Cabin Crew Crisis,A6-EYI,AUH,FCO,Live Animals,649,0.96,38,N,,,N,,STANDARD,DELAYED,Shipper 24,Consignee 90
CGO-1737,348-93750207,FLT-1061,EY8086,7,Crew Out of Hours + Insufficient Cabin Crew Crisis,A6-EYI,AUH,FCO,Dangerous Goods,401,4.93,16,N,,,Y,8.0,ECONOMY,DELAYED,Shipper 48,Consignee 98
CGO-1738,304-45210338,FLT-1061,EY8086,7,Crew Out of Hours + Insufficient Cabin Crew Crisis,A6-EYI,AUH,FCO,Dangerous Goods,584,5.42,50,N,,,Y,4.1,STANDARD,DELAYED,Shipper 71,Consignee 85
CGO-1739,654-31220294,FLT-1061,EY8086,7,Crew Out of Hours + Insufficient Cabin Crew Crisis,A6-EYI,AUH,FCO,Valuables,1451,1.25,42,N,,,N,,EXPRESS,DELAYED,Shipper 63,Consignee 88
CGO-1740,452-20404327,FLT-1061,EY8086,7,Crew Out of Hours + Insufficient Cabin Crew Crisis,A6-EYI,AUH,FCO,Valuables,947,7.76,6,N,,,N,,EXPRESS,DELAYED,Shipper 11,Consignee 4
CGO-1741,395-25332002,FLT-1061,EY8086,7,Crew Out of Hours + Insufficient Cabin Crew Crisis,A6-EYI,AUH,FCO,General,871,7.89,48,N,,,N,,ECONOMY,DELAYED,Shipper 32,Consignee 61
CGO-1742,413-80586893,FLT-1061,EY8086,7,Crew Out of Hours + Insufficient Cabin Crew Crisis,A6-EYI,AUH,FCO,Dangerous Goods,659,7.74,25,N,,,Y,4.1,EXPRESS,DELAYED,Shipper 76,Consignee 28
CGO-1743,917-59826867,FLT-1061,EY8086,7,Crew Out of Hours + Insufficient Cabin Crew Crisis,A6-EYI,AUH,FCO,Dangerous Goods,1380,8.76,3,N,,,Y,9.0,STANDARD,DELAYED,Shipper 80,Consignee 27
CGO-1744,363-58070916,FLT-1061,EY8086,7,Crew Out of Hours + Insufficient Cabin Crew Crisis,A6-EYI,AUH,FCO,Valuables,1111,0.79,23,N,,,N,,STANDARD,DELAYED,Shipper 72,Consignee 21
CGO-1745,862-43680066,FLT-1061,EY8086,7,Crew Out of Hours + Insufficient Cabin Crew Crisis,A6-EYI,AUH,FCO,Pharmaceuticals,568,7.76,7,Y,-20.0,8.0,N,,EXPRESS,DELAYED,Shipper 22,Consignee 79
CGO-1746,982-13562809,FLT-1061,EY8086,7,Crew Out of Hours + Insufficient Cabin Crew Crisis,A6-EYI,AUH,FCO,Perishable,301,5.01,20,Y,2.0,8.0,N,,EXPRESS,DELAYED,Shipper 12,Consignee 5
CGO-1747,128-93414650,FLT-1061,EY8086,7,Crew Out of Hours + Insufficient Cabin Crew Crisis,A6-EYI,AUH,FCO,General,390,6.85,47,N,,,N,,STANDARD,DELAYED,Shipper 9,Consignee 59
CGO-1748,612-46879840,FLT-1061,EY8086,7,Crew Out of Hours + Insufficient Cabin Crew Crisis,A6-EYI,AUH,FCO,Valuables,91,1.21,20,N,,,N,,EXPRESS,DELAYED,Shipper 36,Consignee 35
CGO-1749,669-12590275,FLT-1061,EY8086,7,Crew Out of Hours + Insufficient Cabin Crew Crisis,A6-EYI,AUH,FCO,Perishable,1647,4.73,35,Y,2.0,8.0,N,,ECONOMY,DELAYED,Shipper 90,Consignee 19
CGO-1750,948-27097993,FLT-1061,EY8086,7,Crew Out of Hours + Insufficient Cabin Crew Crisis,A6-EYI,AUH,FCO,Perishable,1176,6.79,40,Y,2.0,8.0,N,,ECONOMY,DELAYED,Shipper 49,Consignee 27
CGO-1751,205-45343835,FLT-1061,EY8086,7,Crew Out of Hours + Insufficient Cabin Crew Crisis,A6-EYI,AUH,FCO,General,1977,4.3,28,N,,,N,,STANDARD,DELAYED,Shipper 90,Consignee 17
CGO-1752,688-98658699,FLT-1062,EY6622,7,Crew Out of Hours + Insufficient Cabin Crew Crisis,A6-EYJ,DEL,AUH,General,210,1.59,9,N,,,N,,EXPRESS,DELAYED,Shipper 69,Consignee 52
CGO-1753,463-34011588,FLT-1062,EY6622,7,Crew Out of Hours + Insufficient Cabin Crew Crisis,A6-EYJ,DEL,AUH,Valuables,829,8.86,49,N,,,N,,EXPRESS,DELAYED,Shipper 29,Consignee 17
CGO-1754,197-52529054,FLT-1062,EY6622,7,Crew Out of Hours + Insufficient Cabin Crew Crisis,A6-EYJ,DEL,AUH,Valuables,880,3.16,44,N,,,N,,EXPRESS,DELAYED,Shipper 71,Consignee 26
CGO-1755,451-32678088,FLT-1062,EY6622,7,Crew Out of Hours + Insufficient Cabin Crew Crisis,A6-EYJ,DEL,AUH,Pharmaceuticals,1553,1.05,3,Y,-20.0,8.0,N,,EXPRESS,DELAYED,Shipper 1,Consignee 60
CGO-1756,394-54035934,FLT-1062,EY6622,7,Crew Out of Hours + Insufficient Cabin Crew Crisis,A6-EYJ,DEL,AUH,Live Animals,718,6.79,26,N,,,N,,STANDARD,DELAYED,Shipper 92,Consignee 78
CGO-1757,848-56727261,FLT-1062,EY6622,7,Crew Out of Hours + Insufficient Cabin Crew Crisis,A6-EYJ,DEL,AUH,Dangerous Goods,135,0.98,17,N,,,Y,9.0,STANDARD,DELAYED,Shipper 61,Consignee 92
CGO-1758,313-22180450,FLT-1062,EY6622,7,Crew Out of Hours + Insufficient Cabin Crew Crisis,A6-EYJ,DEL,AUH,Dangerous Goods,691,3.96,44,N,,,Y,4.1,EXPRESS,DELAYED,Shipper 8,Consignee 100
CGO-1759,938-98750708,FLT-1062,EY6622,7,Crew Out of Hours + Insufficient Cabin Crew Crisis,A6-EYJ,DEL,AUH,Pharmaceuticals,70,8.32,23,Y,-20.0,8.0,N,,EXPRESS,DELAYED,Shipper 35,Consignee 7
CGO-1760,128-87681579,FLT-1062,EY6622,7,Crew Out of Hours + Insufficient Cabin Crew Crisis,A6-EYJ,DEL,AUH,Perishable,1022,7.93,14,Y,2.0,8.0,N,,STANDARD,DELAYED,Shipper 39,Consignee 94
CGO-1761,871-85659196,FLT-1062,EY6622,7,Crew Out of Hours + Insufficient Cabin Crew Crisis,A6-EYJ,DEL,AUH,Perishable,499,8.02,30,Y,2.0,8.0,N,,EXPRESS,DELAYED,Shipper 41,Consignee 93
CGO-1762,403-44266079,FLT-1062,EY6622,7,Crew Out of Hours + Insufficient Cabin Crew Crisis,A6-EYJ,DEL,AUH,General,1214,7.21,18,N,,,N,,ECONOMY,DELAYED,Shipper 66,Consignee 83
CGO-1763,894-61415243,FLT-1062,EY6622,7,Crew Out of Hours + Insufficient Cabin Crew Crisis,A6-EYJ,DEL,AUH,Valuables,1477,7.59,38,N,,,N,,ECONOMY,DELAYED,Shipper 2,Consignee 84
CGO-1764,310-47334518,FLT-1062,EY6622,7,Crew Out of Hours + Insufficient Cabin Crew Crisis,A6-EYJ,DEL,AUH,Valuables,580,3.78,24,N,,,N,,ECONOMY,DELAYED,Shipper 82,Consignee 30
CGO-1765,148-17857838,FLT-1063,EY0739,7,Crew Out of Hours + Insufficient Cabin Crew Crisis,A6-EYA,AUH,SYD,Pharmaceuticals,1094,4.82,11,Y,-20.0,8.0,N,,ECONOMY,DELAYED,Shipper 59,Consignee 34
CGO-1766,493-71111089,FLT-1063,EY0739,7,Crew Out of Hours + Insufficient Cabin Crew Crisis,A6-EYA,AUH,SYD,Pharmaceuticals,963,2.72,22,Y,-20.0,8.0,N,,STANDARD,DELAYED,Shipper 51,Consignee 52
CGO-1767,536-74077424,FLT-1063,EY0739,7,Crew Out of Hours + Insufficient Cabin Crew Crisis,A6-EYA,AUH,SYD,Live Animals,91,2.95,8,N,,,N,,STANDARD,DELAYED,Shipper 50,Consignee 13
CGO-1768,699-88775988,FLT-1063,EY0739,7,Crew Out of Hours + Insufficient Cabin Crew Crisis,A6-EYA,AUH,SYD,Dangerous Goods,683,3.77,30,N,,,Y,9.0,ECONOMY,DELAYED,Shipper 98,Consignee 53
CGO-1769,490-63571477,FLT-1063,EY0739,7,Crew Out of Hours + Insufficient Cabin Crew Crisis,A6-EYA,AUH,SYD,Perishable,1091,8.09,44,Y,2.0,8.0,N,,STANDARD,DELAYED,Shipper 42,Consignee 94
CGO-1770,282-82502844,FLT-1063,EY0739,7,Crew Out of Hours + Insufficient Cabin Crew Crisis,A6-EYA,AUH,SYD,Dangerous Goods,1787,5.41,8,N,,,Y,8.0,ECONOMY,DELAYED,Shipper 59,Consignee 12
CGO-1771,979-11183637,FLT-1063,EY0739,7,Crew Out of Hours + Insufficient Cabin Crew Crisis,A6-EYA,AUH,SYD,Valuables,319,5.93,2,N,,,N,,EXPRESS,DELAYED,Shipper 7,Consignee 35
CGO-1772,606-34001099,FLT-1063,EY0739,7,Crew Out of Hours + Insufficient Cabin Crew Crisis,A6-EYA,AUH,SYD,Perishable,1363,3.11,17,Y,2.0,8.0,N,,ECONOMY,DELAYED,Shipper 49,Consignee 46
CGO-1773,755-37093186,FLT-1063,EY0739,7,Crew Out of Hours + Insufficient Cabin Crew Crisis,A6-EYA,AUH,SYD,Pharmaceuticals,388,4.36,37,Y,-20.0,8.0,N,,EXPRESS,DELAYED,Shipper 92,Consignee 7
CGO-1774,239-97407234,FLT-1063,EY0739,7,Crew Out of Hours + Insufficient Cabin Crew Crisis,A6-EYA,AUH,SYD,Pharmaceuticals,298,4.05,9,Y,-20.0,8.0,N,,STANDARD,DELAYED,Shipper 61,Consignee 44
CGO-1775,871-60346485,FLT-1063,EY0739,7,Crew Out of Hours + Insufficient Cabin Crew Crisis,A6-EYA,AUH,SYD,Dangerous Goods,1853,8.31,43,N,,,Y,4.1,EXPRESS,DELAYED,Shipper 15,Consignee 48
CGO-1776,377-89507373,FLT-1063,EY0739,7,Crew Out of Hours + Insufficient Cabin Crew Crisis,A6-EYA,AUH,SYD,Pharmaceuticals,1311,6.91,28,Y,-20.0,8.0,N,,EXPRESS,DELAYED,Shipper 26,Consignee 8
CGO-1777,728-58690905,FLT-1063,EY0739,7,Crew Out of Hours + Insufficient Cabin Crew Crisis,A6-EYA,AUH,SYD,Dangerous Goods,1555,7.9,22,N,,,Y,8.0,STANDARD,DELAYED,Shipper 56,Consignee 40
CGO-1778,116-26627825,FLT-1063,EY0739,7,Crew Out of Hours + Insufficient Cabin Crew Crisis,A6-EYA,AUH,SYD,Dangerous Goods,650,6.69,30,N,,,Y,9.0,EXPRESS,DELAYED,Shipper 91,Consignee 43
CGO-1779,487-94993968,FLT-1063,EY0739,7,Crew Out of Hours + Insufficient Cabin Crew Crisis,A6-EYA,AUH,SYD,Live Animals,1265,5.91,30,N,,,N,,STANDARD,DELAYED,Shipper 71,Consignee 64
CGO-1780,147-17510561,FLT-1063,EY0739,7,Crew Out of Hours + Insufficient Cabin Crew Crisis,A6-EYA,AUH,SYD,Pharmaceuticals,415,3.35,15,Y,-20.0,8.0,N,,STANDARD,DELAYED,Shipper 30,Consignee 34
CGO-1781,621-68119187,FLT-1063,EY0739,7,Crew Out of Hours + Insufficient Cabin Crew Crisis,A6-EYA,AUH,SYD,Live Animals,1908,3.84,27,N,,,N,,STANDARD,DELAYED,Shipper 55,Consignee 34
CGO-1782,921-50434205,FLT-1064,EY432,7,Crew Out of Hours + Insufficient Cabin Crew Crisis,A6-EYF,LHR,AUH,Live Animals,573,2.83,47,N,,,N,,STANDARD,DELAYED,Shipper 54,Consignee 50
CGO-1783,587-81331229,FLT-1064,EY432,7,Crew Out of Hours + Insufficient Cabin Crew Crisis,A6-EYF,LHR,AUH,General,1918,4.19,47,N,,,N,,EXPRESS,DELAYED,Shipper 9,Consignee 79
CGO-1784,725-61856456,FLT-1064,EY432,7,Crew Out of Hours + Insufficient Cabin Crew Crisis,A6-EYF,LHR,AUH,Perishable,1107,6.53,10,Y,2.0,8.0,N,,ECONOMY,DELAYED,Shipper 44,Consignee 9
CGO-1785,548-80881879,FLT-1064,EY432,7,Crew Out of Hours + Insufficient Cabin Crew Crisis,A6-EYF,LHR,AUH,General,1905,7.88,7,N,,,N,,ECONOMY,DELAYED,Shipper 96,Consignee 34
CGO-1786,101-25472018,FLT-1064,EY432,7,Crew Out of Hours + Insufficient Cabin Crew Crisis,A6-EYF,LHR,AUH,Dangerous Goods,239,5.62,9,N,,,Y,9.0,STANDARD,DELAYED,Shipper 4,Consignee 71
CGO-1787,814-95727382,FLT-1064,EY432,7,Crew Out of Hours + Insufficient Cabin Crew Crisis,A6-EYF,LHR,AUH,Valuables,1312,0.88,23,N,,,N,,EXPRESS,DELAYED,Shipper 58,Consignee 74
CGO-1788,770-58252088,FLT-1064,EY432,7,Crew Out of Hours + Insufficient Cabin Crew Crisis,A6-EYF,LHR,AUH,Perishable,705,3.07,26,Y,2.0,8.0,N,,ECONOMY,DELAYED,Shipper 40,Consignee 88
CGO-1789,560-60539639,FLT-1064,EY432,7,Crew Out of Hours + Insufficient Cabin Crew Crisis,A6-EYF,LHR,AUH,Live Animals,813,7.23,29,N,,,N,,STANDARD,DELAYED,Shipper 43,Consignee 59
CGO-1790,501-29007599,FLT-1064,EY432,7,Crew Out of Hours + Insufficient Cabin Crew Crisis,A6-EYF,LHR,AUH,Perishable,1733,7.08,50,Y,2.0,8.0,N,,EXPRESS,DELAYED,Shipper 19,Consignee 29
CGO-1791,807-44213449,FLT-1064,EY432,7,Crew Out of Hours + Insufficient Cabin Crew Crisis,A6-EYF,LHR,AUH,General,201,7.83,23,N,,,N,,EXPRESS,DELAYED,Shipper 95,Consignee 86
CGO-1792,211-48143513,FLT-1064,EY432,7,Crew Out of Hours + Insufficient Cabin Crew Crisis,A6-EYF,LHR,AUH,Perishable,1781,9.49,4,Y,2.0,8.0,N,,EXPRESS,DELAYED,Shipper 100,Consignee 9
CGO-1793,515-44759907,FLT-1064,EY432,7,Crew Out of Hours + Insufficient Cabin Crew Crisis,A6-EYF,LHR,AUH,Live Animals,529,6.78,8,N,,,N,,STANDARD,DELAYED,Shipper 57,Consignee 15
CGO-1794,404-84061656,FLT-1064,EY432,7,Crew Out of Hours + Insufficient Cabin Crew Crisis,A6-EYF,LHR,AUH,Valuables,521,7.24,21,N,,,N,,STANDARD,DELAYED,Shipper 46,Consignee 91
CGO-1795,751-64462090,FLT-1064,EY432,7,Crew Out of Hours + Insufficient Cabin Crew Crisis,A6-EYF,LHR,AUH,Valuables,950,9.74,33,N,,,N,,STANDARD,DELAYED,Shipper 1,Consignee 41
CGO-1796,785-17993421,FLT-1064,EY432,7,Crew Out of Hours + Insufficient Cabin Crew Crisis,A6-EYF,LHR,AUH,Perishable,1038,3.93,38,Y,2.0,8.0,N,,STANDARD,DELAYED,Shipper 12,Consignee 31
CGO-1797,777-36124452,FLT-1064,EY432,7,Crew Out of Hours + Insufficient Cabin Crew Crisis,A6-EYF,LHR,AUH,Live Animals,642,2.97,32,N,,,N,,ECONOMY,DELAYED,Shipper 69,Consignee 26
CGO-1798,964-27723696,FLT-1065,EY1202,7,Crew Out of Hours + Insufficient Cabin Crew Crisis,A6-EYH,AUH,DEL,Perishable,627,0.71,16,Y,2.0,8.0,N,,STANDARD,DELAYED,Shipper 58,Consignee 76
CGO-1799,594-27835369,FLT-1065,EY1202,7,Crew Out of Hours + Insufficient Cabin Crew Crisis,A6-EYH,AUH,DEL,Perishable,651,0.52,48,Y,2.0,8.0,N,,ECONOMY,DELAYED,Shipper 92,Consignee 28
CGO-1800,883-54360974,FLT-1065,EY1202,7,Crew Out of Hours + Insufficient Cabin Crew Crisis,A6-EYH,AUH,DEL,Valuables,694,0.74,40,N,,,N,,ECONOMY,DELAYED,Shipper 41,Consignee 82
CGO-1801,908-73585426,FLT-1065,EY1202,7,Crew Out of Hours + Insufficient Cabin Crew Crisis,A6-EYH,AUH,DEL,Live Animals,897,5.79,41,N,,,N,,ECONOMY,DELAYED,Shipper 80,Consignee 6
CGO-1802,797-75399805,FLT-1065,EY1202,7,Crew Out of Hours + Insufficient Cabin Crew Crisis,A6-EYH,AUH,DEL,Perishable,1290,9.77,5,Y,2.0,8.0,N,,STANDARD,DELAYED,Shipper 36,Consignee 28
CGO-1803,222-36486105,FLT-1065,EY1202,7,Crew Out of Hours + Insufficient Cabin Crew Crisis,A6-EYH,AUH,DEL,Valuables,1743,6.85,28,N,,,N,,ECONOMY,DELAYED,Shipper 1,Consignee 88
CGO-1804,889-83860910,FLT-1066,EY334,7,Crew Out of Hours + Insufficient Cabin Crew Crisis,A6-EYK,AUH,CDG,General,1519,7.94,37,N,,,N,,ECONOMY,DELAYED,Shipper 32,Consignee 98
CGO-1805,273-68447596,FLT-1066,EY334,7,Crew Out of Hours + Insufficient Cabin Crew Crisis,A6-EYK,AUH,CDG,General,900,7.95,7,N,,,N,,EXPRESS,DELAYED,Shipper 47,Consignee 67
CGO-1806,435-84653723,FLT-1066,EY334,7,Crew Out of Hours + Insufficient Cabin Crew Crisis,A6-EYK,AUH,CDG,Pharmaceuticals,1803,1.4,26,Y,-20.0,8.0,N,,STANDARD,DELAYED,Shipper 72,Consignee 15
CGO-1807,537-19182805,FLT-1066,EY334,7,Crew Out of Hours + Insufficient Cabin Crew Crisis,A6-EYK,AUH,CDG,Pharmaceuticals,914,2.92,21,Y,-20.0,8.0,N,,EXPRESS,DELAYED,Shipper 39,Consignee 21
CGO-1808,892-20147641,FLT-1066,EY334,7,Crew Out of Hours + Insufficient Cabin Crew Crisis,A6-EYK,AUH,CDG,Live Animals,1531,7.34,37,N,,,N,,STANDARD,DELAYED,Shipper 85,Consignee 44
CGO-1809,761-32454034,FLT-1066,EY334,7,Crew Out of Hours + Insufficient Cabin Crew Crisis,A6-EYK,AUH,CDG,Valuables,1010,2.38,38,N,,,N,,EXPRESS,DELAYED,Shipper 95,Consignee 45
CGO-1810,461-39740904,FLT-1066,EY334,7,Crew Out of Hours + Insufficient Cabin Crew Crisis,A6-EYK,AUH,CDG,Pharmaceuticals,450,3.46,39,Y,-20.0,8.0,N,,ECONOMY,DELAYED,Shipper 63,Consignee 30
CGO-1811,636-22683438,FLT-1066,EY334,7,Crew Out of Hours + Insufficient Cabin Crew Crisis,A6-EYK,AUH,CDG,Perishable,1443,8.79,32,Y,2.0,8.0,N,,STANDARD,DELAYED,Shipper 96,Consignee 26
CGO-1812,346-98039772,FLT-1067,EY8087,7,Crew Out of Hours + Insufficient Cabin Crew Crisis,A6-EYI,FCO,AUH,Live Animals,254,5.12,50,N,,,N,,STANDARD,DELAYED,Shipper 59,Consignee 61
CGO-1813,601-70759510,FLT-1067,EY8087,7,Crew Out of Hours + Insufficient Cabin Crew Crisis,A6-EYI,FCO,AUH,Valuables,799,3.08,5,N,,,N,,ECONOMY,DELAYED,Shipper 83,Consignee 30
CGO-1814,842-14749356,FLT-1067,EY8087,7,Crew Out of Hours + Insufficient Cabin Crew Crisis,A6-EYI,FCO,AUH,Perishable,694,2.55,12,Y,2.0,8.0,N,,ECONOMY,DELAYED,Shipper 3,Consignee 91
CGO-1815,923-27210516,FLT-1067,EY8087,7,Crew Out of Hours + Insufficient Cabin Crew Crisis,A6-EYI,FCO,AUH,Dangerous Goods,446,8.54,11,N,,,Y,8.0,EXPRESS,DELAYED,Shipper 9,Consignee 58
CGO-1816,732-14203401,FLT-1067,EY8087,7,Crew Out of Hours + Insufficient Cabin Crew Crisis,A6-EYI,FCO,AUH,Live Animals,701,9.76,37,N,,,N,,ECONOMY,DELAYED,Shipper 64,Consignee 47
CGO-1817,524-22715400,FLT-1067,EY8087,7,Crew Out of Hours + Insufficient Cabin Crew Crisis,A6-EYI,FCO,AUH,General,1097,8.06,46,N,,,N,,STANDARD,DELAYED,Shipper 63,Consignee 44
CGO-1818,395-79368630,FLT-1067,EY8087,7,Crew Out of Hours + Insufficient Cabin Crew Crisis,A6-EYI,FCO,AUH,General,446,8.02,8,N,,,N,,EXPRESS,DELAYED,Shipper 34,Consignee 35
CGO-1819,932-25650979,FLT-1067,EY8087,7,Crew Out of Hours + Insufficient Cabin Crew Crisis,A6-EYI,FCO,AUH,Live Animals,586,6.9,46,N,,,N,,ECONOMY,DELAYED,Shipper 25,Consignee 92
CGO-1820,704-55865318,FLT-1067,EY8087,7,Crew Out of Hours + Insufficient Cabin Crew Crisis,A6-EYI,FCO,AUH,Live Animals,1419,0.7,48,N,,,N,,STANDARD,DELAYED,Shipper 75,Consignee 33
CGO-1821,845-94812850,FLT-1067,EY8087,7,Crew Out of Hours + Insufficient Cabin Crew Crisis,A6-EYI,FCO,AUH,Valuables,1529,6.14,44,N,,,N,,EXPRESS,DELAYED,Shipper 21,Consignee 11
CGO-1822,106-37679287,FLT-1067,EY8087,7,Crew Out of Hours + Insufficient Cabin Crew Crisis,A6-EYI,FCO,AUH,Pharmaceuticals,1376,8.54,37,Y,-20.0,8.0,N,,EXPRESS,DELAYED,Shipper 24,Consignee 11
CGO-1823,125-33755325,FLT-1067,EY8087,7,Crew Out of Hours + Insufficient Cabin Crew Crisis,A6-EYI,FCO,AUH,Live Animals,263,4.85,20,N,,,N,,EXPRESS,DELAYED,Shipper 33,Consignee 51
CGO-1824,529-35122996,FLT-1067,EY8087,7,Crew Out of Hours + Insufficient Cabin Crew Crisis,A6-EYI,FCO,AUH,Pharmaceuticals,1904,9.0,48,Y,-20.0,8.0,N,,STANDARD,DELAYED,Shipper 18,Consignee 15
CGO-1825,556-29788751,FLT-1067,EY8087,7,Crew Out of Hours + Insufficient Cabin Crew Crisis,A6-EYI,FCO,AUH,Perishable,1183,5.76,17,Y,2.0,8.0,N,,ECONOMY,DELAYED,Shipper 90,Consignee 48
CGO-1826,579-25231425,FLT-1068,EY0740,7,Crew Out of Hours + Insufficient Cabin Crew Crisis,A6-EYA,SYD,AUH,Dangerous Goods,1790,2.29,25,N,,,Y,3.0,EXPRESS,DELAYED,Shipper 46,Consignee 87
CGO-1827,653-60686545,FLT-1068,EY0740,7,Crew Out of Hours + Insufficient Cabin Crew Crisis,A6-EYA,SYD,AUH,Live Animals,857,7.93,46,N,,,N,,EXPRESS,DELAYED,Shipper 91,Consignee 50
CGO-1828,922-36730138,FLT-1068,EY0740,7,Crew Out of Hours + Insufficient Cabin Crew Crisis,A6-EYA,SYD,AUH,Perishable,893,3.97,6,Y,2.0,8.0,N,,ECONOMY,DELAYED,Shipper 18,Consignee 20
CGO-1829,696-26555127,FLT-1068,EY0740,7,Crew Out of Hours + Insufficient Cabin Crew Crisis,A6-EYA,SYD,AUH,Dangerous Goods,681,3.87,6,N,,,Y,8.0,EXPRESS,DELAYED,Shipper 26,Consignee 81
CGO-1830,573-69643851,FLT-1068,EY0740,7,Crew Out of Hours + Insufficient Cabin Crew Crisis,A6-EYA,SYD,AUH,General,980,2.9,35,N,,,N,,ECONOMY,DELAYED,Shipper 11,Consignee 70
CGO-1831,616-70157565,FLT-1068,EY0740,7,Crew Out of Hours + Insufficient Cabin Crew Crisis,A6-EYA,SYD,AUH,Valuables,1389,2.93,20,N,,,N,,EXPRESS,DELAYED,Shipper 58,Consignee 65
CGO-1832,397-88863339,FLT-1068,EY0740,7,Crew Out of Hours + Insufficient Cabin Crew Crisis,A6-EYA,SYD,AUH,Live Animals,348,5.69,18,N,,,N,,EXPRESS,DELAYED,Shipper 83,Consignee 76
CGO-1833,388-63405173,FLT-1068,EY0740,7,Crew Out of Hours + Insufficient Cabin Crew Crisis,A6-EYA,SYD,AUH,Live Animals,102,7.71,49,N,,,N,,STANDARD,DELAYED,Shipper 80,Consignee 77
CGO-1834,998-23421906,FLT-1068,EY0740,7,Crew Out of Hours + Insufficient Cabin Crew Crisis,A6-EYA,SYD,AUH,Perishable,718,6.88,30,Y,2.0,8.0,N,,STANDARD,DELAYED,Shipper 97,Consignee 88
CGO-1835,355-31913860,FLT-1068,EY0740,7,Crew Out of Hours + Insufficient Cabin Crew Crisis,A6-EYA,SYD,AUH,Pharmaceuticals,1657,9.11,22,Y,-20.0,8.0,N,,EXPRESS,DELAYED,Shipper 31,Consignee 55
CGO-1836,926-71878374,FLT-1069,EY433,7,Crew Out of Hours + Insufficient Cabin Crew Crisis,A6-EYF,AUH,LHR,Dangerous Goods,202,4.75,27,N,,,Y,3.0,EXPRESS,DELAYED,Shipper 90,Consignee 13
CGO-1837,579-43745081,FLT-1069,EY433,7,Crew Out of Hours + Insufficient Cabin Crew Crisis,A6-EYF,AUH,LHR,Valuables,684,1.72,12,N,,,N,,EXPRESS,DELAYED,Shipper 9,Consignee 14
CGO-1838,423-75092957,FLT-1069,EY433,7,Crew Out of Hours + Insufficient Cabin Crew Crisis,A6-EYF,AUH,LHR,General,665,9.39,18,N,,,N,,STANDARD,DELAYED,Shipper 73,Consignee 72
CGO-1839,105-69929682,FLT-1069,EY433,7,Crew Out of Hours + Insufficient Cabin Crew Crisis,A6-EYF,AUH,LHR,Pharmaceuticals,1658,5.84,7,Y,-20.0,8.0,N,,EXPRESS,DELAYED,Shipper 56,Consignee 95
CGO-1840,224-82089352,FLT-1069,EY433,7,Crew Out of Hours + Insufficient Cabin Crew Crisis,A6-EYF,AUH,LHR,Perishable,1018,5.6,22,Y,2.0,8.0,N,,EXPRESS,DELAYED,Shipper 90,Consignee 46
CGO-1841,732-92091952,FLT-1069,EY433,7,Crew Out of Hours + Insufficient Cabin Crew Crisis,A6-EYF,AUH,LHR,General,1391,8.07,27,N,,,N,,EXPRESS,DELAYED,Shipper 5,Consignee 16
CGO-1842,150-42131644,FLT-1069,EY433,7,Crew Out of Hours + Insufficient Cabin Crew Crisis,A6-EYF,AUH,LHR,Valuables,1789,1.25,12,N,,,N,,EXPRESS,DELAYED,Shipper 96,Consignee 84
CGO-1843,904-31478593,FLT-1069,EY433,7,Crew Out of Hours + Insufficient Cabin Crew Crisis,A6-EYF,AUH,LHR,Valuables,1558,0.51,37,N,,,N,,STANDARD,DELAYED,Shipper 30,Consignee 47
CGO-1844,453-51222159,FLT-1069,EY433,7,Crew Out of Hours + Insufficient Cabin Crew Crisis,A6-EYF,AUH,LHR,Valuables,1013,3.58,15,N,,,N,,EXPRESS,DELAYED,Shipper 60,Consignee 13
CGO-1845,268-49286480,FLT-1069,EY433,7,Crew Out of Hours + Insufficient Cabin Crew Crisis,A6-EYF,AUH,LHR,Dangerous Goods,475,1.75,23,N,,,Y,3.0,STANDARD,DELAYED,Shipper 91,Consignee 88
CGO-1846,937-30541706,FLT-1069,EY433,7,Crew Out of Hours + Insufficient Cabin Crew Crisis,A6-EYF,AUH,LHR,Dangerous Goods,1087,0.66,21,N,,,Y,3.0,ECONOMY,DELAYED,Shipper 68,Consignee 84
CGO-1847,301-84623549,FLT-1069,EY433,7,Crew Out of Hours + Insufficient Cabin Crew Crisis,A6-EYF,AUH,LHR,Perishable,1779,3.39,14,Y,2.0,8.0,N,,EXPRESS,DELAYED,Shipper 76,Consignee 16
CGO-1848,369-23694087,FLT-1069,EY433,7,Crew Out of Hours + Insufficient Cabin Crew Crisis,A6-EYF,AUH,LHR,Pharmaceuticals,1560,1.57,25,Y,-20.0,8.0,N,,STANDARD,DELAYED,Shipper 71,Consignee 34
CGO-1849,736-41376018,FLT-1069,EY433,7,Crew Out of Hours + Insufficient Cabin Crew Crisis,A6-EYF,AUH,LHR,Live Animals,1769,3.56,21,N,,,N,,STANDARD,DELAYED,Shipper 36,Consignee 43
CGO-1850,508-60846271,FLT-1069,EY433,7,Crew Out of Hours + Insufficient Cabin Crew Crisis,A6-EYF,AUH,LHR,Valuables,1400,9.69,50,N,,,N,,ECONOMY,DELAYED,Shipper 16,Consignee 79
CGO-1851,765-31967861,FLT-1069,EY433,7,Crew Out of Hours + Insufficient Cabin Crew Crisis,A6-EYF,AUH,LHR,Dangerous Goods,391,2.31,29,N,,,Y,9.0,EXPRESS,DELAYED,Shipper 79,Consignee 47
CGO-1852,664-19154223,FLT-1069,EY433,7,Crew Out of Hours + Insufficient Cabin Crew Crisis,A6-EYF,AUH,LHR,Valuables,1926,4.05,1,N,,,N,,ECONOMY,DELAYED,Shipper 47,Consignee 20
CGO-1853,745-29041076,FLT-1070,EY335,7,Crew Out of Hours + Insufficient Cabin Crew Crisis,A6-EYK,CDG,AUH,Valuables,883,6.63,12,N,,,N,,ECONOMY,DELAYED,Shipper 28,Consignee 69
CGO-1854,985-43582812,FLT-1070,EY335,7,Crew Out of Hours + Insufficient Cabin Crew Crisis,A6-EYK,CDG,AUH,General,388,3.81,33,N,,,N,,EXPRESS,DELAYED,Shipper 53,Consignee 68
CGO-1855,473-77979013,FLT-1070,EY335,7,Crew Out of Hours + Insufficient Cabin Crew Crisis,A6-EYK,CDG,AUH,Perishable,981,4.34,22,Y,2.0,8.0,N,,STANDARD,DELAYED,Shipper 57,Consignee 99
CGO-1856,601-66629091,FLT-1070,EY335,7,Crew Out of Hours + Insufficient Cabin Crew Crisis,A6-EYK,CDG,AUH,Dangerous Goods,642,9.44,42,N,,,Y,3.0,STANDARD,DELAYED,Shipper 59,Consignee 17
CGO-1857,593-38055591,FLT-1070,EY335,7,Crew Out of Hours + Insufficient Cabin Crew Crisis,A6-EYK,CDG,AUH,Perishable,1363,7.16,8,Y,2.0,8.0,N,,EXPRESS,DELAYED,Shipper 39,Consignee 53
CGO-1858,616-20294565,FLT-1070,EY335,7,Crew Out of Hours + Insufficient Cabin Crew Crisis,A6-EYK,CDG,AUH,General,1650,2.52,45,N,,,N,,ECONOMY,DELAYED,Shipper 60,Consignee 44
CGO-1859,814-95411176,FLT-1070,EY335,7,Crew Out of Hours + Insufficient Cabin Crew Crisis,A6-EYK,CDG,AUH,Pharmaceuticals,1621,0.82,20,Y,-20.0,8.0,N,,EXPRESS,DELAYED,Shipper 99,Consignee 8
CGO-1860,665-79999800,FLT-1070,EY335,7,Crew Out of Hours + Insufficient Cabin Crew Crisis,A6-EYK,CDG,AUH,Live Animals,1908,5.95,7,N,,,N,,STANDARD,DELAYED,Shipper 18,Consignee 76
CGO-1861,789-13543591,FLT-1070,EY335,7,Crew Out of Hours + Insufficient Cabin Crew Crisis,A6-EYK,CDG,AUH,Dangerous Goods,1185,6.24,41,N,,,Y,9.0,ECONOMY,DELAYED,Shipper 66,Consignee 32
CGO-1862,520-55712206,FLT-1070,EY335,7,Crew Out of Hours + Insufficient Cabin Crew Crisis,A6-EYK,CDG,AUH,General,525,0.96,35,N,,,N,,STANDARD,DELAYED,Shipper 4,Consignee 46
CGO-1863,512-13001447,FLT-1070,EY335,7,Crew Out of Hours + Insufficient Cabin Crew Crisis,A6-EYK,CDG,AUH,Perishable,1665,1.27,42,Y,2.0,8.0,N,,STANDARD,DELAYED,Shipper 58,Consignee 27
CGO-1864,602-35313677,FLT-1070,EY335,7,Crew Out of Hours + Insufficient Cabin Crew Crisis,A6-EYK,CDG,AUH,Perishable,919,7.48,30,Y,2.0,8.0,N,,STANDARD,DELAYED,Shipper 74,Consignee 67
CGO-1865,126-38600904,FLT-1070,EY335,7,Crew Out of Hours + Insufficient Cabin Crew Crisis,A6-EYK,CDG,AUH,Pharmaceuticals,1537,9.42,21,Y,-20.0,8.0,N,,ECONOMY,DELAYED,Shipper 9,Consignee 6
CGO-1866,880-58940020,FLT-1070,EY335,7,Crew Out of Hours + Insufficient Cabin Crew Crisis,A6-EYK,CDG,AUH,General,901,2.66,19,N,,,N,,ECONOMY,DELAYED,Shipper 35,Consignee 56
CGO-1867,375-51653383,FLT-1070,EY335,7,Crew Out of Hours + Insufficient Cabin Crew Crisis,A6-EYK,CDG,AUH,Valuables,80,5.71,7,N,,,N,,STANDARD,DELAYED,Shipper 30,Consignee 78
CGO-1868,577-81016224,FLT-1071,EY8086,8,Runway Closure + Airspace Flow Rate Restrictions,A6-EYI,AUH,FCO,General,636,6.83,19,N,,,N,,EXPRESS,ON_TIME,Shipper 40,Consignee 86
CGO-1869,211-26141227,FLT-1071,EY8086,8,Runway Closure + Airspace Flow Rate Restrictions,A6-EYI,AUH,FCO,Valuables,260,2.59,35,N,,,N,,ECONOMY,ON_TIME,Shipper 5,Consignee 26
CGO-1870,699-81012249,FLT-1071,EY8086,8,Runway Closure + Airspace Flow Rate Restrictions,A6-EYI,AUH,FCO,General,603,8.65,13,N,,,N,,EXPRESS,ON_TIME,Shipper 46,Consignee 100
CGO-1871,689-43949046,FLT-1071,EY8086,8,Runway Closure + Airspace Flow Rate Restrictions,A6-EYI,AUH,FCO,Dangerous Goods,933,4.48,19,N,,,Y,8.0,EXPRESS,ON_TIME,Shipper 29,Consignee 8
CGO-1872,753-60936070,FLT-1071,EY8086,8,Runway Closure + Airspace Flow Rate Restrictions,A6-EYI,AUH,FCO,Live Animals,1907,5.02,4,N,,,N,,STANDARD,ON_TIME,Shipper 4,Consignee 44
CGO-1873,934-66244055,FLT-1071,EY8086,8,Runway Closure + Airspace Flow Rate Restrictions,A6-EYI,AUH,FCO,Live Animals,1716,4.02,34,N,,,N,,EXPRESS,ON_TIME,Shipper 94,Consignee 39
CGO-1874,854-92237366,FLT-1071,EY8086,8,Runway Closure + Airspace Flow Rate Restrictions,A6-EYI,AUH,FCO,Live Animals,220,1.5,11,N,,,N,,EXPRESS,ON_TIME,Shipper 94,Consignee 93
CGO-1875,752-92547882,FLT-1071,EY8086,8,Runway Closure + Airspace Flow Rate Restrictions,A6-EYI,AUH,FCO,Pharmaceuticals,1702,5.45,23,Y,-20.0,8.0,N,,STANDARD,ON_TIME,Shipper 15,Consignee 56
CGO-1876,463-87344804,FLT-1071,EY8086,8,Runway Closure + Airspace Flow Rate Restrictions,A6-EYI,AUH,FCO,Dangerous Goods,219,5.68,40,N,,,Y,4.1,EXPRESS,ON_TIME,Shipper 15,Consignee 37
CGO-1877,958-45978251,FLT-1071,EY8086,8,Runway Closure + Airspace Flow Rate Restrictions,A6-EYI,AUH,FCO,Pharmaceuticals,644,2.12,40,Y,-20.0,8.0,N,,STANDARD,ON_TIME,Shipper 23,Consignee 87
CGO-1878,767-86829140,FLT-1071,EY8086,8,Runway Closure + Airspace Flow Rate Restrictions,A6-EYI,AUH,FCO,Live Animals,241,4.6,29,N,,,N,,EXPRESS,ON_TIME,Shipper 3,Consignee 9
CGO-1879,634-64681588,FLT-1071,EY8086,8,Runway Closure + Airspace Flow Rate Restrictions,A6-EYI,AUH,FCO,Dangerous Goods,1520,8.22,22,N,,,Y,9.0,EXPRESS,ON_TIME,Shipper 78,Consignee 67
CGO-1880,173-87646230,FLT-1071,EY8086,8,Runway Closure + Airspace Flow Rate Restrictions,A6-EYI,AUH,FCO,Live Animals,1431,1.05,45,N,,,N,,STANDARD,ON_TIME,Shipper 59,Consignee 84
CGO-1881,265-19123694,FLT-1071,EY8086,8,Runway Closure + Airspace Flow Rate Restrictions,A6-EYI,AUH,FCO,Valuables,295,1.57,16,N,,,N,,ECONOMY,ON_TIME,Shipper 50,Consignee 42
CGO-1882,677-50058711,FLT-1071,EY8086,8,Runway Closure + Airspace Flow Rate Restrictions,A6-EYI,AUH,FCO,Perishable,1117,5.44,47,Y,2.0,8.0,N,,EXPRESS,ON_TIME,Shipper 2,Consignee 67
CGO-1883,729-18144847,FLT-1071,EY8086,8,Runway Closure + Airspace Flow Rate Restrictions,A6-EYI,AUH,FCO,Perishable,1117,7.89,49,Y,2.0,8.0,N,,ECONOMY,ON_TIME,Shipper 81,Consignee 54
CGO-1884,894-54905869,FLT-1071,EY8086,8,Runway Closure + Airspace Flow Rate Restrictions,A6-EYI,AUH,FCO,Perishable,1397,8.84,37,Y,2.0,8.0,N,,EXPRESS,ON_TIME,Shipper 74,Consignee 52
CGO-1885,647-35011569,FLT-1071,EY8086,8,Runway Closure + Airspace Flow Rate Restrictions,A6-EYI,AUH,FCO,Pharmaceuticals,130,7.43,3,Y,-20.0,8.0,N,,ECONOMY,ON_TIME,Shipper 84,Consignee 91
CGO-1886,646-97247865,FLT-1071,EY8086,8,Runway Closure + Airspace Flow Rate Restrictions,A6-EYI,AUH,FCO,Pharmaceuticals,1482,2.02,17,Y,-20.0,8.0,N,,STANDARD,ON_TIME,Shipper 59,Consignee 23
CGO-1887,455-42524093,FLT-1071,EY8086,8,Runway Closure + Airspace Flow Rate Restrictions,A6-EYI,AUH,FCO,Live Animals,1522,0.69,44,N,,,N,,EXPRESS,ON_TIME,Shipper 48,Consignee 93
CGO-1888,909-13397931,FLT-1072,EY4943,8,Runway Closure + Airspace Flow Rate Restrictions,A6-EYM,AUH,DOH,Perishable,910,2.49,45,Y,2.0,8.0,N,,EXPRESS,ON_TIME,Shipper 52,Consignee 51
CGO-1889,374-65683175,FLT-1072,EY4943,8,Runway Closure + Airspace Flow Rate Restrictions,A6-EYM,AUH,DOH,Dangerous Goods,1428,3.71,6,N,,,Y,3.0,EXPRESS,ON_TIME,Shipper 79,Consignee 26
CGO-1890,127-38078183,FLT-1072,EY4943,8,Runway Closure + Airspace Flow Rate Restrictions,A6-EYM,AUH,DOH,General,848,8.66,16,N,,,N,,ECONOMY,ON_TIME,Shipper 24,Consignee 95
CGO-1891,448-85904767,FLT-1072,EY4943,8,Runway Closure + Airspace Flow Rate Restrictions,A6-EYM,AUH,DOH,Valuables,160,3.04,2,N,,,N,,ECONOMY,ON_TIME,Shipper 37,Consignee 77
CGO-1892,645-36315476,FLT-1072,EY4943,8,Runway Closure + Airspace Flow Rate Restrictions,A6-EYM,AUH,DOH,Perishable,1115,3.28,20,Y,2.0,8.0,N,,ECONOMY,ON_TIME,Shipper 46,Consignee 49
CGO-1893,996-49027421,FLT-1073,EY9626,8,Runway Closure + Airspace Flow Rate Restrictions,A6-EYN,CAI,AUH,Live Animals,358,4.91,26,N,,,N,,EXPRESS,DELAYED,Shipper 79,Consignee 66
CGO-1894,672-92399850,FLT-1073,EY9626,8,Runway Closure + Airspace Flow Rate Restrictions,A6-EYN,CAI,AUH,Live Animals,1582,8.74,41,N,,,N,,ECONOMY,DELAYED,Shipper 9,Consignee 49
CGO-1895,621-65628091,FLT-1073,EY9626,8,Runway Closure + Airspace Flow Rate Restrictions,A6-EYN,CAI,AUH,Dangerous Goods,237,6.93,24,N,,,Y,3.0,ECONOMY,DELAYED,Shipper 89,Consignee 53
CGO-1896,533-71629269,FLT-1073,EY9626,8,Runway Closure + Airspace Flow Rate Restrictions,A6-EYN,CAI,AUH,Live Animals,359,4.38,24,N,,,N,,EXPRESS,DELAYED,Shipper 90,Consignee 49
CGO-1897,507-95267207,FLT-1073,EY9626,8,Runway Closure + Airspace Flow Rate Restrictions,A6-EYN,CAI,AUH,Pharmaceuticals,214,5.45,25,Y,-20.0,8.0,N,,ECONOMY,DELAYED,Shipper 5,Consignee 86
CGO-1898,892-75356229,FLT-1073,EY9626,8,Runway Closure + Airspace Flow Rate Restrictions,A6-EYN,CAI,AUH,Perishable,567,9.69,49,Y,2.0,8.0,N,,EXPRESS,DELAYED,Shipper 31,Consignee 4
CGO-1899,539-59225888,FLT-1073,EY9626,8,Runway Closure + Airspace Flow Rate Restrictions,A6-EYN,CAI,AUH,Valuables,482,6.69,28,N,,,N,,STANDARD,DELAYED,Shipper 24,Consignee 80
CGO-1900,356-80475746,FLT-1073,EY9626,8,Runway Closure + Airspace Flow Rate Restrictions,A6-EYN,CAI,AUH,Dangerous Goods,285,9.03,20,N,,,Y,9.0,EXPRESS,DELAYED,Shipper 22,Consignee 94
CGO-1901,576-99157851,FLT-1073,EY9626,8,Runway Closure + Airspace Flow Rate Restrictions,A6-EYN,CAI,AUH,General,576,9.95,22,N,,,N,,EXPRESS,DELAYED,Shipper 55,Consignee 19
CGO-1902,584-22393041,FLT-1073,EY9626,8,Runway Closure + Airspace Flow Rate Restrictions,A6-EYN,CAI,AUH,Perishable,825,0.97,13,Y,2.0,8.0,N,,STANDARD,DELAYED,Shipper 14,Consignee 50
CGO-1903,528-47338439,FLT-1073,EY9626,8,Runway Closure + Airspace Flow Rate Restrictions,A6-EYN,CAI,AUH,Dangerous Goods,1993,7.79,36,N,,,Y,4.1,EXPRESS,DELAYED,Shipper 45,Consignee 33
CGO-1904,351-17652302,FLT-1073,EY9626,8,Runway Closure + Airspace Flow Rate Restrictions,A6-EYN,CAI,AUH,Live Animals,979,2.57,42,N,,,N,,ECONOMY,DELAYED,Shipper 76,Consignee 64
CGO-1905,390-34788268,FLT-1073,EY9626,8,Runway Closure + Airspace Flow Rate Restrictions,A6-EYN,CAI,AUH,Live Animals,375,8.73,5,N,,,N,,ECONOMY,DELAYED,Shipper 75,Consignee 87
CGO-1906,168-99026661,FLT-1073,EY9626,8,Runway Closure + Airspace Flow Rate Restrictions,A6-EYN,CAI,AUH,Live Animals,1658,4.64,11,N,,,N,,ECONOMY,DELAYED,Shipper 82,Consignee 76
CGO-1907,872-12110787,FLT-1073,EY9626,8,Runway Closure + Airspace Flow Rate Restrictions,A6-EYN,CAI,AUH,General,615,7.83,45,N,,,N,,ECONOMY,DELAYED,Shipper 74,Consignee 69
CGO-1908,766-31705456,FLT-1073,EY9626,8,Runway Closure + Airspace Flow Rate Restrictions,A6-EYN,CAI,AUH,Live Animals,634,5.27,17,N,,,N,,EXPRESS,DELAYED,Shipper 15,Consignee 37
CGO-1909,840-75286533,FLT-1073,EY9626,8,Runway Closure + Airspace Flow Rate Restrictions,A6-EYN,CAI,AUH,General,732,5.14,3,N,,,N,,ECONOMY,DELAYED,Shipper 46,Consignee 72
CGO-1910,135-34766705,FLT-1073,EY9626,8,Runway Closure + Airspace Flow Rate Restrictions,A6-EYN,CAI,AUH,Live Animals,796,2.4,4,N,,,N,,ECONOMY,DELAYED,Shipper 24,Consignee 66
CGO-1911,387-81895521,FLT-1073,EY9626,8,Runway Closure + Airspace Flow Rate Restrictions,A6-EYN,CAI,AUH,Valuables,522,9.54,4,N,,,N,,EXPRESS,DELAYED,Shipper 65,Consignee 44
CGO-1912,173-37327785,FLT-1074,EY432,8,Runway Closure + Airspace Flow Rate Restrictions,A6-EYF,LHR,AUH,Live Animals,1981,8.2,24,N,,,N,,STANDARD,DELAYED,Shipper 37,Consignee 87
CGO-1913,690-44511785,FLT-1074,EY432,8,Runway Closure + Airspace Flow Rate Restrictions,A6-EYF,LHR,AUH,Valuables,1660,8.41,38,N,,,N,,EXPRESS,DELAYED,Shipper 89,Consignee 65
CGO-1914,962-57446799,FLT-1074,EY432,8,Runway Closure + Airspace Flow Rate Restrictions,A6-EYF,LHR,AUH,Dangerous Goods,637,9.32,26,N,,,Y,4.1,STANDARD,DELAYED,Shipper 3,Consignee 86
CGO-1915,176-46125357,FLT-1074,EY432,8,Runway Closure + Airspace Flow Rate Restrictions,A6-EYF,LHR,AUH,Pharmaceuticals,1590,9.87,14,Y,-20.0,8.0,N,,ECONOMY,DELAYED,Shipper 50,Consignee 39
CGO-1916,514-84637529,FLT-1074,EY432,8,Runway Closure + Airspace Flow Rate Restrictions,A6-EYF,LHR,AUH,General,1999,5.53,23,N,,,N,,EXPRESS,DELAYED,Shipper 48,Consignee 85
CGO-1917,511-65051699,FLT-1074,EY432,8,Runway Closure + Airspace Flow Rate Restrictions,A6-EYF,LHR,AUH,Live Animals,1381,8.2,30,N,,,N,,ECONOMY,DELAYED,Shipper 94,Consignee 92
CGO-1918,660-65473073,FLT-1074,EY432,8,Runway Closure + Airspace Flow Rate Restrictions,A6-EYF,LHR,AUH,Pharmaceuticals,131,9.56,19,Y,-20.0,8.0,N,,STANDARD,DELAYED,Shipper 45,Consignee 3
CGO-1919,655-92417084,FLT-1074,EY432,8,Runway Closure + Airspace Flow Rate Restrictions,A6-EYF,LHR,AUH,Live Animals,479,0.9,22,N,,,N,,STANDARD,DELAYED,Shipper 27,Consignee 41
CGO-1920,787-36572344,FLT-1074,EY432,8,Runway Closure + Airspace Flow Rate Restrictions,A6-EYF,LHR,AUH,General,904,9.56,29,N,,,N,,EXPRESS,DELAYED,Shipper 82,Consignee 86
CGO-1921,927-23519960,FLT-1074,EY432,8,Runway Closure + Airspace Flow Rate Restrictions,A6-EYF,LHR,AUH,Perishable,1188,0.96,32,Y,2.0,8.0,N,,ECONOMY,DELAYED,Shipper 20,Consignee 91
CGO-1922,484-52797749,FLT-1074,EY432,8,Runway Closure + Airspace Flow Rate Restrictions,A6-EYF,LHR,AUH,Perishable,1831,6.84,45,Y,2.0,8.0,N,,STANDARD,DELAYED,Shipper 91,Consignee 7
CGO-1923,467-54052853,FLT-1074,EY432,8,Runway Closure + Airspace Flow Rate Restrictions,A6-EYF,LHR,AUH,General,1458,1.87,2,N,,,N,,STANDARD,DELAYED,Shipper 9,Consignee 40
CGO-1924,314-50237382,FLT-1074,EY432,8,Runway Closure + Airspace Flow Rate Restrictions,A6-EYF,LHR,AUH,Valuables,1298,2.12,35,N,,,N,,ECONOMY,DELAYED,Shipper 6,Consignee 6
CGO-1925,518-32157880,FLT-1074,EY432,8,Runway Closure + Airspace Flow Rate Restrictions,A6-EYF,LHR,AUH,Perishable,1660,4.41,38,Y,2.0,8.0,N,,STANDARD,DELAYED,Shipper 57,Consignee 24
CGO-1926,843-80023715,FLT-1075,EY1202,8,Runway Closure + Airspace Flow Rate Restrictions,A6-EYH,AUH,DEL,Perishable,977,5.38,19,Y,2.0,8.0,N,,ECONOMY,ON_TIME,Shipper 4,Consignee 13
CGO-1927,346-18392274,FLT-1075,EY1202,8,Runway Closure + Airspace Flow Rate Restrictions,A6-EYH,AUH,DEL,Live Animals,1063,0.96,25,N,,,N,,EXPRESS,ON_TIME,Shipper 17,Consignee 50
CGO-1928,685-59382943,FLT-1075,EY1202,8,Runway Closure + Airspace Flow Rate Restrictions,A6-EYH,AUH,DEL,General,851,5.09,3,N,,,N,,STANDARD,ON_TIME,Shipper 31,Consignee 4
CGO-1929,125-55706646,FLT-1075,EY1202,8,Runway Closure + Airspace Flow Rate Restrictions,A6-EYH,AUH,DEL,Dangerous Goods,1078,1.62,24,N,,,Y,9.0,STANDARD,ON_TIME,Shipper 10,Consignee 31
CGO-1930,899-79670797,FLT-1075,EY1202,8,Runway Closure + Airspace Flow Rate Restrictions,A6-EYH,AUH,DEL,Pharmaceuticals,1488,5.44,48,Y,-20.0,8.0,N,,STANDARD,ON_TIME,Shipper 8,Consignee 56
CGO-1931,550-65589640,FLT-1076,EY8184,8,Runway Closure + Airspace Flow Rate Restrictions,A6-EYG,AUH,LHR,Live Animals,393,5.91,9,N,,,N,,ECONOMY,DELAYED,Shipper 85,Consignee 51
CGO-1932,380-25610550,FLT-1076,EY8184,8,Runway Closure + Airspace Flow Rate Restrictions,A6-EYG,AUH,LHR,General,1713,1.57,47,N,,,N,,ECONOMY,DELAYED,Shipper 54,Consignee 5
CGO-1933,559-52912626,FLT-1076,EY8184,8,Runway Closure + Airspace Flow Rate Restrictions,A6-EYG,AUH,LHR,Live Animals,142,7.64,9,N,,,N,,EXPRESS,DELAYED,Shipper 73,Consignee 98
CGO-1934,589-81578187,FLT-1076,EY8184,8,Runway Closure + Airspace Flow Rate Restrictions,A6-EYG,AUH,LHR,General,358,8.19,23,N,,,N,,ECONOMY,DELAYED,Shipper 55,Consignee 14
CGO-1935,332-23008622,FLT-1076,EY8184,8,Runway Closure + Airspace Flow Rate Restrictions,A6-EYG,AUH,LHR,Live Animals,1665,0.55,34,N,,,N,,EXPRESS,DELAYED,Shipper 58,Consignee 22
CGO-1936,920-53602879,FLT-1076,EY8184,8,Runway Closure + Airspace Flow Rate Restrictions,A6-EYG,AUH,LHR,Perishable,984,4.6,22,Y,2.0,8.0,N,,EXPRESS,DELAYED,Shipper 14,Consignee 41
CGO-1937,805-83342716,FLT-1076,EY8184,8,Runway Closure + Airspace Flow Rate Restrictions,A6-EYG,AUH,LHR,Live Animals,1997,2.48,27,N,,,N,,STANDARD,DELAYED,Shipper 79,Consignee 37
CGO-1938,828-97045236,FLT-1077,EY912,8,Runway Closure + Airspace Flow Rate Restrictions,A6-EYA,JFK,AUH,Dangerous Goods,1981,7.91,19,N,,,Y,8.0,EXPRESS,DELAYED,Shipper 35,Consignee 41
CGO-1939,104-99841432,FLT-1077,EY912,8,Runway Closure + Airspace Flow Rate Restrictions,A6-EYA,JFK,AUH,Perishable,877,7.03,24,Y,2.0,8.0,N,,ECONOMY,DELAYED,Shipper 5,Consignee 35
CGO-1940,723-98340229,FLT-1077,EY912,8,Runway Closure + Airspace Flow Rate Restrictions,A6-EYA,JFK,AUH,Perishable,583,9.34,38,Y,2.0,8.0,N,,STANDARD,DELAYED,Shipper 12,Consignee 61
CGO-1941,322-39993527,FLT-1077,EY912,8,Runway Closure + Airspace Flow Rate Restrictions,A6-EYA,JFK,AUH,Perishable,1924,5.49,1,Y,2.0,8.0,N,,ECONOMY,DELAYED,Shipper 54,Consignee 81
CGO-1942,352-48741430,FLT-1077,EY912,8,Runway Closure + Airspace Flow Rate Restrictions,A6-EYA,JFK,AUH,Pharmaceuticals,349,9.18,2,Y,-20.0,8.0,N,,ECONOMY,DELAYED,Shipper 28,Consignee 5
CGO-1943,263-93746615,FLT-1077,EY912,8,Runway Closure + Airspace Flow Rate Restrictions,A6-EYA,JFK,AUH,Perishable,895,1.36,17,Y,2.0,8.0,N,,EXPRESS,DELAYED,Shipper 69,Consignee 91
CGO-1944,359-43813948,FLT-1077,EY912,8,Runway Closure + Airspace Flow Rate Restrictions,A6-EYA,JFK,AUH,Valuables,1727,8.73,13,N,,,N,,ECONOMY,DELAYED,Shipper 77,Consignee 77
CGO-1945,649-62418776,FLT-1077,EY912,8,Runway Closure + Airspace Flow Rate Restrictions,A6-EYA,JFK,AUH,Dangerous Goods,1174,3.5,12,N,,,Y,3.0,ECONOMY,DELAYED,Shipper 46,Consignee 30
CGO-1946,649-81843005,FLT-1078,EY0739,8,Runway Closure + Airspace Flow Rate Restrictions,A6-EYB,AUH,SYD,Valuables,1950,2.37,22,N,,,N,,ECONOMY,DELAYED,Shipper 26,Consignee 62
CGO-1947,529-28872502,FLT-1078,EY0739,8,Runway Closure + Airspace Flow Rate Restrictions,A6-EYB,AUH,SYD,Valuables,605,2.57,43,N,,,N,,EXPRESS,DELAYED,Shipper 91,Consignee 76
CGO-1948,622-46782162,FLT-1078,EY0739,8,Runway Closure + Airspace Flow Rate Restrictions,A6-EYB,AUH,SYD,General,1673,2.8,13,N,,,N,,ECONOMY,DELAYED,Shipper 98,Consignee 90
CGO-1949,681-67356575,FLT-1078,EY0739,8,Runway Closure + Airspace Flow Rate Restrictions,A6-EYB,AUH,SYD,Valuables,552,1.72,30,N,,,N,,STANDARD,DELAYED,Shipper 9,Consignee 58
CGO-1950,190-57659230,FLT-1078,EY0739,8,Runway Closure + Airspace Flow Rate Restrictions,A6-EYB,AUH,SYD,Live Animals,776,4.59,41,N,,,N,,STANDARD,DELAYED,Shipper 97,Consignee 94
CGO-1951,902-17113806,FLT-1078,EY0739,8,Runway Closure + Airspace Flow Rate Restrictions,A6-EYB,AUH,SYD,Valuables,739,6.95,16,N,,,N,,ECONOMY,DELAYED,Shipper 60,Consignee 58
CGO-1952,872-58372064,FLT-1078,EY0739,8,Runway Closure + Airspace Flow Rate Restrictions,A6-EYB,AUH,SYD,Pharmaceuticals,422,1.61,11,Y,-20.0,8.0,N,,EXPRESS,DELAYED,Shipper 85,Consignee 89
CGO-1953,376-71020231,FLT-1078,EY0739,8,Runway Closure + Airspace Flow Rate Restrictions,A6-EYB,AUH,SYD,Valuables,632,8.9,16,N,,,N,,EXPRESS,DELAYED,Shipper 77,Consignee 4
CGO-1954,565-70324787,FLT-1078,EY0739,8,Runway Closure + Airspace Flow Rate Restrictions,A6-EYB,AUH,SYD,General,84,5.32,20,N,,,N,,ECONOMY,DELAYED,Shipper 53,Consignee 75
CGO-1955,122-77379234,FLT-1078,EY0739,8,Runway Closure + Airspace Flow Rate Restrictions,A6-EYB,AUH,SYD,Live Animals,203,0.81,22,N,,,N,,STANDARD,DELAYED,Shipper 56,Consignee 79
CGO-1956,269-87227298,FLT-1078,EY0739,8,Runway Closure + Airspace Flow Rate Restrictions,A6-EYB,AUH,SYD,Live Animals,967,1.91,36,N,,,N,,EXPRESS,DELAYED,Shipper 95,Consignee 69
CGO-1957,502-65801197,FLT-1078,EY0739,8,Runway Closure + Airspace Flow Rate Restrictions,A6-EYB,AUH,SYD,Dangerous Goods,697,7.02,4,N,,,Y,9.0,STANDARD,DELAYED,Shipper 75,Consignee 50
CGO-1958,933-50185214,FLT-1078,EY0739,8,Runway Closure + Airspace Flow Rate Restrictions,A6-EYB,AUH,SYD,Live Animals,1549,0.61,32,N,,,N,,STANDARD,DELAYED,Shipper 95,Consignee 11
CGO-1959,987-84942771,FLT-1078,EY0739,8,Runway Closure + Airspace Flow Rate Restrictions,A6-EYB,AUH,SYD,Valuables,1414,3.01,29,N,,,N,,EXPRESS,DELAYED,Shipper 89,Consignee 96
CGO-1960,291-17421508,FLT-1078,EY0739,8,Runway Closure + Airspace Flow Rate Restrictions,A6-EYB,AUH,SYD,Dangerous Goods,1058,1.92,23,N,,,Y,9.0,STANDARD,DELAYED,Shipper 68,Consignee 85
CGO-1961,414-60667174,FLT-1079,EY6622,8,Runway Closure + Airspace Flow Rate Restrictions,A6-EYJ,DEL,AUH,Perishable,589,2.2,26,Y,2.0,8.0,N,,STANDARD,ON_TIME,Shipper 33,Consignee 62
CGO-1962,520-50095293,FLT-1079,EY6622,8,Runway Closure + Airspace Flow Rate Restrictions,A6-EYJ,DEL,AUH,Pharmaceuticals,409,1.85,38,Y,-20.0,8.0,N,,ECONOMY,ON_TIME,Shipper 40,Consignee 88
CGO-1963,555-88335448,FLT-1079,EY6622,8,Runway Closure + Airspace Flow Rate Restrictions,A6-EYJ,DEL,AUH,General,334,5.45,36,N,,,N,,STANDARD,ON_TIME,Shipper 89,Consignee 69
CGO-1964,906-27194855,FLT-1079,EY6622,8,Runway Closure + Airspace Flow Rate Restrictions,A6-EYJ,DEL,AUH,Valuables,717,2.4,31,N,,,N,,ECONOMY,ON_TIME,Shipper 17,Consignee 3
CGO-1965,136-34382413,FLT-1079,EY6622,8,Runway Closure + Airspace Flow Rate Restrictions,A6-EYJ,DEL,AUH,Perishable,994,5.58,37,Y,2.0,8.0,N,,EXPRESS,ON_TIME,Shipper 66,Consignee 94
CGO-1966,199-58830612,FLT-1079,EY6622,8,Runway Closure + Airspace Flow Rate Restrictions,A6-EYJ,DEL,AUH,General,1489,6.81,11,N,,,N,,STANDARD,ON_TIME,Shipper 54,Consignee 2
CGO-1967,812-45230764,FLT-1079,EY6622,8,Runway Closure + Airspace Flow Rate Restrictions,A6-EYJ,DEL,AUH,Perishable,376,9.24,47,Y,2.0,8.0,N,,STANDARD,ON_TIME,Shipper 16,Consignee 83
CGO-1968,150-75095472,FLT-1079,EY6622,8,Runway Closure + Airspace Flow Rate Restrictions,A6-EYJ,DEL,AUH,Perishable,1809,5.1,21,Y,2.0,8.0,N,,EXPRESS,ON_TIME,Shipper 57,Consignee 58
CGO-1969,788-70068657,FLT-1079,EY6622,8,Runway Closure + Airspace Flow Rate Restrictions,A6-EYJ,DEL,AUH,General,1916,1.24,17,N,,,N,,STANDARD,ON_TIME,Shipper 12,Consignee 83
CGO-1970,358-41515882,FLT-1079,EY6622,8,Runway Closure + Airspace Flow Rate Restrictions,A6-EYJ,DEL,AUH,Pharmaceuticals,1364,5.95,15,Y,-20.0,8.0,N,,EXPRESS,ON_TIME,Shipper 66,Consignee 7
CGO-1971,167-15700913,FLT-1079,EY6622,8,Runway Closure + Airspace Flow Rate Restrictions,A6-EYJ,DEL,AUH,Live Animals,915,4.28,14,N,,,N,,STANDARD,ON_TIME,Shipper 92,Consignee 46
CGO-1972,600-34329762,FLT-1079,EY6622,8,Runway Closure + Airspace Flow Rate Restrictions,A6-EYJ,DEL,AUH,Valuables,1135,2.92,31,N,,,N,,STANDARD,ON_TIME,Shipper 79,Consignee 37
CGO-1973,708-60421473,FLT-1079,EY6622,8,Runway Closure + Airspace Flow Rate Restrictions,A6-EYJ,DEL,AUH,Live Animals,143,4.15,23,N,,,N,,ECONOMY,ON_TIME,Shipper 50,Consignee 73
CGO-1974,841-31809938,FLT-1079,EY6622,8,Runway Closure + Airspace Flow Rate Restrictions,A6-EYJ,DEL,AUH,Live Animals,1142,6.24,18,N,,,N,,EXPRESS,ON_TIME,Shipper 43,Consignee 76
CGO-1975,311-53583847,FLT-1079,EY6622,8,Runway Closure + Airspace Flow Rate Restrictions,A6-EYJ,DEL,AUH,Dangerous Goods,50,5.89,8,N,,,Y,4.1,STANDARD,ON_TIME,Shipper 57,Consignee 10
CGO-1976,683-41797407,FLT-1079,EY6622,8,Runway Closure + Airspace Flow Rate Restrictions,A6-EYJ,DEL,AUH,Valuables,609,1.3,37,N,,,N,,EXPRESS,ON_TIME,Shipper 94,Consignee 81
CGO-1977,648-11202845,FLT-1079,EY6622,8,Runway Closure + Airspace Flow Rate Restrictions,A6-EYJ,DEL,AUH,Dangerous Goods,843,3.25,9,N,,,Y,9.0,STANDARD,ON_TIME,Shipper 13,Consignee 74
CGO-1978,746-72003304,FLT-1079,EY6622,8,Runway Closure + Airspace Flow Rate Restrictions,A6-EYJ,DEL,AUH,General,1731,7.23,28,N,,,N,,STANDARD,ON_TIME,Shipper 31,Consignee 85
CGO-1979,890-77269367,FLT-1079,EY6622,8,Runway Closure + Airspace Flow Rate Restrictions,A6-EYJ,DEL,AUH,Valuables,794,4.91,31,N,,,N,,EXPRESS,ON_TIME,Shipper 23,Consignee 60
CGO-1980,470-80135483,FLT-1080,EY5265,8,Runway Closure + Airspace Flow Rate Restrictions,A6-EYK,FCO,AUH,Valuables,131,4.41,27,N,,,N,,EXPRESS,DELAYED,Shipper 47,Consignee 66
CGO-1981,552-97633347,FLT-1080,EY5265,8,Runway Closure + Airspace Flow Rate Restrictions,A6-EYK,FCO,AUH,Valuables,1654,5.5,4,N,,,N,,EXPRESS,DELAYED,Shipper 61,Consignee 78
CGO-1982,444-19680284,FLT-1080,EY5265,8,Runway Closure + Airspace Flow Rate Restrictions,A6-EYK,FCO,AUH,Pharmaceuticals,694,1.14,28,Y,-20.0,8.0,N,,EXPRESS,DELAYED,Shipper 27,Consignee 20
CGO-1983,439-43195149,FLT-1080,EY5265,8,Runway Closure + Airspace Flow Rate Restrictions,A6-EYK,FCO,AUH,Dangerous Goods,1704,1.35,34,N,,,Y,4.1,EXPRESS,DELAYED,Shipper 51,Consignee 79
CGO-1984,105-17283170,FLT-1080,EY5265,8,Runway Closure + Airspace Flow Rate Restrictions,A6-EYK,FCO,AUH,General,470,9.54,31,N,,,N,,EXPRESS,DELAYED,Shipper 86,Consignee 36
CGO-1985,630-36653756,FLT-1080,EY5265,8,Runway Closure + Airspace Flow Rate Restrictions,A6-EYK,FCO,AUH,Dangerous Goods,96,8.84,8,N,,,Y,9.0,STANDARD,DELAYED,Shipper 1,Consignee 8
CGO-1986,620-61128495,FLT-1080,EY5265,8,Runway Closure + Airspace Flow Rate Restrictions,A6-EYK,FCO,AUH,Live Animals,1149,0.61,46,N,,,N,,ECONOMY,DELAYED,Shipper 80,Consignee 99
CGO-1987,467-77795384,FLT-1080,EY5265,8,Runway Closure + Airspace Flow Rate Restrictions,A6-EYK,FCO,AUH,Pharmaceuticals,553,3.89,43,Y,-20.0,8.0,N,,EXPRESS,DELAYED,Shipper 44,Consignee 89
CGO-1988,684-82114212,FLT-1080,EY5265,8,Runway Closure + Airspace Flow Rate Restrictions,A6-EYK,FCO,AUH,Pharmaceuticals,1369,1.89,44,Y,-20.0,8.0,N,,EXPRESS,DELAYED,Shipper 22,Consignee 53
CGO-1989,863-48969954,FLT-1081,EY6005,8,Runway Closure + Airspace Flow Rate Restrictions,A6-EYL,DEL,AUH,Perishable,1740,3.17,11,Y,2.0,8.0,N,,STANDARD,ON_TIME,Shipper 79,Consignee 12
CGO-1990,803-82088502,FLT-1081,EY6005,8,Runway Closure + Airspace Flow Rate Restrictions,A6-EYL,DEL,AUH,General,289,8.52,10,N,,,N,,EXPRESS,ON_TIME,Shipper 29,Consignee 9
CGO-1991,883-99578584,FLT-1081,EY6005,8,Runway Closure + Airspace Flow Rate Restrictions,A6-EYL,DEL,AUH,Dangerous Goods,671,2.48,10,N,,,Y,4.1,ECONOMY,ON_TIME,Shipper 50,Consignee 32
CGO-1992,929-23183796,FLT-1081,EY6005,8,Runway Closure + Airspace Flow Rate Restrictions,A6-EYL,DEL,AUH,Pharmaceuticals,298,8.08,47,Y,-20.0,8.0,N,,STANDARD,ON_TIME,Shipper 55,Consignee 55
CGO-1993,986-80959419,FLT-1081,EY6005,8,Runway Closure + Airspace Flow Rate Restrictions,A6-EYL,DEL,AUH,Live Animals,1060,7.92,37,N,,,N,,EXPRESS,ON_TIME,Shipper 13,Consignee 90
CGO-1994,485-27301105,FLT-1081,EY6005,8,Runway Closure + Airspace Flow Rate Restrictions,A6-EYL,DEL,AUH,General,1893,8.43,3,N,,,N,,EXPRESS,ON_TIME,Shipper 7,Consignee 81
CGO-1995,185-64287938,FLT-1081,EY6005,8,Runway Closure + Airspace Flow Rate Restrictions,A6-EYL,DEL,AUH,Pharmaceuticals,964,7.06,20,Y,-20.0,8.0,N,,ECONOMY,ON_TIME,Shipper 58,Consignee 24
CGO-1996,249-97741781,FLT-1081,EY6005,8,Runway Closure + Airspace Flow Rate Restrictions,A6-EYL,DEL,AUH,General,1332,2.49,19,N,,,N,,EXPRESS,ON_TIME,Shipper 65,Consignee 19
CGO-1997,567-68309501,FLT-1081,EY6005,8,Runway Closure + Airspace Flow Rate Restrictions,A6-EYL,DEL,AUH,Valuables,1642,6.04,20,N,,,N,,STANDARD,ON_TIME,Shipper 73,Consignee 58
CGO-1998,139-28316497,FLT-1081,EY6005,8,Runway Closure + Airspace Flow Rate Restrictions,A6-EYL,DEL,AUH,Perishable,1648,9.27,19,Y,2.0,8.0,N,,STANDARD,ON_TIME,Shipper 28,Consignee 68
CGO-1999,672-50685029,FLT-1081,EY6005,8,Runway Closure + Airspace Flow Rate Restrictions,A6-EYL,DEL,AUH,Live Animals,1602,6.48,36,N,,,N,,EXPRESS,ON_TIME,Shipper 32,Consignee 41
CGO-2000,917-85183201,FLT-1081,EY6005,8,Runway Closure + Airspace Flow Rate Restrictions,A6-EYL,DEL,AUH,Dangerous Goods,1318,2.71,40,N,,,Y,4.1,ECONOMY,ON_TIME,Shipper 82,Consignee 43
CGO-2001,125-35543294,FLT-1082,EY2796,8,Runway Closure + Airspace Flow Rate Restrictions,A6-EYO,AUH,CDG,Perishable,1665,4.53,43,Y,2.0,8.0,N,,ECONOMY,ON_TIME,Shipper 100,Consignee 57
CGO-2002,837-41089663,FLT-1082,EY2796,8,Runway Closure + Airspace Flow Rate Restrictions,A6-EYO,AUH,CDG,Live Animals,727,5.58,37,N,,,N,,STANDARD,ON_TIME,Shipper 7,Consignee 46
CGO-2003,115-55705149,FLT-1082,EY2796,8,Runway Closure + Airspace Flow Rate Restrictions,A6-EYO,AUH,CDG,Pharmaceuticals,1629,1.98,49,Y,-20.0,8.0,N,,STANDARD,ON_TIME,Shipper 93,Consignee 14
CGO-2004,192-58798319,FLT-1082,EY2796,8,Runway Closure + Airspace Flow Rate Restrictions,A6-EYO,AUH,CDG,Perishable,1478,5.98,16,Y,2.0,8.0,N,,STANDARD,ON_TIME,Shipper 52,Consignee 35
CGO-2005,111-17445979,FLT-1082,EY2796,8,Runway Closure + Airspace Flow Rate Restrictions,A6-EYO,AUH,CDG,General,634,1.99,47,N,,,N,,EXPRESS,ON_TIME,Shipper 28,Consignee 68
CGO-2006,643-15294209,FLT-1082,EY2796,8,Runway Closure + Airspace Flow Rate Restrictions,A6-EYO,AUH,CDG,Valuables,1840,9.18,17,N,,,N,,ECONOMY,ON_TIME,Shipper 9,Consignee 36
CGO-2007,956-90983512,FLT-1082,EY2796,8,Runway Closure + Airspace Flow Rate Restrictions,A6-EYO,AUH,CDG,Pharmaceuticals,1414,1.36,45,Y,-20.0,8.0,N,,EXPRESS,ON_TIME,Shipper 37,Consignee 9
CGO-2008,191-22730489,FLT-1082,EY2796,8,Runway Closure + Airspace Flow Rate Restrictions,A6-EYO,AUH,CDG,Pharmaceuticals,972,9.6,17,Y,-20.0,8.0,N,,EXPRESS,ON_TIME,Shipper 52,Consignee 24
CGO-2009,699-94432416,FLT-1082,EY2796,8,Runway Closure + Airspace Flow Rate Restrictions,A6-EYO,AUH,CDG,General,1773,0.76,44,N,,,N,,ECONOMY,ON_TIME,Shipper 5,Consignee 75
CGO-2010,214-74879922,FLT-1082,EY2796,8,Runway Closure + Airspace Flow Rate Restrictions,A6-EYO,AUH,CDG,Live Animals,843,6.6,15,N,,,N,,ECONOMY,ON_TIME,Shipper 34,Consignee 45
CGO-2011,742-75960398,FLT-1082,EY2796,8,Runway Closure + Airspace Flow Rate Restrictions,A6-EYO,AUH,CDG,Valuables,1695,0.58,16,N,,,N,,ECONOMY,ON_TIME,Shipper 49,Consignee 71
CGO-2012,310-86086216,FLT-1082,EY2796,8,Runway Closure + Airspace Flow Rate Restrictions,A6-EYO,AUH,CDG,Valuables,1824,6.72,36,N,,,N,,STANDARD,ON_TIME,Shipper 33,Consignee 34
CGO-2013,784-77900405,FLT-1082,EY2796,8,Runway Closure + Airspace Flow Rate Restrictions,A6-EYO,AUH,CDG,Pharmaceuticals,91,7.94,40,Y,-20.0,8.0,N,,ECONOMY,ON_TIME,Shipper 74,Consignee 85
CGO-2014,711-20930761,FLT-1082,EY2796,8,Runway Closure + Airspace Flow Rate Restrictions,A6-EYO,AUH,CDG,Valuables,1832,8.81,12,N,,,N,,STANDARD,ON_TIME,Shipper 8,Consignee 28
CGO-2015,558-46547044,FLT-1082,EY2796,8,Runway Closure + Airspace Flow Rate Restrictions,A6-EYO,AUH,CDG,Valuables,1713,8.07,19,N,,,N,,STANDARD,ON_TIME,Shipper 29,Consignee 5
CGO-2016,729-77304461,FLT-1082,EY2796,8,Runway Closure + Airspace Flow Rate Restrictions,A6-EYO,AUH,CDG,General,1987,2.15,41,N,,,N,,ECONOMY,ON_TIME,Shipper 67,Consignee 42
CGO-2017,242-13716704,FLT-1082,EY2796,8,Runway Closure + Airspace Flow Rate Restrictions,A6-EYO,AUH,CDG,Valuables,1918,0.88,31,N,,,N,,ECONOMY,ON_TIME,Shipper 48,Consignee 22
CGO-2018,300-85249347,FLT-1082,EY2796,8,Runway Closure + Airspace Flow Rate Restrictions,A6-EYO,AUH,CDG,Dangerous Goods,781,3.52,40,N,,,Y,8.0,STANDARD,ON_TIME,Shipper 18,Consignee 31
CGO-2019,107-82075033,FLT-1083,EY913,8,Runway Closure + Airspace Flow Rate Restrictions,A6-EYA,AUH,JFK,Pharmaceuticals,1572,7.03,12,Y,-20.0,8.0,N,,EXPRESS,DELAYED,Shipper 16,Consignee 24
CGO-2020,984-89170401,FLT-1083,EY913,8,Runway Closure + Airspace Flow Rate Restrictions,A6-EYA,AUH,JFK,Valuables,1471,6.11,8,N,,,N,,ECONOMY,DELAYED,Shipper 76,Consignee 37
CGO-2021,142-13581661,FLT-1083,EY913,8,Runway Closure + Airspace Flow Rate Restrictions,A6-EYA,AUH,JFK,General,820,7.92,13,N,,,N,,EXPRESS,DELAYED,Shipper 59,Consignee 28
CGO-2022,671-12504847,FLT-1083,EY913,8,Runway Closure + Airspace Flow Rate Restrictions,A6-EYA,AUH,JFK,General,1072,6.81,19,N,,,N,,EXPRESS,DELAYED,Shipper 5,Consignee 86
CGO-2023,609-90999987,FLT-1083,EY913,8,Runway Closure + Airspace Flow Rate Restrictions,A6-EYA,AUH,JFK,Valuables,1008,6.33,32,N,,,N,,STANDARD,DELAYED,Shipper 24,Consignee 43
CGO-2024,500-22337635,FLT-1083,EY913,8,Runway Closure + Airspace Flow Rate Restrictions,A6-EYA,AUH,JFK,General,1224,8.85,23,N,,,N,,EXPRESS,DELAYED,Shipper 33,Consignee 9
CGO-2025,857-89934581,FLT-1084,EY433,8,Runway Closure + Airspace Flow Rate Restrictions,A6-EYF,AUH,LHR,Dangerous Goods,207,0.78,46,N,,,Y,4.1,EXPRESS,DELAYED,Shipper 98,Consignee 34
CGO-2026,158-34968914,FLT-1084,EY433,8,Runway Closure + Airspace Flow Rate Restrictions,A6-EYF,AUH,LHR,General,1120,1.43,24,N,,,N,,EXPRESS,DELAYED,Shipper 14,Consignee 45
CGO-2027,602-80439990,FLT-1084,EY433,8,Runway Closure + Airspace Flow Rate Restrictions,A6-EYF,AUH,LHR,Live Animals,919,8.33,19,N,,,N,,EXPRESS,DELAYED,Shipper 4,Consignee 90
CGO-2028,731-57622978,FLT-1084,EY433,8,Runway Closure + Airspace Flow Rate Restrictions,A6-EYF,AUH,LHR,General,1416,6.31,10,N,,,N,,EXPRESS,DELAYED,Shipper 37,Consignee 64
CGO-2029,177-10871496,FLT-1084,EY433,8,Runway Closure + Airspace Flow Rate Restrictions,A6-EYF,AUH,LHR,Live Animals,693,9.43,22,N,,,N,,ECONOMY,DELAYED,Shipper 42,Consignee 75
CGO-2030,308-85477780,FLT-1084,EY433,8,Runway Closure + Airspace Flow Rate Restrictions,A6-EYF,AUH,LHR,Perishable,668,9.0,24,Y,2.0,8.0,N,,EXPRESS,DELAYED,Shipper 63,Consignee 89
CGO-2031,483-61225123,FLT-1084,EY433,8,Runway Closure + Airspace Flow Rate Restrictions,A6-EYF,AUH,LHR,Dangerous Goods,1944,7.79,11,N,,,Y,8.0,ECONOMY,DELAYED,Shipper 23,Consignee 71
CGO-2032,999-86477095,FLT-1084,EY433,8,Runway Closure + Airspace Flow Rate Restrictions,A6-EYF,AUH,LHR,Live Animals,1958,2.32,47,N,,,N,,STANDARD,DELAYED,Shipper 75,Consignee 53
CGO-2033,716-30214467,FLT-1084,EY433,8,Runway Closure + Airspace Flow Rate Restrictions,A6-EYF,AUH,LHR,Perishable,699,9.45,36,Y,2.0,8.0,N,,EXPRESS,DELAYED,Shipper 83,Consignee 41
CGO-2034,389-52560704,FLT-1084,EY433,8,Runway Closure + Airspace Flow Rate Restrictions,A6-EYF,AUH,LHR,Live Animals,979,3.2,3,N,,,N,,EXPRESS,DELAYED,Shipper 21,Consignee 85
CGO-2035,415-92868544,FLT-1084,EY433,8,Runway Closure + Airspace Flow Rate Restrictions,A6-EYF,AUH,LHR,Valuables,414,8.39,33,N,,,N,,EXPRESS,DELAYED,Shipper 99,Consignee 37
CGO-2036,520-71491849,FLT-1085,EY8086,9,Security Threat + Geopolitical Airspace Diversion,A6-EYI,AUH,FCO,General,1903,6.09,21,N,,,N,,STANDARD,DELAYED,Shipper 91,Consignee 93
CGO-2037,613-26237380,FLT-1085,EY8086,9,Security Threat + Geopolitical Airspace Diversion,A6-EYI,AUH,FCO,Dangerous Goods,1848,1.34,31,N,,,Y,4.1,STANDARD,DELAYED,Shipper 72,Consignee 57
CGO-2038,710-11098760,FLT-1085,EY8086,9,Security Threat + Geopolitical Airspace Diversion,A6-EYI,AUH,FCO,General,121,6.46,44,N,,,N,,EXPRESS,DELAYED,Shipper 55,Consignee 73
CGO-2039,328-42137140,FLT-1085,EY8086,9,Security Threat + Geopolitical Airspace Diversion,A6-EYI,AUH,FCO,Perishable,631,3.36,6,Y,2.0,8.0,N,,STANDARD,DELAYED,Shipper 53,Consignee 62
CGO-2040,291-86278946,FLT-1085,EY8086,9,Security Threat + Geopolitical Airspace Diversion,A6-EYI,AUH,FCO,General,833,5.85,7,N,,,N,,STANDARD,DELAYED,Shipper 1,Consignee 72
CGO-2041,716-50335609,FLT-1086,EY8184,9,Security Threat + Geopolitical Airspace Diversion,A6-EYG,AUH,LHR,Perishable,530,4.21,6,Y,2.0,8.0,N,,ECONOMY,DELAYED,Shipper 83,Consignee 47
CGO-2042,896-80194594,FLT-1086,EY8184,9,Security Threat + Geopolitical Airspace Diversion,A6-EYG,AUH,LHR,Perishable,1086,3.77,24,Y,2.0,8.0,N,,EXPRESS,DELAYED,Shipper 66,Consignee 49
CGO-2043,634-50441995,FLT-1086,EY8184,9,Security Threat + Geopolitical Airspace Diversion,A6-EYG,AUH,LHR,Pharmaceuticals,794,6.38,14,Y,-20.0,8.0,N,,STANDARD,DELAYED,Shipper 76,Consignee 97
CGO-2044,441-30241798,FLT-1086,EY8184,9,Security Threat + Geopolitical Airspace Diversion,A6-EYG,AUH,LHR,Perishable,322,6.24,38,Y,2.0,8.0,N,,STANDARD,DELAYED,Shipper 4,Consignee 45
CGO-2045,392-68786325,FLT-1086,EY8184,9,Security Threat + Geopolitical Airspace Diversion,A6-EYG,AUH,LHR,Perishable,1255,4.78,39,Y,2.0,8.0,N,,STANDARD,DELAYED,Shipper 79,Consignee 92
CGO-2046,721-15458436,FLT-1086,EY8184,9,Security Threat + Geopolitical Airspace Diversion,A6-EYG,AUH,LHR,General,933,0.73,18,N,,,N,,ECONOMY,DELAYED,Shipper 15,Consignee 39
CGO-2047,687-84600190,FLT-1086,EY8184,9,Security Threat + Geopolitical Airspace Diversion,A6-EYG,AUH,LHR,Perishable,204,0.93,48,Y,2.0,8.0,N,,ECONOMY,DELAYED,Shipper 75,Consignee 13
CGO-2048,856-34027225,FLT-1086,EY8184,9,Security Threat + Geopolitical Airspace Diversion,A6-EYG,AUH,LHR,General,1143,8.86,22,N,,,N,,ECONOMY,DELAYED,Shipper 74,Consignee 39
CGO-2049,900-54738243,FLT-1086,EY8184,9,Security Threat + Geopolitical Airspace Diversion,A6-EYG,AUH,LHR,Live Animals,139,1.72,13,N,,,N,,STANDARD,DELAYED,Shipper 24,Consignee 87
CGO-2050,252-31597618,FLT-1086,EY8184,9,Security Threat + Geopolitical Airspace Diversion,A6-EYG,AUH,LHR,Live Animals,368,4.46,49,N,,,N,,EXPRESS,DELAYED,Shipper 22,Consignee 79
CGO-2051,972-14329340,FLT-1086,EY8184,9,Security Threat + Geopolitical Airspace Diversion,A6-EYG,AUH,LHR,Pharmaceuticals,1648,0.66,3,Y,-20.0,8.0,N,,ECONOMY,DELAYED,Shipper 21,Consignee 99
CGO-2052,973-49453445,FLT-1086,EY8184,9,Security Threat + Geopolitical Airspace Diversion,A6-EYG,AUH,LHR,Valuables,1631,7.93,3,N,,,N,,EXPRESS,DELAYED,Shipper 20,Consignee 15
CGO-2053,932-58838012,FLT-1086,EY8184,9,Security Threat + Geopolitical Airspace Diversion,A6-EYG,AUH,LHR,Pharmaceuticals,309,5.85,30,Y,-20.0,8.0,N,,ECONOMY,DELAYED,Shipper 60,Consignee 45
CGO-2054,443-53420709,FLT-1086,EY8184,9,Security Threat + Geopolitical Airspace Diversion,A6-EYG,AUH,LHR,Live Animals,1595,0.54,14,N,,,N,,STANDARD,DELAYED,Shipper 37,Consignee 92
CGO-2055,676-78161127,FLT-1086,EY8184,9,Security Threat + Geopolitical Airspace Diversion,A6-EYG,AUH,LHR,Perishable,172,2.05,7,Y,2.0,8.0,N,,EXPRESS,DELAYED,Shipper 27,Consignee 58
CGO-2056,477-40701124,FLT-1086,EY8184,9,Security Threat + Geopolitical Airspace Diversion,A6-EYG,AUH,LHR,Live Animals,1130,2.42,7,N,,,N,,EXPRESS,DELAYED,Shipper 78,Consignee 86
CGO-2057,232-18428486,FLT-1086,EY8184,9,Security Threat + Geopolitical Airspace Diversion,A6-EYG,AUH,LHR,Perishable,1267,6.43,20,Y,2.0,8.0,N,,EXPRESS,DELAYED,Shipper 52,Consignee 34
CGO-2058,494-39139201,FLT-1086,EY8184,9,Security Threat + Geopolitical Airspace Diversion,A6-EYG,AUH,LHR,Dangerous Goods,166,1.08,45,N,,,Y,4.1,ECONOMY,DELAYED,Shipper 51,Consignee 6
CGO-2059,992-65236414,FLT-1086,EY8184,9,Security Threat + Geopolitical Airspace Diversion,A6-EYG,AUH,LHR,Live Animals,1049,6.76,39,N,,,N,,EXPRESS,DELAYED,Shipper 66,Consignee 40
CGO-2060,158-98525344,FLT-1086,EY8184,9,Security Threat + Geopolitical Airspace Diversion,A6-EYG,AUH,LHR,General,1949,6.88,47,N,,,N,,EXPRESS,DELAYED,Shipper 2,Consignee 5
CGO-2061,529-26719854,FLT-1087,EY912,9,Security Threat + Geopolitical Airspace Diversion,A6-EYA,AUH,JFK,General,1413,3.91,48,N,,,N,,ECONOMY,DELAYED,Shipper 59,Consignee 56
CGO-2062,245-47469174,FLT-1087,EY912,9,Security Threat + Geopolitical Airspace Diversion,A6-EYA,AUH,JFK,Valuables,1583,7.54,13,N,,,N,,ECONOMY,DELAYED,Shipper 67,Consignee 76
CGO-2063,680-57087809,FLT-1087,EY912,9,Security Threat + Geopolitical Airspace Diversion,A6-EYA,AUH,JFK,General,1336,5.98,41,N,,,N,,ECONOMY,DELAYED,Shipper 10,Consignee 26
CGO-2064,167-80160560,FLT-1087,EY912,9,Security Threat + Geopolitical Airspace Diversion,A6-EYA,AUH,JFK,Live Animals,1957,5.41,26,N,,,N,,EXPRESS,DELAYED,Shipper 91,Consignee 10
CGO-2065,904-33978838,FLT-1087,EY912,9,Security Threat + Geopolitical Airspace Diversion,A6-EYA,AUH,JFK,Dangerous Goods,417,8.64,39,N,,,Y,3.0,ECONOMY,DELAYED,Shipper 52,Consignee 76
CGO-2066,563-92014672,FLT-1087,EY912,9,Security Threat + Geopolitical Airspace Diversion,A6-EYA,AUH,JFK,Valuables,1849,7.48,23,N,,,N,,STANDARD,DELAYED,Shipper 81,Consignee 21
CGO-2067,922-50561706,FLT-1087,EY912,9,Security Threat + Geopolitical Airspace Diversion,A6-EYA,AUH,JFK,Pharmaceuticals,50,5.63,3,Y,-20.0,8.0,N,,EXPRESS,DELAYED,Shipper 1,Consignee 27
CGO-2068,213-85848791,FLT-1087,EY912,9,Security Threat + Geopolitical Airspace Diversion,A6-EYA,AUH,JFK,Pharmaceuticals,861,7.25,3,Y,-20.0,8.0,N,,EXPRESS,DELAYED,Shipper 91,Consignee 55
CGO-2069,196-49530248,FLT-1087,EY912,9,Security Threat + Geopolitical Airspace Diversion,A6-EYA,AUH,JFK,Pharmaceuticals,139,0.95,13,Y,-20.0,8.0,N,,ECONOMY,DELAYED,Shipper 6,Consignee 92
CGO-2070,212-58333887,FLT-1087,EY912,9,Security Threat + Geopolitical Airspace Diversion,A6-EYA,AUH,JFK,General,816,8.93,39,N,,,N,,EXPRESS,DELAYED,Shipper 21,Consignee 10
CGO-2071,728-21857518,FLT-1087,EY912,9,Security Threat + Geopolitical Airspace Diversion,A6-EYA,AUH,JFK,Pharmaceuticals,1670,7.91,39,Y,-20.0,8.0,N,,EXPRESS,DELAYED,Shipper 69,Consignee 21
CGO-2072,946-65980181,FLT-1087,EY912,9,Security Threat + Geopolitical Airspace Diversion,A6-EYA,AUH,JFK,Live Animals,693,9.87,15,N,,,N,,ECONOMY,DELAYED,Shipper 16,Consignee 61
CGO-2073,222-97094289,FLT-1087,EY912,9,Security Threat + Geopolitical Airspace Diversion,A6-EYA,AUH,JFK,Live Animals,1778,5.81,1,N,,,N,,ECONOMY,DELAYED,Shipper 79,Consignee 2
CGO-2074,738-47566562,FLT-1087,EY912,9,Security Threat + Geopolitical Airspace Diversion,A6-EYA,AUH,JFK,Perishable,958,1.42,7,Y,2.0,8.0,N,,STANDARD,DELAYED,Shipper 91,Consignee 60
CGO-2075,601-89582823,FLT-1087,EY912,9,Security Threat + Geopolitical Airspace Diversion,A6-EYA,AUH,JFK,General,1184,6.23,10,N,,,N,,EXPRESS,DELAYED,Shipper 11,Consignee 28
CGO-2076,254-53101224,FLT-1087,EY912,9,Security Threat + Geopolitical Airspace Diversion,A6-EYA,AUH,JFK,Dangerous Goods,752,4.9,21,N,,,Y,3.0,EXPRESS,DELAYED,Shipper 10,Consignee 90
CGO-2077,460-92760554,FLT-1088,EY334,9,Security Threat + Geopolitical Airspace Diversion,A6-EYJ,AUH,CDG,General,1852,9.7,14,N,,,N,,ECONOMY,DELAYED,Shipper 86,Consignee 35
CGO-2078,140-90243536,FLT-1088,EY334,9,Security Threat + Geopolitical Airspace Diversion,A6-EYJ,AUH,CDG,Live Animals,584,6.83,11,N,,,N,,EXPRESS,DELAYED,Shipper 71,Consignee 63
CGO-2079,984-41556886,FLT-1088,EY334,9,Security Threat + Geopolitical Airspace Diversion,A6-EYJ,AUH,CDG,Live Animals,1953,7.32,27,N,,,N,,ECONOMY,DELAYED,Shipper 39,Consignee 83
CGO-2080,963-88713832,FLT-1088,EY334,9,Security Threat + Geopolitical Airspace Diversion,A6-EYJ,AUH,CDG,Dangerous Goods,908,1.75,5,N,,,Y,3.0,ECONOMY,DELAYED,Shipper 17,Consignee 46
CGO-2081,381-49920196,FLT-1088,EY334,9,Security Threat + Geopolitical Airspace Diversion,A6-EYJ,AUH,CDG,Live Animals,1762,7.07,17,N,,,N,,STANDARD,DELAYED,Shipper 58,Consignee 55
CGO-2082,751-64872383,FLT-1088,EY334,9,Security Threat + Geopolitical Airspace Diversion,A6-EYJ,AUH,CDG,Pharmaceuticals,242,9.58,22,Y,-20.0,8.0,N,,STANDARD,DELAYED,Shipper 79,Consignee 38
CGO-2083,805-55949501,FLT-1088,EY334,9,Security Threat + Geopolitical Airspace Diversion,A6-EYJ,AUH,CDG,General,1637,6.22,19,N,,,N,,EXPRESS,DELAYED,Shipper 98,Consignee 3
CGO-2084,346-36172961,FLT-1088,EY334,9,Security Threat + Geopolitical Airspace Diversion,A6-EYJ,AUH,CDG,Pharmaceuticals,94,0.57,6,Y,-20.0,8.0,N,,ECONOMY,DELAYED,Shipper 58,Consignee 48
CGO-2085,201-32880653,FLT-1088,EY334,9,Security Threat + Geopolitical Airspace Diversion,A6-EYJ,AUH,CDG,Valuables,1678,7.66,9,N,,,N,,EXPRESS,DELAYED,Shipper 70,Consignee 10
CGO-2086,541-48109934,FLT-1088,EY334,9,Security Threat + Geopolitical Airspace Diversion,A6-EYJ,AUH,CDG,General,531,3.26,41,N,,,N,,ECONOMY,DELAYED,Shipper 49,Consignee 25
CGO-2087,390-77120328,FLT-1088,EY334,9,Security Threat + Geopolitical Airspace Diversion,A6-EYJ,AUH,CDG,General,1908,5.29,44,N,,,N,,STANDARD,DELAYED,Shipper 36,Consignee 24
CGO-2088,432-67376553,FLT-1088,EY334,9,Security Threat + Geopolitical Airspace Diversion,A6-EYJ,AUH,CDG,Dangerous Goods,702,8.01,10,N,,,Y,8.0,EXPRESS,DELAYED,Shipper 41,Consignee 79
CGO-2089,666-61256039,FLT-1088,EY334,9,Security Threat + Geopolitical Airspace Diversion,A6-EYJ,AUH,CDG,Live Animals,360,3.36,50,N,,,N,,ECONOMY,DELAYED,Shipper 23,Consignee 22
CGO-2090,187-41658898,FLT-1089,EY1202,9,Security Threat + Geopolitical Airspace Diversion,A6-EYH,AUH,DEL,Valuables,706,9.87,1,N,,,N,,EXPRESS,DELAYED,Shipper 4,Consignee 35
CGO-2091,331-66184686,FLT-1089,EY1202,9,Security Threat + Geopolitical Airspace Diversion,A6-EYH,AUH,DEL,Perishable,1912,1.39,46,Y,2.0,8.0,N,,ECONOMY,DELAYED,Shipper 42,Consignee 53
CGO-2092,598-12208575,FLT-1089,EY1202,9,Security Threat + Geopolitical Airspace Diversion,A6-EYH,AUH,DEL,Dangerous Goods,1498,7.51,46,N,,,Y,8.0,ECONOMY,DELAYED,Shipper 25,Consignee 5
CGO-2093,960-82291918,FLT-1089,EY1202,9,Security Threat + Geopolitical Airspace Diversion,A6-EYH,AUH,DEL,Pharmaceuticals,1498,4.66,32,Y,-20.0,8.0,N,,STANDARD,DELAYED,Shipper 78,Consignee 14
CGO-2094,411-78411179,FLT-1089,EY1202,9,Security Threat + Geopolitical Airspace Diversion,A6-EYH,AUH,DEL,Dangerous Goods,705,4.71,24,N,,,Y,8.0,STANDARD,DELAYED,Shipper 97,Consignee 31
CGO-2095,678-54302699,FLT-1089,EY1202,9,Security Threat + Geopolitical Airspace Diversion,A6-EYH,AUH,DEL,General,1117,3.52,35,N,,,N,,EXPRESS,DELAYED,Shipper 82,Consignee 36
CGO-2096,211-12927631,FLT-1089,EY1202,9,Security Threat + Geopolitical Airspace Diversion,A6-EYH,AUH,DEL,Live Animals,642,8.76,17,N,,,N,,ECONOMY,DELAYED,Shipper 76,Consignee 14
CGO-2097,766-36797750,FLT-1089,EY1202,9,Security Threat + Geopolitical Airspace Diversion,A6-EYH,AUH,DEL,General,944,0.81,32,N,,,N,,EXPRESS,DELAYED,Shipper 68,Consignee 81
CGO-2098,546-18287714,FLT-1089,EY1202,9,Security Threat + Geopolitical Airspace Diversion,A6-EYH,AUH,DEL,General,1944,8.13,30,N,,,N,,EXPRESS,DELAYED,Shipper 52,Consignee 12
CGO-2099,387-13645670,FLT-1089,EY1202,9,Security Threat + Geopolitical Airspace Diversion,A6-EYH,AUH,DEL,Pharmaceuticals,248,8.15,35,Y,-20.0,8.0,N,,STANDARD,DELAYED,Shipper 41,Consignee 28
CGO-2100,576-54137767,FLT-1089,EY1202,9,Security Threat + Geopolitical Airspace Diversion,A6-EYH,AUH,DEL,Live Animals,1087,6.25,7,N,,,N,,EXPRESS,DELAYED,Shipper 20,Consignee 4
CGO-2101,214-47241108,FLT-1089,EY1202,9,Security Threat + Geopolitical Airspace Diversion,A6-EYH,AUH,DEL,Perishable,275,0.77,8,Y,2.0,8.0,N,,EXPRESS,DELAYED,Shipper 30,Consignee 36
CGO-2102,965-55007938,FLT-1089,EY1202,9,Security Threat + Geopolitical Airspace Diversion,A6-EYH,AUH,DEL,Perishable,1391,6.92,26,Y,2.0,8.0,N,,EXPRESS,DELAYED,Shipper 67,Consignee 73
CGO-2103,805-49124051,FLT-1089,EY1202,9,Security Threat + Geopolitical Airspace Diversion,A6-EYH,AUH,DEL,General,614,3.83,47,N,,,N,,ECONOMY,DELAYED,Shipper 87,Consignee 63
CGO-2104,491-56808014,FLT-1089,EY1202,9,Security Threat + Geopolitical Airspace Diversion,A6-EYH,AUH,DEL,Pharmaceuticals,411,4.38,39,Y,-20.0,8.0,N,,STANDARD,DELAYED,Shipper 58,Consignee 51
CGO-2105,499-84077409,FLT-1089,EY1202,9,Security Threat + Geopolitical Airspace Diversion,A6-EYH,AUH,DEL,Perishable,1394,9.18,27,Y,2.0,8.0,N,,EXPRESS,DELAYED,Shipper 83,Consignee 97
CGO-2106,662-56930272,FLT-1089,EY1202,9,Security Threat + Geopolitical Airspace Diversion,A6-EYH,AUH,DEL,General,1096,8.79,6,N,,,N,,EXPRESS,DELAYED,Shipper 58,Consignee 44
CGO-2107,109-44367987,FLT-1089,EY1202,9,Security Threat + Geopolitical Airspace Diversion,A6-EYH,AUH,DEL,Dangerous Goods,807,6.66,31,N,,,Y,3.0,ECONOMY,DELAYED,Shipper 49,Consignee 51
CGO-2108,553-29413714,FLT-1090,EY170,9,Security Threat + Geopolitical Airspace Diversion,A6-EYQ,AUH,DEL,Live Animals,1141,7.87,18,N,,,N,,EXPRESS,DELAYED,Shipper 87,Consignee 80
CGO-2109,989-83011485,FLT-1090,EY170,9,Security Threat + Geopolitical Airspace Diversion,A6-EYQ,AUH,DEL,Dangerous Goods,1411,4.51,15,N,,,Y,9.0,EXPRESS,DELAYED,Shipper 94,Consignee 2
CGO-2110,797-84135211,FLT-1090,EY170,9,Security Threat + Geopolitical Airspace Diversion,A6-EYQ,AUH,DEL,Dangerous Goods,1202,9.8,8,N,,,Y,4.1,EXPRESS,DELAYED,Shipper 34,Consignee 9
CGO-2111,638-29049043,FLT-1090,EY170,9,Security Threat + Geopolitical Airspace Diversion,A6-EYQ,AUH,DEL,Pharmaceuticals,834,1.4,34,Y,-20.0,8.0,N,,ECONOMY,DELAYED,Shipper 96,Consignee 66
CGO-2112,350-37865156,FLT-1090,EY170,9,Security Threat + Geopolitical Airspace Diversion,A6-EYQ,AUH,DEL,Perishable,1011,8.08,29,Y,2.0,8.0,N,,STANDARD,DELAYED,Shipper 87,Consignee 89
CGO-2113,916-68564935,FLT-1090,EY170,9,Security Threat + Geopolitical Airspace Diversion,A6-EYQ,AUH,DEL,Live Animals,1945,8.97,49,N,,,N,,EXPRESS,DELAYED,Shipper 8,Consignee 82
CGO-2114,965-70520517,FLT-1090,EY170,9,Security Threat + Geopolitical Airspace Diversion,A6-EYQ,AUH,DEL,Valuables,74,2.01,44,N,,,N,,EXPRESS,DELAYED,Shipper 42,Consignee 39
CGO-2115,818-19998609,FLT-1090,EY170,9,Security Threat + Geopolitical Airspace Diversion,A6-EYQ,AUH,DEL,Live Animals,445,6.87,16,N,,,N,,STANDARD,DELAYED,Shipper 18,Consignee 100
CGO-2116,696-36947086,FLT-1090,EY170,9,Security Threat + Geopolitical Airspace Diversion,A6-EYQ,AUH,DEL,Live Animals,186,1.68,27,N,,,N,,ECONOMY,DELAYED,Shipper 44,Consignee 56
CGO-2117,785-38746393,FLT-1090,EY170,9,Security Threat + Geopolitical Airspace Diversion,A6-EYQ,AUH,DEL,General,1291,2.14,28,N,,,N,,ECONOMY,DELAYED,Shipper 85,Consignee 52
CGO-2118,585-22211085,FLT-1090,EY170,9,Security Threat + Geopolitical Airspace Diversion,A6-EYQ,AUH,DEL,General,825,6.31,1,N,,,N,,STANDARD,DELAYED,Shipper 15,Consignee 19
CGO-2119,567-59920159,FLT-1090,EY170,9,Security Threat + Geopolitical Airspace Diversion,A6-EYQ,AUH,DEL,General,1220,0.75,38,N,,,N,,EXPRESS,DELAYED,Shipper 41,Consignee 33
CGO-2120,552-13702858,FLT-1090,EY170,9,Security Threat + Geopolitical Airspace Diversion,A6-EYQ,AUH,DEL,Dangerous Goods,1051,6.78,11,N,,,Y,9.0,EXPRESS,DELAYED,Shipper 57,Consignee 79
CGO-2121,450-10356210,FLT-1091,EY432,9,Security Threat + Geopolitical Airspace Diversion,A6-EYF,LHR,AUH,Valuables,529,3.2,29,N,,,N,,EXPRESS,DELAYED,Shipper 21,Consignee 7
CGO-2122,129-14848924,FLT-1091,EY432,9,Security Threat + Geopolitical Airspace Diversion,A6-EYF,LHR,AUH,Valuables,1604,7.69,41,N,,,N,,EXPRESS,DELAYED,Shipper 76,Consignee 51
CGO-2123,289-79912364,FLT-1091,EY432,9,Security Threat + Geopolitical Airspace Diversion,A6-EYF,LHR,AUH,Dangerous Goods,1821,3.68,46,N,,,Y,4.1,STANDARD,DELAYED,Shipper 77,Consignee 72
CGO-2124,938-45658864,FLT-1091,EY432,9,Security Threat + Geopolitical Airspace Diversion,A6-EYF,LHR,AUH,Pharmaceuticals,1232,2.86,44,Y,-20.0,8.0,N,,ECONOMY,DELAYED,Shipper 12,Consignee 87
CGO-2125,591-69113476,FLT-1091,EY432,9,Security Threat + Geopolitical Airspace Diversion,A6-EYF,LHR,AUH,Pharmaceuticals,1044,6.14,50,Y,-20.0,8.0,N,,STANDARD,DELAYED,Shipper 41,Consignee 77
CGO-2126,235-64459370,FLT-1091,EY432,9,Security Threat + Geopolitical Airspace Diversion,A6-EYF,LHR,AUH,Valuables,1272,7.72,27,N,,,N,,STANDARD,DELAYED,Shipper 56,Consignee 19
CGO-2127,279-74145658,FLT-1091,EY432,9,Security Threat + Geopolitical Airspace Diversion,A6-EYF,LHR,AUH,Perishable,646,4.0,1,Y,2.0,8.0,N,,EXPRESS,DELAYED,Shipper 94,Consignee 37
CGO-2128,357-30859429,FLT-1091,EY432,9,Security Threat + Geopolitical Airspace Diversion,A6-EYF,LHR,AUH,General,1245,5.72,30,N,,,N,,STANDARD,DELAYED,Shipper 70,Consignee 57
CGO-2129,331-68984707,FLT-1091,EY432,9,Security Threat + Geopolitical Airspace Diversion,A6-EYF,LHR,AUH,Pharmaceuticals,522,2.85,11,Y,-20.0,8.0,N,,ECONOMY,DELAYED,Shipper 5,Consignee 12
CGO-2130,217-25164717,FLT-1091,EY432,9,Security Threat + Geopolitical Airspace Diversion,A6-EYF,LHR,AUH,Pharmaceuticals,346,5.49,46,Y,-20.0,8.0,N,,ECONOMY,DELAYED,Shipper 56,Consignee 68
CGO-2131,730-98202916,FLT-1091,EY432,9,Security Threat + Geopolitical Airspace Diversion,A6-EYF,LHR,AUH,Perishable,1919,8.14,22,Y,2.0,8.0,N,,EXPRESS,DELAYED,Shipper 20,Consignee 8
CGO-2132,228-81862993,FLT-1091,EY432,9,Security Threat + Geopolitical Airspace Diversion,A6-EYF,LHR,AUH,Perishable,1537,6.61,3,Y,2.0,8.0,N,,ECONOMY,DELAYED,Shipper 19,Consignee 95
CGO-2133,814-81071874,FLT-1091,EY432,9,Security Threat + Geopolitical Airspace Diversion,A6-EYF,LHR,AUH,Pharmaceuticals,76,7.45,26,Y,-20.0,8.0,N,,STANDARD,DELAYED,Shipper 84,Consignee 89
CGO-2134,912-64142861,FLT-1092,EY6622,9,Security Threat + Geopolitical Airspace Diversion,A6-EYK,DEL,AUH,Perishable,752,7.42,8,Y,2.0,8.0,N,,STANDARD,DELAYED,Shipper 26,Consignee 31
CGO-2135,910-94629454,FLT-1092,EY6622,9,Security Threat + Geopolitical Airspace Diversion,A6-EYK,DEL,AUH,Perishable,666,0.52,26,Y,2.0,8.0,N,,STANDARD,DELAYED,Shipper 50,Consignee 10
CGO-2136,227-17675186,FLT-1092,EY6622,9,Security Threat + Geopolitical Airspace Diversion,A6-EYK,DEL,AUH,Valuables,1271,5.26,37,N,,,N,,EXPRESS,DELAYED,Shipper 24,Consignee 30
CGO-2137,912-47469784,FLT-1092,EY6622,9,Security Threat + Geopolitical Airspace Diversion,A6-EYK,DEL,AUH,Perishable,1712,9.46,31,Y,2.0,8.0,N,,ECONOMY,DELAYED,Shipper 50,Consignee 34
CGO-2138,835-39693227,FLT-1092,EY6622,9,Security Threat + Geopolitical Airspace Diversion,A6-EYK,DEL,AUH,General,1352,6.59,6,N,,,N,,STANDARD,DELAYED,Shipper 12,Consignee 54
CGO-2139,932-69376298,FLT-1092,EY6622,9,Security Threat + Geopolitical Airspace Diversion,A6-EYK,DEL,AUH,Pharmaceuticals,1267,2.47,1,Y,-20.0,8.0,N,,STANDARD,DELAYED,Shipper 53,Consignee 97
CGO-2140,800-32127035,FLT-1092,EY6622,9,Security Threat + Geopolitical Airspace Diversion,A6-EYK,DEL,AUH,Live Animals,1864,7.03,33,N,,,N,,ECONOMY,DELAYED,Shipper 2,Consignee 4
CGO-2141,912-24792905,FLT-1092,EY6622,9,Security Threat + Geopolitical Airspace Diversion,A6-EYK,DEL,AUH,Dangerous Goods,1465,8.43,46,N,,,Y,9.0,EXPRESS,DELAYED,Shipper 3,Consignee 17
CGO-2142,424-19256316,FLT-1092,EY6622,9,Security Threat + Geopolitical Airspace Diversion,A6-EYK,DEL,AUH,Live Animals,1284,7.66,14,N,,,N,,ECONOMY,DELAYED,Shipper 44,Consignee 97
CGO-2143,322-19925760,FLT-1092,EY6622,9,Security Threat + Geopolitical Airspace Diversion,A6-EYK,DEL,AUH,Live Animals,626,5.86,11,N,,,N,,EXPRESS,DELAYED,Shipper 67,Consignee 99
CGO-2144,565-90801991,FLT-1092,EY6622,9,Security Threat + Geopolitical Airspace Diversion,A6-EYK,DEL,AUH,Valuables,597,2.18,9,N,,,N,,EXPRESS,DELAYED,Shipper 48,Consignee 55
CGO-2145,577-42130106,FLT-1092,EY6622,9,Security Threat + Geopolitical Airspace Diversion,A6-EYK,DEL,AUH,Live Animals,1172,3.78,34,N,,,N,,ECONOMY,DELAYED,Shipper 63,Consignee 76
CGO-2146,408-79332862,FLT-1092,EY6622,9,Security Threat + Geopolitical Airspace Diversion,A6-EYK,DEL,AUH,Live Animals,531,3.89,43,N,,,N,,ECONOMY,DELAYED,Shipper 45,Consignee 43
CGO-2147,795-67352656,FLT-1092,EY6622,9,Security Threat + Geopolitical Airspace Diversion,A6-EYK,DEL,AUH,Perishable,908,2.97,21,Y,2.0,8.0,N,,EXPRESS,DELAYED,Shipper 70,Consignee 44
CGO-2148,461-71786441,FLT-1092,EY6622,9,Security Threat + Geopolitical Airspace Diversion,A6-EYK,DEL,AUH,Perishable,92,7.19,30,Y,2.0,8.0,N,,ECONOMY,DELAYED,Shipper 13,Consignee 37
CGO-2149,157-24171876,FLT-1092,EY6622,9,Security Threat + Geopolitical Airspace Diversion,A6-EYK,DEL,AUH,Valuables,2000,7.73,42,N,,,N,,EXPRESS,DELAYED,Shipper 12,Consignee 58
CGO-2150,381-78151153,FLT-1093,EY5265,9,Security Threat + Geopolitical Airspace Diversion,A6-EYL,FCO,AUH,Pharmaceuticals,1795,5.34,37,Y,-20.0,8.0,N,,EXPRESS,DELAYED,Shipper 2,Consignee 63
CGO-2151,526-49154650,FLT-1093,EY5265,9,Security Threat + Geopolitical Airspace Diversion,A6-EYL,FCO,AUH,Live Animals,651,7.19,32,N,,,N,,EXPRESS,DELAYED,Shipper 8,Consignee 100
CGO-2152,558-60421254,FLT-1093,EY5265,9,Security Threat + Geopolitical Airspace Diversion,A6-EYL,FCO,AUH,Dangerous Goods,1835,4.84,25,N,,,Y,8.0,ECONOMY,DELAYED,Shipper 71,Consignee 78
CGO-2153,853-14214242,FLT-1093,EY5265,9,Security Threat + Geopolitical Airspace Diversion,A6-EYL,FCO,AUH,General,1682,4.88,20,N,,,N,,ECONOMY,DELAYED,Shipper 68,Consignee 37
CGO-2154,651-97858495,FLT-1093,EY5265,9,Security Threat + Geopolitical Airspace Diversion,A6-EYL,FCO,AUH,Live Animals,783,9.03,25,N,,,N,,EXPRESS,DELAYED,Shipper 27,Consignee 35
CGO-2155,872-38562032,FLT-1093,EY5265,9,Security Threat + Geopolitical Airspace Diversion,A6-EYL,FCO,AUH,General,1757,8.09,17,N,,,N,,STANDARD,DELAYED,Shipper 26,Consignee 48
CGO-2156,486-17434273,FLT-1093,EY5265,9,Security Threat + Geopolitical Airspace Diversion,A6-EYL,FCO,AUH,Dangerous Goods,1325,1.46,5,N,,,Y,4.1,ECONOMY,DELAYED,Shipper 51,Consignee 73
CGO-2157,530-95307425,FLT-1093,EY5265,9,Security Threat + Geopolitical Airspace Diversion,A6-EYL,FCO,AUH,General,141,5.91,6,N,,,N,,ECONOMY,DELAYED,Shipper 56,Consignee 24
CGO-2158,263-34005028,FLT-1093,EY5265,9,Security Threat + Geopolitical Airspace Diversion,A6-EYL,FCO,AUH,Pharmaceuticals,1631,5.12,11,Y,-20.0,8.0,N,,STANDARD,DELAYED,Shipper 11,Consignee 48
CGO-2159,759-40949016,FLT-1093,EY5265,9,Security Threat + Geopolitical Airspace Diversion,A6-EYL,FCO,AUH,Dangerous Goods,1562,6.62,12,N,,,Y,8.0,EXPRESS,DELAYED,Shipper 66,Consignee 21
CGO-2160,587-62253919,FLT-1094,EY3160,9,Security Threat + Geopolitical Airspace Diversion,A6-EYM,FCO,AUH,Perishable,988,7.39,37,Y,2.0,8.0,N,,STANDARD,DELAYED,Shipper 43,Consignee 88
CGO-2161,984-25090776,FLT-1094,EY3160,9,Security Threat + Geopolitical Airspace Diversion,A6-EYM,FCO,AUH,Perishable,855,1.64,3,Y,2.0,8.0,N,,EXPRESS,DELAYED,Shipper 92,Consignee 25
CGO-2162,273-24138923,FLT-1094,EY3160,9,Security Threat + Geopolitical Airspace Diversion,A6-EYM,FCO,AUH,Pharmaceuticals,1626,8.17,15,Y,-20.0,8.0,N,,ECONOMY,DELAYED,Shipper 68,Consignee 92
CGO-2163,375-24338283,FLT-1094,EY3160,9,Security Threat + Geopolitical Airspace Diversion,A6-EYM,FCO,AUH,General,122,4.45,6,N,,,N,,ECONOMY,DELAYED,Shipper 42,Consignee 72
CGO-2164,149-62976842,FLT-1094,EY3160,9,Security Threat + Geopolitical Airspace Diversion,A6-EYM,FCO,AUH,Perishable,1554,7.32,7,Y,2.0,8.0,N,,ECONOMY,DELAYED,Shipper 52,Consignee 92
CGO-2165,430-89248486,FLT-1095,EY6005,9,Security Threat + Geopolitical Airspace Diversion,A6-EYN,DEL,AUH,Dangerous Goods,228,4.59,12,N,,,Y,8.0,ECONOMY,DELAYED,Shipper 30,Consignee 83
CGO-2166,369-40049384,FLT-1095,EY6005,9,Security Threat + Geopolitical Airspace Diversion,A6-EYN,DEL,AUH,Dangerous Goods,1999,9.09,40,N,,,Y,4.1,STANDARD,DELAYED,Shipper 3,Consignee 20
CGO-2167,580-48093671,FLT-1095,EY6005,9,Security Threat + Geopolitical Airspace Diversion,A6-EYN,DEL,AUH,Live Animals,1052,6.58,30,N,,,N,,EXPRESS,DELAYED,Shipper 27,Consignee 31
CGO-2168,915-31930310,FLT-1095,EY6005,9,Security Threat + Geopolitical Airspace Diversion,A6-EYN,DEL,AUH,Live Animals,1984,8.03,30,N,,,N,,EXPRESS,DELAYED,Shipper 76,Consignee 10
CGO-2169,590-47657084,FLT-1095,EY6005,9,Security Threat + Geopolitical Airspace Diversion,A6-EYN,DEL,AUH,Dangerous Goods,499,6.86,44,N,,,Y,8.0,EXPRESS,DELAYED,Shipper 7,Consignee 59
CGO-2170,377-97257057,FLT-1096,EY117,9,Security Threat + Geopolitical Airspace Diversion,A6-EYV,BKK,AUH,Valuables,1722,4.87,46,N,,,N,,STANDARD,DELAYED,Shipper 4,Consignee 73
CGO-2171,182-89594907,FLT-1096,EY117,9,Security Threat + Geopolitical Airspace Diversion,A6-EYV,BKK,AUH,Valuables,106,6.96,28,N,,,N,,STANDARD,DELAYED,Shipper 16,Consignee 35
CGO-2172,459-15529607,FLT-1096,EY117,9,Security Threat + Geopolitical Airspace Diversion,A6-EYV,BKK,AUH,Live Animals,1525,2.94,43,N,,,N,,STANDARD,DELAYED,Shipper 64,Consignee 60
CGO-2173,606-81630061,FLT-1096,EY117,9,Security Threat + Geopolitical Airspace Diversion,A6-EYV,BKK,AUH,Valuables,1365,9.17,28,N,,,N,,EXPRESS,DELAYED,Shipper 42,Consignee 39
CGO-2174,661-48554256,FLT-1096,EY117,9,Security Threat + Geopolitical Airspace Diversion,A6-EYV,BKK,AUH,Dangerous Goods,1432,9.08,50,N,,,Y,3.0,STANDARD,DELAYED,Shipper 90,Consignee 3
CGO-2175,738-70505005,FLT-1096,EY117,9,Security Threat + Geopolitical Airspace Diversion,A6-EYV,BKK,AUH,Perishable,1247,7.73,25,Y,2.0,8.0,N,,ECONOMY,DELAYED,Shipper 95,Consignee 46
CGO-2176,850-79276825,FLT-1096,EY117,9,Security Threat + Geopolitical Airspace Diversion,A6-EYV,BKK,AUH,Dangerous Goods,1924,5.95,11,N,,,Y,4.1,ECONOMY,DELAYED,Shipper 70,Consignee 79
CGO-2177,171-37653837,FLT-1096,EY117,9,Security Threat + Geopolitical Airspace Diversion,A6-EYV,BKK,AUH,Perishable,182,9.24,48,Y,2.0,8.0,N,,STANDARD,DELAYED,Shipper 26,Consignee 53
CGO-2178,543-28126600,FLT-1096,EY117,9,Security Threat + Geopolitical Airspace Diversion,A6-EYV,BKK,AUH,General,1869,1.64,17,N,,,N,,ECONOMY,DELAYED,Shipper 83,Consignee 76
CGO-2179,274-56365274,FLT-1096,EY117,9,Security Threat + Geopolitical Airspace Diversion,A6-EYV,BKK,AUH,Pharmaceuticals,99,1.14,6,Y,-20.0,8.0,N,,ECONOMY,DELAYED,Shipper 27,Consignee 63
CGO-2180,416-78820857,FLT-1096,EY117,9,Security Threat + Geopolitical Airspace Diversion,A6-EYV,BKK,AUH,Pharmaceuticals,581,3.48,34,Y,-20.0,8.0,N,,STANDARD,DELAYED,Shipper 20,Consignee 90
CGO-2181,166-64305104,FLT-1096,EY117,9,Security Threat + Geopolitical Airspace Diversion,A6-EYV,BKK,AUH,Live Animals,323,1.25,26,N,,,N,,STANDARD,DELAYED,Shipper 88,Consignee 55
CGO-2182,865-79163704,FLT-1096,EY117,9,Security Threat + Geopolitical Airspace Diversion,A6-EYV,BKK,AUH,Pharmaceuticals,171,2.21,34,Y,-20.0,8.0,N,,EXPRESS,DELAYED,Shipper 13,Consignee 94
CGO-2183,699-66064105,FLT-1096,EY117,9,Security Threat + Geopolitical Airspace Diversion,A6-EYV,BKK,AUH,Pharmaceuticals,976,6.74,28,Y,-20.0,8.0,N,,EXPRESS,DELAYED,Shipper 43,Consignee 87
CGO-2184,704-56698854,FLT-1096,EY117,9,Security Threat + Geopolitical Airspace Diversion,A6-EYV,BKK,AUH,Dangerous Goods,1954,7.19,48,N,,,Y,9.0,STANDARD,DELAYED,Shipper 80,Consignee 36
CGO-2185,880-24444890,FLT-1096,EY117,9,Security Threat + Geopolitical Airspace Diversion,A6-EYV,BKK,AUH,Perishable,244,9.35,50,Y,2.0,8.0,N,,EXPRESS,DELAYED,Shipper 29,Consignee 59
CGO-2186,326-60837189,FLT-1097,EY913,9,Security Threat + Geopolitical Airspace Diversion,A6-EYA,JFK,AUH,Perishable,1238,2.71,42,Y,2.0,8.0,N,,ECONOMY,DELAYED,Shipper 26,Consignee 65
CGO-2187,993-56707978,FLT-1097,EY913,9,Security Threat + Geopolitical Airspace Diversion,A6-EYA,JFK,AUH,Live Animals,1176,5.51,14,N,,,N,,STANDARD,DELAYED,Shipper 56,Consignee 75
CGO-2188,685-14221197,FLT-1097,EY913,9,Security Threat + Geopolitical Airspace Diversion,A6-EYA,JFK,AUH,General,1017,6.15,5,N,,,N,,STANDARD,DELAYED,Shipper 14,Consignee 34
CGO-2189,191-57406973,FLT-1097,EY913,9,Security Threat + Geopolitical Airspace Diversion,A6-EYA,JFK,AUH,Live Animals,488,7.72,21,N,,,N,,EXPRESS,DELAYED,Shipper 5,Consignee 58
CGO-2190,282-47929997,FLT-1097,EY913,9,Security Threat + Geopolitical Airspace Diversion,A6-EYA,JFK,AUH,General,109,6.32,13,N,,,N,,ECONOMY,DELAYED,Shipper 21,Consignee 99
CGO-2191,384-94360822,FLT-1097,EY913,9,Security Threat + Geopolitical Airspace Diversion,A6-EYA,JFK,AUH,Valuables,275,1.38,29,N,,,N,,EXPRESS,DELAYED,Shipper 12,Consignee 74
CGO-2192,169-45671842,FLT-1097,EY913,9,Security Threat + Geopolitical Airspace Diversion,A6-EYA,JFK,AUH,Live Animals,1693,7.85,22,N,,,N,,EXPRESS,DELAYED,Shipper 60,Consignee 62
CGO-2193,924-51583459,FLT-1097,EY913,9,Security Threat + Geopolitical Airspace Diversion,A6-EYA,JFK,AUH,Valuables,496,4.72,44,N,,,N,,STANDARD,DELAYED,Shipper 39,Consignee 92
CGO-2194,579-81978425,FLT-1097,EY913,9,Security Threat + Geopolitical Airspace Diversion,A6-EYA,JFK,AUH,Dangerous Goods,1357,3.99,10,N,,,Y,4.1,EXPRESS,DELAYED,Shipper 51,Consignee 24
CGO-2195,669-40745774,FLT-1097,EY913,9,Security Threat + Geopolitical Airspace Diversion,A6-EYA,JFK,AUH,Valuables,1723,3.21,10,N,,,N,,ECONOMY,DELAYED,Shipper 93,Consignee 44
CGO-2196,667-91574278,FLT-1097,EY913,9,Security Threat + Geopolitical Airspace Diversion,A6-EYA,JFK,AUH,Valuables,1347,2.44,18,N,,,N,,ECONOMY,DELAYED,Shipper 85,Consignee 96
CGO-2197,942-60555602,FLT-1097,EY913,9,Security Threat + Geopolitical Airspace Diversion,A6-EYA,JFK,AUH,Valuables,1338,9.62,32,N,,,N,,EXPRESS,DELAYED,Shipper 83,Consignee 71
CGO-2198,113-57312292,FLT-1098,EY433,9,Security Threat + Geopolitical Airspace Diversion,A6-EYF,AUH,LHR,Pharmaceuticals,257,9.91,12,Y,-20.0,8.0,N,,ECONOMY,DELAYED,Shipper 73,Consignee 38
CGO-2199,552-51391151,FLT-1098,EY433,9,Security Threat + Geopolitical Airspace Diversion,A6-EYF,AUH,LHR,General,1235,4.48,36,N,,,N,,STANDARD,DELAYED,Shipper 43,Consignee 60
CGO-2200,783-75058395,FLT-1098,EY433,9,Security Threat + Geopolitical Airspace Diversion,A6-EYF,AUH,LHR,General,1942,3.58,8,N,,,N,,EXPRESS,DELAYED,Shipper 76,Consignee 31
CGO-2201,768-88983425,FLT-1098,EY433,9,Security Threat + Geopolitical Airspace Diversion,A6-EYF,AUH,LHR,Dangerous Goods,1894,6.62,15,N,,,Y,4.1,ECONOMY,DELAYED,Shipper 43,Consignee 14
CGO-2202,684-21289898,FLT-1098,EY433,9,Security Threat + Geopolitical Airspace Diversion,A6-EYF,AUH,LHR,Valuables,1300,1.57,48,N,,,N,,STANDARD,DELAYED,Shipper 58,Consignee 50
CGO-2203,511-73540053,FLT-1098,EY433,9,Security Threat + Geopolitical Airspace Diversion,A6-EYF,AUH,LHR,Pharmaceuticals,171,7.59,18,Y,-20.0,8.0,N,,EXPRESS,DELAYED,Shipper 69,Consignee 87
CGO-2204,151-70620954,FLT-1098,EY433,9,Security Threat + Geopolitical Airspace Diversion,A6-EYF,AUH,LHR,Dangerous Goods,1804,4.01,33,N,,,Y,8.0,STANDARD,DELAYED,Shipper 76,Consignee 14
CGO-2205,948-77603788,FLT-1098,EY433,9,Security Threat + Geopolitical Airspace Diversion,A6-EYF,AUH,LHR,Dangerous Goods,313,4.09,8,N,,,Y,4.1,EXPRESS,DELAYED,Shipper 30,Consignee 45
CGO-2206,688-62226866,FLT-1098,EY433,9,Security Threat + Geopolitical Airspace Diversion,A6-EYF,AUH,LHR,General,1083,7.82,48,N,,,N,,ECONOMY,DELAYED,Shipper 16,Consignee 29
CGO-2207,338-18540500,FLT-1098,EY433,9,Security Threat + Geopolitical Airspace Diversion,A6-EYF,AUH,LHR,Perishable,592,9.35,41,Y,2.0,8.0,N,,STANDARD,DELAYED,Shipper 54,Consignee 5
CGO-2208,118-92034613,FLT-1099,EY335,9,Security Threat + Geopolitical Airspace Diversion,A6-EYJ,CDG,AUH,Perishable,1866,0.76,17,Y,2.0,8.0,N,,ECONOMY,DELAYED,Shipper 34,Consignee 51
CGO-2209,902-56590739,FLT-1099,EY335,9,Security Threat + Geopolitical Airspace Diversion,A6-EYJ,CDG,AUH,Dangerous Goods,1699,8.29,44,N,,,Y,9.0,STANDARD,DELAYED,Shipper 12,Consignee 57
CGO-2210,853-96665604,FLT-1099,EY335,9,Security Threat + Geopolitical Airspace Diversion,A6-EYJ,CDG,AUH,Pharmaceuticals,528,5.94,18,Y,-20.0,8.0,N,,EXPRESS,DELAYED,Shipper 42,Consignee 8
CGO-2211,852-38118971,FLT-1099,EY335,9,Security Threat + Geopolitical Airspace Diversion,A6-EYJ,CDG,AUH,General,388,2.29,47,N,,,N,,EXPRESS,DELAYED,Shipper 44,Consignee 97
CGO-2212,867-20609805,FLT-1099,EY335,9,Security Threat + Geopolitical Airspace Diversion,A6-EYJ,CDG,AUH,Perishable,462,9.23,48,Y,2.0,8.0,N,,STANDARD,DELAYED,Shipper 83,Consignee 67
CGO-2213,793-34116087,FLT-1099,EY335,9,Security Threat + Geopolitical Airspace Diversion,A6-EYJ,CDG,AUH,Dangerous Goods,1517,8.62,1,N,,,Y,9.0,ECONOMY,DELAYED,Shipper 67,Consignee 82
CGO-2214,862-91030375,FLT-1099,EY335,9,Security Threat + Geopolitical Airspace Diversion,A6-EYJ,CDG,AUH,Perishable,1580,7.16,44,Y,2.0,8.0,N,,ECONOMY,DELAYED,Shipper 38,Consignee 90
CGO-2215,375-67991124,FLT-1099,EY335,9,Security Threat + Geopolitical Airspace Diversion,A6-EYJ,CDG,AUH,General,1894,9.7,7,N,,,N,,ECONOMY,DELAYED,Shipper 52,Consignee 21
CGO-2216,660-42243130,FLT-1099,EY335,9,Security Threat + Geopolitical Airspace Diversion,A6-EYJ,CDG,AUH,Dangerous Goods,232,9.71,42,N,,,Y,4.1,STANDARD,DELAYED,Shipper 54,Consignee 33
CGO-2217,632-91342551,FLT-1099,EY335,9,Security Threat + Geopolitical Airspace Diversion,A6-EYJ,CDG,AUH,Dangerous Goods,166,8.76,34,N,,,Y,8.0,EXPRESS,DELAYED,Shipper 75,Consignee 8
CGO-2218,430-31997673,FLT-1099,EY335,9,Security Threat + Geopolitical Airspace Diversion,A6-EYJ,CDG,AUH,Pharmaceuticals,1246,1.15,35,Y,-20.0,8.0,N,,STANDARD,DELAYED,Shipper 49,Consignee 38
CGO-2219,881-85646149,FLT-1099,EY335,9,Security Threat + Geopolitical Airspace Diversion,A6-EYJ,CDG,AUH,Dangerous Goods,1041,5.23,46,N,,,Y,3.0,EXPRESS,DELAYED,Shipper 32,Consignee 46
CGO-2220,276-12602127,FLT-1099,EY335,9,Security Threat + Geopolitical Airspace Diversion,A6-EYJ,CDG,AUH,Pharmaceuticals,396,1.12,27,Y,-20.0,8.0,N,,STANDARD,DELAYED,Shipper 81,Consignee 31
CGO-2221,605-42356816,FLT-1099,EY335,9,Security Threat + Geopolitical Airspace Diversion,A6-EYJ,CDG,AUH,General,303,4.14,41,N,,,N,,STANDARD,DELAYED,Shipper 79,Consignee 22
CGO-2222,783-38751900,FLT-1099,EY335,9,Security Threat + Geopolitical Airspace Diversion,A6-EYJ,CDG,AUH,Live Animals,596,2.55,8,N,,,N,,EXPRESS,DELAYED,Shipper 3,Consignee 100
CGO-2223,654-92354508,FLT-1099,EY335,9,Security Threat + Geopolitical Airspace Diversion,A6-EYJ,CDG,AUH,Pharmaceuticals,1225,8.86,38,Y,-20.0,8.0,N,,ECONOMY,DELAYED,Shipper 91,Consignee 86
CGO-2224,252-68297736,FLT-1099,EY335,9,Security Threat + Geopolitical Airspace Diversion,A6-EYJ,CDG,AUH,Live Animals,894,1.26,26,N,,,N,,STANDARD,DELAYED,Shipper 41,Consignee 88
CGO-2225,974-11132553,FLT-1100,EY1203,9,Security Threat + Geopolitical Airspace Diversion,A6-EYH,DEL,AUH,Live Animals,1661,1.25,7,N,,,N,,STANDARD,DELAYED,Shipper 95,Consignee 70
CGO-2226,218-60824977,FLT-1100,EY1203,9,Security Threat + Geopolitical Airspace Diversion,A6-EYH,DEL,AUH,Perishable,474,8.88,44,Y,2.0,8.0,N,,ECONOMY,DELAYED,Shipper 59,Consignee 97
CGO-2227,463-61024802,FLT-1100,EY1203,9,Security Threat + Geopolitical Airspace Diversion,A6-EYH,DEL,AUH,Live Animals,346,4.71,28,N,,,N,,ECONOMY,DELAYED,Shipper 91,Consignee 46
CGO-2228,806-20259427,FLT-1100,EY1203,9,Security Threat + Geopolitical Airspace Diversion,A6-EYH,DEL,AUH,Pharmaceuticals,1134,9.81,11,Y,-20.0,8.0,N,,EXPRESS,DELAYED,Shipper 6,Consignee 71
CGO-2229,739-86572881,FLT-1100,EY1203,9,Security Threat + Geopolitical Airspace Diversion,A6-EYH,DEL,AUH,Pharmaceuticals,669,6.72,6,Y,-20.0,8.0,N,,STANDARD,DELAYED,Shipper 84,Consignee 43
CGO-2230,578-52917411,FLT-1100,EY1203,9,Security Threat + Geopolitical Airspace Diversion,A6-EYH,DEL,AUH,Valuables,1957,6.71,1,N,,,N,,EXPRESS,DELAYED,Shipper 29,Consignee 49
CGO-2231,741-34631900,FLT-1100,EY1203,9,Security Threat + Geopolitical Airspace Diversion,A6-EYH,DEL,AUH,Pharmaceuticals,1981,3.9,9,Y,-20.0,8.0,N,,STANDARD,DELAYED,Shipper 99,Consignee 3
CGO-2232,392-38640578,FLT-1100,EY1203,9,Security Threat + Geopolitical Airspace Diversion,A6-EYH,DEL,AUH,General,1775,6.47,31,N,,,N,,EXPRESS,DELAYED,Shipper 65,Consignee 62
CGO-2233,345-51185946,FLT-1100,EY1203,9,Security Threat + Geopolitical Airspace Diversion,A6-EYH,DEL,AUH,General,190,0.58,22,N,,,N,,STANDARD,DELAYED,Shipper 50,Consignee 87
CGO-2234,345-22784677,FLT-1100,EY1203,9,Security Threat + Geopolitical Airspace Diversion,A6-EYH,DEL,AUH,Perishable,1170,2.5,41,Y,2.0,8.0,N,,STANDARD,DELAYED,Shipper 47,Consignee 38
CGO-2235,935-13605022,FLT-1100,EY1203,9,Security Threat + Geopolitical Airspace Diversion,A6-EYH,DEL,AUH,General,516,6.13,17,N,,,N,,EXPRESS,DELAYED,Shipper 83,Consignee 35
CGO-2236,656-25685004,FLT-1100,EY1203,9,Security Threat + Geopolitical Airspace Diversion,A6-EYH,DEL,AUH,Live Animals,504,8.38,39,N,,,N,,STANDARD,DELAYED,Shipper 6,Consignee 70
CGO-2237,691-18659515,FLT-1101,EY171,9,Security Threat + Geopolitical Airspace Diversion,A6-EYQ,DEL,AUH,Dangerous Goods,58,7.77,20,N,,,Y,9.0,STANDARD,DELAYED,Shipper 5,Consignee 21
CGO-2238,622-22281917,FLT-1101,EY171,9,Security Threat + Geopolitical Airspace Diversion,A6-EYQ,DEL,AUH,General,75,7.44,2,N,,,N,,STANDARD,DELAYED,Shipper 33,Consignee 46
CGO-2239,256-19802151,FLT-1101,EY171,9,Security Threat + Geopolitical Airspace Diversion,A6-EYQ,DEL,AUH,Live Animals,1335,2.08,35,N,,,N,,STANDARD,DELAYED,Shipper 30,Consignee 79
CGO-2240,390-97962069,FLT-1101,EY171,9,Security Threat + Geopolitical Airspace Diversion,A6-EYQ,DEL,AUH,Dangerous Goods,147,2.04,33,N,,,Y,3.0,EXPRESS,DELAYED,Shipper 49,Consignee 89
CGO-2241,236-37065190,FLT-1101,EY171,9,Security Threat + Geopolitical Airspace Diversion,A6-EYQ,DEL,AUH,Dangerous Goods,1579,8.37,32,N,,,Y,3.0,STANDARD,DELAYED,Shipper 34,Consignee 21
CGO-2242,352-85247950,FLT-1101,EY171,9,Security Threat + Geopolitical Airspace Diversion,A6-EYQ,DEL,AUH,Pharmaceuticals,321,1.07,3,Y,-20.0,8.0,N,,EXPRESS,DELAYED,Shipper 81,Consignee 42
CGO-2243,412-66901611,FLT-1101,EY171,9,Security Threat + Geopolitical Airspace Diversion,A6-EYQ,DEL,AUH,Pharmaceuticals,51,3.06,23,Y,-20.0,8.0,N,,STANDARD,DELAYED,Shipper 20,Consignee 17
CGO-2244,267-42093390,FLT-1101,EY171,9,Security Threat + Geopolitical Airspace Diversion,A6-EYQ,DEL,AUH,Valuables,494,0.95,25,N,,,N,,ECONOMY,DELAYED,Shipper 48,Consignee 69
CGO-2245,281-58189492,FLT-1101,EY171,9,Security Threat + Geopolitical Airspace Diversion,A6-EYQ,DEL,AUH,Dangerous Goods,1576,9.46,17,N,,,Y,3.0,ECONOMY,DELAYED,Shipper 63,Consignee 59
CGO-2246,619-33437276,FLT-1101,EY171,9,Security Threat + Geopolitical Airspace Diversion,A6-EYQ,DEL,AUH,General,494,9.7,44,N,,,N,,STANDARD,DELAYED,Shipper 53,Consignee 26
CGO-2247,343-37518413,FLT-1101,EY171,9,Security Threat + Geopolitical Airspace Diversion,A6-EYQ,DEL,AUH,Live Animals,1851,0.55,33,N,,,N,,STANDARD,DELAYED,Shipper 95,Consignee 51
CGO-2248,615-83721389,FLT-1101,EY171,9,Security Threat + Geopolitical Airspace Diversion,A6-EYQ,DEL,AUH,Pharmaceuticals,1031,8.66,18,Y,-20.0,8.0,N,,EXPRESS,DELAYED,Shipper 61,Consignee 98
CGO-2249,739-14375731,FLT-1101,EY171,9,Security Threat + Geopolitical Airspace Diversion,A6-EYQ,DEL,AUH,General,1656,9.36,32,N,,,N,,EXPRESS,DELAYED,Shipper 83,Consignee 63
CGO-2250,994-25868854,FLT-1101,EY171,9,Security Threat + Geopolitical Airspace Diversion,A6-EYQ,DEL,AUH,General,1594,6.81,25,N,,,N,,ECONOMY,DELAYED,Shipper 59,Consignee 79
CGO-2251,436-56453771,FLT-1101,EY171,9,Security Threat + Geopolitical Airspace Diversion,A6-EYQ,DEL,AUH,Pharmaceuticals,402,3.36,36,Y,-20.0,8.0,N,,EXPRESS,DELAYED,Shipper 36,Consignee 94
CGO-2252,786-76355662,FLT-1101,EY171,9,Security Threat + Geopolitical Airspace Diversion,A6-EYQ,DEL,AUH,Live Animals,991,6.18,18,N,,,N,,STANDARD,DELAYED,Shipper 21,Consignee 31
CGO-2253,722-10199333,FLT-1101,EY171,9,Security Threat + Geopolitical Airspace Diversion,A6-EYQ,DEL,AUH,Perishable,68,2.45,31,Y,2.0,8.0,N,,STANDARD,DELAYED,Shipper 27,Consignee 36
CGO-2254,117-99781679,FLT-1101,EY171,9,Security Threat + Geopolitical Airspace Diversion,A6-EYQ,DEL,AUH,Valuables,910,3.61,2,N,,,N,,EXPRESS,DELAYED,Shipper 10,Consignee 87
CGO-2255,666-83970649,FLT-1101,EY171,9,Security Threat + Geopolitical Airspace Diversion,A6-EYQ,DEL,AUH,Dangerous Goods,1625,2.05,41,N,,,Y,4.1,ECONOMY,DELAYED,Shipper 69,Consignee 64
CGO-2256,138-43572256,FLT-1102,EY8087,9,Security Threat + Geopolitical Airspace Diversion,A6-EYI,FCO,AUH,Valuables,993,8.23,7,N,,,N,,STANDARD,DELAYED,Shipper 17,Consignee 18
CGO-2257,434-28306628,FLT-1102,EY8087,9,Security Threat + Geopolitical Airspace Diversion,A6-EYI,FCO,AUH,General,1818,2.71,44,N,,,N,,EXPRESS,DELAYED,Shipper 20,Consignee 15
CGO-2258,462-64996382,FLT-1102,EY8087,9,Security Threat + Geopolitical Airspace Diversion,A6-EYI,FCO,AUH,General,1632,5.46,37,N,,,N,,STANDARD,DELAYED,Shipper 4,Consignee 53
CGO-2259,756-85532628,FLT-1102,EY8087,9,Security Threat + Geopolitical Airspace Diversion,A6-EYI,FCO,AUH,Live Animals,358,6.36,42,N,,,N,,STANDARD,DELAYED,Shipper 47,Consignee 92
CGO-2260,831-48946794,FLT-1102,EY8087,9,Security Threat + Geopolitical Airspace Diversion,A6-EYI,FCO,AUH,Valuables,1030,5.45,33,N,,,N,,STANDARD,DELAYED,Shipper 31,Consignee 54
CGO-2261,814-23593228,FLT-1102,EY8087,9,Security Threat + Geopolitical Airspace Diversion,A6-EYI,FCO,AUH,Live Animals,640,8.57,15,N,,,N,,ECONOMY,DELAYED,Shipper 30,Consignee 62
CGO-2262,261-86373436,FLT-1102,EY8087,9,Security Threat + Geopolitical Airspace Diversion,A6-EYI,FCO,AUH,Dangerous Goods,1770,9.11,37,N,,,Y,3.0,STANDARD,DELAYED,Shipper 47,Consignee 98
CGO-2263,285-94882696,FLT-1102,EY8087,9,Security Threat + Geopolitical Airspace Diversion,A6-EYI,FCO,AUH,Live Animals,662,9.49,20,N,,,N,,ECONOMY,DELAYED,Shipper 56,Consignee 57
CGO-2264,768-58974697,FLT-1102,EY8087,9,Security Threat + Geopolitical Airspace Diversion,A6-EYI,FCO,AUH,Pharmaceuticals,286,1.23,21,Y,-20.0,8.0,N,,EXPRESS,DELAYED,Shipper 51,Consignee 74
CGO-2265,837-17828204,FLT-1103,EY8185,9,Security Threat + Geopolitical Airspace Diversion,A6-EYG,LHR,AUH,Valuables,1594,3.56,36,N,,,N,,EXPRESS,DELAYED,Shipper 76,Consignee 70
CGO-2266,697-22503683,FLT-1103,EY8185,9,Security Threat + Geopolitical Airspace Diversion,A6-EYG,LHR,AUH,Pharmaceuticals,1125,1.07,7,Y,-20.0,8.0,N,,STANDARD,DELAYED,Shipper 21,Consignee 50
CGO-2267,435-16919002,FLT-1103,EY8185,9,Security Threat + Geopolitical Airspace Diversion,A6-EYG,LHR,AUH,Valuables,1911,4.14,28,N,,,N,,ECONOMY,DELAYED,Shipper 81,Consignee 36
CGO-2268,240-24691049,FLT-1103,EY8185,9,Security Threat + Geopolitical Airspace Diversion,A6-EYG,LHR,AUH,Dangerous Goods,263,8.21,42,N,,,Y,4.1,STANDARD,DELAYED,Shipper 82,Consignee 95
CGO-2269,907-38876564,FLT-1103,EY8185,9,Security Threat + Geopolitical Airspace Diversion,A6-EYG,LHR,AUH,General,1375,5.58,11,N,,,N,,ECONOMY,DELAYED,Shipper 1,Consignee 11
CGO-2270,511-17241879,FLT-1103,EY8185,9,Security Threat + Geopolitical Airspace Diversion,A6-EYG,LHR,AUH,Pharmaceuticals,1651,8.76,17,Y,-20.0,8.0,N,,STANDARD,DELAYED,Shipper 82,Consignee 9
CGO-2271,766-57729502,FLT-1103,EY8185,9,Security Threat + Geopolitical Airspace Diversion,A6-EYG,LHR,AUH,Dangerous Goods,1350,7.56,44,N,,,Y,9.0,STANDARD,DELAYED,Shipper 34,Consignee 36
CGO-2272,855-76227213,FLT-1103,EY8185,9,Security Threat + Geopolitical Airspace Diversion,A6-EYG,LHR,AUH,General,611,5.84,17,N,,,N,,STANDARD,DELAYED,Shipper 5,Consignee 28
CGO-2273,148-63001807,FLT-1103,EY8185,9,Security Threat + Geopolitical Airspace Diversion,A6-EYG,LHR,AUH,Pharmaceuticals,348,3.69,42,Y,-20.0,8.0,N,,STANDARD,DELAYED,Shipper 95,Consignee 22
CGO-2274,503-33066731,FLT-1103,EY8185,9,Security Threat + Geopolitical Airspace Diversion,A6-EYG,LHR,AUH,Valuables,1433,6.08,19,N,,,N,,ECONOMY,DELAYED,Shipper 27,Consignee 41
CGO-2275,736-58756883,FLT-1103,EY8185,9,Security Threat + Geopolitical Airspace Diversion,A6-EYG,LHR,AUH,Dangerous Goods,1221,8.37,23,N,,,Y,4.1,ECONOMY,DELAYED,Shipper 39,Consignee 82
CGO-2276,406-32511611,FLT-1104,EY118,9,Security Threat + Geopolitical Airspace Diversion,A6-EYV,AUH,BKK,Live Animals,1963,4.2,23,N,,,N,,STANDARD,DELAYED,Shipper 32,Consignee 78
CGO-2277,596-28624710,FLT-1104,EY118,9,Security Threat + Geopolitical Airspace Diversion,A6-EYV,AUH,BKK,Perishable,1870,6.11,28,Y,2.0,8.0,N,,ECONOMY,DELAYED,Shipper 74,Consignee 34
CGO-2278,124-91533732,FLT-1104,EY118,9,Security Threat + Geopolitical Airspace Diversion,A6-EYV,AUH,BKK,Live Animals,679,8.52,19,N,,,N,,EXPRESS,DELAYED,Shipper 94,Consignee 10
CGO-2279,436-95559205,FLT-1104,EY118,9,Security Threat + Geopolitical Airspace Diversion,A6-EYV,AUH,BKK,Pharmaceuticals,1352,2.74,26,Y,-20.0,8.0,N,,EXPRESS,DELAYED,Shipper 70,Consignee 78
CGO-2280,387-18641551,FLT-1104,EY118,9,Security Threat + Geopolitical Airspace Diversion,A6-EYV,AUH,BKK,Perishable,876,4.18,45,Y,2.0,8.0,N,,EXPRESS,DELAYED,Shipper 32,Consignee 1
CGO-2281,478-23791146,FLT-1104,EY118,9,Security Threat + Geopolitical Airspace Diversion,A6-EYV,AUH,BKK,Valuables,763,7.06,48,N,,,N,,ECONOMY,DELAYED,Shipper 34,Consignee 78
CGO-2282,527-12089513,FLT-1104,EY118,9,Security Threat + Geopolitical Airspace Diversion,A6-EYV,AUH,BKK,Live Animals,1120,9.06,20,N,,,N,,STANDARD,DELAYED,Shipper 72,Consignee 69
CGO-2283,430-34301513,FLT-1104,EY118,9,Security Threat + Geopolitical Airspace Diversion,A6-EYV,AUH,BKK,Perishable,770,1.27,46,Y,2.0,8.0,N,,EXPRESS,DELAYED,Shipper 34,Consignee 69
CGO-2284,108-91156652,FLT-1104,EY118,9,Security Threat + Geopolitical Airspace Diversion,A6-EYV,AUH,BKK,Pharmaceuticals,858,7.89,36,Y,-20.0,8.0,N,,ECONOMY,DELAYED,Shipper 64,Consignee 26
CGO-2285,565-54822757,FLT-1104,EY118,9,Security Threat + Geopolitical Airspace Diversion,A6-EYV,AUH,BKK,Live Animals,1762,9.49,18,N,,,N,,EXPRESS,DELAYED,Shipper 56,Consignee 60
CGO-2286,663-17776522,FLT-1104,EY118,9,Security Threat + Geopolitical Airspace Diversion,A6-EYV,AUH,BKK,Pharmaceuticals,500,4.32,20,Y,-20.0,8.0,N,,EXPRESS,DELAYED,Shipper 41,Consignee 94
CGO-2287,991-17208781,FLT-1105,EY8086,10,Medical Emergency + Tarmac Delay + Slot Unavailability,A6-EYI,AUH,FCO,Pharmaceuticals,107,7.78,49,Y,-20.0,8.0,N,,ECONOMY,DELAYED,Shipper 31,Consignee 41
CGO-2288,745-42933463,FLT-1105,EY8086,10,Medical Emergency + Tarmac Delay + Slot Unavailability,A6-EYI,AUH,FCO,Pharmaceuticals,265,9.94,24,Y,-20.0,8.0,N,,EXPRESS,DELAYED,Shipper 37,Consignee 49
CGO-2289,319-15854860,FLT-1105,EY8086,10,Medical Emergency + Tarmac Delay + Slot Unavailability,A6-EYI,AUH,FCO,Valuables,1549,3.85,1,N,,,N,,ECONOMY,DELAYED,Shipper 64,Consignee 66
CGO-2290,693-58400003,FLT-1105,EY8086,10,Medical Emergency + Tarmac Delay + Slot Unavailability,A6-EYI,AUH,FCO,Perishable,81,8.84,11,Y,2.0,8.0,N,,EXPRESS,DELAYED,Shipper 58,Consignee 87
CGO-2291,915-21043370,FLT-1105,EY8086,10,Medical Emergency + Tarmac Delay + Slot Unavailability,A6-EYI,AUH,FCO,Live Animals,1564,9.69,18,N,,,N,,STANDARD,DELAYED,Shipper 9,Consignee 24
CGO-2292,476-45474021,FLT-1105,EY8086,10,Medical Emergency + Tarmac Delay + Slot Unavailability,A6-EYI,AUH,FCO,Dangerous Goods,188,7.38,24,N,,,Y,8.0,EXPRESS,DELAYED,Shipper 9,Consignee 80
CGO-2293,272-22260458,FLT-1105,EY8086,10,Medical Emergency + Tarmac Delay + Slot Unavailability,A6-EYI,AUH,FCO,General,654,3.15,49,N,,,N,,ECONOMY,DELAYED,Shipper 26,Consignee 88
CGO-2294,946-46233956,FLT-1105,EY8086,10,Medical Emergency + Tarmac Delay + Slot Unavailability,A6-EYI,AUH,FCO,Live Animals,1685,5.37,6,N,,,N,,EXPRESS,DELAYED,Shipper 26,Consignee 97
CGO-2295,781-19324564,FLT-1105,EY8086,10,Medical Emergency + Tarmac Delay + Slot Unavailability,A6-EYI,AUH,FCO,Dangerous Goods,213,8.26,9,N,,,Y,4.1,STANDARD,DELAYED,Shipper 62,Consignee 91
CGO-2296,937-30997325,FLT-1105,EY8086,10,Medical Emergency + Tarmac Delay + Slot Unavailability,A6-EYI,AUH,FCO,Dangerous Goods,1961,9.56,42,N,,,Y,9.0,ECONOMY,DELAYED,Shipper 46,Consignee 54
CGO-2297,996-23631289,FLT-1106,EY8087,10,Medical Emergency + Tarmac Delay + Slot Unavailability,A6-EYI,FCO,AUH,Live Animals,650,3.98,23,N,,,N,,EXPRESS,DELAYED,Shipper 52,Consignee 99
CGO-2298,646-12518616,FLT-1106,EY8087,10,Medical Emergency + Tarmac Delay + Slot Unavailability,A6-EYI,FCO,AUH,Perishable,1118,1.26,6,Y,2.0,8.0,N,,EXPRESS,DELAYED,Shipper 40,Consignee 49
CGO-2299,468-97610251,FLT-1106,EY8087,10,Medical Emergency + Tarmac Delay + Slot Unavailability,A6-EYI,FCO,AUH,General,1862,2.6,49,N,,,N,,EXPRESS,DELAYED,Shipper 27,Consignee 2
CGO-2300,214-67015390,FLT-1106,EY8087,10,Medical Emergency + Tarmac Delay + Slot Unavailability,A6-EYI,FCO,AUH,Live Animals,663,1.11,9,N,,,N,,ECONOMY,DELAYED,Shipper 87,Consignee 41
CGO-2301,389-61774327,FLT-1106,EY8087,10,Medical Emergency + Tarmac Delay + Slot Unavailability,A6-EYI,FCO,AUH,Pharmaceuticals,1724,6.72,6,Y,-20.0,8.0,N,,STANDARD,DELAYED,Shipper 46,Consignee 42
CGO-2302,166-40849097,FLT-1106,EY8087,10,Medical Emergency + Tarmac Delay + Slot Unavailability,A6-EYI,FCO,AUH,Dangerous Goods,1471,5.05,29,N,,,Y,8.0,EXPRESS,DELAYED,Shipper 36,Consignee 30
CGO-2303,857-26702690,FLT-1106,EY8087,10,Medical Emergency + Tarmac Delay + Slot Unavailability,A6-EYI,FCO,AUH,Valuables,836,5.67,41,N,,,N,,ECONOMY,DELAYED,Shipper 4,Consignee 94
CGO-2304,956-21529831,FLT-1106,EY8087,10,Medical Emergency + Tarmac Delay + Slot Unavailability,A6-EYI,FCO,AUH,Valuables,951,5.33,33,N,,,N,,EXPRESS,DELAYED,Shipper 20,Consignee 22
CGO-2305,924-94616520,FLT-1106,EY8087,10,Medical Emergency + Tarmac Delay + Slot Unavailability,A6-EYI,FCO,AUH,Perishable,1067,4.84,4,Y,2.0,8.0,N,,EXPRESS,DELAYED,Shipper 93,Consignee 87
CGO-2306,645-65504323,FLT-1107,EY334,10,Medical Emergency + Tarmac Delay + Slot Unavailability,A6-EYJ,AUH,CDG,General,62,7.52,28,N,,,N,,STANDARD,ON_TIME,Shipper 75,Consignee 58
CGO-2307,792-61878836,FLT-1107,EY334,10,Medical Emergency + Tarmac Delay + Slot Unavailability,A6-EYJ,AUH,CDG,Live Animals,979,9.03,10,N,,,N,,STANDARD,ON_TIME,Shipper 88,Consignee 1
CGO-2308,589-64745000,FLT-1107,EY334,10,Medical Emergency + Tarmac Delay + Slot Unavailability,A6-EYJ,AUH,CDG,General,1282,3.23,2,N,,,N,,STANDARD,ON_TIME,Shipper 13,Consignee 6
CGO-2309,950-24541296,FLT-1107,EY334,10,Medical Emergency + Tarmac Delay + Slot Unavailability,A6-EYJ,AUH,CDG,Live Animals,1039,2.98,50,N,,,N,,STANDARD,ON_TIME,Shipper 64,Consignee 22
CGO-2310,381-69471374,FLT-1107,EY334,10,Medical Emergency + Tarmac Delay + Slot Unavailability,A6-EYJ,AUH,CDG,Perishable,1848,0.77,29,Y,2.0,8.0,N,,ECONOMY,ON_TIME,Shipper 32,Consignee 99
CGO-2311,470-77529763,FLT-1107,EY334,10,Medical Emergency + Tarmac Delay + Slot Unavailability,A6-EYJ,AUH,CDG,Perishable,597,4.5,14,Y,2.0,8.0,N,,EXPRESS,ON_TIME,Shipper 32,Consignee 51
CGO-2312,642-68907678,FLT-1107,EY334,10,Medical Emergency + Tarmac Delay + Slot Unavailability,A6-EYJ,AUH,CDG,General,288,8.89,29,N,,,N,,ECONOMY,ON_TIME,Shipper 39,Consignee 74
CGO-2313,896-10615066,FLT-1108,EY401,11,EY401 Typhoon -> EY406 LIAC,A6-EYU,BKK,AUH,Live Animals,772,7.72,22,N,,,N,,EXPRESS,DELAYED,Shipper 34,Consignee 89
CGO-2314,858-76501533,FLT-1108,EY401,11,EY401 Typhoon -> EY406 LIAC,A6-EYU,BKK,AUH,Valuables,1782,2.75,39,N,,,N,,ECONOMY,DELAYED,Shipper 79,Consignee 93
CGO-2315,419-90008016,FLT-1108,EY401,11,EY401 Typhoon -> EY406 LIAC,A6-EYU,BKK,AUH,Valuables,1871,1.34,49,N,,,N,,STANDARD,DELAYED,Shipper 55,Consignee 86
CGO-2316,409-45547536,FLT-1108,EY401,11,EY401 Typhoon -> EY406 LIAC,A6-EYU,BKK,AUH,Pharmaceuticals,613,8.49,1,Y,-20.0,8.0,N,,STANDARD,DELAYED,Shipper 100,Consignee 75
CGO-2317,277-76491609,FLT-1108,EY401,11,EY401 Typhoon -> EY406 LIAC,A6-EYU,BKK,AUH,Dangerous Goods,1515,1.53,7,N,,,Y,3.0,ECONOMY,DELAYED,Shipper 14,Consignee 2
CGO-2318,346-12220480,FLT-1108,EY401,11,EY401 Typhoon -> EY406 LIAC,A6-EYU,BKK,AUH,Dangerous Goods,81,7.51,48,N,,,Y,4.1,EXPRESS,DELAYED,Shipper 5,Consignee 31
CGO-2319,760-41482790,FLT-1108,EY401,11,EY401 Typhoon -> EY406 LIAC,A6-EYU,BKK,AUH,Perishable,389,5.47,22,Y,2.0,8.0,N,,EXPRESS,DELAYED,Shipper 100,Consignee 15
CGO-2320,138-67012384,FLT-1108,EY401,11,EY401 Typhoon -> EY406 LIAC,A6-EYU,BKK,AUH,Live Animals,471,6.3,37,N,,,N,,STANDARD,DELAYED,Shipper 87,Consignee 54
CGO-2321,813-49870210,FLT-1108,EY401,11,EY401 Typhoon -> EY406 LIAC,A6-EYU,BKK,AUH,Valuables,1877,8.4,38,N,,,N,,ECONOMY,DELAYED,Shipper 50,Consignee 98
CGO-2322,525-49834233,FLT-1109,EY406,11,EY401 Typhoon -> EY406 LIAC,A6-EYU,AUH,BKK,Pharmaceuticals,504,3.57,3,Y,-20.0,8.0,N,,ECONOMY,DELAYED,Shipper 76,Consignee 81
CGO-2323,116-99924881,FLT-1109,EY406,11,EY401 Typhoon -> EY406 LIAC,A6-EYU,AUH,BKK,Dangerous Goods,1906,2.76,24,N,,,Y,9.0,STANDARD,DELAYED,Shipper 25,Consignee 23
CGO-2324,157-48032053,FLT-1109,EY406,11,EY401 Typhoon -> EY406 LIAC,A6-EYU,AUH,BKK,Valuables,1235,8.94,4,N,,,N,,STANDARD,DELAYED,Shipper 64,Consignee 55
CGO-2325,628-58495279,FLT-1109,EY406,11,EY401 Typhoon -> EY406 LIAC,A6-EYU,AUH,BKK,General,381,9.61,9,N,,,N,,EXPRESS,DELAYED,Shipper 13,Consignee 38
CGO-2326,583-80877263,FLT-1109,EY406,11,EY401 Typhoon -> EY406 LIAC,A6-EYU,AUH,BKK,Pharmaceuticals,766,9.67,42,Y,-20.0,8.0,N,,EXPRESS,DELAYED,Shipper 40,Consignee 90
CGO-2327,661-26590979,FLT-1109,EY406,11,EY401 Typhoon -> EY406 LIAC,A6-EYU,AUH,BKK,Dangerous Goods,1152,10.0,17,N,,,Y,4.1,ECONOMY,DELAYED,Shipper 59,Consignee 4
CGO-2328,405-64607206,FLT-1110,EY454,11,EY401 Typhoon -> EY406 LIAC,A6-EYA,AUH,SYD,Live Animals,131,0.53,35,N,,,N,,EXPRESS,ON_TIME,Shipper 84,Consignee 72
CGO-2329,406-15614767,FLT-1110,EY454,11,EY401 Typhoon -> EY406 LIAC,A6-EYA,AUH,SYD,Dangerous Goods,999,3.26,50,N,,,Y,9.0,EXPRESS,ON_TIME,Shipper 81,Consignee 49
CGO-2330,613-44325515,FLT-1110,EY454,11,EY401 Typhoon -> EY406 LIAC,A6-EYA,AUH,SYD,Pharmaceuticals,1307,7.4,21,Y,-20.0,8.0,N,,ECONOMY,ON_TIME,Shipper 16,Consignee 12
CGO-2331,127-32448606,FLT-1110,EY454,11,EY401 Typhoon -> EY406 LIAC,A6-EYA,AUH,SYD,Perishable,1115,5.76,18,Y,2.0,8.0,N,,ECONOMY,ON_TIME,Shipper 32,Consignee 84
CGO-2332,261-85343389,FLT-1110,EY454,11,EY401 Typhoon -> EY406 LIAC,A6-EYA,AUH,SYD,Perishable,1446,8.7,9,Y,2.0,8.0,N,,STANDARD,ON_TIME,Shipper 84,Consignee 60
CGO-2333,605-89852092,FLT-1110,EY454,11,EY401 Typhoon -> EY406 LIAC,A6-EYA,AUH,SYD,Perishable,565,9.4,12,Y,2.0,8.0,N,,STANDARD,ON_TIME,Shipper 29,Consignee 27
CGO-2334,172-43959398,FLT-1110,EY454,11,EY401 Typhoon -> EY406 LIAC,A6-EYA,AUH,SYD,Dangerous Goods,1966,9.8,33,N,,,Y,9.0,ECONOMY,ON_TIME,Shipper 91,Consignee 30
CGO-2335,632-10956468,FLT-1110,EY454,11,EY401 Typhoon -> EY406 LIAC,A6-EYA,AUH,SYD,General,189,8.82,8,N,,,N,,ECONOMY,ON_TIME,Shipper 64,Consignee 35
CGO-2336,679-43695410,FLT-1110,EY454,11,EY401 Typhoon -> EY406 LIAC,A6-EYA,AUH,SYD,Dangerous Goods,508,2.87,33,N,,,Y,3.0,EXPRESS,ON_TIME,Shipper 46,Consignee 98
CGO-2337,166-76846388,FLT-1110,EY454,11,EY401 Typhoon -> EY406 LIAC,A6-EYA,AUH,SYD,Perishable,1643,5.52,14,Y,2.0,8.0,N,,EXPRESS,ON_TIME,Shipper 33,Consignee 89
CGO-2338,483-67498812,FLT-1110,EY454,11,EY401 Typhoon -> EY406 LIAC,A6-EYA,AUH,SYD,Dangerous Goods,1765,3.99,44,N,,,Y,4.1,EXPRESS,ON_TIME,Shipper 28,Consignee 81
CGO-2339,777-97825830,FLT-1110,EY454,11,EY401 Typhoon -> EY406 LIAC,A6-EYA,AUH,SYD,Pharmaceuticals,1355,9.99,34,Y,-20.0,8.0,N,,EXPRESS,ON_TIME,Shipper 36,Consignee 78
CGO-2340,227-58694552,FLT-1110,EY454,11,EY401 Typhoon -> EY406 LIAC,A6-EYA,AUH,SYD,Valuables,1214,4.54,7,N,,,N,,EXPRESS,ON_TIME,Shipper 6,Consignee 35
CGO-2341,898-98721647,FLT-1110,EY454,11,EY401 Typhoon -> EY406 LIAC,A6-EYA,AUH,SYD,Perishable,718,0.56,2,Y,2.0,8.0,N,,EXPRESS,ON_TIME,Shipper 48,Consignee 50
CGO-2342,305-36687458,FLT-1110,EY454,11,EY401 Typhoon -> EY406 LIAC,A6-EYA,AUH,SYD,General,201,5.46,40,N,,,N,,STANDARD,ON_TIME,Shipper 18,Consignee 87
CGO-2343,650-63320871,FLT-1110,EY454,11,EY401 Typhoon -> EY406 LIAC,A6-EYA,AUH,SYD,Perishable,1573,3.41,15,Y,2.0,8.0,N,,STANDARD,ON_TIME,Shipper 87,Consignee 48
CGO-2344,913-86520902,FLT-1110,EY454,11,EY401 Typhoon -> EY406 LIAC,A6-EYA,AUH,SYD,Live Animals,1550,9.08,13,N,,,N,,EXPRESS,ON_TIME,Shipper 13,Consignee 93
CGO-2345,802-87193132,FLT-1110,EY454,11,EY401 Typhoon -> EY406 LIAC,A6-EYA,AUH,SYD,Pharmaceuticals,1524,3.97,40,Y,-20.0,8.0,N,,ECONOMY,ON_TIME,Shipper 27,Consignee 75
CGO-2346,755-16264067,FLT-1111,EY334,11,EY401 Typhoon -> EY406 LIAC,A6-EYJ,AUH,CDG,General,1111,1.02,2,N,,,N,,EXPRESS,ON_TIME,Shipper 85,Consignee 73
CGO-2347,308-92767539,FLT-1111,EY334,11,EY401 Typhoon -> EY406 LIAC,A6-EYJ,AUH,CDG,General,659,7.48,37,N,,,N,,EXPRESS,ON_TIME,Shipper 7,Consignee 96
CGO-2348,441-77537053,FLT-1111,EY334,11,EY401 Typhoon -> EY406 LIAC,A6-EYJ,AUH,CDG,Pharmaceuticals,1426,3.26,23,Y,-20.0,8.0,N,,ECONOMY,ON_TIME,Shipper 3,Consignee 26
CGO-2349,452-66601253,FLT-1111,EY334,11,EY401 Typhoon -> EY406 LIAC,A6-EYJ,AUH,CDG,Valuables,303,1.47,14,N,,,N,,STANDARD,ON_TIME,Shipper 7,Consignee 91
CGO-2350,720-82945843,FLT-1111,EY334,11,EY401 Typhoon -> EY406 LIAC,A6-EYJ,AUH,CDG,Dangerous Goods,1189,0.65,14,N,,,Y,4.1,ECONOMY,ON_TIME,Shipper 96,Consignee 38
CGO-2351,956-39952516,FLT-1111,EY334,11,EY401 Typhoon -> EY406 LIAC,A6-EYJ,AUH,CDG,Valuables,1442,3.13,28,N,,,N,,EXPRESS,ON_TIME,Shipper 17,Consignee 43
CGO-2352,338-37138242,FLT-1111,EY334,11,EY401 Typhoon -> EY406 LIAC,A6-EYJ,AUH,CDG,Dangerous Goods,1065,0.63,27,N,,,Y,8.0,STANDARD,ON_TIME,Shipper 23,Consignee 69
CGO-2353,722-26050881,FLT-1111,EY334,11,EY401 Typhoon -> EY406 LIAC,A6-EYJ,AUH,CDG,Perishable,650,5.06,3,Y,2.0,8.0,N,,STANDARD,ON_TIME,Shipper 47,Consignee 39
CGO-2354,115-53942287,FLT-1111,EY334,11,EY401 Typhoon -> EY406 LIAC,A6-EYJ,AUH,CDG,Live Animals,1167,6.13,10,N,,,N,,ECONOMY,ON_TIME,Shipper 26,Consignee 23
CGO-2355,216-79510317,FLT-1111,EY334,11,EY401 Typhoon -> EY406 LIAC,A6-EYJ,AUH,CDG,Dangerous Goods,643,0.82,43,N,,,Y,4.1,STANDARD,ON_TIME,Shipper 16,Consignee 97
CGO-2356,735-64857345,FLT-1111,EY334,11,EY401 Typhoon -> EY406 LIAC,A6-EYJ,AUH,CDG,Perishable,358,2.38,30,Y,2.0,8.0,N,,STANDARD,ON_TIME,Shipper 38,Consignee 72
CGO-2357,291-69858292,FLT-1111,EY334,11,EY401 Typhoon -> EY406 LIAC,A6-EYJ,AUH,CDG,Pharmaceuticals,1536,8.04,21,Y,-20.0,8.0,N,,ECONOMY,ON_TIME,Shipper 93,Consignee 78
CGO-2358,683-62275141,FLT-1111,EY334,11,EY401 Typhoon -> EY406 LIAC,A6-EYJ,AUH,CDG,Pharmaceuticals,1082,5.04,26,Y,-20.0,8.0,N,,STANDARD,ON_TIME,Shipper 96,Consignee 97
CGO-2359,804-15504471,FLT-1111,EY334,11,EY401 Typhoon -> EY406 LIAC,A6-EYJ,AUH,CDG,Pharmaceuticals,585,6.18,25,Y,-20.0,8.0,N,,ECONOMY,ON_TIME,Shipper 70,Consignee 4
CGO-2360,627-89442937,FLT-1111,EY334,11,EY401 Typhoon -> EY406 LIAC,A6-EYJ,AUH,CDG,Pharmaceuticals,1017,6.29,26,Y,-20.0,8.0,N,,EXPRESS,ON_TIME,Shipper 43,Consignee 46
CGO-2361,298-73069033,FLT-1111,EY334,11,EY401 Typhoon -> EY406 LIAC,A6-EYJ,AUH,CDG,General,852,5.24,26,N,,,N,,EXPRESS,ON_TIME,Shipper 90,Consignee 43
CGO-2362,440-96257766,FLT-1111,EY334,11,EY401 Typhoon -> EY406 LIAC,A6-EYJ,AUH,CDG,Perishable,233,8.81,24,Y,2.0,8.0,N,,ECONOMY,ON_TIME,Shipper 75,Consignee 6
CGO-2363,704-27201464,FLT-1112,EY25,11,EY401 Typhoon -> EY406 LIAC,A6-EYF,AUH,LHR,Perishable,1501,3.42,28,Y,2.0,8.0,N,,STANDARD,ON_TIME,Shipper 72,Consignee 99
CGO-2364,608-84640747,FLT-1112,EY25,11,EY401 Typhoon -> EY406 LIAC,A6-EYF,AUH,LHR,Pharmaceuticals,1405,4.6,27,Y,-20.0,8.0,N,,EXPRESS,ON_TIME,Shipper 6,Consignee 92
CGO-2365,432-68493346,FLT-1112,EY25,11,EY401 Typhoon -> EY406 LIAC,A6-EYF,AUH,LHR,Perishable,351,2.25,26,Y,2.0,8.0,N,,ECONOMY,ON_TIME,Shipper 31,Consignee 70
CGO-2366,842-17878964,FLT-1112,EY25,11,EY401 Typhoon -> EY406 LIAC,A6-EYF,AUH,LHR,Valuables,1395,1.25,20,N,,,N,,EXPRESS,ON_TIME,Shipper 55,Consignee 49
CGO-2367,727-78280816,FLT-1112,EY25,11,EY401 Typhoon -> EY406 LIAC,A6-EYF,AUH,LHR,Live Animals,861,5.64,50,N,,,N,,EXPRESS,ON_TIME,Shipper 36,Consignee 80
CGO-2368,513-19940326,FLT-1112,EY25,11,EY401 Typhoon -> EY406 LIAC,A6-EYF,AUH,LHR,Dangerous Goods,141,1.07,5,N,,,Y,4.1,STANDARD,ON_TIME,Shipper 2,Consignee 14
CGO-2369,186-22979239,FLT-1112,EY25,11,EY401 Typhoon -> EY406 LIAC,A6-EYF,AUH,LHR,General,1909,5.62,35,N,,,N,,ECONOMY,ON_TIME,Shipper 59,Consignee 20
CGO-2370,958-48953484,FLT-1112,EY25,11,EY401 Typhoon -> EY406 LIAC,A6-EYF,AUH,LHR,Live Animals,1257,2.12,21,N,,,N,,STANDARD,ON_TIME,Shipper 78,Consignee 52
CGO-2371,909-73910232,FLT-1112,EY25,11,EY401 Typhoon -> EY406 LIAC,A6-EYF,AUH,LHR,Perishable,868,1.7,31,Y,2.0,8.0,N,,STANDARD,ON_TIME,Shipper 41,Consignee 55
CGO-2372,135-79391669,FLT-1112,EY25,11,EY401 Typhoon -> EY406 LIAC,A6-EYF,AUH,LHR,General,150,4.51,11,N,,,N,,EXPRESS,ON_TIME,Shipper 9,Consignee 23
CGO-2373,802-69644356,FLT-1112,EY25,11,EY401 Typhoon -> EY406 LIAC,A6-EYF,AUH,LHR,Perishable,1470,6.53,1,Y,2.0,8.0,N,,ECONOMY,ON_TIME,Shipper 46,Consignee 49
CGO-2374,362-69466130,FLT-1112,EY25,11,EY401 Typhoon -> EY406 LIAC,A6-EYF,AUH,LHR,Dangerous Goods,1857,7.96,22,N,,,Y,3.0,STANDARD,ON_TIME,Shipper 97,Consignee 30
CGO-2375,697-59590062,FLT-1112,EY25,11,EY401 Typhoon -> EY406 LIAC,A6-EYF,AUH,LHR,Perishable,798,9.81,4,Y,2.0,8.0,N,,EXPRESS,ON_TIME,Shipper 18,Consignee 18
CGO-2376,421-68932775,FLT-1112,EY25,11,EY401 Typhoon -> EY406 LIAC,A6-EYF,AUH,LHR,Dangerous Goods,932,1.52,41,N,,,Y,4.1,EXPRESS,ON_TIME,Shipper 78,Consignee 72
CGO-2377,919-69780864,FLT-1112,EY25,11,EY401 Typhoon -> EY406 LIAC,A6-EYF,AUH,LHR,General,505,3.44,35,N,,,N,,STANDARD,ON_TIME,Shipper 36,Consignee 76
CGO-2378,938-60186508,FLT-1112,EY25,11,EY401 Typhoon -> EY406 LIAC,A6-EYF,AUH,LHR,Live Animals,629,4.76,44,N,,,N,,ECONOMY,ON_TIME,Shipper 43,Consignee 83
CGO-2379,120-24662595,FLT-1112,EY25,11,EY401 Typhoon -> EY406 LIAC,A6-EYF,AUH,LHR,Valuables,1894,4.59,12,N,,,N,,EXPRESS,ON_TIME,Shipper 79,Consignee 5
CGO-2380,978-53781313,FLT-1112,EY25,11,EY401 Typhoon -> EY406 LIAC,A6-EYF,AUH,LHR,Perishable,709,4.03,23,Y,2.0,8.0,N,,ECONOMY,ON_TIME,Shipper 11,Consignee 12
CGO-2381,757-31176295,FLT-1112,EY25,11,EY401 Typhoon -> EY406 LIAC,A6-EYF,AUH,LHR,Perishable,1700,6.25,6,Y,2.0,8.0,N,,ECONOMY,ON_TIME,Shipper 85,Consignee 100
CGO-2382,866-51216175,FLT-1113,EY101,11,EY401 Typhoon -> EY406 LIAC,A6-EYB,AUH,JFK,General,1447,6.3,36,N,,,N,,EXPRESS,ON_TIME,Shipper 18,Consignee 41
CGO-2383,837-33021903,FLT-1113,EY101,11,EY401 Typhoon -> EY406 LIAC,A6-EYB,AUH,JFK,Dangerous Goods,1231,2.51,30,N,,,Y,3.0,STANDARD,ON_TIME,Shipper 97,Consignee 50
CGO-2384,532-77408358,FLT-1113,EY101,11,EY401 Typhoon -> EY406 LIAC,A6-EYB,AUH,JFK,Dangerous Goods,1857,2.09,8,N,,,Y,3.0,EXPRESS,ON_TIME,Shipper 16,Consignee 15
CGO-2385,312-49203962,FLT-1113,EY101,11,EY401 Typhoon -> EY406 LIAC,A6-EYB,AUH,JFK,Valuables,1775,2.47,8,N,,,N,,STANDARD,ON_TIME,Shipper 30,Consignee 52
CGO-2386,604-15076639,FLT-1113,EY101,11,EY401 Typhoon -> EY406 LIAC,A6-EYB,AUH,JFK,Valuables,1053,2.59,35,N,,,N,,STANDARD,ON_TIME,Shipper 26,Consignee 14
CGO-2387,636-35883142,FLT-1114,EY170,11,EY401 Typhoon -> EY406 LIAC,A6-EYQ,AUH,DEL,Valuables,867,7.51,1,N,,,N,,EXPRESS,ON_TIME,Shipper 86,Consignee 58
CGO-2388,786-78850391,FLT-1114,EY170,11,EY401 Typhoon -> EY406 LIAC,A6-EYQ,AUH,DEL,General,53,8.3,50,N,,,N,,ECONOMY,ON_TIME,Shipper 27,Consignee 57
CGO-2389,247-69480039,FLT-1114,EY170,11,EY401 Typhoon -> EY406 LIAC,A6-EYQ,AUH,DEL,Pharmaceuticals,92,4.6,35,Y,-20.0,8.0,N,,EXPRESS,ON_TIME,Shipper 40,Consignee 23
CGO-2390,323-69906153,FLT-1114,EY170,11,EY401 Typhoon -> EY406 LIAC,A6-EYQ,AUH,DEL,Perishable,467,8.42,32,Y,2.0,8.0,N,,ECONOMY,ON_TIME,Shipper 2,Consignee 2
CGO-2391,197-23559727,FLT-1114,EY170,11,EY401 Typhoon -> EY406 LIAC,A6-EYQ,AUH,DEL,Pharmaceuticals,1933,1.38,41,Y,-20.0,8.0,N,,EXPRESS,ON_TIME,Shipper 58,Consignee 23
CGO-2392,696-61414195,FLT-1115,EY472,11,EY401 Typhoon -> EY406 LIAC,A6-EYH,AUH,SIN,Pharmaceuticals,187,1.67,24,Y,-20.0,8.0,N,,ECONOMY,ON_TIME,Shipper 91,Consignee 46
CGO-2393,862-97549151,FLT-1115,EY472,11,EY401 Typhoon -> EY406 LIAC,A6-EYH,AUH,SIN,Pharmaceuticals,345,2.84,43,Y,-20.0,8.0,N,,EXPRESS,ON_TIME,Shipper 20,Consignee 58
CGO-2394,691-50701612,FLT-1115,EY472,11,EY401 Typhoon -> EY406 LIAC,A6-EYH,AUH,SIN,Dangerous Goods,313,9.34,15,N,,,Y,9.0,ECONOMY,ON_TIME,Shipper 81,Consignee 30
CGO-2395,761-74355339,FLT-1115,EY472,11,EY401 Typhoon -> EY406 LIAC,A6-EYH,AUH,SIN,General,1445,5.61,36,N,,,N,,ECONOMY,ON_TIME,Shipper 50,Consignee 3
CGO-2396,355-88846199,FLT-1115,EY472,11,EY401 Typhoon -> EY406 LIAC,A6-EYH,AUH,SIN,Pharmaceuticals,1186,4.53,4,Y,-20.0,8.0,N,,ECONOMY,ON_TIME,Shipper 7,Consignee 4
CGO-2397,393-12756390,FLT-1115,EY472,11,EY401 Typhoon -> EY406 LIAC,A6-EYH,AUH,SIN,Pharmaceuticals,371,5.96,2,Y,-20.0,8.0,N,,EXPRESS,ON_TIME,Shipper 37,Consignee 88
CGO-2398,809-22657115,FLT-1116,EY313,11,EY401 Typhoon -> EY406 LIAC,A6-EYN,AUH,JED,Pharmaceuticals,799,9.41,26,Y,-20.0,8.0,N,,STANDARD,ON_TIME,Shipper 55,Consignee 6
CGO-2399,217-41803498,FLT-1116,EY313,11,EY401 Typhoon -> EY406 LIAC,A6-EYN,AUH,JED,Perishable,946,8.39,5,Y,2.0,8.0,N,,STANDARD,ON_TIME,Shipper 34,Consignee 88
CGO-2400,218-81895149,FLT-1116,EY313,11,EY401 Typhoon -> EY406 LIAC,A6-EYN,AUH,JED,Perishable,992,9.94,26,Y,2.0,8.0,N,,ECONOMY,ON_TIME,Shipper 99,Consignee 93
CGO-2401,242-88525166,FLT-1116,EY313,11,EY401 Typhoon -> EY406 LIAC,A6-EYN,AUH,JED,General,1711,6.3,38,N,,,N,,EXPRESS,ON_TIME,Shipper 95,Consignee 27
CGO-2402,700-49189765,FLT-1116,EY313,11,EY401 Typhoon -> EY406 LIAC,A6-EYN,AUH,JED,Pharmaceuticals,1002,8.92,32,Y,-20.0,8.0,N,,STANDARD,ON_TIME,Shipper 37,Consignee 11
CGO-2403,522-19359206,FLT-1117,EY424,11,EY401 Typhoon -> EY406 LIAC,A6-EYO,AUH,SIN,Valuables,183,7.49,44,N,,,N,,STANDARD,ON_TIME,Shipper 40,Consignee 36
CGO-2404,273-74829978,FLT-1117,EY424,11,EY401 Typhoon -> EY406 LIAC,A6-EYO,AUH,SIN,Pharmaceuticals,834,2.93,30,Y,-20.0,8.0,N,,EXPRESS,ON_TIME,Shipper 92,Consignee 40
CGO-2405,392-55585676,FLT-1117,EY424,11,EY401 Typhoon -> EY406 LIAC,A6-EYO,AUH,SIN,Dangerous Goods,943,6.16,20,N,,,Y,9.0,STANDARD,ON_TIME,Shipper 13,Consignee 77
CGO-2406,757-18175686,FLT-1117,EY424,11,EY401 Typhoon -> EY406 LIAC,A6-EYO,AUH,SIN,Pharmaceuticals,833,6.96,48,Y,-20.0,8.0,N,,ECONOMY,ON_TIME,Shipper 11,Consignee 79
CGO-2407,109-25174926,FLT-1117,EY424,11,EY401 Typhoon -> EY406 LIAC,A6-EYO,AUH,SIN,Perishable,723,6.5,29,Y,2.0,8.0,N,,ECONOMY,ON_TIME,Shipper 55,Consignee 63
CGO-2408,514-22884319,FLT-1117,EY424,11,EY401 Typhoon -> EY406 LIAC,A6-EYO,AUH,SIN,Perishable,403,0.74,39,Y,2.0,8.0,N,,EXPRESS,ON_TIME,Shipper 9,Consignee 45
CGO-2409,361-72757536,FLT-1117,EY424,11,EY401 Typhoon -> EY406 LIAC,A6-EYO,AUH,SIN,Valuables,953,1.36,50,N,,,N,,ECONOMY,ON_TIME,Shipper 63,Consignee 48
CGO-2410,521-87786783,FLT-1117,EY424,11,EY401 Typhoon -> EY406 LIAC,A6-EYO,AUH,SIN,Pharmaceuticals,1716,5.73,38,Y,-20.0,8.0,N,,EXPRESS,ON_TIME,Shipper 86,Consignee 32
CGO-2411,426-56033663,FLT-1117,EY424,11,EY401 Typhoon -> EY406 LIAC,A6-EYO,AUH,SIN,General,960,5.79,38,N,,,N,,ECONOMY,ON_TIME,Shipper 44,Consignee 40
CGO-2412,980-54702751,FLT-1117,EY424,11,EY401 Typhoon -> EY406 LIAC,A6-EYO,AUH,SIN,General,1184,5.72,36,N,,,N,,EXPRESS,ON_TIME,Shipper 39,Consignee 22
CGO-2413,543-53236548,FLT-1117,EY424,11,EY401 Typhoon -> EY406 LIAC,A6-EYO,AUH,SIN,General,680,5.6,14,N,,,N,,STANDARD,ON_TIME,Shipper 58,Consignee 65
CGO-2414,400-52932920,FLT-1117,EY424,11,EY401 Typhoon -> EY406 LIAC,A6-EYO,AUH,SIN,General,1912,9.96,2,N,,,N,,STANDARD,ON_TIME,Shipper 61,Consignee 20
CGO-2415,735-40488059,FLT-1117,EY424,11,EY401 Typhoon -> EY406 LIAC,A6-EYO,AUH,SIN,Pharmaceuticals,1047,9.15,45,Y,-20.0,8.0,N,,ECONOMY,ON_TIME,Shipper 76,Consignee 18
CGO-2416,782-80958926,FLT-1117,EY424,11,EY401 Typhoon -> EY406 LIAC,A6-EYO,AUH,SIN,Pharmaceuticals,63,1.85,24,Y,-20.0,8.0,N,,ECONOMY,ON_TIME,Shipper 58,Consignee 26
CGO-2417,771-81514711,FLT-1117,EY424,11,EY401 Typhoon -> EY406 LIAC,A6-EYO,AUH,SIN,Pharmaceuticals,1582,3.81,49,Y,-20.0,8.0,N,,STANDARD,ON_TIME,Shipper 26,Consignee 81
CGO-2418,784-57935766,FLT-1117,EY424,11,EY401 Typhoon -> EY406 LIAC,A6-EYO,AUH,SIN,Live Animals,1431,9.07,46,N,,,N,,EXPRESS,ON_TIME,Shipper 92,Consignee 92
CGO-2419,831-14181826,FLT-1117,EY424,11,EY401 Typhoon -> EY406 LIAC,A6-EYO,AUH,SIN,Dangerous Goods,1290,2.63,27,N,,,Y,8.0,EXPRESS,ON_TIME,Shipper 17,Consignee 96
